group,models,seed,policy,accuracy,avg_cost,utility,regret,cost_weight,route_acc
2model_gemini_flash_lite_gemini_flash,"gemini_flash_lite,gemini_flash",229,always_gemini_flash_lite,0.9019607843137255,0.00012208823529411767,0.9019607843137255,0.0392156862745098,0.0,0.9607843137254902
2model_gemini_flash_lite_gemini_flash,"gemini_flash_lite,gemini_flash",229,always_gemini_flash,0.8627450980392157,0.00018459215686274512,0.8627450980392157,0.0784313725490196,0.0,0.0392156862745098
2model_gemini_flash_lite_gemini_flash,"gemini_flash_lite,gemini_flash",229,random,0.9019607843137255,0.00015108333333333334,0.9019607843137255,0.0392156862745098,0.0,0.5686274509803921
2model_gemini_flash_lite_gemini_flash,"gemini_flash_lite,gemini_flash",229,oracle,0.9411764705882353,0.00012691666666666667,0.9411764705882353,0.0,0.0,1.0
2model_gemini_flash_lite_gemini_flash,"gemini_flash_lite,gemini_flash",230,always_gemini_flash_lite,0.9607843137254902,0.00011823039215686275,0.9607843137254902,0.0,0.0,
2model_gemini_flash_lite_gemini_flash,"gemini_flash_lite,gemini_flash",230,always_gemini_flash,0.8823529411764706,0.00017710784313725492,0.8823529411764706,0.0784313725490196,0.0,
2model_gemini_flash_lite_gemini_flash,"gemini_flash_lite,gemini_flash",230,random,0.9215686274509803,0.0001407450980392157,0.9215686274509803,0.0392156862745098,0.0,
2model_gemini_flash_lite_gemini_flash,"gemini_flash_lite,gemini_flash",230,oracle,0.9607843137254902,0.00011823039215686275,0.9607843137254902,0.0,0.0,
2model_gemini_flash_lite_gemini_flash,"gemini_flash_lite,gemini_flash",230,logistic_router,0.9411764705882353,0.00011776960784313725,0.9411764705882353,0.0196078431372549,0.0,
2model_gemini_flash_lite_gemini_flash,"gemini_flash_lite,gemini_flash",230,linear_svm_router,0.9607843137254902,0.00012062156862745098,0.9607843137254902,0.0,0.0,
2model_gemini_flash_lite_gemini_flash,"gemini_flash_lite,gemini_flash",230,knn_router,0.9607843137254902,0.00011823039215686275,0.9607843137254902,0.0,0.0,
2model_gemini_flash_lite_gemini_flash,"gemini_flash_lite,gemini_flash",230,decision_tree_router,0.9607843137254902,0.00011823039215686275,0.9607843137254902,0.0,0.0,
2model_gemini_flash_lite_gemini_flash,"gemini_flash_lite,gemini_flash",230,random_forest_router,0.9607843137254902,0.00011823039215686275,0.9607843137254902,0.0,0.0,
2model_gemini_flash_lite_gemini_flash,"gemini_flash_lite,gemini_flash",230,extra_trees_router,0.9607843137254902,0.00012139901960784313,0.9607843137254902,0.0,0.0,
2model_gemini_flash_lite_gemini_flash,"gemini_flash_lite,gemini_flash",230,tfidf_logistic_router,0.9607843137254902,0.00011823039215686275,0.9607843137254902,0.0,0.0,
2model_gemini_flash_lite_gemini_flash,"gemini_flash_lite,gemini_flash",230,tfidf_linear_svm_router,0.9607843137254902,0.00011823039215686275,0.9607843137254902,0.0,0.0,
2model_gemini_flash_lite_gemini_flash,"gemini_flash_lite,gemini_flash",231,always_gemini_flash_lite,0.9411764705882353,0.00012332843137254903,0.9411764705882353,0.0,0.0,
2model_gemini_flash_lite_gemini_flash,"gemini_flash_lite,gemini_flash",231,always_gemini_flash,0.8823529411764706,0.00021189803921568628,0.8823529411764706,0.058823529411764705,0.0,
2model_gemini_flash_lite_gemini_flash,"gemini_flash_lite,gemini_flash",231,random,0.9215686274509803,0.00015979803921568626,0.9215686274509803,0.0196078431372549,0.0,
2model_gemini_flash_lite_gemini_flash,"gemini_flash_lite,gemini_flash",231,oracle,0.9411764705882353,0.00012332843137254903,0.9411764705882353,0.0,0.0,
2model_gemini_flash_lite_gemini_flash,"gemini_flash_lite,gemini_flash",231,logistic_router,0.9411764705882353,0.00013491960784313726,0.9411764705882353,0.0,0.0,
2model_gemini_flash_lite_gemini_flash,"gemini_flash_lite,gemini_flash",231,linear_svm_router,0.9411764705882353,0.00012332843137254903,0.9411764705882353,0.0,0.0,
2model_gemini_flash_lite_gemini_flash,"gemini_flash_lite,gemini_flash",231,knn_router,0.9411764705882353,0.00012332843137254903,0.9411764705882353,0.0,0.0,
2model_gemini_flash_lite_gemini_flash,"gemini_flash_lite,gemini_flash",231,decision_tree_router,0.9411764705882353,0.00012632352941176472,0.9411764705882353,0.0,0.0,
2model_gemini_flash_lite_gemini_flash,"gemini_flash_lite,gemini_flash",231,random_forest_router,0.9411764705882353,0.00012332843137254903,0.9411764705882353,0.0,0.0,
2model_gemini_flash_lite_gemini_flash,"gemini_flash_lite,gemini_flash",231,extra_trees_router,0.9411764705882353,0.00012800294117647058,0.9411764705882353,0.0,0.0,
2model_gemini_flash_lite_gemini_flash,"gemini_flash_lite,gemini_flash",231,tfidf_logistic_router,0.9411764705882353,0.0001329,0.9411764705882353,0.0,0.0,
2model_gemini_flash_lite_gemini_flash,"gemini_flash_lite,gemini_flash",231,tfidf_linear_svm_router,0.9411764705882353,0.00012332843137254903,0.9411764705882353,0.0,0.0,
2model_gemini_flash_lite_gemini_flash,"gemini_flash_lite,gemini_flash",232,always_gemini_flash_lite,0.9215686274509803,0.00011666176470588236,0.9215686274509803,0.0,0.0,
2model_gemini_flash_lite_gemini_flash,"gemini_flash_lite,gemini_flash",232,always_gemini_flash,0.8627450980392157,0.00018412941176470594,0.8627450980392157,0.058823529411764705,0.0,
2model_gemini_flash_lite_gemini_flash,"gemini_flash_lite,gemini_flash",232,random,0.9215686274509803,0.00014930196078431372,0.9215686274509803,0.0,0.0,
2model_gemini_flash_lite_gemini_flash,"gemini_flash_lite,gemini_flash",232,oracle,0.9215686274509803,0.00011666176470588236,0.9215686274509803,0.0,0.0,
2model_gemini_flash_lite_gemini_flash,"gemini_flash_lite,gemini_flash",232,logistic_router,0.9215686274509803,0.00012582549019607843,0.9215686274509803,0.0,0.0,
2model_gemini_flash_lite_gemini_flash,"gemini_flash_lite,gemini_flash",232,linear_svm_router,0.9215686274509803,0.00012347647058823529,0.9215686274509803,0.0,0.0,
2model_gemini_flash_lite_gemini_flash,"gemini_flash_lite,gemini_flash",232,knn_router,0.9215686274509803,0.00011666176470588236,0.9215686274509803,0.0,0.0,
2model_gemini_flash_lite_gemini_flash,"gemini_flash_lite,gemini_flash",232,decision_tree_router,0.9215686274509803,0.00012200196078431372,0.9215686274509803,0.0,0.0,
2model_gemini_flash_lite_gemini_flash,"gemini_flash_lite,gemini_flash",232,random_forest_router,0.9215686274509803,0.00011666176470588236,0.9215686274509803,0.0,0.0,
2model_gemini_flash_lite_gemini_flash,"gemini_flash_lite,gemini_flash",232,extra_trees_router,0.9215686274509803,0.00012347647058823529,0.9215686274509803,0.0,0.0,
2model_gemini_flash_lite_gemini_flash,"gemini_flash_lite,gemini_flash",232,tfidf_logistic_router,0.9215686274509803,0.00012347647058823529,0.9215686274509803,0.0,0.0,
2model_gemini_flash_lite_gemini_flash,"gemini_flash_lite,gemini_flash",232,tfidf_linear_svm_router,0.9215686274509803,0.00011666176470588236,0.9215686274509803,0.0,0.0,
2model_gemini_flash_lite_gemini_flash,"gemini_flash_lite,gemini_flash",233,always_gemini_flash_lite,0.9607843137254902,0.00011480392156862747,0.9607843137254902,0.0,0.0,
2model_gemini_flash_lite_gemini_flash,"gemini_flash_lite,gemini_flash",233,always_gemini_flash,0.8627450980392157,0.00018182352941176474,0.8627450980392157,0.09803921568627451,0.0,
2model_gemini_flash_lite_gemini_flash,"gemini_flash_lite,gemini_flash",233,random,0.9215686274509803,0.0001506862745098039,0.9215686274509803,0.0392156862745098,0.0,
2model_gemini_flash_lite_gemini_flash,"gemini_flash_lite,gemini_flash",233,oracle,0.9607843137254902,0.00011480392156862747,0.9607843137254902,0.0,0.0,
2model_gemini_flash_lite_gemini_flash,"gemini_flash_lite,gemini_flash",233,logistic_router,0.9607843137254902,0.00011823823529411767,0.9607843137254902,0.0,0.0,
2model_gemini_flash_lite_gemini_flash,"gemini_flash_lite,gemini_flash",233,linear_svm_router,0.9607843137254902,0.00011480392156862747,0.9607843137254902,0.0,0.0,
2model_gemini_flash_lite_gemini_flash,"gemini_flash_lite,gemini_flash",233,knn_router,0.9607843137254902,0.00011480392156862747,0.9607843137254902,0.0,0.0,
2model_gemini_flash_lite_gemini_flash,"gemini_flash_lite,gemini_flash",233,decision_tree_router,0.9607843137254902,0.00011884705882352943,0.9607843137254902,0.0,0.0,
2model_gemini_flash_lite_gemini_flash,"gemini_flash_lite,gemini_flash",233,random_forest_router,0.9607843137254902,0.00011480392156862747,0.9607843137254902,0.0,0.0,
2model_gemini_flash_lite_gemini_flash,"gemini_flash_lite,gemini_flash",233,extra_trees_router,0.9607843137254902,0.00011480392156862747,0.9607843137254902,0.0,0.0,
2model_gemini_flash_lite_gemini_flash,"gemini_flash_lite,gemini_flash",233,tfidf_logistic_router,0.9607843137254902,0.00011480392156862747,0.9607843137254902,0.0,0.0,
2model_gemini_flash_lite_gemini_flash,"gemini_flash_lite,gemini_flash",233,tfidf_linear_svm_router,0.9607843137254902,0.00011480392156862747,0.9607843137254902,0.0,0.0,
2model_gemini_flash_lite_qwen_30b,"gemini_flash_lite,qwen_30b",229,always_gemini_flash_lite,0.9019607843137255,0.00012208823529411767,0.9019607843137255,0.0392156862745098,0.0,0.9607843137254902
2model_gemini_flash_lite_qwen_30b,"gemini_flash_lite,qwen_30b",229,always_qwen_30b,0.8627450980392157,2.4920705882352944e-05,0.8627450980392157,0.0784313725490196,0.0,0.0392156862745098
2model_gemini_flash_lite_qwen_30b,"gemini_flash_lite,qwen_30b",229,random,0.8627450980392157,8.424443921568627e-05,0.8627450980392157,0.0784313725490196,0.0,0.5686274509803921
2model_gemini_flash_lite_qwen_30b,"gemini_flash_lite,qwen_30b",229,oracle,0.9411764705882353,0.00011740666666666669,0.9411764705882353,0.0,0.0,1.0
2model_gemini_flash_lite_qwen_30b,"gemini_flash_lite,qwen_30b",229,logistic_router,0.9019607843137255,0.00012208823529411767,0.9019607843137255,0.0392156862745098,0.0,0.9607843137254902
2model_gemini_flash_lite_qwen_30b,"gemini_flash_lite,qwen_30b",229,linear_svm_router,0.9019607843137255,0.00012208823529411767,0.9019607843137255,0.0392156862745098,0.0,0.9607843137254902
2model_gemini_flash_lite_qwen_30b,"gemini_flash_lite,qwen_30b",229,knn_router,0.9019607843137255,0.00012208823529411767,0.9019607843137255,0.0392156862745098,0.0,0.9607843137254902
2model_gemini_flash_lite_qwen_30b,"gemini_flash_lite,qwen_30b",229,decision_tree_router,0.9019607843137255,0.00011956647058823533,0.9019607843137255,0.0392156862745098,0.0,0.9215686274509803
2model_gemini_flash_lite_qwen_30b,"gemini_flash_lite,qwen_30b",229,random_forest_router,0.9019607843137255,0.00012208823529411767,0.9019607843137255,0.0392156862745098,0.0,0.9607843137254902
2model_gemini_flash_lite_qwen_30b,"gemini_flash_lite,qwen_30b",229,extra_trees_router,0.9019607843137255,0.00012208823529411767,0.9019607843137255,0.0392156862745098,0.0,0.9607843137254902
2model_gemini_flash_lite_qwen_30b,"gemini_flash_lite,qwen_30b",229,tfidf_logistic_router,0.9019607843137255,0.00012208823529411767,0.9019607843137255,0.0392156862745098,0.0,0.9607843137254902
2model_gemini_flash_lite_qwen_30b,"gemini_flash_lite,qwen_30b",229,tfidf_linear_svm_router,0.9019607843137255,0.00012208823529411767,0.9019607843137255,0.0392156862745098,0.0,0.9607843137254902
2model_gemini_flash_lite_qwen_30b,"gemini_flash_lite,qwen_30b",230,always_gemini_flash_lite,0.9607843137254902,0.00011823039215686275,0.9607843137254902,0.0,0.0,
2model_gemini_flash_lite_qwen_30b,"gemini_flash_lite,qwen_30b",230,always_qwen_30b,0.9019607843137255,2.362894117647059e-05,0.9019607843137255,0.058823529411764705,0.0,
2model_gemini_flash_lite_qwen_30b,"gemini_flash_lite,qwen_30b",230,random,0.9215686274509803,7.983780392156863e-05,0.9215686274509803,0.0392156862745098,0.0,
2model_gemini_flash_lite_qwen_30b,"gemini_flash_lite,qwen_30b",230,oracle,0.9607843137254902,0.00011823039215686275,0.9607843137254902,0.0,0.0,
2model_gemini_flash_lite_qwen_30b,"gemini_flash_lite,qwen_30b",230,logistic_router,0.9607843137254902,0.00011327952156862744,0.9607843137254902,0.0,0.0,
2model_gemini_flash_lite_qwen_30b,"gemini_flash_lite,qwen_30b",230,linear_svm_router,0.9607843137254902,0.00011359639215686274,0.9607843137254902,0.0,0.0,
2model_gemini_flash_lite_qwen_30b,"gemini_flash_lite,qwen_30b",230,knn_router,0.9607843137254902,0.00011823039215686275,0.9607843137254902,0.0,0.0,
2model_gemini_flash_lite_qwen_30b,"gemini_flash_lite,qwen_30b",230,decision_tree_router,0.9607843137254902,0.00011377183529411767,0.9607843137254902,0.0,0.0,
2model_gemini_flash_lite_qwen_30b,"gemini_flash_lite,qwen_30b",230,random_forest_router,0.9607843137254902,0.00011823039215686275,0.9607843137254902,0.0,0.0,
2model_gemini_flash_lite_qwen_30b,"gemini_flash_lite,qwen_30b",230,extra_trees_router,0.9607843137254902,0.00011193733333333333,0.9607843137254902,0.0,0.0,
2model_gemini_flash_lite_qwen_30b,"gemini_flash_lite,qwen_30b",230,tfidf_logistic_router,0.9607843137254902,0.0001162869411764706,0.9607843137254902,0.0,0.0,
2model_gemini_flash_lite_qwen_30b,"gemini_flash_lite,qwen_30b",230,tfidf_linear_svm_router,0.9607843137254902,0.00011823039215686275,0.9607843137254902,0.0,0.0,
2model_gemini_flash_lite_qwen_30b,"gemini_flash_lite,qwen_30b",231,always_gemini_flash_lite,0.9411764705882353,0.00012332843137254903,0.9411764705882353,0.0,0.0,
2model_gemini_flash_lite_qwen_30b,"gemini_flash_lite,qwen_30b",231,always_qwen_30b,0.9019607843137255,2.4771207843137253e-05,0.9019607843137255,0.0392156862745098,0.0,
2model_gemini_flash_lite_qwen_30b,"gemini_flash_lite,qwen_30b",231,random,0.9215686274509803,8.013431372549018e-05,0.9215686274509803,0.0196078431372549,0.0,
2model_gemini_flash_lite_qwen_30b,"gemini_flash_lite,qwen_30b",231,oracle,0.9411764705882353,0.00012332843137254903,0.9411764705882353,0.0,0.0,
2model_gemini_flash_lite_qwen_30b,"gemini_flash_lite,qwen_30b",231,logistic_router,0.9411764705882353,0.00010890694117647058,0.9411764705882353,0.0,0.0,
2model_gemini_flash_lite_qwen_30b,"gemini_flash_lite,qwen_30b",231,linear_svm_router,0.9411764705882353,0.00011535207843137255,0.9411764705882353,0.0,0.0,
2model_gemini_flash_lite_qwen_30b,"gemini_flash_lite,qwen_30b",231,knn_router,0.9411764705882353,0.00012332843137254903,0.9411764705882353,0.0,0.0,
2model_gemini_flash_lite_qwen_30b,"gemini_flash_lite,qwen_30b",231,decision_tree_router,0.9411764705882353,0.00010090803137254901,0.9411764705882353,0.0,0.0,
2model_gemini_flash_lite_qwen_30b,"gemini_flash_lite,qwen_30b",231,random_forest_router,0.9411764705882353,0.00012332843137254903,0.9411764705882353,0.0,0.0,
2model_gemini_flash_lite_qwen_30b,"gemini_flash_lite,qwen_30b",231,extra_trees_router,0.9411764705882353,0.00011621957647058823,0.9411764705882353,0.0,0.0,
2model_gemini_flash_lite_qwen_30b,"gemini_flash_lite,qwen_30b",231,tfidf_logistic_router,0.9411764705882353,0.00010890694117647058,0.9411764705882353,0.0,0.0,
2model_gemini_flash_lite_qwen_30b,"gemini_flash_lite,qwen_30b",231,tfidf_linear_svm_router,0.9411764705882353,0.00012332843137254903,0.9411764705882353,0.0,0.0,
2model_gemini_flash_lite_qwen_30b,"gemini_flash_lite,qwen_30b",232,always_gemini_flash_lite,0.9215686274509803,0.00011666176470588236,0.9215686274509803,0.0,0.0,
2model_gemini_flash_lite_qwen_30b,"gemini_flash_lite,qwen_30b",232,always_qwen_30b,0.8431372549019608,2.445814117647059e-05,0.8431372549019608,0.0784313725490196,0.0,
2model_gemini_flash_lite_qwen_30b,"gemini_flash_lite,qwen_30b",232,random,0.8627450980392157,7.398998431372548e-05,0.8627450980392157,0.058823529411764705,0.0,
2model_gemini_flash_lite_qwen_30b,"gemini_flash_lite,qwen_30b",232,oracle,0.9215686274509803,0.00011666176470588236,0.9215686274509803,0.0,0.0,
2model_gemini_flash_lite_qwen_30b,"gemini_flash_lite,qwen_30b",232,logistic_router,0.9215686274509803,0.00010444788235294117,0.9215686274509803,0.0,0.0,
2model_gemini_flash_lite_qwen_30b,"gemini_flash_lite,qwen_30b",232,linear_svm_router,0.9215686274509803,0.00011284792156862744,0.9215686274509803,0.0,0.0,
2model_gemini_flash_lite_qwen_30b,"gemini_flash_lite,qwen_30b",232,knn_router,0.9215686274509803,0.00011666176470588236,0.9215686274509803,0.0,0.0,
2model_gemini_flash_lite_qwen_30b,"gemini_flash_lite,qwen_30b",232,decision_tree_router,0.9019607843137255,0.00011029047058823529,0.9019607843137255,0.0196078431372549,0.0,
2model_gemini_flash_lite_qwen_30b,"gemini_flash_lite,qwen_30b",232,random_forest_router,0.9215686274509803,0.00011666176470588236,0.9215686274509803,0.0,0.0,
2model_gemini_flash_lite_qwen_30b,"gemini_flash_lite,qwen_30b",232,extra_trees_router,0.9215686274509803,0.00011135365490196079,0.9215686274509803,0.0,0.0,
2model_gemini_flash_lite_qwen_30b,"gemini_flash_lite,qwen_30b",232,tfidf_logistic_router,0.9215686274509803,0.00010640278431372549,0.9215686274509803,0.0,0.0,
2model_gemini_flash_lite_qwen_30b,"gemini_flash_lite,qwen_30b",232,tfidf_linear_svm_router,0.9215686274509803,0.00011666176470588236,0.9215686274509803,0.0,0.0,
2model_gemini_flash_lite_qwen_30b,"gemini_flash_lite,qwen_30b",233,always_gemini_flash_lite,0.9607843137254902,0.00011480392156862747,0.9607843137254902,0.0196078431372549,0.0,0.9803921568627451
2model_gemini_flash_lite_qwen_30b,"gemini_flash_lite,qwen_30b",233,always_qwen_30b,0.9215686274509803,2.229367058823529e-05,0.9215686274509803,0.058823529411764705,0.0,0.0196078431372549
2model_gemini_flash_lite_qwen_30b,"gemini_flash_lite,qwen_30b",233,random,0.9607843137254902,7.329558431372549e-05,0.9607843137254902,0.0196078431372549,0.0,0.5882352941176471
2model_gemini_flash_lite_qwen_30b,"gemini_flash_lite,qwen_30b",233,oracle,0.9803921568627451,0.00011287265882352944,0.9803921568627451,0.0,0.0,1.0
2model_gemini_flash_lite_qwen_30b,"gemini_flash_lite,qwen_30b",233,logistic_router,0.9607843137254902,0.000108772368627451,0.9607843137254902,0.0196078431372549,0.0,0.9411764705882353
2model_gemini_flash_lite_qwen_30b,"gemini_flash_lite,qwen_30b",233,linear_svm_router,0.9607843137254902,0.00011480392156862747,0.9607843137254902,0.0196078431372549,0.0,0.9803921568627451
2model_gemini_flash_lite_qwen_30b,"gemini_flash_lite,qwen_30b",233,knn_router,0.9607843137254902,0.00011480392156862747,0.9607843137254902,0.0196078431372549,0.0,0.9803921568627451
2model_gemini_flash_lite_qwen_30b,"gemini_flash_lite,qwen_30b",233,decision_tree_router,0.9607843137254902,0.00010847394509803925,0.9607843137254902,0.0196078431372549,0.0,0.9215686274509803
2model_gemini_flash_lite_qwen_30b,"gemini_flash_lite,qwen_30b",233,random_forest_router,0.9607843137254902,0.00011480392156862747,0.9607843137254902,0.0196078431372549,0.0,0.9803921568627451
2model_gemini_flash_lite_qwen_30b,"gemini_flash_lite,qwen_30b",233,extra_trees_router,0.9607843137254902,0.00011480392156862747,0.9607843137254902,0.0196078431372549,0.0,0.9803921568627451
2model_gemini_flash_lite_qwen_30b,"gemini_flash_lite,qwen_30b",233,tfidf_logistic_router,0.9607843137254902,0.00011480392156862747,0.9607843137254902,0.0196078431372549,0.0,0.9803921568627451
2model_gemini_flash_lite_qwen_30b,"gemini_flash_lite,qwen_30b",233,tfidf_linear_svm_router,0.9607843137254902,0.00011480392156862747,0.9607843137254902,0.0196078431372549,0.0,0.9803921568627451
2model_gemini_flash_lite_llama_70b,"gemini_flash_lite,llama_70b",229,always_gemini_flash_lite,0.9019607843137255,0.00012208823529411767,0.9019607843137255,0.0392156862745098,0.0,0.9607843137254902
2model_gemini_flash_lite_llama_70b,"gemini_flash_lite,llama_70b",229,always_llama_70b,0.8235294117647058,0.019657743235294112,0.8235294117647058,0.11764705882352941,0.0,0.0392156862745098
2model_gemini_flash_lite_llama_70b,"gemini_flash_lite,llama_70b",229,random,0.8627450980392157,0.01970226225490196,0.8627450980392157,0.0784313725490196,0.0,0.5686274509803921
2model_gemini_flash_lite_llama_70b,"gemini_flash_lite,llama_70b",229,oracle,0.9411764705882353,0.00011780352941176471,0.9411764705882353,0.0,0.0,1.0
2model_gemini_flash_lite_llama_70b,"gemini_flash_lite,llama_70b",229,logistic_router,0.9019607843137255,0.00012208823529411767,0.9019607843137255,0.0392156862745098,0.0,0.9607843137254902
2model_gemini_flash_lite_llama_70b,"gemini_flash_lite,llama_70b",229,linear_svm_router,0.9019607843137255,0.00012208823529411767,0.9019607843137255,0.0392156862745098,0.0,0.9607843137254902
2model_gemini_flash_lite_llama_70b,"gemini_flash_lite,llama_70b",229,knn_router,0.9019607843137255,0.00012208823529411767,0.9019607843137255,0.0392156862745098,0.0,0.9607843137254902
2model_gemini_flash_lite_llama_70b,"gemini_flash_lite,llama_70b",229,decision_tree_router,0.9019607843137255,0.00012112352941176472,0.9019607843137255,0.0392156862745098,0.0,0.9411764705882353
2model_gemini_flash_lite_llama_70b,"gemini_flash_lite,llama_70b",229,random_forest_router,0.9019607843137255,0.00012208823529411767,0.9019607843137255,0.0392156862745098,0.0,0.9607843137254902
2model_gemini_flash_lite_llama_70b,"gemini_flash_lite,llama_70b",229,extra_trees_router,0.9019607843137255,0.00012208823529411767,0.9019607843137255,0.0392156862745098,0.0,0.9607843137254902
2model_gemini_flash_lite_llama_70b,"gemini_flash_lite,llama_70b",229,tfidf_logistic_router,0.9019607843137255,0.00012208823529411767,0.9019607843137255,0.0392156862745098,0.0,0.9607843137254902
2model_gemini_flash_lite_llama_70b,"gemini_flash_lite,llama_70b",229,tfidf_linear_svm_router,0.9019607843137255,0.00012208823529411767,0.9019607843137255,0.0392156862745098,0.0,0.9607843137254902
2model_gemini_flash_lite_llama_70b,"gemini_flash_lite,llama_70b",230,always_gemini_flash_lite,0.9607843137254902,0.00011823039215686275,0.9607843137254902,0.0196078431372549,0.0,0.9803921568627451
2model_gemini_flash_lite_llama_70b,"gemini_flash_lite,llama_70b",230,always_llama_70b,0.8431372549019608,5.601811764705883e-05,0.8431372549019608,0.13725490196078433,0.0,0.0196078431372549
2model_gemini_flash_lite_llama_70b,"gemini_flash_lite,llama_70b",230,random,0.8431372549019608,8.865156862745098e-05,0.8431372549019608,0.13725490196078433,0.0,0.5294117647058824
2model_gemini_flash_lite_llama_70b,"gemini_flash_lite,llama_70b",230,oracle,0.9803921568627451,0.00011765196078431374,0.9803921568627451,0.0,0.0,1.0
2model_gemini_flash_lite_llama_70b,"gemini_flash_lite,llama_70b",230,logistic_router,0.9607843137254902,0.00011805588235294117,0.9607843137254902,0.0196078431372549,0.0,0.9607843137254902
2model_gemini_flash_lite_llama_70b,"gemini_flash_lite,llama_70b",230,linear_svm_router,0.9607843137254902,0.00011737686274509804,0.9607843137254902,0.0196078431372549,0.0,0.9607843137254902
2model_gemini_flash_lite_llama_70b,"gemini_flash_lite,llama_70b",230,knn_router,0.9607843137254902,0.00011823039215686275,0.9607843137254902,0.0196078431372549,0.0,0.9803921568627451
2model_gemini_flash_lite_llama_70b,"gemini_flash_lite,llama_70b",230,decision_tree_router,0.9607843137254902,0.00011823039215686275,0.9607843137254902,0.0196078431372549,0.0,0.9803921568627451
2model_gemini_flash_lite_llama_70b,"gemini_flash_lite,llama_70b",230,random_forest_router,0.9607843137254902,0.00011823039215686275,0.9607843137254902,0.0196078431372549,0.0,0.9803921568627451
2model_gemini_flash_lite_llama_70b,"gemini_flash_lite,llama_70b",230,extra_trees_router,0.9607843137254902,0.00011498988235294119,0.9607843137254902,0.0196078431372549,0.0,0.9019607843137255
2model_gemini_flash_lite_llama_70b,"gemini_flash_lite,llama_70b",230,tfidf_logistic_router,0.9607843137254902,0.00011823039215686275,0.9607843137254902,0.0196078431372549,0.0,0.9803921568627451
2model_gemini_flash_lite_llama_70b,"gemini_flash_lite,llama_70b",230,tfidf_linear_svm_router,0.9607843137254902,0.00011823039215686275,0.9607843137254902,0.0196078431372549,0.0,0.9803921568627451
2model_gemini_flash_lite_llama_70b,"gemini_flash_lite,llama_70b",231,always_gemini_flash_lite,0.9411764705882353,0.00012332843137254903,0.9411764705882353,0.0196078431372549,0.0,0.9803921568627451
2model_gemini_flash_lite_llama_70b,"gemini_flash_lite,llama_70b",231,always_llama_70b,0.9019607843137255,0.01966218745098039,0.9019607843137255,0.058823529411764705,0.0,0.0196078431372549
2model_gemini_flash_lite_llama_70b,"gemini_flash_lite,llama_70b",231,random,0.9019607843137255,0.019701025588235298,0.9019607843137255,0.058823529411764705,0.0,0.5294117647058824
2model_gemini_flash_lite_llama_70b,"gemini_flash_lite,llama_70b",231,oracle,0.9607843137254902,0.00012275,0.9607843137254902,0.0,0.0,1.0
2model_gemini_flash_lite_llama_70b,"gemini_flash_lite,llama_70b",231,logistic_router,0.9411764705882353,0.00011463725490196079,0.9411764705882353,0.0196078431372549,0.0,0.9019607843137255
2model_gemini_flash_lite_llama_70b,"gemini_flash_lite,llama_70b",231,linear_svm_router,0.9411764705882353,0.00012332843137254903,0.9411764705882353,0.0196078431372549,0.0,0.9803921568627451
2model_gemini_flash_lite_llama_70b,"gemini_flash_lite,llama_70b",231,knn_router,0.9411764705882353,0.00012332843137254903,0.9411764705882353,0.0196078431372549,0.0,0.9803921568627451
2model_gemini_flash_lite_llama_70b,"gemini_flash_lite,llama_70b",231,decision_tree_router,0.9411764705882353,0.00012124274509803919,0.9411764705882353,0.0196078431372549,0.0,0.9607843137254902
2model_gemini_flash_lite_llama_70b,"gemini_flash_lite,llama_70b",231,random_forest_router,0.9411764705882353,0.00012332843137254903,0.9411764705882353,0.0196078431372549,0.0,0.9803921568627451
2model_gemini_flash_lite_llama_70b,"gemini_flash_lite,llama_70b",231,extra_trees_router,0.9411764705882353,0.00011900647058823528,0.9411764705882353,0.0196078431372549,0.0,0.9411764705882353
2model_gemini_flash_lite_llama_70b,"gemini_flash_lite,llama_70b",231,tfidf_logistic_router,0.9411764705882353,0.00011661999999999999,0.9411764705882353,0.0196078431372549,0.0,0.9215686274509803
2model_gemini_flash_lite_llama_70b,"gemini_flash_lite,llama_70b",231,tfidf_linear_svm_router,0.9411764705882353,0.00012332843137254903,0.9411764705882353,0.0196078431372549,0.0,0.9803921568627451
2model_gemini_flash_lite_llama_70b,"gemini_flash_lite,llama_70b",232,always_gemini_flash_lite,0.9215686274509803,0.00011666176470588236,0.9215686274509803,0.0,0.0,
2model_gemini_flash_lite_llama_70b,"gemini_flash_lite,llama_70b",232,always_llama_70b,0.803921568627451,5.9688607843137255e-05,0.803921568627451,0.11764705882352941,0.0,
2model_gemini_flash_lite_llama_70b,"gemini_flash_lite,llama_70b",232,random,0.8627450980392157,9.385843137254902e-05,0.8627450980392157,0.058823529411764705,0.0,
2model_gemini_flash_lite_llama_70b,"gemini_flash_lite,llama_70b",232,oracle,0.9215686274509803,0.00011666176470588236,0.9215686274509803,0.0,0.0,
2model_gemini_flash_lite_llama_70b,"gemini_flash_lite,llama_70b",232,logistic_router,0.9215686274509803,0.00011027725490196077,0.9215686274509803,0.0,0.0,
2model_gemini_flash_lite_llama_70b,"gemini_flash_lite,llama_70b",232,linear_svm_router,0.9215686274509803,0.00011027725490196077,0.9215686274509803,0.0,0.0,
2model_gemini_flash_lite_llama_70b,"gemini_flash_lite,llama_70b",232,knn_router,0.9215686274509803,0.00011666176470588236,0.9215686274509803,0.0,0.0,
2model_gemini_flash_lite_llama_70b,"gemini_flash_lite,llama_70b",232,decision_tree_router,0.9019607843137255,0.00011332411764705882,0.9019607843137255,0.0196078431372549,0.0,
2model_gemini_flash_lite_llama_70b,"gemini_flash_lite,llama_70b",232,random_forest_router,0.9215686274509803,0.00011666176470588236,0.9215686274509803,0.0,0.0,
2model_gemini_flash_lite_llama_70b,"gemini_flash_lite,llama_70b",232,extra_trees_router,0.9215686274509803,0.00011322509803921569,0.9215686274509803,0.0,0.0,
2model_gemini_flash_lite_llama_70b,"gemini_flash_lite,llama_70b",232,tfidf_logistic_router,0.9215686274509803,0.00011027725490196077,0.9215686274509803,0.0,0.0,
2model_gemini_flash_lite_llama_70b,"gemini_flash_lite,llama_70b",232,tfidf_linear_svm_router,0.9215686274509803,0.00011666176470588236,0.9215686274509803,0.0,0.0,
2model_gemini_flash_lite_llama_70b,"gemini_flash_lite,llama_70b",233,always_gemini_flash_lite,0.9607843137254902,0.00011480392156862747,0.9607843137254902,0.0,0.0,
2model_gemini_flash_lite_llama_70b,"gemini_flash_lite,llama_70b",233,always_llama_70b,0.8823529411764706,5.1382941176470584e-05,0.8823529411764706,0.0784313725490196,0.0,
2model_gemini_flash_lite_llama_70b,"gemini_flash_lite,llama_70b",233,random,0.9215686274509803,8.910774509803922e-05,0.9215686274509803,0.0392156862745098,0.0,
2model_gemini_flash_lite_llama_70b,"gemini_flash_lite,llama_70b",233,oracle,0.9607843137254902,0.00011480392156862747,0.9607843137254902,0.0,0.0,
2model_gemini_flash_lite_llama_70b,"gemini_flash_lite,llama_70b",233,logistic_router,0.9607843137254902,0.0001119623529411765,0.9607843137254902,0.0,0.0,
2model_gemini_flash_lite_llama_70b,"gemini_flash_lite,llama_70b",233,linear_svm_router,0.9607843137254902,0.00011480392156862747,0.9607843137254902,0.0,0.0,
2model_gemini_flash_lite_llama_70b,"gemini_flash_lite,llama_70b",233,knn_router,0.9607843137254902,0.00011480392156862747,0.9607843137254902,0.0,0.0,
2model_gemini_flash_lite_llama_70b,"gemini_flash_lite,llama_70b",233,decision_tree_router,0.9607843137254902,0.00010623098039215687,0.9607843137254902,0.0,0.0,
2model_gemini_flash_lite_llama_70b,"gemini_flash_lite,llama_70b",233,random_forest_router,0.9607843137254902,0.00011480392156862747,0.9607843137254902,0.0,0.0,
2model_gemini_flash_lite_llama_70b,"gemini_flash_lite,llama_70b",233,extra_trees_router,0.9607843137254902,0.00011480392156862747,0.9607843137254902,0.0,0.0,
2model_gemini_flash_lite_llama_70b,"gemini_flash_lite,llama_70b",233,tfidf_logistic_router,0.9607843137254902,0.00011480392156862747,0.9607843137254902,0.0,0.0,
2model_gemini_flash_lite_llama_70b,"gemini_flash_lite,llama_70b",233,tfidf_linear_svm_router,0.9607843137254902,0.00011480392156862747,0.9607843137254902,0.0,0.0,
2model_gemini_flash_lite_deepseek_v3,"gemini_flash_lite,deepseek_v3",229,always_gemini_flash_lite,0.9019607843137255,0.00012208823529411767,0.9019607843137255,0.0392156862745098,0.0,0.9607843137254902
2model_gemini_flash_lite_deepseek_v3,"gemini_flash_lite,deepseek_v3",229,always_deepseek_v3,0.8627450980392157,7.586537254901961e-05,0.8627450980392157,0.0784313725490196,0.0,0.0392156862745098
2model_gemini_flash_lite_deepseek_v3,"gemini_flash_lite,deepseek_v3",229,random,0.8823529411764706,0.0001039226274509804,0.8823529411764706,0.058823529411764705,0.0,0.6078431372549019
2model_gemini_flash_lite_deepseek_v3,"gemini_flash_lite,deepseek_v3",229,oracle,0.9411764705882353,0.00012045156862745101,0.9411764705882353,0.0,0.0,1.0
2model_gemini_flash_lite_deepseek_v3,"gemini_flash_lite,deepseek_v3",229,logistic_router,0.8627450980392157,0.00012132196078431376,0.8627450980392157,0.0784313725490196,0.0,0.9215686274509803
2model_gemini_flash_lite_deepseek_v3,"gemini_flash_lite,deepseek_v3",229,linear_svm_router,0.8823529411764706,0.0001214272549019608,0.8823529411764706,0.058823529411764705,0.0,0.9411764705882353
2model_gemini_flash_lite_deepseek_v3,"gemini_flash_lite,deepseek_v3",229,knn_router,0.9019607843137255,0.00012208823529411767,0.9019607843137255,0.0392156862745098,0.0,0.9607843137254902
2model_gemini_flash_lite_deepseek_v3,"gemini_flash_lite,deepseek_v3",229,decision_tree_router,0.8823529411764706,0.00012086047058823532,0.8823529411764706,0.058823529411764705,0.0,0.9215686274509803
2model_gemini_flash_lite_deepseek_v3,"gemini_flash_lite,deepseek_v3",229,random_forest_router,0.9019607843137255,0.00012208823529411767,0.9019607843137255,0.0392156862745098,0.0,0.9607843137254902
2model_gemini_flash_lite_deepseek_v3,"gemini_flash_lite,deepseek_v3",229,extra_trees_router,0.8823529411764706,0.0001214272549019608,0.8823529411764706,0.058823529411764705,0.0,0.9411764705882353
2model_gemini_flash_lite_deepseek_v3,"gemini_flash_lite,deepseek_v3",229,tfidf_logistic_router,0.8627450980392157,0.00012132196078431376,0.8627450980392157,0.0784313725490196,0.0,0.9215686274509803
2model_gemini_flash_lite_deepseek_v3,"gemini_flash_lite,deepseek_v3",229,tfidf_linear_svm_router,0.8823529411764706,0.0001214272549019608,0.8823529411764706,0.058823529411764705,0.0,0.9411764705882353
2model_gemini_flash_lite_deepseek_v3,"gemini_flash_lite,deepseek_v3",230,always_gemini_flash_lite,0.9607843137254902,0.00011823039215686275,0.9607843137254902,0.0196078431372549,0.0,0.9803921568627451
2model_gemini_flash_lite_deepseek_v3,"gemini_flash_lite,deepseek_v3",230,always_deepseek_v3,0.9019607843137255,6.701905882352941e-05,0.9019607843137255,0.0784313725490196,0.0,0.0196078431372549
2model_gemini_flash_lite_deepseek_v3,"gemini_flash_lite,deepseek_v3",230,random,0.9215686274509803,9.654266666666667e-05,0.9215686274509803,0.058823529411764705,0.0,0.5294117647058824
2model_gemini_flash_lite_deepseek_v3,"gemini_flash_lite,deepseek_v3",230,oracle,0.9803921568627451,0.00011710117647058823,0.9803921568627451,0.0,0.0,1.0
2model_gemini_flash_lite_deepseek_v3,"gemini_flash_lite,deepseek_v3",230,logistic_router,0.9607843137254902,0.00010951325490196079,0.9607843137254902,0.0196078431372549,0.0,0.8235294117647058
2model_gemini_flash_lite_deepseek_v3,"gemini_flash_lite,deepseek_v3",230,linear_svm_router,0.9607843137254902,0.00011036019607843139,0.9607843137254902,0.0196078431372549,0.0,0.8235294117647058
2model_gemini_flash_lite_deepseek_v3,"gemini_flash_lite,deepseek_v3",230,knn_router,0.9607843137254902,0.00011823039215686275,0.9607843137254902,0.0196078431372549,0.0,0.9803921568627451
2model_gemini_flash_lite_deepseek_v3,"gemini_flash_lite,deepseek_v3",230,decision_tree_router,0.9607843137254902,0.0001123466274509804,0.9607843137254902,0.0196078431372549,0.0,0.9019607843137255
2model_gemini_flash_lite_deepseek_v3,"gemini_flash_lite,deepseek_v3",230,random_forest_router,0.9607843137254902,0.00011823039215686275,0.9607843137254902,0.0196078431372549,0.0,0.9803921568627451
2model_gemini_flash_lite_deepseek_v3,"gemini_flash_lite,deepseek_v3",230,extra_trees_router,0.9607843137254902,0.00010429839215686274,0.9607843137254902,0.0196078431372549,0.0,0.7647058823529411
2model_gemini_flash_lite_deepseek_v3,"gemini_flash_lite,deepseek_v3",230,tfidf_logistic_router,0.9803921568627451,0.00011511400000000001,0.9803921568627451,0.0,0.0,0.9803921568627451
2model_gemini_flash_lite_deepseek_v3,"gemini_flash_lite,deepseek_v3",230,tfidf_linear_svm_router,0.9607843137254902,0.00011823039215686275,0.9607843137254902,0.0196078431372549,0.0,0.9803921568627451
2model_gemini_flash_lite_deepseek_v3,"gemini_flash_lite,deepseek_v3",231,always_gemini_flash_lite,0.9411764705882353,0.00012332843137254903,0.9411764705882353,0.0,0.0,
2model_gemini_flash_lite_deepseek_v3,"gemini_flash_lite,deepseek_v3",231,always_deepseek_v3,0.8627450980392157,7.632623529411765e-05,0.8627450980392157,0.0784313725490196,0.0,
2model_gemini_flash_lite_deepseek_v3,"gemini_flash_lite,deepseek_v3",231,random,0.9019607843137255,0.00010405792156862744,0.9019607843137255,0.0392156862745098,0.0,
2model_gemini_flash_lite_deepseek_v3,"gemini_flash_lite,deepseek_v3",231,oracle,0.9411764705882353,0.00012332843137254903,0.9411764705882353,0.0,0.0,
2model_gemini_flash_lite_deepseek_v3,"gemini_flash_lite,deepseek_v3",231,logistic_router,0.9215686274509803,0.00012064854901960781,0.9215686274509803,0.0196078431372549,0.0,
2model_gemini_flash_lite_deepseek_v3,"gemini_flash_lite,deepseek_v3",231,linear_svm_router,0.9215686274509803,0.00012266745098039213,0.9215686274509803,0.0196078431372549,0.0,
2model_gemini_flash_lite_deepseek_v3,"gemini_flash_lite,deepseek_v3",231,knn_router,0.9411764705882353,0.00012332843137254903,0.9411764705882353,0.0,0.0,
2model_gemini_flash_lite_deepseek_v3,"gemini_flash_lite,deepseek_v3",231,decision_tree_router,0.9215686274509803,0.00011700235294117646,0.9215686274509803,0.0196078431372549,0.0,
2model_gemini_flash_lite_deepseek_v3,"gemini_flash_lite,deepseek_v3",231,random_forest_router,0.9215686274509803,0.00012266745098039213,0.9215686274509803,0.0196078431372549,0.0,
2model_gemini_flash_lite_deepseek_v3,"gemini_flash_lite,deepseek_v3",231,extra_trees_router,0.9215686274509803,0.00012266745098039213,0.9215686274509803,0.0196078431372549,0.0,
2model_gemini_flash_lite_deepseek_v3,"gemini_flash_lite,deepseek_v3",231,tfidf_logistic_router,0.9215686274509803,0.00012217568627450977,0.9215686274509803,0.0196078431372549,0.0,
2model_gemini_flash_lite_deepseek_v3,"gemini_flash_lite,deepseek_v3",231,tfidf_linear_svm_router,0.9215686274509803,0.00012266745098039213,0.9215686274509803,0.0196078431372549,0.0,
2model_gemini_flash_lite_deepseek_v3,"gemini_flash_lite,deepseek_v3",232,always_gemini_flash_lite,0.9215686274509803,0.00011666176470588236,0.9215686274509803,0.0,0.0,
2model_gemini_flash_lite_deepseek_v3,"gemini_flash_lite,deepseek_v3",232,always_deepseek_v3,0.8431372549019608,6.874066666666666e-05,0.8431372549019608,0.0784313725490196,0.0,
2model_gemini_flash_lite_deepseek_v3,"gemini_flash_lite,deepseek_v3",232,random,0.8823529411764706,9.471450980392157e-05,0.8823529411764706,0.0392156862745098,0.0,
2model_gemini_flash_lite_deepseek_v3,"gemini_flash_lite,deepseek_v3",232,oracle,0.9215686274509803,0.00011666176470588236,0.9215686274509803,0.0,0.0,
2model_gemini_flash_lite_deepseek_v3,"gemini_flash_lite,deepseek_v3",232,logistic_router,0.9019607843137255,0.00011159486274509802,0.9019607843137255,0.0196078431372549,0.0,
2model_gemini_flash_lite_deepseek_v3,"gemini_flash_lite,deepseek_v3",232,linear_svm_router,0.9019607843137255,0.00011120803921568626,0.9019607843137255,0.0196078431372549,0.0,
2model_gemini_flash_lite_deepseek_v3,"gemini_flash_lite,deepseek_v3",232,knn_router,0.9215686274509803,0.00011666176470588236,0.9215686274509803,0.0,0.0,
2model_gemini_flash_lite_deepseek_v3,"gemini_flash_lite,deepseek_v3",232,decision_tree_router,0.9019607843137255,0.0001115949019607843,0.9019607843137255,0.0196078431372549,0.0,
2model_gemini_flash_lite_deepseek_v3,"gemini_flash_lite,deepseek_v3",232,random_forest_router,0.9019607843137255,0.00011600078431372548,0.9019607843137255,0.0196078431372549,0.0,
2model_gemini_flash_lite_deepseek_v3,"gemini_flash_lite,deepseek_v3",232,extra_trees_router,0.9019607843137255,0.00011600078431372548,0.9019607843137255,0.0196078431372549,0.0,
2model_gemini_flash_lite_deepseek_v3,"gemini_flash_lite,deepseek_v3",232,tfidf_logistic_router,0.9019607843137255,0.0001130013725490196,0.9019607843137255,0.0196078431372549,0.0,
2model_gemini_flash_lite_deepseek_v3,"gemini_flash_lite,deepseek_v3",232,tfidf_linear_svm_router,0.9019607843137255,0.00011600078431372548,0.9019607843137255,0.0196078431372549,0.0,
2model_gemini_flash_lite_deepseek_v3,"gemini_flash_lite,deepseek_v3",233,always_gemini_flash_lite,0.9607843137254902,0.00011480392156862747,0.9607843137254902,0.0,0.0,
2model_gemini_flash_lite_deepseek_v3,"gemini_flash_lite,deepseek_v3",233,always_deepseek_v3,0.8823529411764706,6.603835294117647e-05,0.8823529411764706,0.0784313725490196,0.0,
2model_gemini_flash_lite_deepseek_v3,"gemini_flash_lite,deepseek_v3",233,random,0.9411764705882353,9.415172549019609e-05,0.9411764705882353,0.0196078431372549,0.0,
2model_gemini_flash_lite_deepseek_v3,"gemini_flash_lite,deepseek_v3",233,oracle,0.9607843137254902,0.00011480392156862747,0.9607843137254902,0.0,0.0,
2model_gemini_flash_lite_deepseek_v3,"gemini_flash_lite,deepseek_v3",233,logistic_router,0.9607843137254902,0.0001095880392156863,0.9607843137254902,0.0,0.0,
2model_gemini_flash_lite_deepseek_v3,"gemini_flash_lite,deepseek_v3",233,linear_svm_router,0.9607843137254902,0.0001108158823529412,0.9607843137254902,0.0,0.0,
2model_gemini_flash_lite_deepseek_v3,"gemini_flash_lite,deepseek_v3",233,knn_router,0.9607843137254902,0.00011480392156862747,0.9607843137254902,0.0,0.0,
2model_gemini_flash_lite_deepseek_v3,"gemini_flash_lite,deepseek_v3",233,decision_tree_router,0.9607843137254902,0.00011046137254901961,0.9607843137254902,0.0,0.0,
2model_gemini_flash_lite_deepseek_v3,"gemini_flash_lite,deepseek_v3",233,random_forest_router,0.9607843137254902,0.00011480392156862747,0.9607843137254902,0.0,0.0,
2model_gemini_flash_lite_deepseek_v3,"gemini_flash_lite,deepseek_v3",233,extra_trees_router,0.9607843137254902,0.00011480392156862747,0.9607843137254902,0.0,0.0,
2model_gemini_flash_lite_deepseek_v3,"gemini_flash_lite,deepseek_v3",233,tfidf_logistic_router,0.9607843137254902,0.00011090196078431375,0.9607843137254902,0.0,0.0,
2model_gemini_flash_lite_deepseek_v3,"gemini_flash_lite,deepseek_v3",233,tfidf_linear_svm_router,0.9607843137254902,0.00011480392156862747,0.9607843137254902,0.0,0.0,
2model_gemini_flash_lite_granite_8b,"gemini_flash_lite,granite_8b",229,always_gemini_flash_lite,0.9019607843137255,0.00012208823529411767,0.9019607843137255,0.058823529411764705,0.0,0.9411764705882353
2model_gemini_flash_lite_granite_8b,"gemini_flash_lite,granite_8b",229,always_granite_8b,0.8431372549019608,1.5948039215686275e-05,0.8431372549019608,0.11764705882352941,0.0,0.058823529411764705
2model_gemini_flash_lite_granite_8b,"gemini_flash_lite,granite_8b",229,random,0.8823529411764706,8.09450980392157e-05,0.8823529411764706,0.0784313725490196,0.0,0.5882352941176471
2model_gemini_flash_lite_granite_8b,"gemini_flash_lite,granite_8b",229,oracle,0.9607843137254902,0.00011439117647058827,0.9607843137254902,0.0,0.0,1.0
2model_gemini_flash_lite_granite_8b,"gemini_flash_lite,granite_8b",230,always_gemini_flash_lite,0.9607843137254902,0.00011823039215686275,0.9607843137254902,0.0,0.0,
2model_gemini_flash_lite_granite_8b,"gemini_flash_lite,granite_8b",230,always_granite_8b,0.8431372549019608,1.511078431372549e-05,0.8431372549019608,0.11764705882352941,0.0,
2model_gemini_flash_lite_granite_8b,"gemini_flash_lite,granite_8b",230,random,0.9019607843137255,7.496960784313725e-05,0.9019607843137255,0.058823529411764705,0.0,
2model_gemini_flash_lite_granite_8b,"gemini_flash_lite,granite_8b",230,oracle,0.9607843137254902,0.00011823039215686275,0.9607843137254902,0.0,0.0,
2model_gemini_flash_lite_granite_8b,"gemini_flash_lite,granite_8b",230,logistic_router,0.9411764705882353,0.00011646176470588235,0.9411764705882353,0.0196078431372549,0.0,
2model_gemini_flash_lite_granite_8b,"gemini_flash_lite,granite_8b",230,linear_svm_router,0.9607843137254902,0.0001169186274509804,0.9607843137254902,0.0,0.0,
2model_gemini_flash_lite_granite_8b,"gemini_flash_lite,granite_8b",230,knn_router,0.9607843137254902,0.00011823039215686275,0.9607843137254902,0.0,0.0,
2model_gemini_flash_lite_granite_8b,"gemini_flash_lite,granite_8b",230,decision_tree_router,0.9607843137254902,0.00011823039215686275,0.9607843137254902,0.0,0.0,
2model_gemini_flash_lite_granite_8b,"gemini_flash_lite,granite_8b",230,random_forest_router,0.9607843137254902,0.00011823039215686275,0.9607843137254902,0.0,0.0,
2model_gemini_flash_lite_granite_8b,"gemini_flash_lite,granite_8b",230,extra_trees_router,0.9411764705882353,0.00010965686274509804,0.9411764705882353,0.0196078431372549,0.0,
2model_gemini_flash_lite_granite_8b,"gemini_flash_lite,granite_8b",230,tfidf_logistic_router,0.9607843137254902,0.00011823039215686275,0.9607843137254902,0.0,0.0,
2model_gemini_flash_lite_granite_8b,"gemini_flash_lite,granite_8b",230,tfidf_linear_svm_router,0.9607843137254902,0.00011823039215686275,0.9607843137254902,0.0,0.0,
2model_gemini_flash_lite_granite_8b,"gemini_flash_lite,granite_8b",231,always_gemini_flash_lite,0.9411764705882353,0.00012332843137254903,0.9411764705882353,0.0,0.0,
2model_gemini_flash_lite_granite_8b,"gemini_flash_lite,granite_8b",231,always_granite_8b,0.8431372549019608,1.662843137254902e-05,0.8431372549019608,0.09803921568627451,0.0,
2model_gemini_flash_lite_granite_8b,"gemini_flash_lite,granite_8b",231,random,0.9215686274509803,7.603431372549019e-05,0.9215686274509803,0.0196078431372549,0.0,
2model_gemini_flash_lite_granite_8b,"gemini_flash_lite,granite_8b",231,oracle,0.9411764705882353,0.00012332843137254903,0.9411764705882353,0.0,0.0,
2model_gemini_flash_lite_granite_8b,"gemini_flash_lite,granite_8b",231,logistic_router,0.9411764705882353,0.00010848823529411765,0.9411764705882353,0.0,0.0,
2model_gemini_flash_lite_granite_8b,"gemini_flash_lite,granite_8b",231,linear_svm_router,0.9411764705882353,0.00011816274509803921,0.9411764705882353,0.0,0.0,
2model_gemini_flash_lite_granite_8b,"gemini_flash_lite,granite_8b",231,knn_router,0.9411764705882353,0.00012332843137254903,0.9411764705882353,0.0,0.0,
2model_gemini_flash_lite_granite_8b,"gemini_flash_lite,granite_8b",231,decision_tree_router,0.9411764705882353,9.982352941176471e-05,0.9411764705882353,0.0,0.0,
2model_gemini_flash_lite_granite_8b,"gemini_flash_lite,granite_8b",231,random_forest_router,0.9411764705882353,0.00012332843137254903,0.9411764705882353,0.0,0.0,
2model_gemini_flash_lite_granite_8b,"gemini_flash_lite,granite_8b",231,extra_trees_router,0.9411764705882353,0.0001161892156862745,0.9411764705882353,0.0,0.0,
2model_gemini_flash_lite_granite_8b,"gemini_flash_lite,granite_8b",231,tfidf_logistic_router,0.9411764705882353,0.00011993823529411765,0.9411764705882353,0.0,0.0,
2model_gemini_flash_lite_granite_8b,"gemini_flash_lite,granite_8b",231,tfidf_linear_svm_router,0.9411764705882353,0.00012332843137254903,0.9411764705882353,0.0,0.0,
2model_gemini_flash_lite_granite_8b,"gemini_flash_lite,granite_8b",232,always_gemini_flash_lite,0.9215686274509803,0.00011666176470588236,0.9215686274509803,0.0,0.0,
2model_gemini_flash_lite_granite_8b,"gemini_flash_lite,granite_8b",232,always_granite_8b,0.7647058823529411,1.5119607843137256e-05,0.7647058823529411,0.1568627450980392,0.0,
2model_gemini_flash_lite_granite_8b,"gemini_flash_lite,granite_8b",232,random,0.8431372549019608,6.916372549019608e-05,0.8431372549019608,0.0784313725490196,0.0,
2model_gemini_flash_lite_granite_8b,"gemini_flash_lite,granite_8b",232,oracle,0.9215686274509803,0.00011666176470588236,0.9215686274509803,0.0,0.0,
2model_gemini_flash_lite_granite_8b,"gemini_flash_lite,granite_8b",232,logistic_router,0.9215686274509803,0.00011039803921568628,0.9215686274509803,0.0,0.0,
2model_gemini_flash_lite_granite_8b,"gemini_flash_lite,granite_8b",232,linear_svm_router,0.9215686274509803,0.00011039803921568628,0.9215686274509803,0.0,0.0,
2model_gemini_flash_lite_granite_8b,"gemini_flash_lite,granite_8b",232,knn_router,0.9215686274509803,0.00011666176470588236,0.9215686274509803,0.0,0.0,
2model_gemini_flash_lite_granite_8b,"gemini_flash_lite,granite_8b",232,decision_tree_router,0.9215686274509803,0.0001060107843137255,0.9215686274509803,0.0,0.0,
2model_gemini_flash_lite_granite_8b,"gemini_flash_lite,granite_8b",232,random_forest_router,0.9215686274509803,0.00011666176470588236,0.9215686274509803,0.0,0.0,
2model_gemini_flash_lite_granite_8b,"gemini_flash_lite,granite_8b",232,extra_trees_router,0.9215686274509803,0.00011039803921568628,0.9215686274509803,0.0,0.0,
2model_gemini_flash_lite_granite_8b,"gemini_flash_lite,granite_8b",232,tfidf_logistic_router,0.9215686274509803,0.00011039803921568628,0.9215686274509803,0.0,0.0,
2model_gemini_flash_lite_granite_8b,"gemini_flash_lite,granite_8b",232,tfidf_linear_svm_router,0.9215686274509803,0.00011666176470588236,0.9215686274509803,0.0,0.0,
2model_gemini_flash_lite_granite_8b,"gemini_flash_lite,granite_8b",233,always_gemini_flash_lite,0.9607843137254902,0.00011480392156862747,0.9607843137254902,0.0,0.0,
2model_gemini_flash_lite_granite_8b,"gemini_flash_lite,granite_8b",233,always_granite_8b,0.7647058823529411,1.5750000000000003e-05,0.7647058823529411,0.19607843137254902,0.0,
2model_gemini_flash_lite_granite_8b,"gemini_flash_lite,granite_8b",233,random,0.8627450980392157,7.062941176470589e-05,0.8627450980392157,0.09803921568627451,0.0,
2model_gemini_flash_lite_granite_8b,"gemini_flash_lite,granite_8b",233,oracle,0.9607843137254902,0.00011480392156862747,0.9607843137254902,0.0,0.0,
2model_gemini_flash_lite_granite_8b,"gemini_flash_lite,granite_8b",233,logistic_router,0.9607843137254902,0.0001033480392156863,0.9607843137254902,0.0,0.0,
2model_gemini_flash_lite_granite_8b,"gemini_flash_lite,granite_8b",233,linear_svm_router,0.9607843137254902,0.00011172647058823532,0.9607843137254902,0.0,0.0,
2model_gemini_flash_lite_granite_8b,"gemini_flash_lite,granite_8b",233,knn_router,0.9607843137254902,0.00011480392156862747,0.9607843137254902,0.0,0.0,
2model_gemini_flash_lite_granite_8b,"gemini_flash_lite,granite_8b",233,decision_tree_router,0.9411764705882353,0.0001035686274509804,0.9411764705882353,0.0196078431372549,0.0,
2model_gemini_flash_lite_granite_8b,"gemini_flash_lite,granite_8b",233,random_forest_router,0.9607843137254902,0.00011480392156862747,0.9607843137254902,0.0,0.0,
2model_gemini_flash_lite_granite_8b,"gemini_flash_lite,granite_8b",233,extra_trees_router,0.9607843137254902,0.00011480392156862747,0.9607843137254902,0.0,0.0,
2model_gemini_flash_lite_granite_8b,"gemini_flash_lite,granite_8b",233,tfidf_logistic_router,0.9607843137254902,0.00010900000000000003,0.9607843137254902,0.0,0.0,
2model_gemini_flash_lite_granite_8b,"gemini_flash_lite,granite_8b",233,tfidf_linear_svm_router,0.9607843137254902,0.00011480392156862747,0.9607843137254902,0.0,0.0,
2model_gemini_flash_qwen_30b,"gemini_flash,qwen_30b",229,always_gemini_flash,0.8627450980392157,0.00018459215686274512,0.8627450980392157,0.0392156862745098,0.0,0.9607843137254902
2model_gemini_flash_qwen_30b,"gemini_flash,qwen_30b",229,always_qwen_30b,0.8627450980392157,2.4920705882352944e-05,0.8627450980392157,0.0392156862745098,0.0,0.0392156862745098
2model_gemini_flash_qwen_30b,"gemini_flash,qwen_30b",229,random,0.8235294117647058,0.00011775326274509803,0.8235294117647058,0.0784313725490196,0.0,0.5686274509803921
2model_gemini_flash_qwen_30b,"gemini_flash,qwen_30b",229,oracle,0.9019607843137255,0.0001798664862745098,0.9019607843137255,0.0,0.0,1.0
2model_gemini_flash_qwen_30b,"gemini_flash,qwen_30b",229,logistic_router,0.8823529411764706,0.0001543172156862745,0.8823529411764706,0.0196078431372549,0.0,0.8235294117647058
2model_gemini_flash_qwen_30b,"gemini_flash,qwen_30b",229,linear_svm_router,0.8823529411764706,0.00016677199215686276,0.8823529411764706,0.0196078431372549,0.0,0.9019607843137255
2model_gemini_flash_qwen_30b,"gemini_flash,qwen_30b",229,knn_router,0.8627450980392157,0.00018241176470588233,0.8627450980392157,0.0392156862745098,0.0,0.9411764705882353
2model_gemini_flash_qwen_30b,"gemini_flash,qwen_30b",229,decision_tree_router,0.8823529411764706,0.00014087508235294117,0.8823529411764706,0.0196078431372549,0.0,0.7450980392156863
2model_gemini_flash_qwen_30b,"gemini_flash,qwen_30b",229,random_forest_router,0.9019607843137255,0.00015259785098039217,0.9019607843137255,0.0,0.0,0.8235294117647058
2model_gemini_flash_qwen_30b,"gemini_flash,qwen_30b",229,extra_trees_router,0.9019607843137255,0.0001402784,0.9019607843137255,0.0,0.0,0.7450980392156863
2model_gemini_flash_qwen_30b,"gemini_flash,qwen_30b",229,tfidf_logistic_router,0.8823529411764706,0.00015649760784313728,0.8823529411764706,0.0196078431372549,0.0,0.8431372549019608
2model_gemini_flash_qwen_30b,"gemini_flash,qwen_30b",229,tfidf_linear_svm_router,0.8823529411764706,0.00017246140392156864,0.8823529411764706,0.0196078431372549,0.0,0.9215686274509803
2model_gemini_flash_qwen_30b,"gemini_flash,qwen_30b",230,always_gemini_flash,0.8823529411764706,0.00017710784313725492,0.8823529411764706,0.058823529411764705,0.0,0.9411764705882353
2model_gemini_flash_qwen_30b,"gemini_flash,qwen_30b",230,always_qwen_30b,0.9019607843137255,2.362894117647059e-05,0.9019607843137255,0.0392156862745098,0.0,0.058823529411764705
2model_gemini_flash_qwen_30b,"gemini_flash,qwen_30b",230,random,0.8823529411764706,0.00011620054901960784,0.8823529411764706,0.058823529411764705,0.0,0.5686274509803921
2model_gemini_flash_qwen_30b,"gemini_flash,qwen_30b",230,oracle,0.9411764705882353,0.00016394261960784315,0.9411764705882353,0.0,0.0,1.0
2model_gemini_flash_qwen_30b,"gemini_flash,qwen_30b",230,logistic_router,0.8823529411764706,0.00016421261176470588,0.8823529411764706,0.058823529411764705,0.0,0.8627450980392157
2model_gemini_flash_qwen_30b,"gemini_flash,qwen_30b",230,linear_svm_router,0.8823529411764706,0.00016264858039215685,0.8823529411764706,0.058823529411764705,0.0,0.8627450980392157
2model_gemini_flash_qwen_30b,"gemini_flash,qwen_30b",230,knn_router,0.8823529411764706,0.00017492745098039215,0.8823529411764706,0.058823529411764705,0.0,0.9215686274509803
2model_gemini_flash_qwen_30b,"gemini_flash,qwen_30b",230,decision_tree_router,0.9019607843137255,0.00015237346666666668,0.9019607843137255,0.0392156862745098,0.0,0.803921568627451
2model_gemini_flash_qwen_30b,"gemini_flash,qwen_30b",230,random_forest_router,0.8823529411764706,0.00017003078431372548,0.8823529411764706,0.058823529411764705,0.0,0.8823529411764706
2model_gemini_flash_qwen_30b,"gemini_flash,qwen_30b",230,extra_trees_router,0.9019607843137255,0.0001467643294117647,0.9019607843137255,0.0392156862745098,0.0,0.7843137254901961
2model_gemini_flash_qwen_30b,"gemini_flash,qwen_30b",230,tfidf_logistic_router,0.8823529411764706,0.00016708975686274507,0.8823529411764706,0.058823529411764705,0.0,0.8823529411764706
2model_gemini_flash_qwen_30b,"gemini_flash,qwen_30b",230,tfidf_linear_svm_router,0.8823529411764706,0.00017128967058823528,0.8823529411764706,0.058823529411764705,0.0,0.9215686274509803
2model_gemini_flash_qwen_30b,"gemini_flash,qwen_30b",231,always_gemini_flash,0.8823529411764706,0.00021189803921568628,0.8823529411764706,0.0392156862745098,0.0,0.9607843137254902
2model_gemini_flash_qwen_30b,"gemini_flash,qwen_30b",231,always_qwen_30b,0.9019607843137255,2.4771207843137253e-05,0.9019607843137255,0.0196078431372549,0.0,0.0392156862745098
2model_gemini_flash_qwen_30b,"gemini_flash,qwen_30b",231,random,0.8823529411764706,0.0001322343137254902,0.8823529411764706,0.0392156862745098,0.0,0.5490196078431373
2model_gemini_flash_qwen_30b,"gemini_flash,qwen_30b",231,oracle,0.9215686274509803,0.00020135802352941177,0.9215686274509803,0.0,0.0,1.0
2model_gemini_flash_qwen_30b,"gemini_flash,qwen_30b",231,logistic_router,0.9019607843137255,0.00018363378039215684,0.9019607843137255,0.0196078431372549,0.0,0.8627450980392157
2model_gemini_flash_qwen_30b,"gemini_flash,qwen_30b",231,linear_svm_router,0.9019607843137255,0.00020204216470588233,0.9019607843137255,0.0196078431372549,0.0,0.9411764705882353
2model_gemini_flash_qwen_30b,"gemini_flash,qwen_30b",231,knn_router,0.8823529411764706,0.00021189803921568628,0.8823529411764706,0.0392156862745098,0.0,0.9607843137254902
2model_gemini_flash_qwen_30b,"gemini_flash,qwen_30b",231,decision_tree_router,0.9215686274509803,0.000149636737254902,0.9215686274509803,0.0,0.0,0.7058823529411765
2model_gemini_flash_qwen_30b,"gemini_flash,qwen_30b",231,random_forest_router,0.9019607843137255,0.00019445934117647056,0.9019607843137255,0.0196078431372549,0.0,0.9215686274509803
2model_gemini_flash_qwen_30b,"gemini_flash,qwen_30b",231,extra_trees_router,0.9215686274509803,0.0001778989882352941,0.9215686274509803,0.0,0.0,0.8823529411764706
2model_gemini_flash_qwen_30b,"gemini_flash,qwen_30b",231,tfidf_logistic_router,0.9019607843137255,0.0001929734588235294,0.9019607843137255,0.0196078431372549,0.0,0.9019607843137255
2model_gemini_flash_qwen_30b,"gemini_flash,qwen_30b",231,tfidf_linear_svm_router,0.9019607843137255,0.00020352804705882352,0.9019607843137255,0.0196078431372549,0.0,0.9607843137254902
2model_gemini_flash_qwen_30b,"gemini_flash,qwen_30b",232,always_gemini_flash,0.8627450980392157,0.00018412941176470594,0.8627450980392157,0.0392156862745098,0.0,0.9607843137254902
2model_gemini_flash_qwen_30b,"gemini_flash,qwen_30b",232,always_qwen_30b,0.8431372549019608,2.445814117647059e-05,0.8431372549019608,0.058823529411764705,0.0,0.0392156862745098
2model_gemini_flash_qwen_30b,"gemini_flash,qwen_30b",232,random,0.803921568627451,0.00010881743529411763,0.803921568627451,0.09803921568627451,0.0,0.47058823529411764
2model_gemini_flash_qwen_30b,"gemini_flash,qwen_30b",232,oracle,0.9019607843137255,0.00017412160784313727,0.9019607843137255,0.0,0.0,1.0
2model_gemini_flash_qwen_30b,"gemini_flash,qwen_30b",232,logistic_router,0.8823529411764706,0.00016519200000000004,0.8823529411764706,0.0196078431372549,0.0,0.8823529411764706
2model_gemini_flash_qwen_30b,"gemini_flash,qwen_30b",232,linear_svm_router,0.8823529411764706,0.00016689638431372555,0.8823529411764706,0.0196078431372549,0.0,0.8823529411764706
2model_gemini_flash_qwen_30b,"gemini_flash,qwen_30b",232,knn_router,0.8627450980392157,0.00018412941176470594,0.8627450980392157,0.0392156862745098,0.0,0.9607843137254902
2model_gemini_flash_qwen_30b,"gemini_flash,qwen_30b",232,decision_tree_router,0.8823529411764706,0.0001628853960784314,0.8823529411764706,0.0196078431372549,0.0,0.8431372549019608
2model_gemini_flash_qwen_30b,"gemini_flash,qwen_30b",232,random_forest_router,0.8627450980392157,0.00018412941176470594,0.8627450980392157,0.0392156862745098,0.0,0.9607843137254902
2model_gemini_flash_qwen_30b,"gemini_flash,qwen_30b",232,extra_trees_router,0.8627450980392157,0.00017682535686274514,0.8627450980392157,0.0392156862745098,0.0,0.9215686274509803
2model_gemini_flash_qwen_30b,"gemini_flash,qwen_30b",232,tfidf_logistic_router,0.8823529411764706,0.00016519200000000004,0.8823529411764706,0.0196078431372549,0.0,0.8823529411764706
2model_gemini_flash_qwen_30b,"gemini_flash,qwen_30b",232,tfidf_linear_svm_router,0.8823529411764706,0.00017629163137254905,0.8823529411764706,0.0196078431372549,0.0,0.9607843137254902
2model_gemini_flash_qwen_30b,"gemini_flash,qwen_30b",233,always_gemini_flash,0.8627450980392157,0.00018182352941176474,0.8627450980392157,0.0784313725490196,0.0,0.9215686274509803
2model_gemini_flash_qwen_30b,"gemini_flash,qwen_30b",233,always_qwen_30b,0.9215686274509803,2.229367058823529e-05,0.9215686274509803,0.0196078431372549,0.0,0.0784313725490196
2model_gemini_flash_qwen_30b,"gemini_flash,qwen_30b",233,random,0.9019607843137255,0.00010443283921568626,0.9019607843137255,0.0392156862745098,0.0,0.5686274509803921
2model_gemini_flash_qwen_30b,"gemini_flash,qwen_30b",233,oracle,0.9411764705882353,0.00016280328627450981,0.9411764705882353,0.0,0.0,1.0
2model_gemini_flash_qwen_30b,"gemini_flash,qwen_30b",233,logistic_router,0.8823529411764706,0.00015782006274509805,0.8823529411764706,0.058823529411764705,0.0,0.803921568627451
2model_gemini_flash_qwen_30b,"gemini_flash,qwen_30b",233,linear_svm_router,0.8823529411764706,0.0001522493568627451,0.8823529411764706,0.058823529411764705,0.0,0.7647058823529411
2model_gemini_flash_qwen_30b,"gemini_flash,qwen_30b",233,knn_router,0.8627450980392157,0.00018182352941176474,0.8627450980392157,0.0784313725490196,0.0,0.9215686274509803
2model_gemini_flash_qwen_30b,"gemini_flash,qwen_30b",233,decision_tree_router,0.8431372549019608,0.0001501384862745098,0.8431372549019608,0.09803921568627451,0.0,0.7058823529411765
2model_gemini_flash_qwen_30b,"gemini_flash,qwen_30b",233,random_forest_router,0.8627450980392157,0.00017086546666666668,0.8627450980392157,0.0784313725490196,0.0,0.8627450980392157
2model_gemini_flash_qwen_30b,"gemini_flash,qwen_30b",233,extra_trees_router,0.8431372549019608,0.0001620630274509804,0.8431372549019608,0.09803921568627451,0.0,0.7843137254901961
2model_gemini_flash_qwen_30b,"gemini_flash,qwen_30b",233,tfidf_logistic_router,0.8823529411764706,0.00015782006274509805,0.8823529411764706,0.058823529411764705,0.0,0.803921568627451
2model_gemini_flash_qwen_30b,"gemini_flash,qwen_30b",233,tfidf_linear_svm_router,0.8627450980392157,0.0001713640941176471,0.8627450980392157,0.0784313725490196,0.0,0.8627450980392157
2model_gemini_flash_llama_70b,"gemini_flash,llama_70b",229,always_gemini_flash,0.8627450980392157,0.00018459215686274512,0.8627450980392157,0.058823529411764705,0.0,0.9411764705882353
2model_gemini_flash_llama_70b,"gemini_flash,llama_70b",229,always_llama_70b,0.8235294117647058,0.019657743235294112,0.8235294117647058,0.09803921568627451,0.0,0.058823529411764705
2model_gemini_flash_llama_70b,"gemini_flash,llama_70b",229,random,0.8235294117647058,0.01973577107843137,0.8235294117647058,0.09803921568627451,0.0,0.5490196078431373
2model_gemini_flash_llama_70b,"gemini_flash,llama_70b",229,oracle,0.9215686274509803,0.00018043686274509804,0.9215686274509803,0.0,0.0,1.0
2model_gemini_flash_llama_70b,"gemini_flash,llama_70b",229,logistic_router,0.9215686274509803,0.019760164215686278,0.9215686274509803,0.0,0.0,0.803921568627451
2model_gemini_flash_llama_70b,"gemini_flash,llama_70b",229,linear_svm_router,0.9019607843137255,0.00016242911764705877,0.9019607843137255,0.0196078431372549,0.0,0.8431372549019608
2model_gemini_flash_llama_70b,"gemini_flash,llama_70b",229,knn_router,0.8823529411764706,0.00018221607843137253,0.8823529411764706,0.0392156862745098,0.0,0.9607843137254902
2model_gemini_flash_llama_70b,"gemini_flash,llama_70b",229,decision_tree_router,0.9215686274509803,0.00015368558823529414,0.9215686274509803,0.0,0.0,0.7647058823529411
2model_gemini_flash_llama_70b,"gemini_flash,llama_70b",229,random_forest_router,0.9215686274509803,0.00016314558823529406,0.9215686274509803,0.0,0.0,0.8627450980392157
2model_gemini_flash_llama_70b,"gemini_flash,llama_70b",229,extra_trees_router,0.9215686274509803,0.019754878921568634,0.9215686274509803,0.0,0.0,0.7647058823529411
2model_gemini_flash_llama_70b,"gemini_flash,llama_70b",229,tfidf_logistic_router,0.9215686274509803,0.00015990598039215684,0.9215686274509803,0.0,0.0,0.8431372549019608
2model_gemini_flash_llama_70b,"gemini_flash,llama_70b",229,tfidf_linear_svm_router,0.8627450980392157,0.0001735026470588235,0.8627450980392157,0.058823529411764705,0.0,0.8823529411764706
2model_gemini_flash_llama_70b,"gemini_flash,llama_70b",230,always_gemini_flash,0.8823529411764706,0.00017710784313725492,0.8823529411764706,0.058823529411764705,0.0,0.9411764705882353
2model_gemini_flash_llama_70b,"gemini_flash,llama_70b",230,always_llama_70b,0.8431372549019608,5.601811764705883e-05,0.8431372549019608,0.09803921568627451,0.0,0.058823529411764705
2model_gemini_flash_llama_70b,"gemini_flash,llama_70b",230,random,0.803921568627451,0.0001250143137254902,0.803921568627451,0.13725490196078433,0.0,0.49019607843137253
2model_gemini_flash_llama_70b,"gemini_flash,llama_70b",230,oracle,0.9411764705882353,0.00017216411764705883,0.9411764705882353,0.0,0.0,1.0
2model_gemini_flash_llama_70b,"gemini_flash,llama_70b",230,logistic_router,0.9215686274509803,0.00015618066666666665,0.9215686274509803,0.0196078431372549,0.0,0.803921568627451
2model_gemini_flash_llama_70b,"gemini_flash,llama_70b",230,linear_svm_router,0.9019607843137255,0.00015713635294117647,0.9019607843137255,0.0392156862745098,0.0,0.8235294117647058
2model_gemini_flash_llama_70b,"gemini_flash,llama_70b",230,knn_router,0.9019607843137255,0.00017473176470588232,0.9019607843137255,0.0392156862745098,0.0,0.9607843137254902
2model_gemini_flash_llama_70b,"gemini_flash,llama_70b",230,decision_tree_router,0.9215686274509803,0.000141178431372549,0.9215686274509803,0.0196078431372549,0.0,0.7450980392156863
2model_gemini_flash_llama_70b,"gemini_flash,llama_70b",230,random_forest_router,0.9215686274509803,0.00017135137254901958,0.9215686274509803,0.0196078431372549,0.0,0.9411764705882353
2model_gemini_flash_llama_70b,"gemini_flash,llama_70b",230,extra_trees_router,0.9215686274509803,0.00015293596078431375,0.9215686274509803,0.0196078431372549,0.0,0.7843137254901961
2model_gemini_flash_llama_70b,"gemini_flash,llama_70b",230,tfidf_logistic_router,0.9019607843137255,0.00016627411764705882,0.9019607843137255,0.0392156862745098,0.0,0.8627450980392157
2model_gemini_flash_llama_70b,"gemini_flash,llama_70b",230,tfidf_linear_svm_router,0.9019607843137255,0.0001733756862745098,0.9019607843137255,0.0392156862745098,0.0,0.9411764705882353
2model_gemini_flash_llama_70b,"gemini_flash,llama_70b",231,always_gemini_flash,0.8823529411764706,0.00021189803921568628,0.8823529411764706,0.058823529411764705,0.0,0.9411764705882353
2model_gemini_flash_llama_70b,"gemini_flash,llama_70b",231,always_llama_70b,0.9019607843137255,0.01966218745098039,0.9019607843137255,0.0392156862745098,0.0,0.058823529411764705
2model_gemini_flash_llama_70b,"gemini_flash,llama_70b",231,random,0.8627450980392157,0.019753125588235297,0.8627450980392157,0.0784313725490196,0.0,0.5294117647058824
2model_gemini_flash_llama_70b,"gemini_flash,llama_70b",231,oracle,0.9411764705882353,0.0002017090196078431,0.9411764705882353,0.0,0.0,1.0
2model_gemini_flash_llama_70b,"gemini_flash,llama_70b",231,logistic_router,0.9215686274509803,0.019791482745098038,0.9215686274509803,0.0196078431372549,0.0,0.8627450980392157
2model_gemini_flash_llama_70b,"gemini_flash,llama_70b",231,linear_svm_router,0.9019607843137255,0.00019763705882352937,0.9019607843137255,0.0392156862745098,0.0,0.9019607843137255
2model_gemini_flash_llama_70b,"gemini_flash,llama_70b",231,knn_router,0.9019607843137255,0.000206628431372549,0.9019607843137255,0.0392156862745098,0.0,0.9607843137254902
2model_gemini_flash_llama_70b,"gemini_flash,llama_70b",231,decision_tree_router,0.9215686274509803,0.00019279058823529405,0.9215686274509803,0.0196078431372549,0.0,0.8823529411764706
2model_gemini_flash_llama_70b,"gemini_flash,llama_70b",231,random_forest_router,0.9215686274509803,0.0001977505882352941,0.9215686274509803,0.0196078431372549,0.0,0.9411764705882353
2model_gemini_flash_llama_70b,"gemini_flash,llama_70b",231,extra_trees_router,0.9215686274509803,0.01978287019607843,0.9215686274509803,0.0196078431372549,0.0,0.803921568627451
2model_gemini_flash_llama_70b,"gemini_flash,llama_70b",231,tfidf_logistic_router,0.9215686274509803,0.00020021588235294113,0.9215686274509803,0.0196078431372549,0.0,0.9607843137254902
2model_gemini_flash_llama_70b,"gemini_flash,llama_70b",231,tfidf_linear_svm_router,0.9019607843137255,0.00020527235294117647,0.9019607843137255,0.0392156862745098,0.0,0.9411764705882353
2model_gemini_flash_llama_70b,"gemini_flash,llama_70b",232,always_gemini_flash,0.8627450980392157,0.00018412941176470594,0.8627450980392157,0.0392156862745098,0.0,0.9607843137254902
2model_gemini_flash_llama_70b,"gemini_flash,llama_70b",232,always_llama_70b,0.803921568627451,5.9688607843137255e-05,0.803921568627451,0.09803921568627451,0.0,0.0392156862745098
2model_gemini_flash_llama_70b,"gemini_flash,llama_70b",232,random,0.803921568627451,0.0001286858823529412,0.803921568627451,0.09803921568627451,0.0,0.47058823529411764
2model_gemini_flash_llama_70b,"gemini_flash,llama_70b",232,oracle,0.9019607843137255,0.00017699343137254908,0.9019607843137255,0.0,0.0,1.0
2model_gemini_flash_llama_70b,"gemini_flash,llama_70b",232,logistic_router,0.8823529411764706,0.00017596568627450984,0.8823529411764706,0.0196078431372549,0.0,0.9215686274509803
2model_gemini_flash_llama_70b,"gemini_flash,llama_70b",232,linear_svm_router,0.8823529411764706,0.0001755288235294118,0.8823529411764706,0.0196078431372549,0.0,0.9411764705882353
2model_gemini_flash_llama_70b,"gemini_flash,llama_70b",232,knn_router,0.8823529411764706,0.00017885980392156868,0.8823529411764706,0.0196078431372549,0.0,0.9803921568627451
2model_gemini_flash_llama_70b,"gemini_flash,llama_70b",232,decision_tree_router,0.8823529411764706,0.00016534303921568631,0.8823529411764706,0.0196078431372549,0.0,0.8431372549019608
2model_gemini_flash_llama_70b,"gemini_flash,llama_70b",232,random_forest_router,0.8823529411764706,0.00017678333333333337,0.8823529411764706,0.0196078431372549,0.0,0.9607843137254902
2model_gemini_flash_llama_70b,"gemini_flash,llama_70b",232,extra_trees_router,0.8823529411764706,0.00017596568627450984,0.8823529411764706,0.0196078431372549,0.0,0.9215686274509803
2model_gemini_flash_llama_70b,"gemini_flash,llama_70b",232,tfidf_logistic_router,0.8823529411764706,0.00017733117647058828,0.8823529411764706,0.0196078431372549,0.0,0.9411764705882353
2model_gemini_flash_llama_70b,"gemini_flash,llama_70b",232,tfidf_linear_svm_router,0.8627450980392157,0.00018412941176470594,0.8627450980392157,0.0392156862745098,0.0,0.9607843137254902
2model_gemini_flash_llama_70b,"gemini_flash,llama_70b",233,always_gemini_flash,0.8627450980392157,0.00018182352941176474,0.8627450980392157,0.0784313725490196,0.0,0.9215686274509803
2model_gemini_flash_llama_70b,"gemini_flash,llama_70b",233,always_llama_70b,0.8823529411764706,5.1382941176470584e-05,0.8823529411764706,0.058823529411764705,0.0,0.0784313725490196
2model_gemini_flash_llama_70b,"gemini_flash,llama_70b",233,random,0.8627450980392157,0.000120245,0.8627450980392157,0.0784313725490196,0.0,0.5686274509803921
2model_gemini_flash_llama_70b,"gemini_flash,llama_70b",233,oracle,0.9411764705882353,0.00016713382352941177,0.9411764705882353,0.0,0.0,1.0
2model_gemini_flash_llama_70b,"gemini_flash,llama_70b",233,logistic_router,0.8823529411764706,0.0001645286274509804,0.8823529411764706,0.058823529411764705,0.0,0.8431372549019608
2model_gemini_flash_llama_70b,"gemini_flash,llama_70b",233,linear_svm_router,0.8823529411764706,0.0001645286274509804,0.8823529411764706,0.058823529411764705,0.0,0.8431372549019608
2model_gemini_flash_llama_70b,"gemini_flash,llama_70b",233,knn_router,0.8823529411764706,0.00017655392156862746,0.8823529411764706,0.058823529411764705,0.0,0.9411764705882353
2model_gemini_flash_llama_70b,"gemini_flash,llama_70b",233,decision_tree_router,0.9019607843137255,0.00015339088235294117,0.9019607843137255,0.0392156862745098,0.0,0.7450980392156863
2model_gemini_flash_llama_70b,"gemini_flash,llama_70b",233,random_forest_router,0.8823529411764706,0.000172341568627451,0.8823529411764706,0.058823529411764705,0.0,0.9019607843137255
2model_gemini_flash_llama_70b,"gemini_flash,llama_70b",233,extra_trees_router,0.8823529411764706,0.0001645286274509804,0.8823529411764706,0.058823529411764705,0.0,0.8431372549019608
2model_gemini_flash_llama_70b,"gemini_flash,llama_70b",233,tfidf_logistic_router,0.8823529411764706,0.00017037607843137253,0.8823529411764706,0.058823529411764705,0.0,0.8823529411764706
2model_gemini_flash_llama_70b,"gemini_flash,llama_70b",233,tfidf_linear_svm_router,0.8627450980392157,0.00018182352941176474,0.8627450980392157,0.0784313725490196,0.0,0.9215686274509803
2model_gemini_flash_deepseek_v3,"gemini_flash,deepseek_v3",229,always_gemini_flash,0.8627450980392157,0.00018459215686274512,0.8627450980392157,0.0784313725490196,0.0,0.9215686274509803
2model_gemini_flash_deepseek_v3,"gemini_flash,deepseek_v3",229,always_deepseek_v3,0.8627450980392157,7.586537254901961e-05,0.8627450980392157,0.0784313725490196,0.0,0.0784313725490196
2model_gemini_flash_deepseek_v3,"gemini_flash,deepseek_v3",229,random,0.8431372549019608,0.00013743145098039217,0.8431372549019608,0.09803921568627451,0.0,0.5686274509803921
2model_gemini_flash_deepseek_v3,"gemini_flash,deepseek_v3",229,oracle,0.9411764705882353,0.0001786986274509804,0.9411764705882353,0.0,0.0,1.0
2model_gemini_flash_deepseek_v3,"gemini_flash,deepseek_v3",229,logistic_router,0.8627450980392157,0.00016355913725490194,0.8627450980392157,0.0784313725490196,0.0,0.7843137254901961
2model_gemini_flash_deepseek_v3,"gemini_flash,deepseek_v3",229,linear_svm_router,0.8823529411764706,0.00017394498039215685,0.8823529411764706,0.058823529411764705,0.0,0.8627450980392157
2model_gemini_flash_deepseek_v3,"gemini_flash,deepseek_v3",229,knn_router,0.8823529411764706,0.00018405098039215684,0.8823529411764706,0.058823529411764705,0.0,0.9411764705882353
2model_gemini_flash_deepseek_v3,"gemini_flash,deepseek_v3",229,decision_tree_router,0.8627450980392157,0.0001666053333333333,0.8627450980392157,0.0784313725490196,0.0,0.7647058823529411
2model_gemini_flash_deepseek_v3,"gemini_flash,deepseek_v3",229,random_forest_router,0.8627450980392157,0.00018040431372549014,0.8627450980392157,0.0784313725490196,0.0,0.8823529411764706
2model_gemini_flash_deepseek_v3,"gemini_flash,deepseek_v3",229,extra_trees_router,0.8431372549019608,0.00015342054901960786,0.8431372549019608,0.09803921568627451,0.0,0.6470588235294118
2model_gemini_flash_deepseek_v3,"gemini_flash,deepseek_v3",229,tfidf_logistic_router,0.8235294117647058,0.00017031050980392156,0.8235294117647058,0.11764705882352941,0.0,0.7843137254901961
2model_gemini_flash_deepseek_v3,"gemini_flash,deepseek_v3",229,tfidf_linear_svm_router,0.8431372549019608,0.000177536,0.8431372549019608,0.09803921568627451,0.0,0.8627450980392157
2model_gemini_flash_deepseek_v3,"gemini_flash,deepseek_v3",230,always_gemini_flash,0.8823529411764706,0.00017710784313725492,0.8823529411764706,0.0784313725490196,0.0,0.9215686274509803
2model_gemini_flash_deepseek_v3,"gemini_flash,deepseek_v3",230,always_deepseek_v3,0.9019607843137255,6.701905882352941e-05,0.9019607843137255,0.058823529411764705,0.0,0.0784313725490196
2model_gemini_flash_deepseek_v3,"gemini_flash,deepseek_v3",230,random,0.8823529411764706,0.00013290541176470588,0.8823529411764706,0.0784313725490196,0.0,0.5098039215686274
2model_gemini_flash_deepseek_v3,"gemini_flash,deepseek_v3",230,oracle,0.9607843137254902,0.00016652705882352943,0.9607843137254902,0.0,0.0,1.0
2model_gemini_flash_deepseek_v3,"gemini_flash,deepseek_v3",230,logistic_router,0.9411764705882353,0.00015189054901960784,0.9411764705882353,0.0196078431372549,0.0,0.803921568627451
2model_gemini_flash_deepseek_v3,"gemini_flash,deepseek_v3",230,linear_svm_router,0.9215686274509803,0.00015463109803921568,0.9215686274509803,0.0392156862745098,0.0,0.7450980392156863
2model_gemini_flash_deepseek_v3,"gemini_flash,deepseek_v3",230,knn_router,0.9019607843137255,0.00017656666666666666,0.9019607843137255,0.058823529411764705,0.0,0.9411764705882353
2model_gemini_flash_deepseek_v3,"gemini_flash,deepseek_v3",230,decision_tree_router,0.9215686274509803,0.0001361991764705882,0.9215686274509803,0.0392156862745098,0.0,0.6862745098039216
2model_gemini_flash_deepseek_v3,"gemini_flash,deepseek_v3",230,random_forest_router,0.9215686274509803,0.00017330517647058823,0.9215686274509803,0.0392156862745098,0.0,0.9411764705882353
2model_gemini_flash_deepseek_v3,"gemini_flash,deepseek_v3",230,extra_trees_router,0.9411764705882353,0.00014589709803921572,0.9411764705882353,0.0196078431372549,0.0,0.7058823529411765
2model_gemini_flash_deepseek_v3,"gemini_flash,deepseek_v3",230,tfidf_logistic_router,0.9019607843137255,0.00016743556862745096,0.9019607843137255,0.058823529411764705,0.0,0.8823529411764706
2model_gemini_flash_deepseek_v3,"gemini_flash,deepseek_v3",230,tfidf_linear_svm_router,0.8823529411764706,0.00017151137254901958,0.8823529411764706,0.0784313725490196,0.0,0.9019607843137255
2model_gemini_flash_deepseek_v3,"gemini_flash,deepseek_v3",231,always_gemini_flash,0.8823529411764706,0.00021189803921568628,0.8823529411764706,0.0392156862745098,0.0,0.9607843137254902
2model_gemini_flash_deepseek_v3,"gemini_flash,deepseek_v3",231,always_deepseek_v3,0.8627450980392157,7.632623529411765e-05,0.8627450980392157,0.058823529411764705,0.0,0.0392156862745098
2model_gemini_flash_deepseek_v3,"gemini_flash,deepseek_v3",231,random,0.8627450980392157,0.00015615792156862746,0.8627450980392157,0.058823529411764705,0.0,0.5490196078431373
2model_gemini_flash_deepseek_v3,"gemini_flash,deepseek_v3",231,oracle,0.9215686274509803,0.0002047392156862745,0.9215686274509803,0.0,0.0,1.0
2model_gemini_flash_deepseek_v3,"gemini_flash,deepseek_v3",231,logistic_router,0.8823529411764706,0.00018975647058823525,0.8823529411764706,0.0392156862745098,0.0,0.8823529411764706
2model_gemini_flash_deepseek_v3,"gemini_flash,deepseek_v3",231,linear_svm_router,0.8823529411764706,0.00019219294117647057,0.8823529411764706,0.0392156862745098,0.0,0.8823529411764706
2model_gemini_flash_deepseek_v3,"gemini_flash,deepseek_v3",231,knn_router,0.9019607843137255,0.0002050062745098039,0.9019607843137255,0.0196078431372549,0.0,0.9803921568627451
2model_gemini_flash_deepseek_v3,"gemini_flash,deepseek_v3",231,decision_tree_router,0.9019607843137255,0.000184566862745098,0.9019607843137255,0.0196078431372549,0.0,0.8235294117647058
2model_gemini_flash_deepseek_v3,"gemini_flash,deepseek_v3",231,random_forest_router,0.8627450980392157,0.00020841647058823527,0.8627450980392157,0.058823529411764705,0.0,0.9215686274509803
2model_gemini_flash_deepseek_v3,"gemini_flash,deepseek_v3",231,extra_trees_router,0.8823529411764706,0.00018404047058823524,0.8823529411764706,0.0392156862745098,0.0,0.8431372549019608
2model_gemini_flash_deepseek_v3,"gemini_flash,deepseek_v3",231,tfidf_logistic_router,0.8627450980392157,0.00019664823529411764,0.8627450980392157,0.058823529411764705,0.0,0.8627450980392157
2model_gemini_flash_deepseek_v3,"gemini_flash,deepseek_v3",231,tfidf_linear_svm_router,0.8627450980392157,0.0002030227450980392,0.8627450980392157,0.058823529411764705,0.0,0.9019607843137255
2model_gemini_flash_deepseek_v3,"gemini_flash,deepseek_v3",232,always_gemini_flash,0.8627450980392157,0.00018412941176470594,0.8627450980392157,0.0392156862745098,0.0,0.9607843137254902
2model_gemini_flash_deepseek_v3,"gemini_flash,deepseek_v3",232,always_deepseek_v3,0.8431372549019608,6.874066666666666e-05,0.8431372549019608,0.058823529411764705,0.0,0.0392156862745098
2model_gemini_flash_deepseek_v3,"gemini_flash,deepseek_v3",232,random,0.8235294117647058,0.00012954196078431373,0.8235294117647058,0.0784313725490196,0.0,0.47058823529411764
2model_gemini_flash_deepseek_v3,"gemini_flash,deepseek_v3",232,oracle,0.9019607843137255,0.000175681568627451,0.9019607843137255,0.0,0.0,1.0
2model_gemini_flash_deepseek_v3,"gemini_flash,deepseek_v3",232,logistic_router,0.8823529411764706,0.0001628441960784314,0.8823529411764706,0.0196078431372549,0.0,0.803921568627451
2model_gemini_flash_deepseek_v3,"gemini_flash,deepseek_v3",232,linear_svm_router,0.8823529411764706,0.00016946223529411766,0.8823529411764706,0.0196078431372549,0.0,0.9215686274509803
2model_gemini_flash_deepseek_v3,"gemini_flash,deepseek_v3",232,knn_router,0.8823529411764706,0.00017723764705882355,0.8823529411764706,0.0196078431372549,0.0,0.9803921568627451
2model_gemini_flash_deepseek_v3,"gemini_flash,deepseek_v3",232,decision_tree_router,0.8627450980392157,0.00016957117647058823,0.8627450980392157,0.0392156862745098,0.0,0.9019607843137255
2model_gemini_flash_deepseek_v3,"gemini_flash,deepseek_v3",232,random_forest_router,0.8627450980392157,0.00017095572549019608,0.8627450980392157,0.0392156862745098,0.0,0.9215686274509803
2model_gemini_flash_deepseek_v3,"gemini_flash,deepseek_v3",232,extra_trees_router,0.8627450980392157,0.00016911145098039216,0.8627450980392157,0.0392156862745098,0.0,0.8627450980392157
2model_gemini_flash_deepseek_v3,"gemini_flash,deepseek_v3",232,tfidf_logistic_router,0.8627450980392157,0.00017542631372549023,0.8627450980392157,0.0392156862745098,0.0,0.8627450980392157
2model_gemini_flash_deepseek_v3,"gemini_flash,deepseek_v3",232,tfidf_linear_svm_router,0.8431372549019608,0.00018315352941176478,0.8431372549019608,0.058823529411764705,0.0,0.9215686274509803
2model_gemini_flash_deepseek_v3,"gemini_flash,deepseek_v3",233,always_gemini_flash,0.8627450980392157,0.00018182352941176474,0.8627450980392157,0.0784313725490196,0.0,0.9215686274509803
2model_gemini_flash_deepseek_v3,"gemini_flash,deepseek_v3",233,always_deepseek_v3,0.8823529411764706,6.603835294117647e-05,0.8823529411764706,0.058823529411764705,0.0,0.0784313725490196
2model_gemini_flash_deepseek_v3,"gemini_flash,deepseek_v3",233,random,0.8823529411764706,0.00012528898039215687,0.8823529411764706,0.058823529411764705,0.0,0.5686274509803921
2model_gemini_flash_deepseek_v3,"gemini_flash,deepseek_v3",233,oracle,0.9411764705882353,0.00016558623529411767,0.9411764705882353,0.0,0.0,1.0
2model_gemini_flash_deepseek_v3,"gemini_flash,deepseek_v3",233,logistic_router,0.9019607843137255,0.0001483715294117647,0.9019607843137255,0.0392156862745098,0.0,0.7647058823529411
2model_gemini_flash_deepseek_v3,"gemini_flash,deepseek_v3",233,linear_svm_router,0.9019607843137255,0.0001545452549019608,0.9019607843137255,0.0392156862745098,0.0,0.8235294117647058
2model_gemini_flash_deepseek_v3,"gemini_flash,deepseek_v3",233,knn_router,0.8823529411764706,0.00017493176470588235,0.8823529411764706,0.058823529411764705,0.0,0.9411764705882353
2model_gemini_flash_deepseek_v3,"gemini_flash,deepseek_v3",233,decision_tree_router,0.9019607843137255,0.00016379149019607846,0.9019607843137255,0.0392156862745098,0.0,0.8627450980392157
2model_gemini_flash_deepseek_v3,"gemini_flash,deepseek_v3",233,random_forest_router,0.8823529411764706,0.00017214156862745096,0.8823529411764706,0.058823529411764705,0.0,0.8823529411764706
2model_gemini_flash_deepseek_v3,"gemini_flash,deepseek_v3",233,extra_trees_router,0.8823529411764706,0.0001655034117647059,0.8823529411764706,0.058823529411764705,0.0,0.803921568627451
2model_gemini_flash_deepseek_v3,"gemini_flash,deepseek_v3",233,tfidf_logistic_router,0.8823529411764706,0.00016417776470588235,0.8823529411764706,0.058823529411764705,0.0,0.8235294117647058
2model_gemini_flash_deepseek_v3,"gemini_flash,deepseek_v3",233,tfidf_linear_svm_router,0.8823529411764706,0.0001734973725490196,0.8823529411764706,0.058823529411764705,0.0,0.8823529411764706
2model_gemini_flash_granite_8b,"gemini_flash,granite_8b",229,always_gemini_flash,0.8627450980392157,0.00018459215686274512,0.8627450980392157,0.058823529411764705,0.0,0.9411764705882353
2model_gemini_flash_granite_8b,"gemini_flash,granite_8b",229,always_granite_8b,0.8431372549019608,1.5948039215686275e-05,0.8431372549019608,0.0784313725490196,0.0,0.058823529411764705
2model_gemini_flash_granite_8b,"gemini_flash,granite_8b",229,random,0.8431372549019608,0.00011445392156862744,0.8431372549019608,0.0784313725490196,0.0,0.5882352941176471
2model_gemini_flash_granite_8b,"gemini_flash,granite_8b",229,oracle,0.9215686274509803,0.00017432745098039216,0.9215686274509803,0.0,0.0,1.0
2model_gemini_flash_granite_8b,"gemini_flash,granite_8b",229,logistic_router,0.8627450980392157,0.00015634705882352942,0.8627450980392157,0.058823529411764705,0.0,0.803921568627451
2model_gemini_flash_granite_8b,"gemini_flash,granite_8b",229,linear_svm_router,0.8431372549019608,0.0001625078431372549,0.8431372549019608,0.0784313725490196,0.0,0.8235294117647058
2model_gemini_flash_granite_8b,"gemini_flash,granite_8b",229,knn_router,0.8627450980392157,0.00018459215686274512,0.8627450980392157,0.058823529411764705,0.0,0.9411764705882353
2model_gemini_flash_granite_8b,"gemini_flash,granite_8b",229,decision_tree_router,0.8627450980392157,0.0001678843137254902,0.8627450980392157,0.058823529411764705,0.0,0.8431372549019608
2model_gemini_flash_granite_8b,"gemini_flash,granite_8b",229,random_forest_router,0.8627450980392157,0.00017769313725490198,0.8627450980392157,0.058823529411764705,0.0,0.9019607843137255
2model_gemini_flash_granite_8b,"gemini_flash,granite_8b",229,extra_trees_router,0.8627450980392157,0.00016267156862745098,0.8627450980392157,0.058823529411764705,0.0,0.8431372549019608
2model_gemini_flash_granite_8b,"gemini_flash,granite_8b",229,tfidf_logistic_router,0.8823529411764706,0.00016185686274509804,0.8823529411764706,0.0392156862745098,0.0,0.8627450980392157
2model_gemini_flash_granite_8b,"gemini_flash,granite_8b",229,tfidf_linear_svm_router,0.8627450980392157,0.00017687549019607842,0.8627450980392157,0.058823529411764705,0.0,0.9019607843137255
2model_gemini_flash_granite_8b,"gemini_flash,granite_8b",230,always_gemini_flash,0.8823529411764706,0.00017710784313725492,0.8823529411764706,0.0392156862745098,0.0,0.9607843137254902
2model_gemini_flash_granite_8b,"gemini_flash,granite_8b",230,always_granite_8b,0.8431372549019608,1.511078431372549e-05,0.8431372549019608,0.0784313725490196,0.0,0.0392156862745098
2model_gemini_flash_granite_8b,"gemini_flash,granite_8b",230,random,0.8627450980392157,0.00011133235294117646,0.8627450980392157,0.058823529411764705,0.0,0.5490196078431373
2model_gemini_flash_granite_8b,"gemini_flash,granite_8b",230,oracle,0.9215686274509803,0.00016689117647058824,0.9215686274509803,0.0,0.0,1.0
2model_gemini_flash_granite_8b,"gemini_flash,granite_8b",230,logistic_router,0.8823529411764706,0.00017710784313725492,0.8823529411764706,0.0392156862745098,0.0,0.9607843137254902
2model_gemini_flash_granite_8b,"gemini_flash,granite_8b",230,linear_svm_router,0.8823529411764706,0.00017710784313725492,0.8823529411764706,0.0392156862745098,0.0,0.9607843137254902
2model_gemini_flash_granite_8b,"gemini_flash,granite_8b",230,knn_router,0.8823529411764706,0.00017710784313725492,0.8823529411764706,0.0392156862745098,0.0,0.9607843137254902
2model_gemini_flash_granite_8b,"gemini_flash,granite_8b",230,decision_tree_router,0.8823529411764706,0.00016712647058823526,0.8823529411764706,0.0392156862745098,0.0,0.8823529411764706
2model_gemini_flash_granite_8b,"gemini_flash,granite_8b",230,random_forest_router,0.8823529411764706,0.00017710784313725492,0.8823529411764706,0.0392156862745098,0.0,0.9607843137254902
2model_gemini_flash_granite_8b,"gemini_flash,granite_8b",230,extra_trees_router,0.8823529411764706,0.00017710784313725492,0.8823529411764706,0.0392156862745098,0.0,0.9607843137254902
2model_gemini_flash_granite_8b,"gemini_flash,granite_8b",230,tfidf_logistic_router,0.8823529411764706,0.00017710784313725492,0.8823529411764706,0.0392156862745098,0.0,0.9607843137254902
2model_gemini_flash_granite_8b,"gemini_flash,granite_8b",230,tfidf_linear_svm_router,0.8823529411764706,0.00017710784313725492,0.8823529411764706,0.0392156862745098,0.0,0.9607843137254902
2model_gemini_flash_granite_8b,"gemini_flash,granite_8b",231,always_gemini_flash,0.8823529411764706,0.00021189803921568628,0.8823529411764706,0.0196078431372549,0.0,0.9803921568627451
2model_gemini_flash_granite_8b,"gemini_flash,granite_8b",231,always_granite_8b,0.8431372549019608,1.662843137254902e-05,0.8431372549019608,0.058823529411764705,0.0,0.0196078431372549
2model_gemini_flash_granite_8b,"gemini_flash,granite_8b",231,random,0.8823529411764706,0.0001281343137254902,0.8823529411764706,0.0196078431372549,0.0,0.5686274509803921
2model_gemini_flash_granite_8b,"gemini_flash,granite_8b",231,oracle,0.9019607843137255,0.00020913823529411762,0.9019607843137255,0.0,0.0,1.0
2model_gemini_flash_granite_8b,"gemini_flash,granite_8b",231,logistic_router,0.8823529411764706,0.00020011470588235288,0.8823529411764706,0.0196078431372549,0.0,0.9215686274509803
2model_gemini_flash_granite_8b,"gemini_flash,granite_8b",231,linear_svm_router,0.8823529411764706,0.00020659803921568626,0.8823529411764706,0.0196078431372549,0.0,0.9411764705882353
2model_gemini_flash_granite_8b,"gemini_flash,granite_8b",231,knn_router,0.8823529411764706,0.00021189803921568628,0.8823529411764706,0.0196078431372549,0.0,0.9803921568627451
2model_gemini_flash_granite_8b,"gemini_flash,granite_8b",231,decision_tree_router,0.9019607843137255,0.00019427254901960782,0.9019607843137255,0.0,0.0,0.9215686274509803
2model_gemini_flash_granite_8b,"gemini_flash,granite_8b",231,random_forest_router,0.8823529411764706,0.00020694019607843137,0.8823529411764706,0.0196078431372549,0.0,0.9607843137254902
2model_gemini_flash_granite_8b,"gemini_flash,granite_8b",231,extra_trees_router,0.8823529411764706,0.00020694019607843137,0.8823529411764706,0.0196078431372549,0.0,0.9607843137254902
2model_gemini_flash_granite_8b,"gemini_flash,granite_8b",231,tfidf_logistic_router,0.8823529411764706,0.00020011470588235288,0.8823529411764706,0.0196078431372549,0.0,0.9215686274509803
2model_gemini_flash_granite_8b,"gemini_flash,granite_8b",231,tfidf_linear_svm_router,0.8823529411764706,0.00021189803921568628,0.8823529411764706,0.0196078431372549,0.0,0.9803921568627451
2model_gemini_flash_granite_8b,"gemini_flash,granite_8b",232,always_gemini_flash,0.8627450980392157,0.00018412941176470594,0.8627450980392157,0.0,0.0,
2model_gemini_flash_granite_8b,"gemini_flash,granite_8b",232,always_granite_8b,0.7647058823529411,1.5119607843137256e-05,0.7647058823529411,0.09803921568627451,0.0,
2model_gemini_flash_granite_8b,"gemini_flash,granite_8b",232,random,0.7843137254901961,0.00010399117647058822,0.7843137254901961,0.0784313725490196,0.0,
2model_gemini_flash_granite_8b,"gemini_flash,granite_8b",232,oracle,0.8627450980392157,0.00018412941176470594,0.8627450980392157,0.0,0.0,
2model_gemini_flash_granite_8b,"gemini_flash,granite_8b",232,logistic_router,0.8627450980392157,0.0001683205882352941,0.8627450980392157,0.0,0.0,
2model_gemini_flash_granite_8b,"gemini_flash,granite_8b",232,linear_svm_router,0.8627450980392157,0.0001753460784313726,0.8627450980392157,0.0,0.0,
2model_gemini_flash_granite_8b,"gemini_flash,granite_8b",232,knn_router,0.8627450980392157,0.00018412941176470594,0.8627450980392157,0.0,0.0,
2model_gemini_flash_granite_8b,"gemini_flash,granite_8b",232,decision_tree_router,0.8627450980392157,0.00016462352941176475,0.8627450980392157,0.0,0.0,
2model_gemini_flash_granite_8b,"gemini_flash,granite_8b",232,random_forest_router,0.8627450980392157,0.00018412941176470594,0.8627450980392157,0.0,0.0,
2model_gemini_flash_granite_8b,"gemini_flash,granite_8b",232,extra_trees_router,0.8627450980392157,0.0001747039215686275,0.8627450980392157,0.0,0.0,
2model_gemini_flash_granite_8b,"gemini_flash,granite_8b",232,tfidf_logistic_router,0.8627450980392157,0.00017222058823529413,0.8627450980392157,0.0,0.0,
2model_gemini_flash_granite_8b,"gemini_flash,granite_8b",232,tfidf_linear_svm_router,0.8627450980392157,0.00018412941176470594,0.8627450980392157,0.0,0.0,
2model_gemini_flash_granite_8b,"gemini_flash,granite_8b",233,always_gemini_flash,0.8627450980392157,0.00018182352941176474,0.8627450980392157,0.0196078431372549,0.0,0.9803921568627451
2model_gemini_flash_granite_8b,"gemini_flash,granite_8b",233,always_granite_8b,0.7647058823529411,1.5750000000000003e-05,0.7647058823529411,0.11764705882352941,0.0,0.0196078431372549
2model_gemini_flash_granite_8b,"gemini_flash,granite_8b",233,random,0.803921568627451,0.00010176666666666666,0.803921568627451,0.0784313725490196,0.0,0.5490196078431373
2model_gemini_flash_granite_8b,"gemini_flash,granite_8b",233,oracle,0.8823529411764706,0.0001764823529411765,0.8823529411764706,0.0,0.0,1.0
2model_gemini_flash_granite_8b,"gemini_flash,granite_8b",233,logistic_router,0.8627450980392157,0.00016642745098039216,0.8627450980392157,0.0196078431372549,0.0,0.8823529411764706
2model_gemini_flash_granite_8b,"gemini_flash,granite_8b",233,linear_svm_router,0.8627450980392157,0.0001625264705882353,0.8627450980392157,0.0196078431372549,0.0,0.8627450980392157
2model_gemini_flash_granite_8b,"gemini_flash,granite_8b",233,knn_router,0.8627450980392157,0.00018182352941176474,0.8627450980392157,0.0196078431372549,0.0,0.9803921568627451
2model_gemini_flash_granite_8b,"gemini_flash,granite_8b",233,decision_tree_router,0.8627450980392157,0.0001625107843137255,0.8627450980392157,0.0196078431372549,0.0,0.8235294117647058
2model_gemini_flash_granite_8b,"gemini_flash,granite_8b",233,random_forest_router,0.8627450980392157,0.00017891078431372552,0.8627450980392157,0.0196078431372549,0.0,0.9607843137254902
2model_gemini_flash_granite_8b,"gemini_flash,granite_8b",233,extra_trees_router,0.8627450980392157,0.00016348431372549023,0.8627450980392157,0.0196078431372549,0.0,0.8431372549019608
2model_gemini_flash_granite_8b,"gemini_flash,granite_8b",233,tfidf_logistic_router,0.8627450980392157,0.00016642745098039216,0.8627450980392157,0.0196078431372549,0.0,0.8823529411764706
2model_gemini_flash_granite_8b,"gemini_flash,granite_8b",233,tfidf_linear_svm_router,0.8627450980392157,0.0001752901960784314,0.8627450980392157,0.0196078431372549,0.0,0.9607843137254902
2model_qwen_30b_llama_70b,"qwen_30b,llama_70b",229,always_qwen_30b,0.8627450980392157,2.4920705882352944e-05,0.8627450980392157,0.0196078431372549,0.0,0.9803921568627451
2model_qwen_30b_llama_70b,"qwen_30b,llama_70b",229,always_llama_70b,0.8235294117647058,0.019657743235294112,0.8235294117647058,0.058823529411764705,0.0,0.0196078431372549
2model_qwen_30b_llama_70b,"qwen_30b,llama_70b",229,random,0.8627450980392157,0.019642938521568624,0.8627450980392157,0.0196078431372549,0.0,0.5882352941176471
2model_qwen_30b_llama_70b,"qwen_30b,llama_70b",229,oracle,0.8823529411764706,2.472501960784314e-05,0.8823529411764706,0.0,0.0,1.0
2model_qwen_30b_llama_70b,"qwen_30b,llama_70b",229,logistic_router,0.8627450980392157,2.5987588235294117e-05,0.8627450980392157,0.0196078431372549,0.0,0.9411764705882353
2model_qwen_30b_llama_70b,"qwen_30b,llama_70b",229,linear_svm_router,0.8627450980392157,2.5987588235294117e-05,0.8627450980392157,0.0196078431372549,0.0,0.9411764705882353
2model_qwen_30b_llama_70b,"qwen_30b,llama_70b",229,knn_router,0.8627450980392157,2.4920705882352944e-05,0.8627450980392157,0.0196078431372549,0.0,0.9803921568627451
2model_qwen_30b_llama_70b,"qwen_30b,llama_70b",229,decision_tree_router,0.8823529411764706,2.830184705882353e-05,0.8823529411764706,0.0,0.0,0.8235294117647058
2model_qwen_30b_llama_70b,"qwen_30b,llama_70b",229,random_forest_router,0.8627450980392157,2.4920705882352944e-05,0.8627450980392157,0.0196078431372549,0.0,0.9803921568627451
2model_qwen_30b_llama_70b,"qwen_30b,llama_70b",229,extra_trees_router,0.8627450980392157,2.5052078431372552e-05,0.8627450980392157,0.0196078431372549,0.0,0.9607843137254902
2model_qwen_30b_llama_70b,"qwen_30b,llama_70b",229,tfidf_logistic_router,0.8627450980392157,2.5987588235294117e-05,0.8627450980392157,0.0196078431372549,0.0,0.9411764705882353
2model_qwen_30b_llama_70b,"qwen_30b,llama_70b",229,tfidf_linear_svm_router,0.8627450980392157,2.4920705882352944e-05,0.8627450980392157,0.0196078431372549,0.0,0.9803921568627451
2model_qwen_30b_llama_70b,"qwen_30b,llama_70b",230,always_qwen_30b,0.9019607843137255,2.362894117647059e-05,0.9019607843137255,0.0392156862745098,0.0,0.9607843137254902
2model_qwen_30b_llama_70b,"qwen_30b,llama_70b",230,always_llama_70b,0.8431372549019608,5.601811764705883e-05,0.8431372549019608,0.09803921568627451,0.0,0.0392156862745098
2model_qwen_30b_llama_70b,"qwen_30b,llama_70b",230,random,0.8235294117647058,3.244270588235294e-05,0.8235294117647058,0.11764705882352941,0.0,0.5098039215686274
2model_qwen_30b_llama_70b,"qwen_30b,llama_70b",230,oracle,0.9411764705882353,2.4570462745098035e-05,0.9411764705882353,0.0,0.0,1.0
2model_qwen_30b_llama_70b,"qwen_30b,llama_70b",230,logistic_router,0.9019607843137255,2.4275301960784316e-05,0.9019607843137255,0.0392156862745098,0.0,0.9411764705882353
2model_qwen_30b_llama_70b,"qwen_30b,llama_70b",230,linear_svm_router,0.9019607843137255,2.4275301960784316e-05,0.9019607843137255,0.0392156862745098,0.0,0.9411764705882353
2model_qwen_30b_llama_70b,"qwen_30b,llama_70b",230,knn_router,0.9019607843137255,2.362894117647059e-05,0.9019607843137255,0.0392156862745098,0.0,0.9607843137254902
2model_qwen_30b_llama_70b,"qwen_30b,llama_70b",230,decision_tree_router,0.9019607843137255,2.626068235294118e-05,0.9019607843137255,0.0392156862745098,0.0,0.803921568627451
2model_qwen_30b_llama_70b,"qwen_30b,llama_70b",230,random_forest_router,0.9019607843137255,2.362894117647059e-05,0.9019607843137255,0.0392156862745098,0.0,0.9607843137254902
2model_qwen_30b_llama_70b,"qwen_30b,llama_70b",230,extra_trees_router,0.9019607843137255,2.4275301960784316e-05,0.9019607843137255,0.0392156862745098,0.0,0.9411764705882353
2model_qwen_30b_llama_70b,"qwen_30b,llama_70b",230,tfidf_logistic_router,0.9019607843137255,2.4275301960784316e-05,0.9019607843137255,0.0392156862745098,0.0,0.9411764705882353
2model_qwen_30b_llama_70b,"qwen_30b,llama_70b",230,tfidf_linear_svm_router,0.9019607843137255,2.362894117647059e-05,0.9019607843137255,0.0392156862745098,0.0,0.9607843137254902
2model_qwen_30b_llama_70b,"qwen_30b,llama_70b",231,always_qwen_30b,0.9019607843137255,2.4771207843137253e-05,0.9019607843137255,0.0196078431372549,0.0,0.9803921568627451
2model_qwen_30b_llama_70b,"qwen_30b,llama_70b",231,always_llama_70b,0.9019607843137255,0.01966218745098039,0.9019607843137255,0.0196078431372549,0.0,0.0196078431372549
2model_qwen_30b_llama_70b,"qwen_30b,llama_70b",231,random,0.8823529411764706,0.019645662482352944,0.8823529411764706,0.0392156862745098,0.0,0.5294117647058824
2model_qwen_30b_llama_70b,"qwen_30b,llama_70b",231,oracle,0.9215686274509803,2.5908415686274512e-05,0.9215686274509803,0.0,0.0,1.0
2model_qwen_30b_llama_70b,"qwen_30b,llama_70b",231,logistic_router,0.9019607843137255,2.989459215686274e-05,0.9019607843137255,0.0196078431372549,0.0,0.8627450980392157
2model_qwen_30b_llama_70b,"qwen_30b,llama_70b",231,linear_svm_router,0.8823529411764706,2.8625309803921572e-05,0.8823529411764706,0.0392156862745098,0.0,0.8627450980392157
2model_qwen_30b_llama_70b,"qwen_30b,llama_70b",231,knn_router,0.9019607843137255,2.748979607843137e-05,0.9019607843137255,0.0196078431372549,0.0,0.9607843137254902
2model_qwen_30b_llama_70b,"qwen_30b,llama_70b",231,decision_tree_router,0.9019607843137255,2.8308188235294113e-05,0.9019607843137255,0.0196078431372549,0.0,0.9215686274509803
2model_qwen_30b_llama_70b,"qwen_30b,llama_70b",231,random_forest_router,0.9019607843137255,2.748979607843137e-05,0.9019607843137255,0.0196078431372549,0.0,0.9607843137254902
2model_qwen_30b_llama_70b,"qwen_30b,llama_70b",231,extra_trees_router,0.9019607843137255,2.8595764705882353e-05,0.9019607843137255,0.0196078431372549,0.0,0.9019607843137255
2model_qwen_30b_llama_70b,"qwen_30b,llama_70b",231,tfidf_logistic_router,0.9019607843137255,2.64550431372549e-05,0.9019607843137255,0.0196078431372549,0.0,0.9019607843137255
2model_qwen_30b_llama_70b,"qwen_30b,llama_70b",231,tfidf_linear_svm_router,0.9019607843137255,2.554894117647059e-05,0.9019607843137255,0.0196078431372549,0.0,0.9411764705882353
2model_qwen_30b_llama_70b,"qwen_30b,llama_70b",232,always_qwen_30b,0.8431372549019608,2.445814117647059e-05,0.8431372549019608,0.0196078431372549,0.0,0.9803921568627451
2model_qwen_30b_llama_70b,"qwen_30b,llama_70b",232,always_llama_70b,0.803921568627451,5.9688607843137255e-05,0.803921568627451,0.058823529411764705,0.0,0.0196078431372549
2model_qwen_30b_llama_70b,"qwen_30b,llama_70b",232,random,0.8431372549019608,4.4326588235294115e-05,0.8431372549019608,0.0196078431372549,0.0,0.5294117647058824
2model_qwen_30b_llama_70b,"qwen_30b,llama_70b",232,oracle,0.8627450980392157,2.471698823529412e-05,0.8627450980392157,0.0,0.0,1.0
2model_qwen_30b_llama_70b,"qwen_30b,llama_70b",232,logistic_router,0.8235294117647058,3.08986431372549e-05,0.8235294117647058,0.0392156862745098,0.0,0.8823529411764706
2model_qwen_30b_llama_70b,"qwen_30b,llama_70b",232,linear_svm_router,0.8235294117647058,2.6992415686274507e-05,0.8235294117647058,0.0392156862745098,0.0,0.9411764705882353
2model_qwen_30b_llama_70b,"qwen_30b,llama_70b",232,knn_router,0.8431372549019608,2.7176729411764708e-05,0.8431372549019608,0.0196078431372549,0.0,0.9607843137254902
2model_qwen_30b_llama_70b,"qwen_30b,llama_70b",232,decision_tree_router,0.8431372549019608,3.456121960784314e-05,0.8431372549019608,0.0196078431372549,0.0,0.7843137254901961
2model_qwen_30b_llama_70b,"qwen_30b,llama_70b",232,random_forest_router,0.8431372549019608,2.445814117647059e-05,0.8431372549019608,0.0196078431372549,0.0,0.9803921568627451
2model_qwen_30b_llama_70b,"qwen_30b,llama_70b",232,extra_trees_router,0.8431372549019608,2.789920784313725e-05,0.8431372549019608,0.0196078431372549,0.0,0.9215686274509803
2model_qwen_30b_llama_70b,"qwen_30b,llama_70b",232,tfidf_logistic_router,0.8431372549019608,2.7176729411764708e-05,0.8431372549019608,0.0196078431372549,0.0,0.9607843137254902
2model_qwen_30b_llama_70b,"qwen_30b,llama_70b",232,tfidf_linear_svm_router,0.8431372549019608,2.445814117647059e-05,0.8431372549019608,0.0196078431372549,0.0,0.9803921568627451
2model_qwen_30b_llama_70b,"qwen_30b,llama_70b",233,always_qwen_30b,0.9215686274509803,2.229367058823529e-05,0.9215686274509803,0.0196078431372549,0.0,0.9803921568627451
2model_qwen_30b_llama_70b,"qwen_30b,llama_70b",233,always_llama_70b,0.8823529411764706,5.1382941176470584e-05,0.8823529411764706,0.058823529411764705,0.0,0.0196078431372549
2model_qwen_30b_llama_70b,"qwen_30b,llama_70b",233,random,0.8823529411764706,3.810583137254902e-05,0.8823529411764706,0.058823529411764705,0.0,0.5882352941176471
2model_qwen_30b_llama_70b,"qwen_30b,llama_70b",233,oracle,0.9411764705882353,2.2792486274509803e-05,0.9411764705882353,0.0,0.0,1.0
2model_qwen_30b_llama_70b,"qwen_30b,llama_70b",233,logistic_router,0.9215686274509803,2.7555749019607842e-05,0.9215686274509803,0.0196078431372549,0.0,0.8823529411764706
2model_qwen_30b_llama_70b,"qwen_30b,llama_70b",233,linear_svm_router,0.9215686274509803,2.586077647058823e-05,0.9215686274509803,0.0196078431372549,0.0,0.9215686274509803
2model_qwen_30b_llama_70b,"qwen_30b,llama_70b",233,knn_router,0.9215686274509803,2.501225882352941e-05,0.9215686274509803,0.0196078431372549,0.0,0.9607843137254902
2model_qwen_30b_llama_70b,"qwen_30b,llama_70b",233,decision_tree_router,0.9215686274509803,2.8177984313725486e-05,0.9215686274509803,0.0196078431372549,0.0,0.8235294117647058
2model_qwen_30b_llama_70b,"qwen_30b,llama_70b",233,random_forest_router,0.9215686274509803,2.501225882352941e-05,0.9215686274509803,0.0196078431372549,0.0,0.9607843137254902
2model_qwen_30b_llama_70b,"qwen_30b,llama_70b",233,extra_trees_router,0.9215686274509803,2.621678431372549e-05,0.9215686274509803,0.0196078431372549,0.0,0.9019607843137255
2model_qwen_30b_llama_70b,"qwen_30b,llama_70b",233,tfidf_logistic_router,0.9215686274509803,2.22528862745098e-05,0.9215686274509803,0.0196078431372549,0.0,0.9607843137254902
2model_qwen_30b_llama_70b,"qwen_30b,llama_70b",233,tfidf_linear_svm_router,0.9215686274509803,2.229367058823529e-05,0.9215686274509803,0.0196078431372549,0.0,0.9803921568627451
2model_qwen_30b_deepseek_v3,"qwen_30b,deepseek_v3",229,always_qwen_30b,0.8627450980392157,2.4920705882352944e-05,0.8627450980392157,0.058823529411764705,0.0,0.9411764705882353
2model_qwen_30b_deepseek_v3,"qwen_30b,deepseek_v3",229,always_deepseek_v3,0.8627450980392157,7.586537254901961e-05,0.8627450980392157,0.058823529411764705,0.0,0.058823529411764705
2model_qwen_30b_deepseek_v3,"qwen_30b,deepseek_v3",229,random,0.8823529411764706,4.459889411764706e-05,0.8823529411764706,0.0392156862745098,0.0,0.6274509803921569
2model_qwen_30b_deepseek_v3,"qwen_30b,deepseek_v3",229,oracle,0.9215686274509803,2.8063584313725492e-05,0.9215686274509803,0.0,0.0,1.0
2model_qwen_30b_deepseek_v3,"qwen_30b,deepseek_v3",229,logistic_router,0.8431372549019608,2.9103717647058826e-05,0.8431372549019608,0.0784313725490196,0.0,0.8627450980392157
2model_qwen_30b_deepseek_v3,"qwen_30b,deepseek_v3",229,linear_svm_router,0.8627450980392157,2.846638431372549e-05,0.8627450980392157,0.058823529411764705,0.0,0.8823529411764706
2model_qwen_30b_deepseek_v3,"qwen_30b,deepseek_v3",229,knn_router,0.8627450980392157,2.4920705882352944e-05,0.8627450980392157,0.058823529411764705,0.0,0.9411764705882353
2model_qwen_30b_deepseek_v3,"qwen_30b,deepseek_v3",229,decision_tree_router,0.8627450980392157,3.0992776470588236e-05,0.8627450980392157,0.058823529411764705,0.0,0.8627450980392157
2model_qwen_30b_deepseek_v3,"qwen_30b,deepseek_v3",229,random_forest_router,0.8627450980392157,2.4920705882352944e-05,0.8627450980392157,0.058823529411764705,0.0,0.9411764705882353
2model_qwen_30b_deepseek_v3,"qwen_30b,deepseek_v3",229,extra_trees_router,0.8431372549019608,2.58303137254902e-05,0.8431372549019608,0.0784313725490196,0.0,0.9019607843137255
2model_qwen_30b_deepseek_v3,"qwen_30b,deepseek_v3",229,tfidf_logistic_router,0.8627450980392157,2.5437960784313725e-05,0.8627450980392157,0.058823529411764705,0.0,0.9215686274509803
2model_qwen_30b_deepseek_v3,"qwen_30b,deepseek_v3",229,tfidf_linear_svm_router,0.8627450980392157,2.7004305882352942e-05,0.8627450980392157,0.058823529411764705,0.0,0.9215686274509803
2model_qwen_30b_deepseek_v3,"qwen_30b,deepseek_v3",230,always_qwen_30b,0.9019607843137255,2.362894117647059e-05,0.9019607843137255,0.058823529411764705,0.0,0.9411764705882353
2model_qwen_30b_deepseek_v3,"qwen_30b,deepseek_v3",230,always_deepseek_v3,0.9019607843137255,6.701905882352941e-05,0.9019607843137255,0.058823529411764705,0.0,0.058823529411764705
2model_qwen_30b_deepseek_v3,"qwen_30b,deepseek_v3",230,random,0.9019607843137255,4.033380392156862e-05,0.9019607843137255,0.058823529411764705,0.0,0.5294117647058824
2model_qwen_30b_deepseek_v3,"qwen_30b,deepseek_v3",230,oracle,0.9607843137254902,2.6117701960784314e-05,0.9607843137254902,0.0,0.0,1.0
2model_qwen_30b_deepseek_v3,"qwen_30b,deepseek_v3",230,logistic_router,0.9019607843137255,2.7206007843137252e-05,0.9019607843137255,0.058823529411764705,0.0,0.8431372549019608
2model_qwen_30b_deepseek_v3,"qwen_30b,deepseek_v3",230,linear_svm_router,0.9019607843137255,2.53780862745098e-05,0.9019607843137255,0.058823529411764705,0.0,0.9019607843137255
2model_qwen_30b_deepseek_v3,"qwen_30b,deepseek_v3",230,knn_router,0.9019607843137255,2.362894117647059e-05,0.9019607843137255,0.058823529411764705,0.0,0.9411764705882353
2model_qwen_30b_deepseek_v3,"qwen_30b,deepseek_v3",230,decision_tree_router,0.9019607843137255,2.95261568627451e-05,0.9019607843137255,0.058823529411764705,0.0,0.7647058823529411
2model_qwen_30b_deepseek_v3,"qwen_30b,deepseek_v3",230,random_forest_router,0.9019607843137255,2.362894117647059e-05,0.9019607843137255,0.058823529411764705,0.0,0.9411764705882353
2model_qwen_30b_deepseek_v3,"qwen_30b,deepseek_v3",230,extra_trees_router,0.9019607843137255,2.849760784313726e-05,0.9019607843137255,0.058823529411764705,0.0,0.7843137254901961
2model_qwen_30b_deepseek_v3,"qwen_30b,deepseek_v3",230,tfidf_logistic_router,0.9019607843137255,2.53780862745098e-05,0.9019607843137255,0.058823529411764705,0.0,0.9019607843137255
2model_qwen_30b_deepseek_v3,"qwen_30b,deepseek_v3",230,tfidf_linear_svm_router,0.8823529411764706,2.453364705882353e-05,0.8823529411764706,0.0784313725490196,0.0,0.9215686274509803
2model_qwen_30b_deepseek_v3,"qwen_30b,deepseek_v3",231,always_qwen_30b,0.9019607843137255,2.4771207843137253e-05,0.9019607843137255,0.0,0.0,
2model_qwen_30b_deepseek_v3,"qwen_30b,deepseek_v3",231,always_deepseek_v3,0.8627450980392157,7.632623529411765e-05,0.8627450980392157,0.0392156862745098,0.0,
2model_qwen_30b_deepseek_v3,"qwen_30b,deepseek_v3",231,random,0.8823529411764706,4.8694815686274525e-05,0.8823529411764706,0.0196078431372549,0.0,
2model_qwen_30b_deepseek_v3,"qwen_30b,deepseek_v3",231,oracle,0.9019607843137255,2.4771207843137253e-05,0.9019607843137255,0.0,0.0,
2model_qwen_30b_deepseek_v3,"qwen_30b,deepseek_v3",231,logistic_router,0.8823529411764706,2.943276862745098e-05,0.8823529411764706,0.0196078431372549,0.0,
2model_qwen_30b_deepseek_v3,"qwen_30b,deepseek_v3",231,linear_svm_router,0.8823529411764706,3.148694117647059e-05,0.8823529411764706,0.0196078431372549,0.0,
2model_qwen_30b_deepseek_v3,"qwen_30b,deepseek_v3",231,knn_router,0.9019607843137255,2.586763921568627e-05,0.9019607843137255,0.0,0.0,
2model_qwen_30b_deepseek_v3,"qwen_30b,deepseek_v3",231,decision_tree_router,0.8823529411764706,2.913481568627451e-05,0.8823529411764706,0.0196078431372549,0.0,
2model_qwen_30b_deepseek_v3,"qwen_30b,deepseek_v3",231,random_forest_router,0.8823529411764706,2.5163560784313723e-05,0.8823529411764706,0.0196078431372549,0.0,
2model_qwen_30b_deepseek_v3,"qwen_30b,deepseek_v3",231,extra_trees_router,0.8823529411764706,3.1531254901960786e-05,0.8823529411764706,0.0196078431372549,0.0,
2model_qwen_30b_deepseek_v3,"qwen_30b,deepseek_v3",231,tfidf_logistic_router,0.8823529411764706,2.660174901960784e-05,0.8823529411764706,0.0196078431372549,0.0,
2model_qwen_30b_deepseek_v3,"qwen_30b,deepseek_v3",231,tfidf_linear_svm_router,0.9019607843137255,2.4771207843137253e-05,0.9019607843137255,0.0,0.0,
2model_qwen_30b_deepseek_v3,"qwen_30b,deepseek_v3",232,always_qwen_30b,0.8431372549019608,2.445814117647059e-05,0.8431372549019608,0.0196078431372549,0.0,0.9803921568627451
2model_qwen_30b_deepseek_v3,"qwen_30b,deepseek_v3",232,always_deepseek_v3,0.8431372549019608,6.874066666666666e-05,0.8431372549019608,0.0196078431372549,0.0,0.0196078431372549
2model_qwen_30b_deepseek_v3,"qwen_30b,deepseek_v3",232,random,0.8627450980392157,4.5182666666666663e-05,0.8627450980392157,0.0,0.0,0.5294117647058824
2model_qwen_30b_deepseek_v3,"qwen_30b,deepseek_v3",232,oracle,0.8627450980392157,2.5470321568627454e-05,0.8627450980392157,0.0,0.0,1.0
2model_qwen_30b_deepseek_v3,"qwen_30b,deepseek_v3",232,logistic_router,0.8235294117647058,3.4049254901960784e-05,0.8235294117647058,0.0392156862745098,0.0,0.7254901960784313
2model_qwen_30b_deepseek_v3,"qwen_30b,deepseek_v3",232,linear_svm_router,0.8235294117647058,3.43050274509804e-05,0.8235294117647058,0.0392156862745098,0.0,0.7647058823529411
2model_qwen_30b_deepseek_v3,"qwen_30b,deepseek_v3",232,knn_router,0.8431372549019608,2.5554572549019612e-05,0.8431372549019608,0.0196078431372549,0.0,0.9607843137254902
2model_qwen_30b_deepseek_v3,"qwen_30b,deepseek_v3",232,decision_tree_router,0.8235294117647058,2.7319207843137256e-05,0.8235294117647058,0.0392156862745098,0.0,0.8823529411764706
2model_qwen_30b_deepseek_v3,"qwen_30b,deepseek_v3",232,random_forest_router,0.8235294117647058,2.696955294117647e-05,0.8235294117647058,0.0392156862745098,0.0,0.8823529411764706
2model_qwen_30b_deepseek_v3,"qwen_30b,deepseek_v3",232,extra_trees_router,0.8235294117647058,3.0484901960784318e-05,0.8235294117647058,0.0392156862745098,0.0,0.7647058823529411
2model_qwen_30b_deepseek_v3,"qwen_30b,deepseek_v3",232,tfidf_logistic_router,0.8235294117647058,3.144440784313725e-05,0.8235294117647058,0.0392156862745098,0.0,0.803921568627451
2model_qwen_30b_deepseek_v3,"qwen_30b,deepseek_v3",232,tfidf_linear_svm_router,0.8235294117647058,2.7951317647058827e-05,0.8235294117647058,0.0392156862745098,0.0,0.9411764705882353
2model_qwen_30b_deepseek_v3,"qwen_30b,deepseek_v3",233,always_qwen_30b,0.9215686274509803,2.229367058823529e-05,0.9215686274509803,0.0196078431372549,0.0,0.9803921568627451
2model_qwen_30b_deepseek_v3,"qwen_30b,deepseek_v3",233,always_deepseek_v3,0.8823529411764706,6.603835294117647e-05,0.8823529411764706,0.058823529411764705,0.0,0.0196078431372549
2model_qwen_30b_deepseek_v3,"qwen_30b,deepseek_v3",233,random,0.9019607843137255,4.314981176470587e-05,0.9019607843137255,0.0392156862745098,0.0,0.5882352941176471
2model_qwen_30b_deepseek_v3,"qwen_30b,deepseek_v3",233,oracle,0.9411764705882353,2.2627976470588234e-05,0.9411764705882353,0.0,0.0,1.0
2model_qwen_30b_deepseek_v3,"qwen_30b,deepseek_v3",233,logistic_router,0.9215686274509803,2.6161105882352937e-05,0.9215686274509803,0.0196078431372549,0.0,0.8431372549019608
2model_qwen_30b_deepseek_v3,"qwen_30b,deepseek_v3",233,linear_svm_router,0.9215686274509803,2.6016596078431368e-05,0.9215686274509803,0.0196078431372549,0.0,0.8627450980392157
2model_qwen_30b_deepseek_v3,"qwen_30b,deepseek_v3",233,knn_router,0.9215686274509803,2.3390101960784313e-05,0.9215686274509803,0.0196078431372549,0.0,0.9607843137254902
2model_qwen_30b_deepseek_v3,"qwen_30b,deepseek_v3",233,decision_tree_router,0.9411764705882353,3.475838431372549e-05,0.9411764705882353,0.0,0.0,0.7450980392156863
2model_qwen_30b_deepseek_v3,"qwen_30b,deepseek_v3",233,random_forest_router,0.9215686274509803,2.229367058823529e-05,0.9215686274509803,0.0196078431372549,0.0,0.9803921568627451
2model_qwen_30b_deepseek_v3,"qwen_30b,deepseek_v3",233,extra_trees_router,0.9215686274509803,2.7632611764705885e-05,0.9215686274509803,0.0196078431372549,0.0,0.8823529411764706
2model_qwen_30b_deepseek_v3,"qwen_30b,deepseek_v3",233,tfidf_logistic_router,0.9215686274509803,2.4273968627450973e-05,0.9215686274509803,0.0196078431372549,0.0,0.9215686274509803
2model_qwen_30b_deepseek_v3,"qwen_30b,deepseek_v3",233,tfidf_linear_svm_router,0.9215686274509803,2.229367058823529e-05,0.9215686274509803,0.0196078431372549,0.0,0.9803921568627451
2model_qwen_30b_granite_8b,"qwen_30b,granite_8b",229,always_qwen_30b,0.8627450980392157,2.4920705882352944e-05,0.8627450980392157,0.0392156862745098,0.0,0.9607843137254902
2model_qwen_30b_granite_8b,"qwen_30b,granite_8b",229,always_granite_8b,0.8431372549019608,1.5948039215686275e-05,0.8431372549019608,0.058823529411764705,0.0,0.0392156862745098
2model_qwen_30b_granite_8b,"qwen_30b,granite_8b",229,random,0.8823529411764706,2.1621364705882355e-05,0.8823529411764706,0.0196078431372549,0.0,0.6470588235294118
2model_qwen_30b_granite_8b,"qwen_30b,granite_8b",229,oracle,0.9019607843137255,2.4391074509803923e-05,0.9019607843137255,0.0,0.0,1.0
2model_qwen_30b_granite_8b,"qwen_30b,granite_8b",229,logistic_router,0.8627450980392157,2.4865764705882354e-05,0.8627450980392157,0.0392156862745098,0.0,0.9411764705882353
2model_qwen_30b_granite_8b,"qwen_30b,granite_8b",229,linear_svm_router,0.8627450980392157,2.4865764705882354e-05,0.8627450980392157,0.0392156862745098,0.0,0.9411764705882353
2model_qwen_30b_granite_8b,"qwen_30b,granite_8b",229,knn_router,0.8627450980392157,2.4920705882352944e-05,0.8627450980392157,0.0392156862745098,0.0,0.9607843137254902
2model_qwen_30b_granite_8b,"qwen_30b,granite_8b",229,decision_tree_router,0.8627450980392157,2.3607443137254907e-05,0.8627450980392157,0.0392156862745098,0.0,0.7647058823529411
2model_qwen_30b_granite_8b,"qwen_30b,granite_8b",229,random_forest_router,0.8627450980392157,2.4920705882352944e-05,0.8627450980392157,0.0392156862745098,0.0,0.9607843137254902
2model_qwen_30b_granite_8b,"qwen_30b,granite_8b",229,extra_trees_router,0.8431372549019608,2.430621960784314e-05,0.8431372549019608,0.058823529411764705,0.0,0.8823529411764706
2model_qwen_30b_granite_8b,"qwen_30b,granite_8b",229,tfidf_logistic_router,0.8627450980392157,2.4920705882352944e-05,0.8627450980392157,0.0392156862745098,0.0,0.9607843137254902
2model_qwen_30b_granite_8b,"qwen_30b,granite_8b",229,tfidf_linear_svm_router,0.8627450980392157,2.4865764705882354e-05,0.8627450980392157,0.0392156862745098,0.0,0.9411764705882353
2model_qwen_30b_granite_8b,"qwen_30b,granite_8b",230,always_qwen_30b,0.9019607843137255,2.362894117647059e-05,0.9019607843137255,0.0392156862745098,0.0,0.9607843137254902
2model_qwen_30b_granite_8b,"qwen_30b,granite_8b",230,always_granite_8b,0.8431372549019608,1.511078431372549e-05,0.8431372549019608,0.09803921568627451,0.0,0.0392156862745098
2model_qwen_30b_granite_8b,"qwen_30b,granite_8b",230,random,0.8823529411764706,1.8760745098039216e-05,0.8823529411764706,0.058823529411764705,0.0,0.5882352941176471
2model_qwen_30b_granite_8b,"qwen_30b,granite_8b",230,oracle,0.9411764705882353,2.3309898039215684e-05,0.9411764705882353,0.0,0.0,1.0
2model_qwen_30b_granite_8b,"qwen_30b,granite_8b",230,logistic_router,0.8823529411764706,2.3196392156862745e-05,0.8823529411764706,0.058823529411764705,0.0,0.9411764705882353
2model_qwen_30b_granite_8b,"qwen_30b,granite_8b",230,linear_svm_router,0.9019607843137255,2.362894117647059e-05,0.9019607843137255,0.0392156862745098,0.0,0.9607843137254902
2model_qwen_30b_granite_8b,"qwen_30b,granite_8b",230,knn_router,0.9019607843137255,2.362894117647059e-05,0.9019607843137255,0.0392156862745098,0.0,0.9607843137254902
2model_qwen_30b_granite_8b,"qwen_30b,granite_8b",230,decision_tree_router,0.8823529411764706,2.3274039215686275e-05,0.8823529411764706,0.058823529411764705,0.0,0.9411764705882353
2model_qwen_30b_granite_8b,"qwen_30b,granite_8b",230,random_forest_router,0.9019607843137255,2.362894117647059e-05,0.9019607843137255,0.0392156862745098,0.0,0.9607843137254902
2model_qwen_30b_granite_8b,"qwen_30b,granite_8b",230,extra_trees_router,0.8823529411764706,2.3196392156862745e-05,0.8823529411764706,0.058823529411764705,0.0,0.9411764705882353
2model_qwen_30b_granite_8b,"qwen_30b,granite_8b",230,tfidf_logistic_router,0.8823529411764706,2.3196392156862745e-05,0.8823529411764706,0.058823529411764705,0.0,0.9411764705882353
2model_qwen_30b_granite_8b,"qwen_30b,granite_8b",230,tfidf_linear_svm_router,0.9019607843137255,2.362894117647059e-05,0.9019607843137255,0.0392156862745098,0.0,0.9607843137254902
2model_qwen_30b_granite_8b,"qwen_30b,granite_8b",231,always_qwen_30b,0.9019607843137255,2.4771207843137253e-05,0.9019607843137255,0.0,0.0,
2model_qwen_30b_granite_8b,"qwen_30b,granite_8b",231,always_granite_8b,0.8431372549019608,1.662843137254902e-05,0.8431372549019608,0.058823529411764705,0.0,
2model_qwen_30b_granite_8b,"qwen_30b,granite_8b",231,random,0.9019607843137255,2.067120784313725e-05,0.9019607843137255,0.0,0.0,
2model_qwen_30b_granite_8b,"qwen_30b,granite_8b",231,oracle,0.9019607843137255,2.4771207843137253e-05,0.9019607843137255,0.0,0.0,
2model_qwen_30b_granite_8b,"qwen_30b,granite_8b",231,logistic_router,0.9019607843137255,2.4690760784313723e-05,0.9019607843137255,0.0,0.0,
2model_qwen_30b_granite_8b,"qwen_30b,granite_8b",231,linear_svm_router,0.9019607843137255,2.473828235294117e-05,0.9019607843137255,0.0,0.0,
2model_qwen_30b_granite_8b,"qwen_30b,granite_8b",231,knn_router,0.9019607843137255,2.4771207843137253e-05,0.9019607843137255,0.0,0.0,
2model_qwen_30b_granite_8b,"qwen_30b,granite_8b",231,decision_tree_router,0.9019607843137255,2.4533882352941173e-05,0.9019607843137255,0.0,0.0,
2model_qwen_30b_granite_8b,"qwen_30b,granite_8b",231,random_forest_router,0.9019607843137255,2.4771207843137253e-05,0.9019607843137255,0.0,0.0,
2model_qwen_30b_granite_8b,"qwen_30b,granite_8b",231,extra_trees_router,0.9019607843137255,2.4288054901960784e-05,0.9019607843137255,0.0,0.0,
2model_qwen_30b_granite_8b,"qwen_30b,granite_8b",231,tfidf_logistic_router,0.9019607843137255,2.4690760784313723e-05,0.9019607843137255,0.0,0.0,
2model_qwen_30b_granite_8b,"qwen_30b,granite_8b",231,tfidf_linear_svm_router,0.9019607843137255,2.4771207843137253e-05,0.9019607843137255,0.0,0.0,
2model_qwen_30b_granite_8b,"qwen_30b,granite_8b",232,always_qwen_30b,0.8431372549019608,2.445814117647059e-05,0.8431372549019608,0.0196078431372549,0.0,0.9803921568627451
2model_qwen_30b_granite_8b,"qwen_30b,granite_8b",232,always_granite_8b,0.7647058823529411,1.5119607843137256e-05,0.7647058823529411,0.09803921568627451,0.0,0.0196078431372549
2model_qwen_30b_granite_8b,"qwen_30b,granite_8b",232,random,0.8235294117647058,1.9631882352941182e-05,0.8235294117647058,0.0392156862745098,0.0,0.5294117647058824
2model_qwen_30b_granite_8b,"qwen_30b,granite_8b",232,oracle,0.8627450980392157,2.4212062745098042e-05,0.8627450980392157,0.0,0.0,1.0
2model_qwen_30b_granite_8b,"qwen_30b,granite_8b",232,logistic_router,0.8431372549019608,2.4206180392156865e-05,0.8431372549019608,0.0196078431372549,0.0,0.9607843137254902
2model_qwen_30b_granite_8b,"qwen_30b,granite_8b",232,linear_svm_router,0.8431372549019608,2.4253701960784316e-05,0.8431372549019608,0.0196078431372549,0.0,0.9411764705882353
2model_qwen_30b_granite_8b,"qwen_30b,granite_8b",232,knn_router,0.8431372549019608,2.445814117647059e-05,0.8431372549019608,0.0196078431372549,0.0,0.9803921568627451
2model_qwen_30b_granite_8b,"qwen_30b,granite_8b",232,decision_tree_router,0.8235294117647058,2.4196211764705882e-05,0.8235294117647058,0.0392156862745098,0.0,0.9019607843137255
2model_qwen_30b_granite_8b,"qwen_30b,granite_8b",232,random_forest_router,0.8431372549019608,2.445814117647059e-05,0.8431372549019608,0.0196078431372549,0.0,0.9803921568627451
2model_qwen_30b_granite_8b,"qwen_30b,granite_8b",232,extra_trees_router,0.8431372549019608,2.422459607843137e-05,0.8431372549019608,0.0196078431372549,0.0,0.9411764705882353
2model_qwen_30b_granite_8b,"qwen_30b,granite_8b",232,tfidf_logistic_router,0.8431372549019608,2.445814117647059e-05,0.8431372549019608,0.0196078431372549,0.0,0.9803921568627451
2model_qwen_30b_granite_8b,"qwen_30b,granite_8b",232,tfidf_linear_svm_router,0.8431372549019608,2.445814117647059e-05,0.8431372549019608,0.0196078431372549,0.0,0.9803921568627451
2model_qwen_30b_granite_8b,"qwen_30b,granite_8b",233,always_qwen_30b,0.9215686274509803,2.229367058823529e-05,0.9215686274509803,0.0,0.0,
2model_qwen_30b_granite_8b,"qwen_30b,granite_8b",233,always_granite_8b,0.7647058823529411,1.5750000000000003e-05,0.7647058823529411,0.1568627450980392,0.0,
2model_qwen_30b_granite_8b,"qwen_30b,granite_8b",233,random,0.8235294117647058,1.9627498039215687e-05,0.8235294117647058,0.09803921568627451,0.0,
2model_qwen_30b_granite_8b,"qwen_30b,granite_8b",233,oracle,0.9215686274509803,2.229367058823529e-05,0.9215686274509803,0.0,0.0,
2model_qwen_30b_granite_8b,"qwen_30b,granite_8b",233,logistic_router,0.9215686274509803,2.2277356862745098e-05,0.9215686274509803,0.0,0.0,
2model_qwen_30b_granite_8b,"qwen_30b,granite_8b",233,linear_svm_router,0.9215686274509803,2.221322352941176e-05,0.9215686274509803,0.0,0.0,
2model_qwen_30b_granite_8b,"qwen_30b,granite_8b",233,knn_router,0.9215686274509803,2.229367058823529e-05,0.9215686274509803,0.0,0.0,
2model_qwen_30b_granite_8b,"qwen_30b,granite_8b",233,decision_tree_router,0.8823529411764706,2.1454745098039208e-05,0.8823529411764706,0.0392156862745098,0.0,
2model_qwen_30b_granite_8b,"qwen_30b,granite_8b",233,random_forest_router,0.9215686274509803,2.2366172549019603e-05,0.9215686274509803,0.0,0.0,
2model_qwen_30b_granite_8b,"qwen_30b,granite_8b",233,extra_trees_router,0.9215686274509803,2.214898823529412e-05,0.9215686274509803,0.0,0.0,
2model_qwen_30b_granite_8b,"qwen_30b,granite_8b",233,tfidf_logistic_router,0.9215686274509803,2.221322352941176e-05,0.9215686274509803,0.0,0.0,
2model_qwen_30b_granite_8b,"qwen_30b,granite_8b",233,tfidf_linear_svm_router,0.9215686274509803,2.229367058823529e-05,0.9215686274509803,0.0,0.0,
2model_llama_70b_deepseek_v3,"llama_70b,deepseek_v3",229,always_llama_70b,0.8235294117647058,0.019657743235294112,0.8235294117647058,0.0784313725490196,0.0,0.9215686274509803
2model_llama_70b_deepseek_v3,"llama_70b,deepseek_v3",229,always_deepseek_v3,0.8627450980392157,7.586537254901961e-05,0.8627450980392157,0.0392156862745098,0.0,0.0784313725490196
2model_llama_70b_deepseek_v3,"llama_70b,deepseek_v3",229,random,0.8431372549019608,5.940360784313725e-05,0.8431372549019608,0.058823529411764705,0.0,0.6078431372549019
2model_llama_70b_deepseek_v3,"llama_70b,deepseek_v3",229,oracle,0.9019607843137255,0.019658940333333326,0.9019607843137255,0.0,0.0,1.0
2model_llama_70b_deepseek_v3,"llama_70b,deepseek_v3",229,logistic_router,0.803921568627451,0.01965955833333333,0.803921568627451,0.09803921568627451,0.0,0.8235294117647058
2model_llama_70b_deepseek_v3,"llama_70b,deepseek_v3",229,linear_svm_router,0.8235294117647058,0.019657972647058816,0.8235294117647058,0.0784313725490196,0.0,0.9019607843137255
2model_llama_70b_deepseek_v3,"llama_70b,deepseek_v3",229,knn_router,0.8235294117647058,0.019657743235294112,0.8235294117647058,0.0784313725490196,0.0,0.9215686274509803
2model_llama_70b_deepseek_v3,"llama_70b,deepseek_v3",229,decision_tree_router,0.803921568627451,0.019658876999999995,0.803921568627451,0.09803921568627451,0.0,0.8431372549019608
2model_llama_70b_deepseek_v3,"llama_70b,deepseek_v3",229,random_forest_router,0.8235294117647058,0.019659587941176466,0.8235294117647058,0.0784313725490196,0.0,0.8627450980392157
2model_llama_70b_deepseek_v3,"llama_70b,deepseek_v3",229,extra_trees_router,0.8235294117647058,0.019659493333333326,0.8235294117647058,0.0784313725490196,0.0,0.8431372549019608
2model_llama_70b_deepseek_v3,"llama_70b,deepseek_v3",229,tfidf_logistic_router,0.803921568627451,0.019659172450980388,0.803921568627451,0.09803921568627451,0.0,0.8431372549019608
2model_llama_70b_deepseek_v3,"llama_70b,deepseek_v3",229,tfidf_linear_svm_router,0.8235294117647058,0.019657972647058816,0.8235294117647058,0.0784313725490196,0.0,0.9019607843137255
2model_llama_70b_deepseek_v3,"llama_70b,deepseek_v3",230,always_llama_70b,0.8431372549019608,5.601811764705883e-05,0.8431372549019608,0.09803921568627451,0.0,0.9019607843137255
2model_llama_70b_deepseek_v3,"llama_70b,deepseek_v3",230,always_deepseek_v3,0.9019607843137255,6.701905882352941e-05,0.9019607843137255,0.0392156862745098,0.0,0.09803921568627451
2model_llama_70b_deepseek_v3,"llama_70b,deepseek_v3",230,random,0.9215686274509803,6.390921568627452e-05,0.9215686274509803,0.0196078431372549,0.0,0.6078431372549019
2model_llama_70b_deepseek_v3,"llama_70b,deepseek_v3",230,oracle,0.9411764705882353,5.685560784313726e-05,0.9411764705882353,0.0,0.0,1.0
2model_llama_70b_deepseek_v3,"llama_70b,deepseek_v3",230,logistic_router,0.8823529411764706,5.8250254901960785e-05,0.8823529411764706,0.058823529411764705,0.0,0.8235294117647058
2model_llama_70b_deepseek_v3,"llama_70b,deepseek_v3",230,linear_svm_router,0.8823529411764706,5.796015686274509e-05,0.8823529411764706,0.058823529411764705,0.0,0.9019607843137255
2model_llama_70b_deepseek_v3,"llama_70b,deepseek_v3",230,knn_router,0.8431372549019608,5.601811764705883e-05,0.8431372549019608,0.09803921568627451,0.0,0.9019607843137255
2model_llama_70b_deepseek_v3,"llama_70b,deepseek_v3",230,decision_tree_router,0.9019607843137255,5.989217647058823e-05,0.9019607843137255,0.0392156862745098,0.0,0.803921568627451
2model_llama_70b_deepseek_v3,"llama_70b,deepseek_v3",230,random_forest_router,0.8823529411764706,5.688913725490196e-05,0.8823529411764706,0.058823529411764705,0.0,0.9215686274509803
2model_llama_70b_deepseek_v3,"llama_70b,deepseek_v3",230,extra_trees_router,0.8823529411764706,5.881988235294117e-05,0.8823529411764706,0.058823529411764705,0.0,0.8431372549019608
2model_llama_70b_deepseek_v3,"llama_70b,deepseek_v3",230,tfidf_logistic_router,0.8823529411764706,5.796015686274509e-05,0.8823529411764706,0.058823529411764705,0.0,0.9019607843137255
2model_llama_70b_deepseek_v3,"llama_70b,deepseek_v3",230,tfidf_linear_svm_router,0.8627450980392157,5.615890196078431e-05,0.8627450980392157,0.0784313725490196,0.0,0.9215686274509803
2model_llama_70b_deepseek_v3,"llama_70b,deepseek_v3",231,always_llama_70b,0.9019607843137255,0.01966218745098039,0.9019607843137255,0.0196078431372549,0.0,0.9803921568627451
2model_llama_70b_deepseek_v3,"llama_70b,deepseek_v3",231,always_deepseek_v3,0.8627450980392157,7.632623529411765e-05,0.8627450980392157,0.058823529411764705,0.0,0.0196078431372549
2model_llama_70b_deepseek_v3,"llama_70b,deepseek_v3",231,random,0.9019607843137255,6.52197843137255e-05,0.9019607843137255,0.0196078431372549,0.0,0.5686274509803921
2model_llama_70b_deepseek_v3,"llama_70b,deepseek_v3",231,oracle,0.9215686274509803,0.01966241980392156,0.9215686274509803,0.0,0.0,1.0
2model_llama_70b_deepseek_v3,"llama_70b,deepseek_v3",231,logistic_router,0.8627450980392157,0.019663266588235296,0.8627450980392157,0.058823529411764705,0.0,0.8235294117647058
2model_llama_70b_deepseek_v3,"llama_70b,deepseek_v3",231,linear_svm_router,0.8823529411764706,0.019663384235294117,0.8823529411764706,0.0392156862745098,0.0,0.8627450980392157
2model_llama_70b_deepseek_v3,"llama_70b,deepseek_v3",231,knn_router,0.9019607843137255,0.01966218745098039,0.9019607843137255,0.0196078431372549,0.0,0.9803921568627451
2model_llama_70b_deepseek_v3,"llama_70b,deepseek_v3",231,decision_tree_router,0.8431372549019608,0.0196619591372549,0.8431372549019608,0.0784313725490196,0.0,0.803921568627451
2model_llama_70b_deepseek_v3,"llama_70b,deepseek_v3",231,random_forest_router,0.8431372549019608,0.019661487372549018,0.8431372549019608,0.0784313725490196,0.0,0.803921568627451
2model_llama_70b_deepseek_v3,"llama_70b,deepseek_v3",231,extra_trees_router,0.8627450980392157,0.019661542274509804,0.8627450980392157,0.058823529411764705,0.0,0.803921568627451
2model_llama_70b_deepseek_v3,"llama_70b,deepseek_v3",231,tfidf_logistic_router,0.8823529411764706,0.019663222274509805,0.8823529411764706,0.0392156862745098,0.0,0.8823529411764706
2model_llama_70b_deepseek_v3,"llama_70b,deepseek_v3",231,tfidf_linear_svm_router,0.8823529411764706,0.019662920313725487,0.8823529411764706,0.0392156862745098,0.0,0.9411764705882353
2model_llama_70b_deepseek_v3,"llama_70b,deepseek_v3",232,always_llama_70b,0.803921568627451,5.9688607843137255e-05,0.803921568627451,0.058823529411764705,0.0,0.9411764705882353
2model_llama_70b_deepseek_v3,"llama_70b,deepseek_v3",232,always_deepseek_v3,0.8431372549019608,6.874066666666666e-05,0.8431372549019608,0.0196078431372549,0.0,0.058823529411764705
2model_llama_70b_deepseek_v3,"llama_70b,deepseek_v3",232,random,0.8235294117647058,6.0544686274509804e-05,0.8235294117647058,0.0392156862745098,0.0,0.49019607843137253
2model_llama_70b_deepseek_v3,"llama_70b,deepseek_v3",232,oracle,0.8627450980392157,6.040554901960784e-05,0.8627450980392157,0.0,0.0,1.0
2model_llama_70b_deepseek_v3,"llama_70b,deepseek_v3",232,logistic_router,0.803921568627451,6.049262745098039e-05,0.803921568627451,0.058823529411764705,0.0,0.7843137254901961
2model_llama_70b_deepseek_v3,"llama_70b,deepseek_v3",232,linear_svm_router,0.803921568627451,6.244282352941176e-05,0.803921568627451,0.058823529411764705,0.0,0.7450980392156863
2model_llama_70b_deepseek_v3,"llama_70b,deepseek_v3",232,knn_router,0.803921568627451,5.9688607843137255e-05,0.803921568627451,0.058823529411764705,0.0,0.9411764705882353
2model_llama_70b_deepseek_v3,"llama_70b,deepseek_v3",232,decision_tree_router,0.7843137254901961,5.7383392156862745e-05,0.7843137254901961,0.0784313725490196,0.0,0.7843137254901961
2model_llama_70b_deepseek_v3,"llama_70b,deepseek_v3",232,random_forest_router,0.803921568627451,6.227054901960784e-05,0.803921568627451,0.058823529411764705,0.0,0.7843137254901961
2model_llama_70b_deepseek_v3,"llama_70b,deepseek_v3",232,extra_trees_router,0.8235294117647058,6.108949019607843e-05,0.8235294117647058,0.0392156862745098,0.0,0.7843137254901961
2model_llama_70b_deepseek_v3,"llama_70b,deepseek_v3",232,tfidf_logistic_router,0.7843137254901961,6.0461352941176464e-05,0.7843137254901961,0.0784313725490196,0.0,0.8823529411764706
2model_llama_70b_deepseek_v3,"llama_70b,deepseek_v3",232,tfidf_linear_svm_router,0.7843137254901961,6.018292156862745e-05,0.7843137254901961,0.0784313725490196,0.0,0.9019607843137255
2model_llama_70b_deepseek_v3,"llama_70b,deepseek_v3",233,always_llama_70b,0.8823529411764706,5.1382941176470584e-05,0.8823529411764706,0.0392156862745098,0.0,0.9607843137254902
2model_llama_70b_deepseek_v3,"llama_70b,deepseek_v3",233,always_deepseek_v3,0.8823529411764706,6.603835294117647e-05,0.8823529411764706,0.0392156862745098,0.0,0.0392156862745098
2model_llama_70b_deepseek_v3,"llama_70b,deepseek_v3",233,random,0.9019607843137255,5.6426921568627465e-05,0.9019607843137255,0.0196078431372549,0.0,0.6078431372549019
2model_llama_70b_deepseek_v3,"llama_70b,deepseek_v3",233,oracle,0.9215686274509803,5.1453411764705886e-05,0.9215686274509803,0.0,0.0,1.0
2model_llama_70b_deepseek_v3,"llama_70b,deepseek_v3",233,logistic_router,0.9019607843137255,5.26076862745098e-05,0.9019607843137255,0.0196078431372549,0.0,0.8235294117647058
2model_llama_70b_deepseek_v3,"llama_70b,deepseek_v3",233,linear_svm_router,0.8823529411764706,5.250098039215687e-05,0.8823529411764706,0.0392156862745098,0.0,0.8431372549019608
2model_llama_70b_deepseek_v3,"llama_70b,deepseek_v3",233,knn_router,0.8823529411764706,5.1382941176470584e-05,0.8823529411764706,0.0392156862745098,0.0,0.9607843137254902
2model_llama_70b_deepseek_v3,"llama_70b,deepseek_v3",233,decision_tree_router,0.8823529411764706,5.010176470588236e-05,0.8823529411764706,0.0392156862745098,0.0,0.9215686274509803
2model_llama_70b_deepseek_v3,"llama_70b,deepseek_v3",233,random_forest_router,0.9019607843137255,5.2937019607843145e-05,0.9019607843137255,0.0196078431372549,0.0,0.8235294117647058
2model_llama_70b_deepseek_v3,"llama_70b,deepseek_v3",233,extra_trees_router,0.9215686274509803,5.3058e-05,0.9215686274509803,0.0,0.0,0.8235294117647058
2model_llama_70b_deepseek_v3,"llama_70b,deepseek_v3",233,tfidf_logistic_router,0.8823529411764706,5.2339019607843135e-05,0.8823529411764706,0.0392156862745098,0.0,0.8627450980392157
2model_llama_70b_deepseek_v3,"llama_70b,deepseek_v3",233,tfidf_linear_svm_router,0.8823529411764706,5.2117647058823523e-05,0.8823529411764706,0.0392156862745098,0.0,0.9019607843137255
2model_llama_70b_granite_8b,"llama_70b,granite_8b",229,always_llama_70b,0.8235294117647058,0.019657743235294112,0.8235294117647058,0.0784313725490196,0.0,0.9215686274509803
2model_llama_70b_granite_8b,"llama_70b,granite_8b",229,always_granite_8b,0.8431372549019608,1.5948039215686275e-05,0.8431372549019608,0.058823529411764705,0.0,0.0784313725490196
2model_llama_70b_granite_8b,"llama_70b,granite_8b",229,random,0.8431372549019608,3.642607843137254e-05,0.8431372549019608,0.058823529411764705,0.0,0.6078431372549019
2model_llama_70b_granite_8b,"llama_70b,granite_8b",229,oracle,0.9019607843137255,0.019655693431372544,0.9019607843137255,0.0,0.0,1.0
2model_llama_70b_granite_8b,"llama_70b,granite_8b",229,logistic_router,0.8431372549019608,0.019656527647058816,0.8431372549019608,0.058823529411764705,0.0,0.9019607843137255
2model_llama_70b_granite_8b,"llama_70b,granite_8b",229,linear_svm_router,0.8431372549019608,0.019656527647058816,0.8431372549019608,0.058823529411764705,0.0,0.9019607843137255
2model_llama_70b_granite_8b,"llama_70b,granite_8b",229,knn_router,0.8235294117647058,0.019657743235294112,0.8235294117647058,0.0784313725490196,0.0,0.9215686274509803
2model_llama_70b_granite_8b,"llama_70b,granite_8b",229,decision_tree_router,0.8235294117647058,0.019656773235294116,0.8235294117647058,0.0784313725490196,0.0,0.8627450980392157
2model_llama_70b_granite_8b,"llama_70b,granite_8b",229,random_forest_router,0.8431372549019608,0.01965522960784313,0.8431372549019608,0.058823529411764705,0.0,0.8627450980392157
2model_llama_70b_granite_8b,"llama_70b,granite_8b",229,extra_trees_router,0.8431372549019608,0.019655851764705877,0.8431372549019608,0.058823529411764705,0.0,0.8627450980392157
2model_llama_70b_granite_8b,"llama_70b,granite_8b",229,tfidf_logistic_router,0.8431372549019608,0.019656527647058816,0.8431372549019608,0.058823529411764705,0.0,0.9019607843137255
2model_llama_70b_granite_8b,"llama_70b,granite_8b",229,tfidf_linear_svm_router,0.8431372549019608,0.019656527647058816,0.8431372549019608,0.058823529411764705,0.0,0.9019607843137255
2model_llama_70b_granite_8b,"llama_70b,granite_8b",230,always_llama_70b,0.8431372549019608,5.601811764705883e-05,0.8431372549019608,0.09803921568627451,0.0,0.9019607843137255
2model_llama_70b_granite_8b,"llama_70b,granite_8b",230,always_granite_8b,0.8431372549019608,1.511078431372549e-05,0.8431372549019608,0.09803921568627451,0.0,0.09803921568627451
2model_llama_70b_granite_8b,"llama_70b,granite_8b",230,random,0.9019607843137255,4.2336156862745106e-05,0.9019607843137255,0.0392156862745098,0.0,0.6470588235294118
2model_llama_70b_granite_8b,"llama_70b,granite_8b",230,oracle,0.9411764705882353,5.3071647058823535e-05,0.9411764705882353,0.0,0.0,1.0
2model_llama_70b_granite_8b,"llama_70b,granite_8b",230,logistic_router,0.8235294117647058,5.5287333333333335e-05,0.8235294117647058,0.11764705882352941,0.0,0.8627450980392157
2model_llama_70b_granite_8b,"llama_70b,granite_8b",230,linear_svm_router,0.8431372549019608,5.601811764705883e-05,0.8431372549019608,0.09803921568627451,0.0,0.9019607843137255
2model_llama_70b_granite_8b,"llama_70b,granite_8b",230,knn_router,0.8431372549019608,5.601811764705883e-05,0.8431372549019608,0.09803921568627451,0.0,0.9019607843137255
2model_llama_70b_granite_8b,"llama_70b,granite_8b",230,decision_tree_router,0.8627450980392157,4.688527450980392e-05,0.8627450980392157,0.0784313725490196,0.0,0.7450980392156863
2model_llama_70b_granite_8b,"llama_70b,granite_8b",230,random_forest_router,0.8431372549019608,5.601811764705883e-05,0.8431372549019608,0.09803921568627451,0.0,0.9019607843137255
2model_llama_70b_granite_8b,"llama_70b,granite_8b",230,extra_trees_router,0.8431372549019608,5.558282352941177e-05,0.8431372549019608,0.09803921568627451,0.0,0.8823529411764706
2model_llama_70b_granite_8b,"llama_70b,granite_8b",230,tfidf_logistic_router,0.8235294117647058,5.5287333333333335e-05,0.8235294117647058,0.11764705882352941,0.0,0.8627450980392157
2model_llama_70b_granite_8b,"llama_70b,granite_8b",230,tfidf_linear_svm_router,0.8431372549019608,5.601811764705883e-05,0.8431372549019608,0.09803921568627451,0.0,0.9019607843137255
2model_llama_70b_granite_8b,"llama_70b,granite_8b",231,always_llama_70b,0.9019607843137255,0.01966218745098039,0.9019607843137255,0.0196078431372549,0.0,0.9803921568627451
2model_llama_70b_granite_8b,"llama_70b,granite_8b",231,always_granite_8b,0.8431372549019608,1.662843137254902e-05,0.8431372549019608,0.0784313725490196,0.0,0.0196078431372549
2model_llama_70b_granite_8b,"llama_70b,granite_8b",231,random,0.9215686274509803,3.719617647058823e-05,0.9215686274509803,0.0,0.0,0.5686274509803921
2model_llama_70b_granite_8b,"llama_70b,granite_8b",231,oracle,0.9215686274509803,0.01966161549019607,0.9215686274509803,0.0,0.0,1.0
2model_llama_70b_granite_8b,"llama_70b,granite_8b",231,logistic_router,0.8823529411764706,0.019657575882352937,0.8823529411764706,0.0392156862745098,0.0,0.803921568627451
2model_llama_70b_granite_8b,"llama_70b,granite_8b",231,linear_svm_router,0.9019607843137255,0.019660472549019602,0.9019607843137255,0.0196078431372549,0.0,0.9019607843137255
2model_llama_70b_granite_8b,"llama_70b,granite_8b",231,knn_router,0.9019607843137255,0.01966218745098039,0.9019607843137255,0.0196078431372549,0.0,0.9803921568627451
2model_llama_70b_granite_8b,"llama_70b,granite_8b",231,decision_tree_router,0.8823529411764706,0.019656503333333332,0.8823529411764706,0.0392156862745098,0.0,0.8431372549019608
2model_llama_70b_granite_8b,"llama_70b,granite_8b",231,random_forest_router,0.8823529411764706,0.01965553509803921,0.8823529411764706,0.0392156862745098,0.0,0.803921568627451
2model_llama_70b_granite_8b,"llama_70b,granite_8b",231,extra_trees_router,0.8823529411764706,0.01965600039215686,0.8823529411764706,0.0392156862745098,0.0,0.8235294117647058
2model_llama_70b_granite_8b,"llama_70b,granite_8b",231,tfidf_logistic_router,0.8823529411764706,0.019658158235294116,0.8823529411764706,0.0392156862745098,0.0,0.8235294117647058
2model_llama_70b_granite_8b,"llama_70b,granite_8b",231,tfidf_linear_svm_router,0.9019607843137255,0.019661680784313722,0.9019607843137255,0.0196078431372549,0.0,0.9607843137254902
2model_llama_70b_granite_8b,"llama_70b,granite_8b",232,always_llama_70b,0.803921568627451,5.9688607843137255e-05,0.803921568627451,0.0784313725490196,0.0,0.9215686274509803
2model_llama_70b_granite_8b,"llama_70b,granite_8b",232,always_granite_8b,0.7647058823529411,1.5119607843137256e-05,0.7647058823529411,0.11764705882352941,0.0,0.0784313725490196
2model_llama_70b_granite_8b,"llama_70b,granite_8b",232,random,0.7843137254901961,3.4993901960784315e-05,0.7843137254901961,0.09803921568627451,0.0,0.5098039215686274
2model_llama_70b_granite_8b,"llama_70b,granite_8b",232,oracle,0.8823529411764706,5.762978431372549e-05,0.8823529411764706,0.0,0.0,1.0
2model_llama_70b_granite_8b,"llama_70b,granite_8b",232,logistic_router,0.803921568627451,5.649401960784314e-05,0.803921568627451,0.0784313725490196,0.0,0.8431372549019608
2model_llama_70b_granite_8b,"llama_70b,granite_8b",232,linear_svm_router,0.803921568627451,5.644696078431372e-05,0.803921568627451,0.0784313725490196,0.0,0.8431372549019608
2model_llama_70b_granite_8b,"llama_70b,granite_8b",232,knn_router,0.803921568627451,5.9688607843137255e-05,0.803921568627451,0.0784313725490196,0.0,0.9215686274509803
2model_llama_70b_granite_8b,"llama_70b,granite_8b",232,decision_tree_router,0.803921568627451,5.571370588235294e-05,0.803921568627451,0.0784313725490196,0.0,0.8431372549019608
2model_llama_70b_granite_8b,"llama_70b,granite_8b",232,random_forest_router,0.803921568627451,5.8551549019607834e-05,0.803921568627451,0.0784313725490196,0.0,0.8627450980392157
2model_llama_70b_granite_8b,"llama_70b,granite_8b",232,extra_trees_router,0.8431372549019608,5.572480392156863e-05,0.8431372549019608,0.0392156862745098,0.0,0.9019607843137255
2model_llama_70b_granite_8b,"llama_70b,granite_8b",232,tfidf_logistic_router,0.803921568627451,5.721088235294118e-05,0.803921568627451,0.0784313725490196,0.0,0.8823529411764706
2model_llama_70b_granite_8b,"llama_70b,granite_8b",232,tfidf_linear_svm_router,0.803921568627451,5.9161156862745095e-05,0.803921568627451,0.0784313725490196,0.0,0.9019607843137255
2model_llama_70b_granite_8b,"llama_70b,granite_8b",233,always_llama_70b,0.8823529411764706,5.1382941176470584e-05,0.8823529411764706,0.0392156862745098,0.0,0.9607843137254902
2model_llama_70b_granite_8b,"llama_70b,granite_8b",233,always_granite_8b,0.7647058823529411,1.5750000000000003e-05,0.7647058823529411,0.1568627450980392,0.0,0.0392156862745098
2model_llama_70b_granite_8b,"llama_70b,granite_8b",233,random,0.8235294117647058,3.2904607843137256e-05,0.8235294117647058,0.09803921568627451,0.0,0.6078431372549019
2model_llama_70b_granite_8b,"llama_70b,granite_8b",233,oracle,0.9215686274509803,5.023980392156863e-05,0.9215686274509803,0.0,0.0,1.0
2model_llama_70b_granite_8b,"llama_70b,granite_8b",233,logistic_router,0.8627450980392157,4.653372549019607e-05,0.8627450980392157,0.058823529411764705,0.0,0.7843137254901961
2model_llama_70b_granite_8b,"llama_70b,granite_8b",233,linear_svm_router,0.9019607843137255,4.912294117647058e-05,0.9019607843137255,0.0196078431372549,0.0,0.9019607843137255
2model_llama_70b_granite_8b,"llama_70b,granite_8b",233,knn_router,0.8823529411764706,5.1382941176470584e-05,0.8823529411764706,0.0392156862745098,0.0,0.9607843137254902
2model_llama_70b_granite_8b,"llama_70b,granite_8b",233,decision_tree_router,0.8235294117647058,4.645019607843137e-05,0.8235294117647058,0.09803921568627451,0.0,0.8431372549019608
2model_llama_70b_granite_8b,"llama_70b,granite_8b",233,random_forest_router,0.8823529411764706,4.654215686274509e-05,0.8823529411764706,0.0392156862745098,0.0,0.7843137254901961
2model_llama_70b_granite_8b,"llama_70b,granite_8b",233,extra_trees_router,0.8823529411764706,4.760156862745097e-05,0.8823529411764706,0.0392156862745098,0.0,0.8431372549019608
2model_llama_70b_granite_8b,"llama_70b,granite_8b",233,tfidf_logistic_router,0.9019607843137255,4.838529411764706e-05,0.9019607843137255,0.0196078431372549,0.0,0.8823529411764706
2model_llama_70b_granite_8b,"llama_70b,granite_8b",233,tfidf_linear_svm_router,0.9019607843137255,4.9901372549019604e-05,0.9019607843137255,0.0196078431372549,0.0,0.9411764705882353
2model_deepseek_v3_granite_8b,"deepseek_v3,granite_8b",229,always_deepseek_v3,0.8627450980392157,7.586537254901961e-05,0.8627450980392157,0.0392156862745098,0.0,0.9607843137254902
2model_deepseek_v3_granite_8b,"deepseek_v3,granite_8b",229,always_granite_8b,0.8431372549019608,1.5948039215686275e-05,0.8431372549019608,0.058823529411764705,0.0,0.0392156862745098
2model_deepseek_v3_granite_8b,"deepseek_v3,granite_8b",229,random,0.8627450980392157,5.288784313725491e-05,0.8627450980392157,0.0392156862745098,0.0,0.6078431372549019
2model_deepseek_v3_granite_8b,"deepseek_v3,granite_8b",229,oracle,0.9019607843137255,7.332576470588235e-05,0.9019607843137255,0.0,0.0,1.0
2model_deepseek_v3_granite_8b,"deepseek_v3,granite_8b",229,logistic_router,0.8627450980392157,6.907592156862745e-05,0.8627450980392157,0.0392156862745098,0.0,0.8823529411764706
2model_deepseek_v3_granite_8b,"deepseek_v3,granite_8b",229,linear_svm_router,0.8627450980392157,7.4102e-05,0.8627450980392157,0.0392156862745098,0.0,0.9215686274509803
2model_deepseek_v3_granite_8b,"deepseek_v3,granite_8b",229,knn_router,0.8627450980392157,7.586537254901961e-05,0.8627450980392157,0.0392156862745098,0.0,0.9607843137254902
2model_deepseek_v3_granite_8b,"deepseek_v3,granite_8b",229,decision_tree_router,0.8627450980392157,6.260929411764706e-05,0.8627450980392157,0.0392156862745098,0.0,0.803921568627451
2model_deepseek_v3_granite_8b,"deepseek_v3,granite_8b",229,random_forest_router,0.8627450980392157,7.3622e-05,0.8627450980392157,0.0392156862745098,0.0,0.8823529411764706
2model_deepseek_v3_granite_8b,"deepseek_v3,granite_8b",229,extra_trees_router,0.8627450980392157,7.27841568627451e-05,0.8627450980392157,0.0392156862745098,0.0,0.8627450980392157
2model_deepseek_v3_granite_8b,"deepseek_v3,granite_8b",229,tfidf_logistic_router,0.8627450980392157,7.4102e-05,0.8627450980392157,0.0392156862745098,0.0,0.9215686274509803
2model_deepseek_v3_granite_8b,"deepseek_v3,granite_8b",229,tfidf_linear_svm_router,0.8627450980392157,7.490635294117648e-05,0.8627450980392157,0.0392156862745098,0.0,0.9411764705882353
2model_deepseek_v3_granite_8b,"deepseek_v3,granite_8b",230,always_deepseek_v3,0.9019607843137255,6.701905882352941e-05,0.9019607843137255,0.0392156862745098,0.0,0.9607843137254902
2model_deepseek_v3_granite_8b,"deepseek_v3,granite_8b",230,always_granite_8b,0.8431372549019608,1.511078431372549e-05,0.8431372549019608,0.09803921568627451,0.0,0.0392156862745098
2model_deepseek_v3_granite_8b,"deepseek_v3,granite_8b",230,random,0.8823529411764706,4.5446000000000005e-05,0.8823529411764706,0.058823529411764705,0.0,0.5490196078431373
2model_deepseek_v3_granite_8b,"deepseek_v3,granite_8b",230,oracle,0.9411764705882353,6.5632e-05,0.9411764705882353,0.0,0.0,1.0
2model_deepseek_v3_granite_8b,"deepseek_v3,granite_8b",230,logistic_router,0.8823529411764706,6.525980392156863e-05,0.8823529411764706,0.058823529411764705,0.0,0.9019607843137255
2model_deepseek_v3_granite_8b,"deepseek_v3,granite_8b",230,linear_svm_router,0.8823529411764706,6.395074509803921e-05,0.8823529411764706,0.058823529411764705,0.0,0.8627450980392157
2model_deepseek_v3_granite_8b,"deepseek_v3,granite_8b",230,knn_router,0.9019607843137255,6.701905882352941e-05,0.9019607843137255,0.0392156862745098,0.0,0.9607843137254902
2model_deepseek_v3_granite_8b,"deepseek_v3,granite_8b",230,decision_tree_router,0.8823529411764706,6.098996078431373e-05,0.8823529411764706,0.058823529411764705,0.0,0.803921568627451
2model_deepseek_v3_granite_8b,"deepseek_v3,granite_8b",230,random_forest_router,0.9019607843137255,6.701905882352941e-05,0.9019607843137255,0.0392156862745098,0.0,0.9607843137254902
2model_deepseek_v3_granite_8b,"deepseek_v3,granite_8b",230,extra_trees_router,0.8823529411764706,6.201435294117647e-05,0.8823529411764706,0.058823529411764705,0.0,0.803921568627451
2model_deepseek_v3_granite_8b,"deepseek_v3,granite_8b",230,tfidf_logistic_router,0.8823529411764706,6.592219607843137e-05,0.8823529411764706,0.058823529411764705,0.0,0.9215686274509803
2model_deepseek_v3_granite_8b,"deepseek_v3,granite_8b",230,tfidf_linear_svm_router,0.9019607843137255,6.701905882352941e-05,0.9019607843137255,0.0392156862745098,0.0,0.9607843137254902
2model_deepseek_v3_granite_8b,"deepseek_v3,granite_8b",231,always_deepseek_v3,0.8627450980392157,7.632623529411765e-05,0.8627450980392157,0.0392156862745098,0.0,0.9607843137254902
2model_deepseek_v3_granite_8b,"deepseek_v3,granite_8b",231,always_granite_8b,0.8431372549019608,1.662843137254902e-05,0.8431372549019608,0.058823529411764705,0.0,0.0392156862745098
2model_deepseek_v3_granite_8b,"deepseek_v3,granite_8b",231,random,0.8823529411764706,4.830262745098039e-05,0.8823529411764706,0.0196078431372549,0.0,0.5490196078431373
2model_deepseek_v3_granite_8b,"deepseek_v3,granite_8b",231,oracle,0.9019607843137255,7.48515294117647e-05,0.9019607843137255,0.0,0.0,1.0
2model_deepseek_v3_granite_8b,"deepseek_v3,granite_8b",231,logistic_router,0.8823529411764706,7.042937254901961e-05,0.8823529411764706,0.0196078431372549,0.0,0.9019607843137255
2model_deepseek_v3_granite_8b,"deepseek_v3,granite_8b",231,linear_svm_router,0.8823529411764706,6.863329411764706e-05,0.8823529411764706,0.0196078431372549,0.0,0.8823529411764706
2model_deepseek_v3_granite_8b,"deepseek_v3,granite_8b",231,knn_router,0.8627450980392157,7.555133333333333e-05,0.8627450980392157,0.0392156862745098,0.0,0.9411764705882353
2model_deepseek_v3_granite_8b,"deepseek_v3,granite_8b",231,decision_tree_router,0.8823529411764706,6.0783294117647064e-05,0.8823529411764706,0.0196078431372549,0.0,0.7450980392156863
2model_deepseek_v3_granite_8b,"deepseek_v3,granite_8b",231,random_forest_router,0.8627450980392157,7.276290196078432e-05,0.8627450980392157,0.0392156862745098,0.0,0.8431372549019608
2model_deepseek_v3_granite_8b,"deepseek_v3,granite_8b",231,extra_trees_router,0.8823529411764706,6.710066666666667e-05,0.8823529411764706,0.0196078431372549,0.0,0.8431372549019608
2model_deepseek_v3_granite_8b,"deepseek_v3,granite_8b",231,tfidf_logistic_router,0.8823529411764706,7.042937254901961e-05,0.8823529411764706,0.0196078431372549,0.0,0.9019607843137255
2model_deepseek_v3_granite_8b,"deepseek_v3,granite_8b",231,tfidf_linear_svm_router,0.8823529411764706,7.120427450980392e-05,0.8823529411764706,0.0196078431372549,0.0,0.9215686274509803
2model_deepseek_v3_granite_8b,"deepseek_v3,granite_8b",232,always_deepseek_v3,0.8431372549019608,6.874066666666666e-05,0.8431372549019608,0.0392156862745098,0.0,0.9607843137254902
2model_deepseek_v3_granite_8b,"deepseek_v3,granite_8b",232,always_granite_8b,0.7647058823529411,1.5119607843137256e-05,0.7647058823529411,0.11764705882352941,0.0,0.0392156862745098
2model_deepseek_v3_granite_8b,"deepseek_v3,granite_8b",232,random,0.803921568627451,4.3189882352941176e-05,0.803921568627451,0.0784313725490196,0.0,0.5098039215686274
2model_deepseek_v3_granite_8b,"deepseek_v3,granite_8b",232,oracle,0.8823529411764706,6.732125490196079e-05,0.8823529411764706,0.0,0.0,1.0
2model_deepseek_v3_granite_8b,"deepseek_v3,granite_8b",232,logistic_router,0.8431372549019608,6.343164705882352e-05,0.8431372549019608,0.0392156862745098,0.0,0.9019607843137255
2model_deepseek_v3_granite_8b,"deepseek_v3,granite_8b",232,linear_svm_router,0.8431372549019608,6.396341176470588e-05,0.8431372549019608,0.0392156862745098,0.0,0.9215686274509803
2model_deepseek_v3_granite_8b,"deepseek_v3,granite_8b",232,knn_router,0.8431372549019608,6.874066666666666e-05,0.8431372549019608,0.0392156862745098,0.0,0.9607843137254902
2model_deepseek_v3_granite_8b,"deepseek_v3,granite_8b",232,decision_tree_router,0.8431372549019608,6.396341176470588e-05,0.8431372549019608,0.0392156862745098,0.0,0.9215686274509803
2model_deepseek_v3_granite_8b,"deepseek_v3,granite_8b",232,random_forest_router,0.8431372549019608,6.874066666666666e-05,0.8431372549019608,0.0392156862745098,0.0,0.9607843137254902
2model_deepseek_v3_granite_8b,"deepseek_v3,granite_8b",232,extra_trees_router,0.8431372549019608,6.396341176470588e-05,0.8431372549019608,0.0392156862745098,0.0,0.9215686274509803
2model_deepseek_v3_granite_8b,"deepseek_v3,granite_8b",232,tfidf_logistic_router,0.8431372549019608,6.670458823529412e-05,0.8431372549019608,0.0392156862745098,0.0,0.9411764705882353
2model_deepseek_v3_granite_8b,"deepseek_v3,granite_8b",232,tfidf_linear_svm_router,0.8431372549019608,6.670458823529412e-05,0.8431372549019608,0.0392156862745098,0.0,0.9411764705882353
2model_deepseek_v3_granite_8b,"deepseek_v3,granite_8b",233,always_deepseek_v3,0.8823529411764706,6.603835294117647e-05,0.8823529411764706,0.0392156862745098,0.0,0.9607843137254902
2model_deepseek_v3_granite_8b,"deepseek_v3,granite_8b",233,always_granite_8b,0.7647058823529411,1.5750000000000003e-05,0.7647058823529411,0.1568627450980392,0.0,0.0392156862745098
2model_deepseek_v3_granite_8b,"deepseek_v3,granite_8b",233,random,0.803921568627451,4.251603921568628e-05,0.803921568627451,0.11764705882352941,0.0,0.5686274509803921
2model_deepseek_v3_granite_8b,"deepseek_v3,granite_8b",233,oracle,0.9215686274509803,6.4596e-05,0.9215686274509803,0.0,0.0,1.0
2model_deepseek_v3_granite_8b,"deepseek_v3,granite_8b",233,logistic_router,0.9019607843137255,6.0520509803921575e-05,0.9019607843137255,0.0196078431372549,0.0,0.9215686274509803
2model_deepseek_v3_granite_8b,"deepseek_v3,granite_8b",233,linear_svm_router,0.8823529411764706,5.98183137254902e-05,0.8823529411764706,0.0392156862745098,0.0,0.9215686274509803
2model_deepseek_v3_granite_8b,"deepseek_v3,granite_8b",233,knn_router,0.8823529411764706,6.603835294117647e-05,0.8823529411764706,0.0392156862745098,0.0,0.9607843137254902
2model_deepseek_v3_granite_8b,"deepseek_v3,granite_8b",233,decision_tree_router,0.8627450980392157,5.464349019607843e-05,0.8627450980392157,0.058823529411764705,0.0,0.7843137254901961
2model_deepseek_v3_granite_8b,"deepseek_v3,granite_8b",233,random_forest_router,0.8823529411764706,6.603835294117647e-05,0.8823529411764706,0.0392156862745098,0.0,0.9607843137254902
2model_deepseek_v3_granite_8b,"deepseek_v3,granite_8b",233,extra_trees_router,0.8823529411764706,6.603835294117647e-05,0.8823529411764706,0.0392156862745098,0.0,0.9607843137254902
2model_deepseek_v3_granite_8b,"deepseek_v3,granite_8b",233,tfidf_logistic_router,0.9019607843137255,6.0520509803921575e-05,0.9019607843137255,0.0196078431372549,0.0,0.9215686274509803
2model_deepseek_v3_granite_8b,"deepseek_v3,granite_8b",233,tfidf_linear_svm_router,0.8823529411764706,6.204011764705882e-05,0.8823529411764706,0.0392156862745098,0.0,0.9215686274509803
3model_gemini_flash_lite_gemini_flash_qwen_30b,"gemini_flash_lite,gemini_flash,qwen_30b",229,always_gemini_flash_lite,0.9019607843137255,0.00012208823529411767,0.9019607843137255,0.0392156862745098,0.0,0.9607843137254902
3model_gemini_flash_lite_gemini_flash_qwen_30b,"gemini_flash_lite,gemini_flash,qwen_30b",229,always_gemini_flash,0.8627450980392157,0.00018459215686274512,0.8627450980392157,0.0784313725490196,0.0,0.0392156862745098
3model_gemini_flash_lite_gemini_flash_qwen_30b,"gemini_flash_lite,gemini_flash,qwen_30b",229,always_qwen_30b,0.8627450980392157,2.4920705882352944e-05,0.8627450980392157,0.0784313725490196,0.0,0.0
3model_gemini_flash_lite_gemini_flash_qwen_30b,"gemini_flash_lite,gemini_flash,qwen_30b",229,random,0.8431372549019608,0.00011373947450980392,0.8431372549019608,0.09803921568627451,0.0,0.2549019607843137
3model_gemini_flash_lite_gemini_flash_qwen_30b,"gemini_flash_lite,gemini_flash,qwen_30b",229,oracle,0.9411764705882353,0.00012691666666666667,0.9411764705882353,0.0,0.0,1.0
3model_gemini_flash_lite_gemini_flash_qwen_30b,"gemini_flash_lite,gemini_flash,qwen_30b",229,logistic_router,0.9019607843137255,0.00012208823529411767,0.9019607843137255,0.0392156862745098,0.0,0.9607843137254902
3model_gemini_flash_lite_gemini_flash_qwen_30b,"gemini_flash_lite,gemini_flash,qwen_30b",229,linear_svm_router,0.9019607843137255,0.00012208823529411767,0.9019607843137255,0.0392156862745098,0.0,0.9607843137254902
3model_gemini_flash_lite_gemini_flash_qwen_30b,"gemini_flash_lite,gemini_flash,qwen_30b",229,knn_router,0.9019607843137255,0.00012208823529411767,0.9019607843137255,0.0392156862745098,0.0,0.9607843137254902
3model_gemini_flash_lite_gemini_flash_qwen_30b,"gemini_flash_lite,gemini_flash,qwen_30b",229,decision_tree_router,0.9019607843137255,0.00011956647058823533,0.9019607843137255,0.0392156862745098,0.0,0.9215686274509803
3model_gemini_flash_lite_gemini_flash_qwen_30b,"gemini_flash_lite,gemini_flash,qwen_30b",229,random_forest_router,0.9019607843137255,0.00012208823529411767,0.9019607843137255,0.0392156862745098,0.0,0.9607843137254902
3model_gemini_flash_lite_gemini_flash_qwen_30b,"gemini_flash_lite,gemini_flash,qwen_30b",229,extra_trees_router,0.9019607843137255,0.00012208823529411767,0.9019607843137255,0.0392156862745098,0.0,0.9607843137254902
3model_gemini_flash_lite_gemini_flash_qwen_30b,"gemini_flash_lite,gemini_flash,qwen_30b",229,tfidf_logistic_router,0.9019607843137255,0.00012208823529411767,0.9019607843137255,0.0392156862745098,0.0,0.9607843137254902
3model_gemini_flash_lite_gemini_flash_qwen_30b,"gemini_flash_lite,gemini_flash,qwen_30b",229,tfidf_linear_svm_router,0.9019607843137255,0.00012208823529411767,0.9019607843137255,0.0392156862745098,0.0,0.9607843137254902
3model_gemini_flash_lite_gemini_flash_qwen_30b,"gemini_flash_lite,gemini_flash,qwen_30b",230,always_gemini_flash_lite,0.9607843137254902,0.00011823039215686275,0.9607843137254902,0.0,0.0,
3model_gemini_flash_lite_gemini_flash_qwen_30b,"gemini_flash_lite,gemini_flash,qwen_30b",230,always_gemini_flash,0.8823529411764706,0.00017710784313725492,0.8823529411764706,0.0784313725490196,0.0,
3model_gemini_flash_lite_gemini_flash_qwen_30b,"gemini_flash_lite,gemini_flash,qwen_30b",230,always_qwen_30b,0.9019607843137255,2.362894117647059e-05,0.9019607843137255,0.058823529411764705,0.0,
3model_gemini_flash_lite_gemini_flash_qwen_30b,"gemini_flash_lite,gemini_flash,qwen_30b",230,random,0.9019607843137255,0.00012989629019607843,0.9019607843137255,0.058823529411764705,0.0,
3model_gemini_flash_lite_gemini_flash_qwen_30b,"gemini_flash_lite,gemini_flash,qwen_30b",230,oracle,0.9607843137254902,0.00011823039215686275,0.9607843137254902,0.0,0.0,
3model_gemini_flash_lite_gemini_flash_qwen_30b,"gemini_flash_lite,gemini_flash,qwen_30b",230,logistic_router,0.9607843137254902,0.00011823039215686275,0.9607843137254902,0.0,0.0,
3model_gemini_flash_lite_gemini_flash_qwen_30b,"gemini_flash_lite,gemini_flash,qwen_30b",230,linear_svm_router,0.9607843137254902,0.00011823039215686275,0.9607843137254902,0.0,0.0,
3model_gemini_flash_lite_gemini_flash_qwen_30b,"gemini_flash_lite,gemini_flash,qwen_30b",230,knn_router,0.9607843137254902,0.00011823039215686275,0.9607843137254902,0.0,0.0,
3model_gemini_flash_lite_gemini_flash_qwen_30b,"gemini_flash_lite,gemini_flash,qwen_30b",230,decision_tree_router,0.9607843137254902,0.00011561174901960785,0.9607843137254902,0.0,0.0,
3model_gemini_flash_lite_gemini_flash_qwen_30b,"gemini_flash_lite,gemini_flash,qwen_30b",230,random_forest_router,0.9607843137254902,0.00011823039215686275,0.9607843137254902,0.0,0.0,
3model_gemini_flash_lite_gemini_flash_qwen_30b,"gemini_flash_lite,gemini_flash,qwen_30b",230,extra_trees_router,0.9411764705882353,0.00012074705882352941,0.9411764705882353,0.0196078431372549,0.0,
3model_gemini_flash_lite_gemini_flash_qwen_30b,"gemini_flash_lite,gemini_flash,qwen_30b",230,tfidf_logistic_router,0.9607843137254902,0.00011823039215686275,0.9607843137254902,0.0,0.0,
3model_gemini_flash_lite_gemini_flash_qwen_30b,"gemini_flash_lite,gemini_flash,qwen_30b",230,tfidf_linear_svm_router,0.9607843137254902,0.00011823039215686275,0.9607843137254902,0.0,0.0,
3model_gemini_flash_lite_gemini_flash_qwen_30b,"gemini_flash_lite,gemini_flash,qwen_30b",231,always_gemini_flash_lite,0.9411764705882353,0.00012332843137254903,0.9411764705882353,0.0,0.0,
3model_gemini_flash_lite_gemini_flash_qwen_30b,"gemini_flash_lite,gemini_flash,qwen_30b",231,always_gemini_flash,0.8823529411764706,0.00021189803921568628,0.8823529411764706,0.058823529411764705,0.0,
3model_gemini_flash_lite_gemini_flash_qwen_30b,"gemini_flash_lite,gemini_flash,qwen_30b",231,always_qwen_30b,0.9019607843137255,2.4771207843137253e-05,0.9019607843137255,0.0392156862745098,0.0,
3model_gemini_flash_lite_gemini_flash_qwen_30b,"gemini_flash_lite,gemini_flash,qwen_30b",231,random,0.9411764705882353,0.00011771556078431371,0.9411764705882353,0.0,0.0,
3model_gemini_flash_lite_gemini_flash_qwen_30b,"gemini_flash_lite,gemini_flash,qwen_30b",231,oracle,0.9411764705882353,0.00012332843137254903,0.9411764705882353,0.0,0.0,
3model_gemini_flash_lite_gemini_flash_qwen_30b,"gemini_flash_lite,gemini_flash,qwen_30b",231,logistic_router,0.9411764705882353,0.00013614901960784314,0.9411764705882353,0.0,0.0,
3model_gemini_flash_lite_gemini_flash_qwen_30b,"gemini_flash_lite,gemini_flash,qwen_30b",231,linear_svm_router,0.9411764705882353,0.000126528431372549,0.9411764705882353,0.0,0.0,
3model_gemini_flash_lite_gemini_flash_qwen_30b,"gemini_flash_lite,gemini_flash,qwen_30b",231,knn_router,0.9411764705882353,0.00012332843137254903,0.9411764705882353,0.0,0.0,
3model_gemini_flash_lite_gemini_flash_qwen_30b,"gemini_flash_lite,gemini_flash,qwen_30b",231,decision_tree_router,0.9411764705882353,0.00012360037647058826,0.9411764705882353,0.0,0.0,
3model_gemini_flash_lite_gemini_flash_qwen_30b,"gemini_flash_lite,gemini_flash,qwen_30b",231,random_forest_router,0.9411764705882353,0.00012480294117647058,0.9411764705882353,0.0,0.0,
3model_gemini_flash_lite_gemini_flash_qwen_30b,"gemini_flash_lite,gemini_flash,qwen_30b",231,extra_trees_router,0.9411764705882353,0.00012800294117647058,0.9411764705882353,0.0,0.0,
3model_gemini_flash_lite_gemini_flash_qwen_30b,"gemini_flash_lite,gemini_flash,qwen_30b",231,tfidf_logistic_router,0.9411764705882353,0.0001329,0.9411764705882353,0.0,0.0,
3model_gemini_flash_lite_gemini_flash_qwen_30b,"gemini_flash_lite,gemini_flash,qwen_30b",231,tfidf_linear_svm_router,0.9411764705882353,0.00012332843137254903,0.9411764705882353,0.0,0.0,
3model_gemini_flash_lite_gemini_flash_qwen_30b,"gemini_flash_lite,gemini_flash,qwen_30b",232,always_gemini_flash_lite,0.9215686274509803,0.00011666176470588236,0.9215686274509803,0.0,0.0,
3model_gemini_flash_lite_gemini_flash_qwen_30b,"gemini_flash_lite,gemini_flash,qwen_30b",232,always_gemini_flash,0.8627450980392157,0.00018412941176470594,0.8627450980392157,0.058823529411764705,0.0,
3model_gemini_flash_lite_gemini_flash_qwen_30b,"gemini_flash_lite,gemini_flash,qwen_30b",232,always_qwen_30b,0.8431372549019608,2.445814117647059e-05,0.8431372549019608,0.0784313725490196,0.0,
3model_gemini_flash_lite_gemini_flash_qwen_30b,"gemini_flash_lite,gemini_flash,qwen_30b",232,random,0.8431372549019608,0.00011779716862745098,0.8431372549019608,0.0784313725490196,0.0,
3model_gemini_flash_lite_gemini_flash_qwen_30b,"gemini_flash_lite,gemini_flash,qwen_30b",232,oracle,0.9215686274509803,0.00011666176470588236,0.9215686274509803,0.0,0.0,
3model_gemini_flash_lite_gemini_flash_qwen_30b,"gemini_flash_lite,gemini_flash,qwen_30b",232,logistic_router,0.9215686274509803,0.00012582549019607843,0.9215686274509803,0.0,0.0,
3model_gemini_flash_lite_gemini_flash_qwen_30b,"gemini_flash_lite,gemini_flash,qwen_30b",232,linear_svm_router,0.9215686274509803,0.00012347647058823529,0.9215686274509803,0.0,0.0,
3model_gemini_flash_lite_gemini_flash_qwen_30b,"gemini_flash_lite,gemini_flash,qwen_30b",232,knn_router,0.9215686274509803,0.00011666176470588236,0.9215686274509803,0.0,0.0,
3model_gemini_flash_lite_gemini_flash_qwen_30b,"gemini_flash_lite,gemini_flash,qwen_30b",232,decision_tree_router,0.9215686274509803,0.000120820031372549,0.9215686274509803,0.0,0.0,
3model_gemini_flash_lite_gemini_flash_qwen_30b,"gemini_flash_lite,gemini_flash,qwen_30b",232,random_forest_router,0.9215686274509803,0.00011666176470588236,0.9215686274509803,0.0,0.0,
3model_gemini_flash_lite_gemini_flash_qwen_30b,"gemini_flash_lite,gemini_flash,qwen_30b",232,extra_trees_router,0.9215686274509803,0.00012347647058823529,0.9215686274509803,0.0,0.0,
3model_gemini_flash_lite_gemini_flash_qwen_30b,"gemini_flash_lite,gemini_flash,qwen_30b",232,tfidf_logistic_router,0.9215686274509803,0.00012347647058823529,0.9215686274509803,0.0,0.0,
3model_gemini_flash_lite_gemini_flash_qwen_30b,"gemini_flash_lite,gemini_flash,qwen_30b",232,tfidf_linear_svm_router,0.9215686274509803,0.00011666176470588236,0.9215686274509803,0.0,0.0,
3model_gemini_flash_lite_gemini_flash_qwen_30b,"gemini_flash_lite,gemini_flash,qwen_30b",233,always_gemini_flash_lite,0.9607843137254902,0.00011480392156862747,0.9607843137254902,0.0196078431372549,0.0,0.9803921568627451
3model_gemini_flash_lite_gemini_flash_qwen_30b,"gemini_flash_lite,gemini_flash,qwen_30b",233,always_gemini_flash,0.8627450980392157,0.00018182352941176474,0.8627450980392157,0.11764705882352941,0.0,0.0
3model_gemini_flash_lite_gemini_flash_qwen_30b,"gemini_flash_lite,gemini_flash,qwen_30b",233,always_qwen_30b,0.9215686274509803,2.229367058823529e-05,0.9215686274509803,0.058823529411764705,0.0,0.0196078431372549
3model_gemini_flash_lite_gemini_flash_qwen_30b,"gemini_flash_lite,gemini_flash,qwen_30b",233,random,0.9607843137254902,0.00010557552156862746,0.9607843137254902,0.0196078431372549,0.0,0.37254901960784315
3model_gemini_flash_lite_gemini_flash_qwen_30b,"gemini_flash_lite,gemini_flash,qwen_30b",233,oracle,0.9803921568627451,0.00011287265882352944,0.9803921568627451,0.0,0.0,1.0
3model_gemini_flash_lite_gemini_flash_qwen_30b,"gemini_flash_lite,gemini_flash,qwen_30b",233,logistic_router,0.9607843137254902,0.00011823823529411767,0.9607843137254902,0.0196078431372549,0.0,0.9411764705882353
3model_gemini_flash_lite_gemini_flash_qwen_30b,"gemini_flash_lite,gemini_flash,qwen_30b",233,linear_svm_router,0.9607843137254902,0.00011480392156862747,0.9607843137254902,0.0196078431372549,0.0,0.9803921568627451
3model_gemini_flash_lite_gemini_flash_qwen_30b,"gemini_flash_lite,gemini_flash,qwen_30b",233,knn_router,0.9607843137254902,0.00011480392156862747,0.9607843137254902,0.0196078431372549,0.0,0.9803921568627451
3model_gemini_flash_lite_gemini_flash_qwen_30b,"gemini_flash_lite,gemini_flash,qwen_30b",233,decision_tree_router,0.9607843137254902,0.00011884705882352943,0.9607843137254902,0.0196078431372549,0.0,0.9215686274509803
3model_gemini_flash_lite_gemini_flash_qwen_30b,"gemini_flash_lite,gemini_flash,qwen_30b",233,random_forest_router,0.9607843137254902,0.00011480392156862747,0.9607843137254902,0.0196078431372549,0.0,0.9803921568627451
3model_gemini_flash_lite_gemini_flash_qwen_30b,"gemini_flash_lite,gemini_flash,qwen_30b",233,extra_trees_router,0.9607843137254902,0.00011480392156862747,0.9607843137254902,0.0196078431372549,0.0,0.9803921568627451
3model_gemini_flash_lite_gemini_flash_qwen_30b,"gemini_flash_lite,gemini_flash,qwen_30b",233,tfidf_logistic_router,0.9607843137254902,0.00011480392156862747,0.9607843137254902,0.0196078431372549,0.0,0.9803921568627451
3model_gemini_flash_lite_gemini_flash_qwen_30b,"gemini_flash_lite,gemini_flash,qwen_30b",233,tfidf_linear_svm_router,0.9607843137254902,0.00011480392156862747,0.9607843137254902,0.0196078431372549,0.0,0.9803921568627451
3model_gemini_flash_lite_gemini_flash_llama_70b,"gemini_flash_lite,gemini_flash,llama_70b",229,always_gemini_flash_lite,0.9019607843137255,0.00012208823529411767,0.9019607843137255,0.0392156862745098,0.0,0.9607843137254902
3model_gemini_flash_lite_gemini_flash_llama_70b,"gemini_flash_lite,gemini_flash,llama_70b",229,always_gemini_flash,0.8627450980392157,0.00018459215686274512,0.8627450980392157,0.0784313725490196,0.0,0.0392156862745098
3model_gemini_flash_lite_gemini_flash_llama_70b,"gemini_flash_lite,gemini_flash,llama_70b",229,always_llama_70b,0.8235294117647058,0.019657743235294112,0.8235294117647058,0.11764705882352941,0.0,0.0
3model_gemini_flash_lite_gemini_flash_llama_70b,"gemini_flash_lite,gemini_flash,llama_70b",229,random,0.8431372549019608,0.019727875392156865,0.8431372549019608,0.09803921568627451,0.0,0.2549019607843137
3model_gemini_flash_lite_gemini_flash_llama_70b,"gemini_flash_lite,gemini_flash,llama_70b",229,oracle,0.9411764705882353,0.00012691666666666667,0.9411764705882353,0.0,0.0,1.0
3model_gemini_flash_lite_gemini_flash_llama_70b,"gemini_flash_lite,gemini_flash,llama_70b",229,logistic_router,0.9019607843137255,0.00012208823529411767,0.9019607843137255,0.0392156862745098,0.0,0.9607843137254902
3model_gemini_flash_lite_gemini_flash_llama_70b,"gemini_flash_lite,gemini_flash,llama_70b",229,linear_svm_router,0.9019607843137255,0.00012208823529411767,0.9019607843137255,0.0392156862745098,0.0,0.9607843137254902
3model_gemini_flash_lite_gemini_flash_llama_70b,"gemini_flash_lite,gemini_flash,llama_70b",229,knn_router,0.9019607843137255,0.00012208823529411767,0.9019607843137255,0.0392156862745098,0.0,0.9607843137254902
3model_gemini_flash_lite_gemini_flash_llama_70b,"gemini_flash_lite,gemini_flash,llama_70b",229,decision_tree_router,0.9019607843137255,0.00012112352941176472,0.9019607843137255,0.0392156862745098,0.0,0.9411764705882353
3model_gemini_flash_lite_gemini_flash_llama_70b,"gemini_flash_lite,gemini_flash,llama_70b",229,random_forest_router,0.9019607843137255,0.00012208823529411767,0.9019607843137255,0.0392156862745098,0.0,0.9607843137254902
3model_gemini_flash_lite_gemini_flash_llama_70b,"gemini_flash_lite,gemini_flash,llama_70b",229,extra_trees_router,0.9019607843137255,0.00012208823529411767,0.9019607843137255,0.0392156862745098,0.0,0.9607843137254902
3model_gemini_flash_lite_gemini_flash_llama_70b,"gemini_flash_lite,gemini_flash,llama_70b",229,tfidf_logistic_router,0.9019607843137255,0.00012208823529411767,0.9019607843137255,0.0392156862745098,0.0,0.9607843137254902
3model_gemini_flash_lite_gemini_flash_llama_70b,"gemini_flash_lite,gemini_flash,llama_70b",229,tfidf_linear_svm_router,0.9019607843137255,0.00012208823529411767,0.9019607843137255,0.0392156862745098,0.0,0.9607843137254902
3model_gemini_flash_lite_gemini_flash_llama_70b,"gemini_flash_lite,gemini_flash,llama_70b",230,always_gemini_flash_lite,0.9607843137254902,0.00011823039215686275,0.9607843137254902,0.0196078431372549,0.0,0.9803921568627451
3model_gemini_flash_lite_gemini_flash_llama_70b,"gemini_flash_lite,gemini_flash,llama_70b",230,always_gemini_flash,0.8823529411764706,0.00017710784313725492,0.8823529411764706,0.09803921568627451,0.0,0.0
3model_gemini_flash_lite_gemini_flash_llama_70b,"gemini_flash_lite,gemini_flash,llama_70b",230,always_llama_70b,0.8431372549019608,5.601811764705883e-05,0.8431372549019608,0.13725490196078433,0.0,0.0196078431372549
3model_gemini_flash_lite_gemini_flash_llama_70b,"gemini_flash_lite,gemini_flash,llama_70b",230,random,0.8627450980392157,0.00013569696078431374,0.8627450980392157,0.11764705882352941,0.0,0.3333333333333333
3model_gemini_flash_lite_gemini_flash_llama_70b,"gemini_flash_lite,gemini_flash,llama_70b",230,oracle,0.9803921568627451,0.00011765196078431374,0.9803921568627451,0.0,0.0,1.0
3model_gemini_flash_lite_gemini_flash_llama_70b,"gemini_flash_lite,gemini_flash,llama_70b",230,logistic_router,0.9411764705882353,0.00011776960784313725,0.9411764705882353,0.0392156862745098,0.0,0.9607843137254902
3model_gemini_flash_lite_gemini_flash_llama_70b,"gemini_flash_lite,gemini_flash,llama_70b",230,linear_svm_router,0.9607843137254902,0.00012062156862745098,0.9607843137254902,0.0196078431372549,0.0,0.9607843137254902
3model_gemini_flash_lite_gemini_flash_llama_70b,"gemini_flash_lite,gemini_flash,llama_70b",230,knn_router,0.9607843137254902,0.00011823039215686275,0.9607843137254902,0.0196078431372549,0.0,0.9803921568627451
3model_gemini_flash_lite_gemini_flash_llama_70b,"gemini_flash_lite,gemini_flash,llama_70b",230,decision_tree_router,0.9607843137254902,0.00011823039215686275,0.9607843137254902,0.0196078431372549,0.0,0.9803921568627451
3model_gemini_flash_lite_gemini_flash_llama_70b,"gemini_flash_lite,gemini_flash,llama_70b",230,random_forest_router,0.9607843137254902,0.00011823039215686275,0.9607843137254902,0.0196078431372549,0.0,0.9803921568627451
3model_gemini_flash_lite_gemini_flash_llama_70b,"gemini_flash_lite,gemini_flash,llama_70b",230,extra_trees_router,0.9607843137254902,0.00012139901960784313,0.9607843137254902,0.0196078431372549,0.0,0.9019607843137255
3model_gemini_flash_lite_gemini_flash_llama_70b,"gemini_flash_lite,gemini_flash,llama_70b",230,tfidf_logistic_router,0.9607843137254902,0.00011823039215686275,0.9607843137254902,0.0196078431372549,0.0,0.9803921568627451
3model_gemini_flash_lite_gemini_flash_llama_70b,"gemini_flash_lite,gemini_flash,llama_70b",230,tfidf_linear_svm_router,0.9607843137254902,0.00011823039215686275,0.9607843137254902,0.0196078431372549,0.0,0.9803921568627451
3model_gemini_flash_lite_gemini_flash_llama_70b,"gemini_flash_lite,gemini_flash,llama_70b",231,always_gemini_flash_lite,0.9411764705882353,0.00012332843137254903,0.9411764705882353,0.0196078431372549,0.0,0.9803921568627451
3model_gemini_flash_lite_gemini_flash_llama_70b,"gemini_flash_lite,gemini_flash,llama_70b",231,always_gemini_flash,0.8823529411764706,0.00021189803921568628,0.8823529411764706,0.0784313725490196,0.0,0.0
3model_gemini_flash_lite_gemini_flash_llama_70b,"gemini_flash_lite,gemini_flash,llama_70b",231,always_llama_70b,0.9019607843137255,0.01966218745098039,0.9019607843137255,0.058823529411764705,0.0,0.0196078431372549
3model_gemini_flash_lite_gemini_flash_llama_70b,"gemini_flash_lite,gemini_flash,llama_70b",231,random,0.9411764705882353,0.019737974901960786,0.9411764705882353,0.0196078431372549,0.0,0.3333333333333333
3model_gemini_flash_lite_gemini_flash_llama_70b,"gemini_flash_lite,gemini_flash,llama_70b",231,oracle,0.9607843137254902,0.00012275,0.9607843137254902,0.0,0.0,1.0
3model_gemini_flash_lite_gemini_flash_llama_70b,"gemini_flash_lite,gemini_flash,llama_70b",231,logistic_router,0.9411764705882353,0.00013491960784313726,0.9411764705882353,0.0196078431372549,0.0,0.9019607843137255
3model_gemini_flash_lite_gemini_flash_llama_70b,"gemini_flash_lite,gemini_flash,llama_70b",231,linear_svm_router,0.9411764705882353,0.00012332843137254903,0.9411764705882353,0.0196078431372549,0.0,0.9803921568627451
3model_gemini_flash_lite_gemini_flash_llama_70b,"gemini_flash_lite,gemini_flash,llama_70b",231,knn_router,0.9411764705882353,0.00012332843137254903,0.9411764705882353,0.0196078431372549,0.0,0.9803921568627451
3model_gemini_flash_lite_gemini_flash_llama_70b,"gemini_flash_lite,gemini_flash,llama_70b",231,decision_tree_router,0.9411764705882353,0.00012632352941176472,0.9411764705882353,0.0196078431372549,0.0,0.9607843137254902
3model_gemini_flash_lite_gemini_flash_llama_70b,"gemini_flash_lite,gemini_flash,llama_70b",231,random_forest_router,0.9411764705882353,0.00012332843137254903,0.9411764705882353,0.0196078431372549,0.0,0.9803921568627451
3model_gemini_flash_lite_gemini_flash_llama_70b,"gemini_flash_lite,gemini_flash,llama_70b",231,extra_trees_router,0.9411764705882353,0.00012800294117647058,0.9411764705882353,0.0196078431372549,0.0,0.9411764705882353
3model_gemini_flash_lite_gemini_flash_llama_70b,"gemini_flash_lite,gemini_flash,llama_70b",231,tfidf_logistic_router,0.9411764705882353,0.0001329,0.9411764705882353,0.0196078431372549,0.0,0.9215686274509803
3model_gemini_flash_lite_gemini_flash_llama_70b,"gemini_flash_lite,gemini_flash,llama_70b",231,tfidf_linear_svm_router,0.9411764705882353,0.00012332843137254903,0.9411764705882353,0.0196078431372549,0.0,0.9803921568627451
3model_gemini_flash_lite_gemini_flash_llama_70b,"gemini_flash_lite,gemini_flash,llama_70b",232,always_gemini_flash_lite,0.9215686274509803,0.00011666176470588236,0.9215686274509803,0.0,0.0,
3model_gemini_flash_lite_gemini_flash_llama_70b,"gemini_flash_lite,gemini_flash,llama_70b",232,always_gemini_flash,0.8627450980392157,0.00018412941176470594,0.8627450980392157,0.058823529411764705,0.0,
3model_gemini_flash_lite_gemini_flash_llama_70b,"gemini_flash_lite,gemini_flash,llama_70b",232,always_llama_70b,0.803921568627451,5.9688607843137255e-05,0.803921568627451,0.11764705882352941,0.0,
3model_gemini_flash_lite_gemini_flash_llama_70b,"gemini_flash_lite,gemini_flash,llama_70b",232,random,0.8627450980392157,0.00013021843137254902,0.8627450980392157,0.058823529411764705,0.0,
3model_gemini_flash_lite_gemini_flash_llama_70b,"gemini_flash_lite,gemini_flash,llama_70b",232,oracle,0.9215686274509803,0.00011666176470588236,0.9215686274509803,0.0,0.0,
3model_gemini_flash_lite_gemini_flash_llama_70b,"gemini_flash_lite,gemini_flash,llama_70b",232,logistic_router,0.9215686274509803,0.00012582549019607843,0.9215686274509803,0.0,0.0,
3model_gemini_flash_lite_gemini_flash_llama_70b,"gemini_flash_lite,gemini_flash,llama_70b",232,linear_svm_router,0.9215686274509803,0.00012347647058823529,0.9215686274509803,0.0,0.0,
3model_gemini_flash_lite_gemini_flash_llama_70b,"gemini_flash_lite,gemini_flash,llama_70b",232,knn_router,0.9215686274509803,0.00011666176470588236,0.9215686274509803,0.0,0.0,
3model_gemini_flash_lite_gemini_flash_llama_70b,"gemini_flash_lite,gemini_flash,llama_70b",232,decision_tree_router,0.9019607843137255,0.0001222410588235294,0.9019607843137255,0.0196078431372549,0.0,
3model_gemini_flash_lite_gemini_flash_llama_70b,"gemini_flash_lite,gemini_flash,llama_70b",232,random_forest_router,0.9215686274509803,0.00011666176470588236,0.9215686274509803,0.0,0.0,
3model_gemini_flash_lite_gemini_flash_llama_70b,"gemini_flash_lite,gemini_flash,llama_70b",232,extra_trees_router,0.9215686274509803,0.00012347647058823529,0.9215686274509803,0.0,0.0,
3model_gemini_flash_lite_gemini_flash_llama_70b,"gemini_flash_lite,gemini_flash,llama_70b",232,tfidf_logistic_router,0.9215686274509803,0.00012347647058823529,0.9215686274509803,0.0,0.0,
3model_gemini_flash_lite_gemini_flash_llama_70b,"gemini_flash_lite,gemini_flash,llama_70b",232,tfidf_linear_svm_router,0.9215686274509803,0.00011666176470588236,0.9215686274509803,0.0,0.0,
3model_gemini_flash_lite_gemini_flash_llama_70b,"gemini_flash_lite,gemini_flash,llama_70b",233,always_gemini_flash_lite,0.9607843137254902,0.00011480392156862747,0.9607843137254902,0.0,0.0,
3model_gemini_flash_lite_gemini_flash_llama_70b,"gemini_flash_lite,gemini_flash,llama_70b",233,always_gemini_flash,0.8627450980392157,0.00018182352941176474,0.8627450980392157,0.09803921568627451,0.0,
3model_gemini_flash_lite_gemini_flash_llama_70b,"gemini_flash_lite,gemini_flash,llama_70b",233,always_llama_70b,0.8823529411764706,5.1382941176470584e-05,0.8823529411764706,0.0784313725490196,0.0,
3model_gemini_flash_lite_gemini_flash_llama_70b,"gemini_flash_lite,gemini_flash,llama_70b",233,random,0.9411764705882353,0.00011845950980392154,0.9411764705882353,0.0196078431372549,0.0,
3model_gemini_flash_lite_gemini_flash_llama_70b,"gemini_flash_lite,gemini_flash,llama_70b",233,oracle,0.9607843137254902,0.00011480392156862747,0.9607843137254902,0.0,0.0,
3model_gemini_flash_lite_gemini_flash_llama_70b,"gemini_flash_lite,gemini_flash,llama_70b",233,logistic_router,0.9607843137254902,0.00011823823529411767,0.9607843137254902,0.0,0.0,
3model_gemini_flash_lite_gemini_flash_llama_70b,"gemini_flash_lite,gemini_flash,llama_70b",233,linear_svm_router,0.9607843137254902,0.00011480392156862747,0.9607843137254902,0.0,0.0,
3model_gemini_flash_lite_gemini_flash_llama_70b,"gemini_flash_lite,gemini_flash,llama_70b",233,knn_router,0.9607843137254902,0.00011480392156862747,0.9607843137254902,0.0,0.0,
3model_gemini_flash_lite_gemini_flash_llama_70b,"gemini_flash_lite,gemini_flash,llama_70b",233,decision_tree_router,0.9607843137254902,0.0001123337254901961,0.9607843137254902,0.0,0.0,
3model_gemini_flash_lite_gemini_flash_llama_70b,"gemini_flash_lite,gemini_flash,llama_70b",233,random_forest_router,0.9607843137254902,0.00011346392156862746,0.9607843137254902,0.0,0.0,
3model_gemini_flash_lite_gemini_flash_llama_70b,"gemini_flash_lite,gemini_flash,llama_70b",233,extra_trees_router,0.9607843137254902,0.00011480392156862747,0.9607843137254902,0.0,0.0,
3model_gemini_flash_lite_gemini_flash_llama_70b,"gemini_flash_lite,gemini_flash,llama_70b",233,tfidf_logistic_router,0.9607843137254902,0.00011480392156862747,0.9607843137254902,0.0,0.0,
3model_gemini_flash_lite_gemini_flash_llama_70b,"gemini_flash_lite,gemini_flash,llama_70b",233,tfidf_linear_svm_router,0.9607843137254902,0.00011480392156862747,0.9607843137254902,0.0,0.0,
3model_gemini_flash_lite_gemini_flash_deepseek_v3,"gemini_flash_lite,gemini_flash,deepseek_v3",229,always_gemini_flash_lite,0.9019607843137255,0.00012208823529411767,0.9019607843137255,0.058823529411764705,0.0,0.9411764705882353
3model_gemini_flash_lite_gemini_flash_deepseek_v3,"gemini_flash_lite,gemini_flash,deepseek_v3",229,always_gemini_flash,0.8627450980392157,0.00018459215686274512,0.8627450980392157,0.09803921568627451,0.0,0.0392156862745098
3model_gemini_flash_lite_gemini_flash_deepseek_v3,"gemini_flash_lite,gemini_flash,deepseek_v3",229,always_deepseek_v3,0.8627450980392157,7.586537254901961e-05,0.8627450980392157,0.09803921568627451,0.0,0.0196078431372549
3model_gemini_flash_lite_gemini_flash_deepseek_v3,"gemini_flash_lite,gemini_flash,deepseek_v3",229,random,0.8823529411764706,0.00012828474509803922,0.8823529411764706,0.0784313725490196,0.0,0.27450980392156865
3model_gemini_flash_lite_gemini_flash_deepseek_v3,"gemini_flash_lite,gemini_flash,deepseek_v3",229,oracle,0.9607843137254902,0.00012628000000000002,0.9607843137254902,0.0,0.0,1.0
3model_gemini_flash_lite_gemini_flash_deepseek_v3,"gemini_flash_lite,gemini_flash,deepseek_v3",229,logistic_router,0.8627450980392157,0.00012132196078431376,0.8627450980392157,0.09803921568627451,0.0,0.9019607843137255
3model_gemini_flash_lite_gemini_flash_deepseek_v3,"gemini_flash_lite,gemini_flash,deepseek_v3",229,linear_svm_router,0.8823529411764706,0.0001214272549019608,0.8823529411764706,0.0784313725490196,0.0,0.9215686274509803
3model_gemini_flash_lite_gemini_flash_deepseek_v3,"gemini_flash_lite,gemini_flash,deepseek_v3",229,knn_router,0.9019607843137255,0.00012208823529411767,0.9019607843137255,0.058823529411764705,0.0,0.9411764705882353
3model_gemini_flash_lite_gemini_flash_deepseek_v3,"gemini_flash_lite,gemini_flash,deepseek_v3",229,decision_tree_router,0.8823529411764706,0.00012086047058823532,0.8823529411764706,0.0784313725490196,0.0,0.9019607843137255
3model_gemini_flash_lite_gemini_flash_deepseek_v3,"gemini_flash_lite,gemini_flash,deepseek_v3",229,random_forest_router,0.9019607843137255,0.00012208823529411767,0.9019607843137255,0.058823529411764705,0.0,0.9411764705882353
3model_gemini_flash_lite_gemini_flash_deepseek_v3,"gemini_flash_lite,gemini_flash,deepseek_v3",229,extra_trees_router,0.8823529411764706,0.0001214272549019608,0.8823529411764706,0.0784313725490196,0.0,0.9215686274509803
3model_gemini_flash_lite_gemini_flash_deepseek_v3,"gemini_flash_lite,gemini_flash,deepseek_v3",229,tfidf_logistic_router,0.8627450980392157,0.00012132196078431376,0.8627450980392157,0.09803921568627451,0.0,0.9019607843137255
3model_gemini_flash_lite_gemini_flash_deepseek_v3,"gemini_flash_lite,gemini_flash,deepseek_v3",229,tfidf_linear_svm_router,0.8823529411764706,0.0001214272549019608,0.8823529411764706,0.0784313725490196,0.0,0.9215686274509803
3model_gemini_flash_lite_gemini_flash_deepseek_v3,"gemini_flash_lite,gemini_flash,deepseek_v3",230,always_gemini_flash_lite,0.9607843137254902,0.00011823039215686275,0.9607843137254902,0.0196078431372549,0.0,0.9803921568627451
3model_gemini_flash_lite_gemini_flash_deepseek_v3,"gemini_flash_lite,gemini_flash,deepseek_v3",230,always_gemini_flash,0.8823529411764706,0.00017710784313725492,0.8823529411764706,0.09803921568627451,0.0,0.0
3model_gemini_flash_lite_gemini_flash_deepseek_v3,"gemini_flash_lite,gemini_flash,deepseek_v3",230,always_deepseek_v3,0.9019607843137255,6.701905882352941e-05,0.9019607843137255,0.0784313725490196,0.0,0.0196078431372549
3model_gemini_flash_lite_gemini_flash_deepseek_v3,"gemini_flash_lite,gemini_flash,deepseek_v3",230,random,0.9019607843137255,0.00013821811764705883,0.9019607843137255,0.0784313725490196,0.0,0.3333333333333333
3model_gemini_flash_lite_gemini_flash_deepseek_v3,"gemini_flash_lite,gemini_flash,deepseek_v3",230,oracle,0.9803921568627451,0.00011710117647058823,0.9803921568627451,0.0,0.0,1.0
3model_gemini_flash_lite_gemini_flash_deepseek_v3,"gemini_flash_lite,gemini_flash,deepseek_v3",230,logistic_router,0.9411764705882353,0.0001151550980392157,0.9411764705882353,0.0392156862745098,0.0,0.9411764705882353
3model_gemini_flash_lite_gemini_flash_deepseek_v3,"gemini_flash_lite,gemini_flash,deepseek_v3",230,linear_svm_router,0.9607843137254902,0.00011666980392156861,0.9607843137254902,0.0196078431372549,0.0,0.9803921568627451
3model_gemini_flash_lite_gemini_flash_deepseek_v3,"gemini_flash_lite,gemini_flash,deepseek_v3",230,knn_router,0.9607843137254902,0.00011823039215686275,0.9607843137254902,0.0196078431372549,0.0,0.9803921568627451
3model_gemini_flash_lite_gemini_flash_deepseek_v3,"gemini_flash_lite,gemini_flash,deepseek_v3",230,decision_tree_router,0.9803921568627451,0.00011536450980392156,0.9803921568627451,0.0,0.0,0.9607843137254902
3model_gemini_flash_lite_gemini_flash_deepseek_v3,"gemini_flash_lite,gemini_flash,deepseek_v3",230,random_forest_router,0.9607843137254902,0.00011823039215686275,0.9607843137254902,0.0196078431372549,0.0,0.9803921568627451
3model_gemini_flash_lite_gemini_flash_deepseek_v3,"gemini_flash_lite,gemini_flash,deepseek_v3",230,extra_trees_router,0.9607843137254902,0.00011641101960784313,0.9607843137254902,0.0196078431372549,0.0,0.8431372549019608
3model_gemini_flash_lite_gemini_flash_deepseek_v3,"gemini_flash_lite,gemini_flash,deepseek_v3",230,tfidf_logistic_router,0.9607843137254902,0.00011561588235294117,0.9607843137254902,0.0196078431372549,0.0,0.9607843137254902
3model_gemini_flash_lite_gemini_flash_deepseek_v3,"gemini_flash_lite,gemini_flash,deepseek_v3",230,tfidf_linear_svm_router,0.9607843137254902,0.00011823039215686275,0.9607843137254902,0.0196078431372549,0.0,0.9803921568627451
3model_gemini_flash_lite_gemini_flash_deepseek_v3,"gemini_flash_lite,gemini_flash,deepseek_v3",231,always_gemini_flash_lite,0.9411764705882353,0.00012332843137254903,0.9411764705882353,0.0,0.0,
3model_gemini_flash_lite_gemini_flash_deepseek_v3,"gemini_flash_lite,gemini_flash,deepseek_v3",231,always_gemini_flash,0.8823529411764706,0.00021189803921568628,0.8823529411764706,0.058823529411764705,0.0,
3model_gemini_flash_lite_gemini_flash_deepseek_v3,"gemini_flash_lite,gemini_flash,deepseek_v3",231,always_deepseek_v3,0.8627450980392157,7.632623529411765e-05,0.8627450980392157,0.0784313725490196,0.0,
3model_gemini_flash_lite_gemini_flash_deepseek_v3,"gemini_flash_lite,gemini_flash,deepseek_v3",231,random,0.9411764705882353,0.0001371722745098039,0.9411764705882353,0.0,0.0,
3model_gemini_flash_lite_gemini_flash_deepseek_v3,"gemini_flash_lite,gemini_flash,deepseek_v3",231,oracle,0.9411764705882353,0.00012332843137254903,0.9411764705882353,0.0,0.0,
3model_gemini_flash_lite_gemini_flash_deepseek_v3,"gemini_flash_lite,gemini_flash,deepseek_v3",231,logistic_router,0.9215686274509803,0.0001330307843137255,0.9215686274509803,0.0196078431372549,0.0,
3model_gemini_flash_lite_gemini_flash_deepseek_v3,"gemini_flash_lite,gemini_flash,deepseek_v3",231,linear_svm_router,0.9215686274509803,0.00012382725490196078,0.9215686274509803,0.0196078431372549,0.0,
3model_gemini_flash_lite_gemini_flash_deepseek_v3,"gemini_flash_lite,gemini_flash,deepseek_v3",231,knn_router,0.9411764705882353,0.00012332843137254903,0.9411764705882353,0.0,0.0,
3model_gemini_flash_lite_gemini_flash_deepseek_v3,"gemini_flash_lite,gemini_flash,deepseek_v3",231,decision_tree_router,0.9215686274509803,0.00012443470588235293,0.9215686274509803,0.0196078431372549,0.0,
3model_gemini_flash_lite_gemini_flash_deepseek_v3,"gemini_flash_lite,gemini_flash,deepseek_v3",231,random_forest_router,0.9215686274509803,0.00012414196078431374,0.9215686274509803,0.0196078431372549,0.0,
3model_gemini_flash_lite_gemini_flash_deepseek_v3,"gemini_flash_lite,gemini_flash,deepseek_v3",231,extra_trees_router,0.9215686274509803,0.0001273419607843137,0.9215686274509803,0.0196078431372549,0.0,
3model_gemini_flash_lite_gemini_flash_deepseek_v3,"gemini_flash_lite,gemini_flash,deepseek_v3",231,tfidf_logistic_router,0.9215686274509803,0.00013101117647058825,0.9215686274509803,0.0196078431372549,0.0,
3model_gemini_flash_lite_gemini_flash_deepseek_v3,"gemini_flash_lite,gemini_flash,deepseek_v3",231,tfidf_linear_svm_router,0.9215686274509803,0.00012266745098039213,0.9215686274509803,0.0196078431372549,0.0,
3model_gemini_flash_lite_gemini_flash_deepseek_v3,"gemini_flash_lite,gemini_flash,deepseek_v3",232,always_gemini_flash_lite,0.9215686274509803,0.00011666176470588236,0.9215686274509803,0.0,0.0,
3model_gemini_flash_lite_gemini_flash_deepseek_v3,"gemini_flash_lite,gemini_flash,deepseek_v3",232,always_gemini_flash,0.8627450980392157,0.00018412941176470594,0.8627450980392157,0.058823529411764705,0.0,
3model_gemini_flash_lite_gemini_flash_deepseek_v3,"gemini_flash_lite,gemini_flash,deepseek_v3",232,always_deepseek_v3,0.8431372549019608,6.874066666666666e-05,0.8431372549019608,0.0784313725490196,0.0,
3model_gemini_flash_lite_gemini_flash_deepseek_v3,"gemini_flash_lite,gemini_flash,deepseek_v3",232,random,0.8627450980392157,0.00013084388235294118,0.8627450980392157,0.058823529411764705,0.0,
3model_gemini_flash_lite_gemini_flash_deepseek_v3,"gemini_flash_lite,gemini_flash,deepseek_v3",232,oracle,0.9215686274509803,0.00011666176470588236,0.9215686274509803,0.0,0.0,
3model_gemini_flash_lite_gemini_flash_deepseek_v3,"gemini_flash_lite,gemini_flash,deepseek_v3",232,logistic_router,0.9019607843137255,0.00012516450980392155,0.9019607843137255,0.0196078431372549,0.0,
3model_gemini_flash_lite_gemini_flash_deepseek_v3,"gemini_flash_lite,gemini_flash,deepseek_v3",232,linear_svm_router,0.9019607843137255,0.0001228154901960784,0.9019607843137255,0.0196078431372549,0.0,
3model_gemini_flash_lite_gemini_flash_deepseek_v3,"gemini_flash_lite,gemini_flash,deepseek_v3",232,knn_router,0.9215686274509803,0.00011666176470588236,0.9215686274509803,0.0,0.0,
3model_gemini_flash_lite_gemini_flash_deepseek_v3,"gemini_flash_lite,gemini_flash,deepseek_v3",232,decision_tree_router,0.9019607843137255,0.0001187935294117647,0.9019607843137255,0.0196078431372549,0.0,
3model_gemini_flash_lite_gemini_flash_deepseek_v3,"gemini_flash_lite,gemini_flash,deepseek_v3",232,random_forest_router,0.9019607843137255,0.00011600078431372548,0.9019607843137255,0.0196078431372549,0.0,
3model_gemini_flash_lite_gemini_flash_deepseek_v3,"gemini_flash_lite,gemini_flash,deepseek_v3",232,extra_trees_router,0.9019607843137255,0.0001228154901960784,0.9019607843137255,0.0196078431372549,0.0,
3model_gemini_flash_lite_gemini_flash_deepseek_v3,"gemini_flash_lite,gemini_flash,deepseek_v3",232,tfidf_logistic_router,0.9019607843137255,0.0001228154901960784,0.9019607843137255,0.0196078431372549,0.0,
3model_gemini_flash_lite_gemini_flash_deepseek_v3,"gemini_flash_lite,gemini_flash,deepseek_v3",232,tfidf_linear_svm_router,0.9019607843137255,0.00011600078431372548,0.9019607843137255,0.0196078431372549,0.0,
3model_gemini_flash_lite_gemini_flash_deepseek_v3,"gemini_flash_lite,gemini_flash,deepseek_v3",233,always_gemini_flash_lite,0.9607843137254902,0.00011480392156862747,0.9607843137254902,0.0,0.0,
3model_gemini_flash_lite_gemini_flash_deepseek_v3,"gemini_flash_lite,gemini_flash,deepseek_v3",233,always_gemini_flash,0.8627450980392157,0.00018182352941176474,0.8627450980392157,0.09803921568627451,0.0,
3model_gemini_flash_lite_gemini_flash_deepseek_v3,"gemini_flash_lite,gemini_flash,deepseek_v3",233,always_deepseek_v3,0.8823529411764706,6.603835294117647e-05,0.8823529411764706,0.0784313725490196,0.0,
3model_gemini_flash_lite_gemini_flash_deepseek_v3,"gemini_flash_lite,gemini_flash,deepseek_v3",233,random,0.9411764705882353,0.0001213815294117647,0.9411764705882353,0.0196078431372549,0.0,
3model_gemini_flash_lite_gemini_flash_deepseek_v3,"gemini_flash_lite,gemini_flash,deepseek_v3",233,oracle,0.9607843137254902,0.00011480392156862747,0.9607843137254902,0.0,0.0,
3model_gemini_flash_lite_gemini_flash_deepseek_v3,"gemini_flash_lite,gemini_flash,deepseek_v3",233,logistic_router,0.9607843137254902,0.00011701039215686278,0.9607843137254902,0.0,0.0,
3model_gemini_flash_lite_gemini_flash_deepseek_v3,"gemini_flash_lite,gemini_flash,deepseek_v3",233,linear_svm_router,0.9607843137254902,0.00011480392156862747,0.9607843137254902,0.0,0.0,
3model_gemini_flash_lite_gemini_flash_deepseek_v3,"gemini_flash_lite,gemini_flash,deepseek_v3",233,knn_router,0.9607843137254902,0.00011480392156862747,0.9607843137254902,0.0,0.0,
3model_gemini_flash_lite_gemini_flash_deepseek_v3,"gemini_flash_lite,gemini_flash,deepseek_v3",233,decision_tree_router,0.9607843137254902,0.00011586058823529415,0.9607843137254902,0.0,0.0,
3model_gemini_flash_lite_gemini_flash_deepseek_v3,"gemini_flash_lite,gemini_flash,deepseek_v3",233,random_forest_router,0.9607843137254902,0.00011480392156862747,0.9607843137254902,0.0,0.0,
3model_gemini_flash_lite_gemini_flash_deepseek_v3,"gemini_flash_lite,gemini_flash,deepseek_v3",233,extra_trees_router,0.9607843137254902,0.00011369670588235297,0.9607843137254902,0.0,0.0,
3model_gemini_flash_lite_gemini_flash_deepseek_v3,"gemini_flash_lite,gemini_flash,deepseek_v3",233,tfidf_logistic_router,0.9607843137254902,0.00011357607843137257,0.9607843137254902,0.0,0.0,
3model_gemini_flash_lite_gemini_flash_deepseek_v3,"gemini_flash_lite,gemini_flash,deepseek_v3",233,tfidf_linear_svm_router,0.9607843137254902,0.00011480392156862747,0.9607843137254902,0.0,0.0,
3model_gemini_flash_lite_gemini_flash_granite_8b,"gemini_flash_lite,gemini_flash,granite_8b",229,always_gemini_flash_lite,0.9019607843137255,0.00012208823529411767,0.9019607843137255,0.058823529411764705,0.0,0.9411764705882353
3model_gemini_flash_lite_gemini_flash_granite_8b,"gemini_flash_lite,gemini_flash,granite_8b",229,always_gemini_flash,0.8627450980392157,0.00018459215686274512,0.8627450980392157,0.09803921568627451,0.0,0.0392156862745098
3model_gemini_flash_lite_gemini_flash_granite_8b,"gemini_flash_lite,gemini_flash,granite_8b",229,always_granite_8b,0.8431372549019608,1.5948039215686275e-05,0.8431372549019608,0.11764705882352941,0.0,0.0196078431372549
3model_gemini_flash_lite_gemini_flash_granite_8b,"gemini_flash_lite,gemini_flash,granite_8b",229,random,0.8823529411764706,0.0001115892156862745,0.8823529411764706,0.0784313725490196,0.0,0.27450980392156865
3model_gemini_flash_lite_gemini_flash_granite_8b,"gemini_flash_lite,gemini_flash,granite_8b",229,oracle,0.9607843137254902,0.00012486764705882356,0.9607843137254902,0.0,0.0,1.0
3model_gemini_flash_lite_gemini_flash_granite_8b,"gemini_flash_lite,gemini_flash,granite_8b",230,always_gemini_flash_lite,0.9607843137254902,0.00011823039215686275,0.9607843137254902,0.0,0.0,
3model_gemini_flash_lite_gemini_flash_granite_8b,"gemini_flash_lite,gemini_flash,granite_8b",230,always_gemini_flash,0.8823529411764706,0.00017710784313725492,0.8823529411764706,0.0784313725490196,0.0,
3model_gemini_flash_lite_gemini_flash_granite_8b,"gemini_flash_lite,gemini_flash,granite_8b",230,always_granite_8b,0.8431372549019608,1.511078431372549e-05,0.8431372549019608,0.11764705882352941,0.0,
3model_gemini_flash_lite_gemini_flash_granite_8b,"gemini_flash_lite,gemini_flash,granite_8b",230,random,0.9215686274509803,0.000127321568627451,0.9215686274509803,0.0392156862745098,0.0,
3model_gemini_flash_lite_gemini_flash_granite_8b,"gemini_flash_lite,gemini_flash,granite_8b",230,oracle,0.9607843137254902,0.00011823039215686275,0.9607843137254902,0.0,0.0,
3model_gemini_flash_lite_gemini_flash_granite_8b,"gemini_flash_lite,gemini_flash,granite_8b",230,logistic_router,0.9215686274509803,0.00011600098039215686,0.9215686274509803,0.0392156862745098,0.0,
3model_gemini_flash_lite_gemini_flash_granite_8b,"gemini_flash_lite,gemini_flash,granite_8b",230,linear_svm_router,0.9607843137254902,0.00011823039215686275,0.9607843137254902,0.0,0.0,
3model_gemini_flash_lite_gemini_flash_granite_8b,"gemini_flash_lite,gemini_flash,granite_8b",230,knn_router,0.9607843137254902,0.00011823039215686275,0.9607843137254902,0.0,0.0,
3model_gemini_flash_lite_gemini_flash_granite_8b,"gemini_flash_lite,gemini_flash,granite_8b",230,decision_tree_router,0.9607843137254902,0.00011307156862745098,0.9607843137254902,0.0,0.0,
3model_gemini_flash_lite_gemini_flash_granite_8b,"gemini_flash_lite,gemini_flash,granite_8b",230,random_forest_router,0.9607843137254902,0.00011823039215686275,0.9607843137254902,0.0,0.0,
3model_gemini_flash_lite_gemini_flash_granite_8b,"gemini_flash_lite,gemini_flash,granite_8b",230,extra_trees_router,0.9215686274509803,0.00011897843137254901,0.9215686274509803,0.0392156862745098,0.0,
3model_gemini_flash_lite_gemini_flash_granite_8b,"gemini_flash_lite,gemini_flash,granite_8b",230,tfidf_logistic_router,0.9411764705882353,0.00011646176470588235,0.9411764705882353,0.0196078431372549,0.0,
3model_gemini_flash_lite_gemini_flash_granite_8b,"gemini_flash_lite,gemini_flash,granite_8b",230,tfidf_linear_svm_router,0.9607843137254902,0.00011823039215686275,0.9607843137254902,0.0,0.0,
3model_gemini_flash_lite_gemini_flash_granite_8b,"gemini_flash_lite,gemini_flash,granite_8b",231,always_gemini_flash_lite,0.9411764705882353,0.00012332843137254903,0.9411764705882353,0.0,0.0,
3model_gemini_flash_lite_gemini_flash_granite_8b,"gemini_flash_lite,gemini_flash,granite_8b",231,always_gemini_flash,0.8823529411764706,0.00021189803921568628,0.8823529411764706,0.058823529411764705,0.0,
3model_gemini_flash_lite_gemini_flash_granite_8b,"gemini_flash_lite,gemini_flash,granite_8b",231,always_granite_8b,0.8431372549019608,1.662843137254902e-05,0.8431372549019608,0.09803921568627451,0.0,
3model_gemini_flash_lite_gemini_flash_granite_8b,"gemini_flash_lite,gemini_flash,granite_8b",231,random,0.9411764705882353,0.00011541470588235294,0.9411764705882353,0.0,0.0,
3model_gemini_flash_lite_gemini_flash_granite_8b,"gemini_flash_lite,gemini_flash,granite_8b",231,oracle,0.9411764705882353,0.00012332843137254903,0.9411764705882353,0.0,0.0,
3model_gemini_flash_lite_gemini_flash_granite_8b,"gemini_flash_lite,gemini_flash,granite_8b",231,logistic_router,0.9411764705882353,0.00013491960784313726,0.9411764705882353,0.0,0.0,
3model_gemini_flash_lite_gemini_flash_granite_8b,"gemini_flash_lite,gemini_flash,granite_8b",231,linear_svm_router,0.9411764705882353,0.00012332843137254903,0.9411764705882353,0.0,0.0,
3model_gemini_flash_lite_gemini_flash_granite_8b,"gemini_flash_lite,gemini_flash,granite_8b",231,knn_router,0.9411764705882353,0.00012332843137254903,0.9411764705882353,0.0,0.0,
3model_gemini_flash_lite_gemini_flash_granite_8b,"gemini_flash_lite,gemini_flash,granite_8b",231,decision_tree_router,0.9411764705882353,0.00012507941176470585,0.9411764705882353,0.0,0.0,
3model_gemini_flash_lite_gemini_flash_granite_8b,"gemini_flash_lite,gemini_flash,granite_8b",231,random_forest_router,0.9411764705882353,0.00012480294117647058,0.9411764705882353,0.0,0.0,
3model_gemini_flash_lite_gemini_flash_granite_8b,"gemini_flash_lite,gemini_flash,granite_8b",231,extra_trees_router,0.9411764705882353,0.00012800294117647058,0.9411764705882353,0.0,0.0,
3model_gemini_flash_lite_gemini_flash_granite_8b,"gemini_flash_lite,gemini_flash,granite_8b",231,tfidf_logistic_router,0.9411764705882353,0.0001329,0.9411764705882353,0.0,0.0,
3model_gemini_flash_lite_gemini_flash_granite_8b,"gemini_flash_lite,gemini_flash,granite_8b",231,tfidf_linear_svm_router,0.9411764705882353,0.00012332843137254903,0.9411764705882353,0.0,0.0,
3model_gemini_flash_lite_gemini_flash_granite_8b,"gemini_flash_lite,gemini_flash,granite_8b",232,always_gemini_flash_lite,0.9215686274509803,0.00011666176470588236,0.9215686274509803,0.0,0.0,
3model_gemini_flash_lite_gemini_flash_granite_8b,"gemini_flash_lite,gemini_flash,granite_8b",232,always_gemini_flash,0.8627450980392157,0.00018412941176470594,0.8627450980392157,0.058823529411764705,0.0,
3model_gemini_flash_lite_gemini_flash_granite_8b,"gemini_flash_lite,gemini_flash,granite_8b",232,always_granite_8b,0.7647058823529411,1.5119607843137256e-05,0.7647058823529411,0.1568627450980392,0.0,
3model_gemini_flash_lite_gemini_flash_granite_8b,"gemini_flash_lite,gemini_flash,granite_8b",232,random,0.8235294117647058,0.00011481372549019608,0.8235294117647058,0.09803921568627451,0.0,
3model_gemini_flash_lite_gemini_flash_granite_8b,"gemini_flash_lite,gemini_flash,granite_8b",232,oracle,0.9215686274509803,0.00011666176470588236,0.9215686274509803,0.0,0.0,
3model_gemini_flash_lite_gemini_flash_granite_8b,"gemini_flash_lite,gemini_flash,granite_8b",232,logistic_router,0.9215686274509803,0.00012582549019607843,0.9215686274509803,0.0,0.0,
3model_gemini_flash_lite_gemini_flash_granite_8b,"gemini_flash_lite,gemini_flash,granite_8b",232,linear_svm_router,0.9215686274509803,0.00012347647058823529,0.9215686274509803,0.0,0.0,
3model_gemini_flash_lite_gemini_flash_granite_8b,"gemini_flash_lite,gemini_flash,granite_8b",232,knn_router,0.9215686274509803,0.00011666176470588236,0.9215686274509803,0.0,0.0,
3model_gemini_flash_lite_gemini_flash_granite_8b,"gemini_flash_lite,gemini_flash,granite_8b",232,decision_tree_router,0.9215686274509803,0.00011600294117647057,0.9215686274509803,0.0,0.0,
3model_gemini_flash_lite_gemini_flash_granite_8b,"gemini_flash_lite,gemini_flash,granite_8b",232,random_forest_router,0.9215686274509803,0.00011666176470588236,0.9215686274509803,0.0,0.0,
3model_gemini_flash_lite_gemini_flash_granite_8b,"gemini_flash_lite,gemini_flash,granite_8b",232,extra_trees_router,0.9215686274509803,0.00012347647058823529,0.9215686274509803,0.0,0.0,
3model_gemini_flash_lite_gemini_flash_granite_8b,"gemini_flash_lite,gemini_flash,granite_8b",232,tfidf_logistic_router,0.9215686274509803,0.00012347647058823529,0.9215686274509803,0.0,0.0,
3model_gemini_flash_lite_gemini_flash_granite_8b,"gemini_flash_lite,gemini_flash,granite_8b",232,tfidf_linear_svm_router,0.9215686274509803,0.00011666176470588236,0.9215686274509803,0.0,0.0,
3model_gemini_flash_lite_gemini_flash_granite_8b,"gemini_flash_lite,gemini_flash,granite_8b",233,always_gemini_flash_lite,0.9607843137254902,0.00011480392156862747,0.9607843137254902,0.0,0.0,
3model_gemini_flash_lite_gemini_flash_granite_8b,"gemini_flash_lite,gemini_flash,granite_8b",233,always_gemini_flash,0.8627450980392157,0.00018182352941176474,0.8627450980392157,0.09803921568627451,0.0,
3model_gemini_flash_lite_gemini_flash_granite_8b,"gemini_flash_lite,gemini_flash,granite_8b",233,always_granite_8b,0.7647058823529411,1.5750000000000003e-05,0.7647058823529411,0.19607843137254902,0.0,
3model_gemini_flash_lite_gemini_flash_granite_8b,"gemini_flash_lite,gemini_flash,granite_8b",233,random,0.8823529411764706,0.00010298529411764706,0.8823529411764706,0.0784313725490196,0.0,
3model_gemini_flash_lite_gemini_flash_granite_8b,"gemini_flash_lite,gemini_flash,granite_8b",233,oracle,0.9607843137254902,0.00011480392156862747,0.9607843137254902,0.0,0.0,
3model_gemini_flash_lite_gemini_flash_granite_8b,"gemini_flash_lite,gemini_flash,granite_8b",233,logistic_router,0.9607843137254902,0.0001220450980392157,0.9607843137254902,0.0,0.0,
3model_gemini_flash_lite_gemini_flash_granite_8b,"gemini_flash_lite,gemini_flash,granite_8b",233,linear_svm_router,0.9607843137254902,0.00011480392156862747,0.9607843137254902,0.0,0.0,
3model_gemini_flash_lite_gemini_flash_granite_8b,"gemini_flash_lite,gemini_flash,granite_8b",233,knn_router,0.9607843137254902,0.00011480392156862747,0.9607843137254902,0.0,0.0,
3model_gemini_flash_lite_gemini_flash_granite_8b,"gemini_flash_lite,gemini_flash,granite_8b",233,decision_tree_router,0.9607843137254902,0.00011395490196078434,0.9607843137254902,0.0,0.0,
3model_gemini_flash_lite_gemini_flash_granite_8b,"gemini_flash_lite,gemini_flash,granite_8b",233,random_forest_router,0.9607843137254902,0.00011480392156862747,0.9607843137254902,0.0,0.0,
3model_gemini_flash_lite_gemini_flash_granite_8b,"gemini_flash_lite,gemini_flash,granite_8b",233,extra_trees_router,0.9607843137254902,0.00011480392156862747,0.9607843137254902,0.0,0.0,
3model_gemini_flash_lite_gemini_flash_granite_8b,"gemini_flash_lite,gemini_flash,granite_8b",233,tfidf_logistic_router,0.9607843137254902,0.00011480392156862747,0.9607843137254902,0.0,0.0,
3model_gemini_flash_lite_gemini_flash_granite_8b,"gemini_flash_lite,gemini_flash,granite_8b",233,tfidf_linear_svm_router,0.9607843137254902,0.00011480392156862747,0.9607843137254902,0.0,0.0,
3model_gemini_flash_lite_qwen_30b_llama_70b,"gemini_flash_lite,qwen_30b,llama_70b",229,always_gemini_flash_lite,0.9019607843137255,0.00012208823529411767,0.9019607843137255,0.0392156862745098,0.0,0.9607843137254902
3model_gemini_flash_lite_qwen_30b_llama_70b,"gemini_flash_lite,qwen_30b,llama_70b",229,always_qwen_30b,0.8627450980392157,2.4920705882352944e-05,0.8627450980392157,0.0784313725490196,0.0,0.0392156862745098
3model_gemini_flash_lite_qwen_30b_llama_70b,"gemini_flash_lite,qwen_30b,llama_70b",229,always_llama_70b,0.8235294117647058,0.019657743235294112,0.8235294117647058,0.11764705882352941,0.0,0.0
3model_gemini_flash_lite_qwen_30b_llama_70b,"gemini_flash_lite,qwen_30b,llama_70b",229,random,0.8431372549019608,0.01966966362745098,0.8431372549019608,0.09803921568627451,0.0,0.2549019607843137
3model_gemini_flash_lite_qwen_30b_llama_70b,"gemini_flash_lite,qwen_30b,llama_70b",229,oracle,0.9411764705882353,0.00011740666666666669,0.9411764705882353,0.0,0.0,1.0
3model_gemini_flash_lite_qwen_30b_llama_70b,"gemini_flash_lite,qwen_30b,llama_70b",229,logistic_router,0.9019607843137255,0.00012208823529411767,0.9019607843137255,0.0392156862745098,0.0,0.9607843137254902
3model_gemini_flash_lite_qwen_30b_llama_70b,"gemini_flash_lite,qwen_30b,llama_70b",229,linear_svm_router,0.9019607843137255,0.00012208823529411767,0.9019607843137255,0.0392156862745098,0.0,0.9607843137254902
3model_gemini_flash_lite_qwen_30b_llama_70b,"gemini_flash_lite,qwen_30b,llama_70b",229,knn_router,0.9019607843137255,0.00012208823529411767,0.9019607843137255,0.0392156862745098,0.0,0.9607843137254902
3model_gemini_flash_lite_qwen_30b_llama_70b,"gemini_flash_lite,qwen_30b,llama_70b",229,decision_tree_router,0.9019607843137255,0.00011860176470588238,0.9019607843137255,0.0392156862745098,0.0,0.9019607843137255
3model_gemini_flash_lite_qwen_30b_llama_70b,"gemini_flash_lite,qwen_30b,llama_70b",229,random_forest_router,0.9019607843137255,0.00012208823529411767,0.9019607843137255,0.0392156862745098,0.0,0.9607843137254902
3model_gemini_flash_lite_qwen_30b_llama_70b,"gemini_flash_lite,qwen_30b,llama_70b",229,extra_trees_router,0.9019607843137255,0.00012208823529411767,0.9019607843137255,0.0392156862745098,0.0,0.9607843137254902
3model_gemini_flash_lite_qwen_30b_llama_70b,"gemini_flash_lite,qwen_30b,llama_70b",229,tfidf_logistic_router,0.9019607843137255,0.00012208823529411767,0.9019607843137255,0.0392156862745098,0.0,0.9607843137254902
3model_gemini_flash_lite_qwen_30b_llama_70b,"gemini_flash_lite,qwen_30b,llama_70b",229,tfidf_linear_svm_router,0.9019607843137255,0.00012208823529411767,0.9019607843137255,0.0392156862745098,0.0,0.9607843137254902
3model_gemini_flash_lite_qwen_30b_llama_70b,"gemini_flash_lite,qwen_30b,llama_70b",230,always_gemini_flash_lite,0.9607843137254902,0.00011823039215686275,0.9607843137254902,0.0196078431372549,0.0,0.9803921568627451
3model_gemini_flash_lite_qwen_30b_llama_70b,"gemini_flash_lite,qwen_30b,llama_70b",230,always_qwen_30b,0.9019607843137255,2.362894117647059e-05,0.9019607843137255,0.0784313725490196,0.0,0.0
3model_gemini_flash_lite_qwen_30b_llama_70b,"gemini_flash_lite,qwen_30b,llama_70b",230,always_llama_70b,0.8431372549019608,5.601811764705883e-05,0.8431372549019608,0.13725490196078433,0.0,0.0196078431372549
3model_gemini_flash_lite_qwen_30b_llama_70b,"gemini_flash_lite,qwen_30b,llama_70b",230,random,0.8823529411764706,6.74582862745098e-05,0.8823529411764706,0.09803921568627451,0.0,0.3333333333333333
3model_gemini_flash_lite_qwen_30b_llama_70b,"gemini_flash_lite,qwen_30b,llama_70b",230,oracle,0.9803921568627451,0.00011765196078431374,0.9803921568627451,0.0,0.0,1.0
3model_gemini_flash_lite_qwen_30b_llama_70b,"gemini_flash_lite,qwen_30b,llama_70b",230,logistic_router,0.9607843137254902,0.00011327952156862744,0.9607843137254902,0.0196078431372549,0.0,0.9411764705882353
3model_gemini_flash_lite_qwen_30b_llama_70b,"gemini_flash_lite,qwen_30b,llama_70b",230,linear_svm_router,0.9607843137254902,0.00011359639215686274,0.9607843137254902,0.0196078431372549,0.0,0.9215686274509803
3model_gemini_flash_lite_qwen_30b_llama_70b,"gemini_flash_lite,qwen_30b,llama_70b",230,knn_router,0.9607843137254902,0.00011823039215686275,0.9607843137254902,0.0196078431372549,0.0,0.9803921568627451
3model_gemini_flash_lite_qwen_30b_llama_70b,"gemini_flash_lite,qwen_30b,llama_70b",230,decision_tree_router,0.9607843137254902,0.00011377183529411767,0.9607843137254902,0.0196078431372549,0.0,0.9411764705882353
3model_gemini_flash_lite_qwen_30b_llama_70b,"gemini_flash_lite,qwen_30b,llama_70b",230,random_forest_router,0.9607843137254902,0.00011823039215686275,0.9607843137254902,0.0196078431372549,0.0,0.9803921568627451
3model_gemini_flash_lite_qwen_30b_llama_70b,"gemini_flash_lite,qwen_30b,llama_70b",230,extra_trees_router,0.9607843137254902,0.00011193733333333333,0.9607843137254902,0.0196078431372549,0.0,0.9215686274509803
3model_gemini_flash_lite_qwen_30b_llama_70b,"gemini_flash_lite,qwen_30b,llama_70b",230,tfidf_logistic_router,0.9607843137254902,0.0001162869411764706,0.9607843137254902,0.0196078431372549,0.0,0.9607843137254902
3model_gemini_flash_lite_qwen_30b_llama_70b,"gemini_flash_lite,qwen_30b,llama_70b",230,tfidf_linear_svm_router,0.9607843137254902,0.00011823039215686275,0.9607843137254902,0.0196078431372549,0.0,0.9803921568627451
3model_gemini_flash_lite_qwen_30b_llama_70b,"gemini_flash_lite,qwen_30b,llama_70b",231,always_gemini_flash_lite,0.9411764705882353,0.00012332843137254903,0.9411764705882353,0.0196078431372549,0.0,0.9803921568627451
3model_gemini_flash_lite_qwen_30b_llama_70b,"gemini_flash_lite,qwen_30b,llama_70b",231,always_qwen_30b,0.9019607843137255,2.4771207843137253e-05,0.9019607843137255,0.058823529411764705,0.0,0.0
3model_gemini_flash_lite_qwen_30b_llama_70b,"gemini_flash_lite,qwen_30b,llama_70b",231,always_llama_70b,0.9019607843137255,0.01966218745098039,0.9019607843137255,0.058823529411764705,0.0,0.0196078431372549
3model_gemini_flash_lite_qwen_30b_llama_70b,"gemini_flash_lite,qwen_30b,llama_70b",231,random,0.9215686274509803,0.01967899175686275,0.9215686274509803,0.0392156862745098,0.0,0.3333333333333333
3model_gemini_flash_lite_qwen_30b_llama_70b,"gemini_flash_lite,qwen_30b,llama_70b",231,oracle,0.9607843137254902,0.00012275,0.9607843137254902,0.0,0.0,1.0
3model_gemini_flash_lite_qwen_30b_llama_70b,"gemini_flash_lite,qwen_30b,llama_70b",231,logistic_router,0.9411764705882353,0.00010890694117647058,0.9411764705882353,0.0196078431372549,0.0,0.8823529411764706
3model_gemini_flash_lite_qwen_30b_llama_70b,"gemini_flash_lite,qwen_30b,llama_70b",231,linear_svm_router,0.9411764705882353,0.00011535207843137255,0.9411764705882353,0.0196078431372549,0.0,0.9215686274509803
3model_gemini_flash_lite_qwen_30b_llama_70b,"gemini_flash_lite,qwen_30b,llama_70b",231,knn_router,0.9411764705882353,0.00012332843137254903,0.9411764705882353,0.0196078431372549,0.0,0.9803921568627451
3model_gemini_flash_lite_qwen_30b_llama_70b,"gemini_flash_lite,qwen_30b,llama_70b",231,decision_tree_router,0.9411764705882353,0.00010090803137254901,0.9411764705882353,0.0196078431372549,0.0,0.803921568627451
3model_gemini_flash_lite_qwen_30b_llama_70b,"gemini_flash_lite,qwen_30b,llama_70b",231,random_forest_router,0.9411764705882353,0.00012332843137254903,0.9411764705882353,0.0196078431372549,0.0,0.9803921568627451
3model_gemini_flash_lite_qwen_30b_llama_70b,"gemini_flash_lite,qwen_30b,llama_70b",231,extra_trees_router,0.9411764705882353,0.00011621957647058823,0.9411764705882353,0.0196078431372549,0.0,0.9411764705882353
3model_gemini_flash_lite_qwen_30b_llama_70b,"gemini_flash_lite,qwen_30b,llama_70b",231,tfidf_logistic_router,0.9411764705882353,0.00010890694117647058,0.9411764705882353,0.0196078431372549,0.0,0.8823529411764706
3model_gemini_flash_lite_qwen_30b_llama_70b,"gemini_flash_lite,qwen_30b,llama_70b",231,tfidf_linear_svm_router,0.9411764705882353,0.00012332843137254903,0.9411764705882353,0.0196078431372549,0.0,0.9803921568627451
3model_gemini_flash_lite_qwen_30b_llama_70b,"gemini_flash_lite,qwen_30b,llama_70b",232,always_gemini_flash_lite,0.9215686274509803,0.00011666176470588236,0.9215686274509803,0.0,0.0,
3model_gemini_flash_lite_qwen_30b_llama_70b,"gemini_flash_lite,qwen_30b,llama_70b",232,always_qwen_30b,0.8431372549019608,2.445814117647059e-05,0.8431372549019608,0.0784313725490196,0.0,
3model_gemini_flash_lite_qwen_30b_llama_70b,"gemini_flash_lite,qwen_30b,llama_70b",232,always_llama_70b,0.803921568627451,5.9688607843137255e-05,0.803921568627451,0.11764705882352941,0.0,
3model_gemini_flash_lite_qwen_30b_llama_70b,"gemini_flash_lite,qwen_30b,llama_70b",232,random,0.8627450980392157,6.385276862745098e-05,0.8627450980392157,0.058823529411764705,0.0,
3model_gemini_flash_lite_qwen_30b_llama_70b,"gemini_flash_lite,qwen_30b,llama_70b",232,oracle,0.9215686274509803,0.00011666176470588236,0.9215686274509803,0.0,0.0,
3model_gemini_flash_lite_qwen_30b_llama_70b,"gemini_flash_lite,qwen_30b,llama_70b",232,logistic_router,0.9215686274509803,0.00010444788235294117,0.9215686274509803,0.0,0.0,
3model_gemini_flash_lite_qwen_30b_llama_70b,"gemini_flash_lite,qwen_30b,llama_70b",232,linear_svm_router,0.9215686274509803,0.00011471831372549019,0.9215686274509803,0.0,0.0,
3model_gemini_flash_lite_qwen_30b_llama_70b,"gemini_flash_lite,qwen_30b,llama_70b",232,knn_router,0.9215686274509803,0.00011666176470588236,0.9215686274509803,0.0,0.0,
3model_gemini_flash_lite_qwen_30b_llama_70b,"gemini_flash_lite,qwen_30b,llama_70b",232,decision_tree_router,0.8823529411764706,0.00011052956862745098,0.8823529411764706,0.0392156862745098,0.0,
3model_gemini_flash_lite_qwen_30b_llama_70b,"gemini_flash_lite,qwen_30b,llama_70b",232,random_forest_router,0.9215686274509803,0.00011666176470588236,0.9215686274509803,0.0,0.0,
3model_gemini_flash_lite_qwen_30b_llama_70b,"gemini_flash_lite,qwen_30b,llama_70b",232,extra_trees_router,0.9215686274509803,0.00011135365490196079,0.9215686274509803,0.0,0.0,
3model_gemini_flash_lite_qwen_30b_llama_70b,"gemini_flash_lite,qwen_30b,llama_70b",232,tfidf_logistic_router,0.9215686274509803,0.00010941020392156862,0.9215686274509803,0.0,0.0,
3model_gemini_flash_lite_qwen_30b_llama_70b,"gemini_flash_lite,qwen_30b,llama_70b",232,tfidf_linear_svm_router,0.9215686274509803,0.00011666176470588236,0.9215686274509803,0.0,0.0,
3model_gemini_flash_lite_qwen_30b_llama_70b,"gemini_flash_lite,qwen_30b,llama_70b",233,always_gemini_flash_lite,0.9607843137254902,0.00011480392156862747,0.9607843137254902,0.0196078431372549,0.0,0.9803921568627451
3model_gemini_flash_lite_qwen_30b_llama_70b,"gemini_flash_lite,qwen_30b,llama_70b",233,always_qwen_30b,0.9215686274509803,2.229367058823529e-05,0.9215686274509803,0.058823529411764705,0.0,0.0196078431372549
3model_gemini_flash_lite_qwen_30b_llama_70b,"gemini_flash_lite,qwen_30b,llama_70b",233,always_llama_70b,0.8823529411764706,5.1382941176470584e-05,0.8823529411764706,0.09803921568627451,0.0,0.0
3model_gemini_flash_lite_qwen_30b_llama_70b,"gemini_flash_lite,qwen_30b,llama_70b",233,random,0.9215686274509803,6.493257647058823e-05,0.9215686274509803,0.058823529411764705,0.0,0.35294117647058826
3model_gemini_flash_lite_qwen_30b_llama_70b,"gemini_flash_lite,qwen_30b,llama_70b",233,oracle,0.9803921568627451,0.00011287265882352944,0.9803921568627451,0.0,0.0,1.0
3model_gemini_flash_lite_qwen_30b_llama_70b,"gemini_flash_lite,qwen_30b,llama_70b",233,logistic_router,0.9607843137254902,0.000108772368627451,0.9607843137254902,0.0196078431372549,0.0,0.9411764705882353
3model_gemini_flash_lite_qwen_30b_llama_70b,"gemini_flash_lite,qwen_30b,llama_70b",233,linear_svm_router,0.9607843137254902,0.00011480392156862747,0.9607843137254902,0.0196078431372549,0.0,0.9803921568627451
3model_gemini_flash_lite_qwen_30b_llama_70b,"gemini_flash_lite,qwen_30b,llama_70b",233,knn_router,0.9607843137254902,0.00011480392156862747,0.9607843137254902,0.0196078431372549,0.0,0.9803921568627451
3model_gemini_flash_lite_qwen_30b_llama_70b,"gemini_flash_lite,qwen_30b,llama_70b",233,decision_tree_router,0.9607843137254902,0.00010196061176470589,0.9607843137254902,0.0196078431372549,0.0,0.7843137254901961
3model_gemini_flash_lite_qwen_30b_llama_70b,"gemini_flash_lite,qwen_30b,llama_70b",233,random_forest_router,0.9607843137254902,0.00011346392156862746,0.9607843137254902,0.0196078431372549,0.0,0.9607843137254902
3model_gemini_flash_lite_qwen_30b_llama_70b,"gemini_flash_lite,qwen_30b,llama_70b",233,extra_trees_router,0.9607843137254902,0.00011480392156862747,0.9607843137254902,0.0196078431372549,0.0,0.9803921568627451
3model_gemini_flash_lite_qwen_30b_llama_70b,"gemini_flash_lite,qwen_30b,llama_70b",233,tfidf_logistic_router,0.9607843137254902,0.00011480392156862747,0.9607843137254902,0.0196078431372549,0.0,0.9803921568627451
3model_gemini_flash_lite_qwen_30b_llama_70b,"gemini_flash_lite,qwen_30b,llama_70b",233,tfidf_linear_svm_router,0.9607843137254902,0.00011480392156862747,0.9607843137254902,0.0196078431372549,0.0,0.9803921568627451
3model_gemini_flash_lite_qwen_30b_deepseek_v3,"gemini_flash_lite,qwen_30b,deepseek_v3",229,always_gemini_flash_lite,0.9019607843137255,0.00012208823529411767,0.9019607843137255,0.058823529411764705,0.0,0.9411764705882353
3model_gemini_flash_lite_qwen_30b_deepseek_v3,"gemini_flash_lite,qwen_30b,deepseek_v3",229,always_qwen_30b,0.8627450980392157,2.4920705882352944e-05,0.8627450980392157,0.09803921568627451,0.0,0.0392156862745098
3model_gemini_flash_lite_qwen_30b_deepseek_v3,"gemini_flash_lite,qwen_30b,deepseek_v3",229,always_deepseek_v3,0.8627450980392157,7.586537254901961e-05,0.8627450980392157,0.09803921568627451,0.0,0.0196078431372549
3model_gemini_flash_lite_qwen_30b_deepseek_v3,"gemini_flash_lite,qwen_30b,deepseek_v3",229,random,0.8823529411764706,7.007298039215685e-05,0.8823529411764706,0.0784313725490196,0.0,0.27450980392156865
3model_gemini_flash_lite_qwen_30b_deepseek_v3,"gemini_flash_lite,qwen_30b,deepseek_v3",229,oracle,0.9607843137254902,0.00011677000000000002,0.9607843137254902,0.0,0.0,1.0
3model_gemini_flash_lite_qwen_30b_deepseek_v3,"gemini_flash_lite,qwen_30b,deepseek_v3",229,logistic_router,0.8627450980392157,0.00012132196078431376,0.8627450980392157,0.09803921568627451,0.0,0.9019607843137255
3model_gemini_flash_lite_qwen_30b_deepseek_v3,"gemini_flash_lite,qwen_30b,deepseek_v3",229,linear_svm_router,0.8823529411764706,0.0001214272549019608,0.8823529411764706,0.0784313725490196,0.0,0.9215686274509803
3model_gemini_flash_lite_qwen_30b_deepseek_v3,"gemini_flash_lite,qwen_30b,deepseek_v3",229,knn_router,0.9019607843137255,0.00012208823529411767,0.9019607843137255,0.058823529411764705,0.0,0.9411764705882353
3model_gemini_flash_lite_qwen_30b_deepseek_v3,"gemini_flash_lite,qwen_30b,deepseek_v3",229,decision_tree_router,0.8823529411764706,0.00011833870588235297,0.8823529411764706,0.0784313725490196,0.0,0.8627450980392157
3model_gemini_flash_lite_qwen_30b_deepseek_v3,"gemini_flash_lite,qwen_30b,deepseek_v3",229,random_forest_router,0.9019607843137255,0.00012208823529411767,0.9019607843137255,0.058823529411764705,0.0,0.9411764705882353
3model_gemini_flash_lite_qwen_30b_deepseek_v3,"gemini_flash_lite,qwen_30b,deepseek_v3",229,extra_trees_router,0.8823529411764706,0.0001214272549019608,0.8823529411764706,0.0784313725490196,0.0,0.9215686274509803
3model_gemini_flash_lite_qwen_30b_deepseek_v3,"gemini_flash_lite,qwen_30b,deepseek_v3",229,tfidf_logistic_router,0.8627450980392157,0.00012132196078431376,0.8627450980392157,0.09803921568627451,0.0,0.9019607843137255
3model_gemini_flash_lite_qwen_30b_deepseek_v3,"gemini_flash_lite,qwen_30b,deepseek_v3",229,tfidf_linear_svm_router,0.8823529411764706,0.0001214272549019608,0.8823529411764706,0.0784313725490196,0.0,0.9215686274509803
3model_gemini_flash_lite_qwen_30b_deepseek_v3,"gemini_flash_lite,qwen_30b,deepseek_v3",230,always_gemini_flash_lite,0.9607843137254902,0.00011823039215686275,0.9607843137254902,0.0196078431372549,0.0,0.9803921568627451
3model_gemini_flash_lite_qwen_30b_deepseek_v3,"gemini_flash_lite,qwen_30b,deepseek_v3",230,always_qwen_30b,0.9019607843137255,2.362894117647059e-05,0.9019607843137255,0.0784313725490196,0.0,0.0
3model_gemini_flash_lite_qwen_30b_deepseek_v3,"gemini_flash_lite,qwen_30b,deepseek_v3",230,always_deepseek_v3,0.9019607843137255,6.701905882352941e-05,0.9019607843137255,0.0784313725490196,0.0,0.0196078431372549
3model_gemini_flash_lite_qwen_30b_deepseek_v3,"gemini_flash_lite,qwen_30b,deepseek_v3",230,random,0.9215686274509803,6.99794431372549e-05,0.9215686274509803,0.058823529411764705,0.0,0.3333333333333333
3model_gemini_flash_lite_qwen_30b_deepseek_v3,"gemini_flash_lite,qwen_30b,deepseek_v3",230,oracle,0.9803921568627451,0.00011710117647058823,0.9803921568627451,0.0,0.0,1.0
3model_gemini_flash_lite_qwen_30b_deepseek_v3,"gemini_flash_lite,qwen_30b,deepseek_v3",230,logistic_router,0.9607843137254902,0.0001106650117647059,0.9607843137254902,0.0196078431372549,0.0,0.9215686274509803
3model_gemini_flash_lite_qwen_30b_deepseek_v3,"gemini_flash_lite,qwen_30b,deepseek_v3",230,linear_svm_router,0.9607843137254902,0.00011472635294117646,0.9607843137254902,0.0196078431372549,0.0,0.9607843137254902
3model_gemini_flash_lite_qwen_30b_deepseek_v3,"gemini_flash_lite,qwen_30b,deepseek_v3",230,knn_router,0.9607843137254902,0.00011823039215686275,0.9607843137254902,0.0196078431372549,0.0,0.9803921568627451
3model_gemini_flash_lite_qwen_30b_deepseek_v3,"gemini_flash_lite,qwen_30b,deepseek_v3",230,decision_tree_router,0.9607843137254902,0.00011377183529411767,0.9607843137254902,0.0196078431372549,0.0,0.9411764705882353
3model_gemini_flash_lite_qwen_30b_deepseek_v3,"gemini_flash_lite,qwen_30b,deepseek_v3",230,random_forest_router,0.9607843137254902,0.00011823039215686275,0.9607843137254902,0.0196078431372549,0.0,0.9803921568627451
3model_gemini_flash_lite_qwen_30b_deepseek_v3,"gemini_flash_lite,qwen_30b,deepseek_v3",230,extra_trees_router,0.9607843137254902,0.00010438493333333333,0.9607843137254902,0.0196078431372549,0.0,0.8431372549019608
3model_gemini_flash_lite_qwen_30b_deepseek_v3,"gemini_flash_lite,qwen_30b,deepseek_v3",230,tfidf_logistic_router,0.9607843137254902,0.00011367243137254901,0.9607843137254902,0.0196078431372549,0.0,0.9411764705882353
3model_gemini_flash_lite_qwen_30b_deepseek_v3,"gemini_flash_lite,qwen_30b,deepseek_v3",230,tfidf_linear_svm_router,0.9607843137254902,0.00011823039215686275,0.9607843137254902,0.0196078431372549,0.0,0.9803921568627451
3model_gemini_flash_lite_qwen_30b_deepseek_v3,"gemini_flash_lite,qwen_30b,deepseek_v3",231,always_gemini_flash_lite,0.9411764705882353,0.00012332843137254903,0.9411764705882353,0.0,0.0,
3model_gemini_flash_lite_qwen_30b_deepseek_v3,"gemini_flash_lite,qwen_30b,deepseek_v3",231,always_qwen_30b,0.9019607843137255,2.4771207843137253e-05,0.9019607843137255,0.0392156862745098,0.0,
3model_gemini_flash_lite_qwen_30b_deepseek_v3,"gemini_flash_lite,qwen_30b,deepseek_v3",231,always_deepseek_v3,0.8627450980392157,7.632623529411765e-05,0.8627450980392157,0.0784313725490196,0.0,
3model_gemini_flash_lite_qwen_30b_deepseek_v3,"gemini_flash_lite,qwen_30b,deepseek_v3",231,random,0.9215686274509803,7.81891294117647e-05,0.9215686274509803,0.0196078431372549,0.0,
3model_gemini_flash_lite_qwen_30b_deepseek_v3,"gemini_flash_lite,qwen_30b,deepseek_v3",231,oracle,0.9411764705882353,0.00012332843137254903,0.9411764705882353,0.0,0.0,
3model_gemini_flash_lite_qwen_30b_deepseek_v3,"gemini_flash_lite,qwen_30b,deepseek_v3",231,logistic_router,0.9215686274509803,0.00010701811764705881,0.9215686274509803,0.0196078431372549,0.0,
3model_gemini_flash_lite_qwen_30b_deepseek_v3,"gemini_flash_lite,qwen_30b,deepseek_v3",231,linear_svm_router,0.9215686274509803,0.00011705286274509804,0.9215686274509803,0.0196078431372549,0.0,
3model_gemini_flash_lite_qwen_30b_deepseek_v3,"gemini_flash_lite,qwen_30b,deepseek_v3",231,knn_router,0.9411764705882353,0.00012332843137254903,0.9411764705882353,0.0,0.0,
3model_gemini_flash_lite_qwen_30b_deepseek_v3,"gemini_flash_lite,qwen_30b,deepseek_v3",231,decision_tree_router,0.9215686274509803,9.761234509803922e-05,0.9215686274509803,0.0196078431372549,0.0,
3model_gemini_flash_lite_qwen_30b_deepseek_v3,"gemini_flash_lite,qwen_30b,deepseek_v3",231,random_forest_router,0.9215686274509803,0.00012266745098039213,0.9215686274509803,0.0196078431372549,0.0,
3model_gemini_flash_lite_qwen_30b_deepseek_v3,"gemini_flash_lite,qwen_30b,deepseek_v3",231,extra_trees_router,0.9215686274509803,0.00011555859607843135,0.9215686274509803,0.0196078431372549,0.0,
3model_gemini_flash_lite_qwen_30b_deepseek_v3,"gemini_flash_lite,qwen_30b,deepseek_v3",231,tfidf_logistic_router,0.9215686274509803,0.00011002553725490198,0.9215686274509803,0.0196078431372549,0.0,
3model_gemini_flash_lite_qwen_30b_deepseek_v3,"gemini_flash_lite,qwen_30b,deepseek_v3",231,tfidf_linear_svm_router,0.9215686274509803,0.00012266745098039213,0.9215686274509803,0.0196078431372549,0.0,
3model_gemini_flash_lite_qwen_30b_deepseek_v3,"gemini_flash_lite,qwen_30b,deepseek_v3",232,always_gemini_flash_lite,0.9215686274509803,0.00011666176470588236,0.9215686274509803,0.0,0.0,
3model_gemini_flash_lite_qwen_30b_deepseek_v3,"gemini_flash_lite,qwen_30b,deepseek_v3",232,always_qwen_30b,0.8431372549019608,2.445814117647059e-05,0.8431372549019608,0.0784313725490196,0.0,
3model_gemini_flash_lite_qwen_30b_deepseek_v3,"gemini_flash_lite,qwen_30b,deepseek_v3",232,always_deepseek_v3,0.8431372549019608,6.874066666666666e-05,0.8431372549019608,0.0784313725490196,0.0,
3model_gemini_flash_lite_qwen_30b_deepseek_v3,"gemini_flash_lite,qwen_30b,deepseek_v3",232,random,0.8627450980392157,6.447821960784313e-05,0.8627450980392157,0.058823529411764705,0.0,
3model_gemini_flash_lite_qwen_30b_deepseek_v3,"gemini_flash_lite,qwen_30b,deepseek_v3",232,oracle,0.9215686274509803,0.00011666176470588236,0.9215686274509803,0.0,0.0,
3model_gemini_flash_lite_qwen_30b_deepseek_v3,"gemini_flash_lite,qwen_30b,deepseek_v3",232,logistic_router,0.9019607843137255,9.917803921568626e-05,0.9019607843137255,0.0196078431372549,0.0,
3model_gemini_flash_lite_qwen_30b_deepseek_v3,"gemini_flash_lite,qwen_30b,deepseek_v3",232,linear_svm_router,0.9019607843137255,0.00011218694117647058,0.9019607843137255,0.0196078431372549,0.0,
3model_gemini_flash_lite_qwen_30b_deepseek_v3,"gemini_flash_lite,qwen_30b,deepseek_v3",232,knn_router,0.9215686274509803,0.00011666176470588236,0.9215686274509803,0.0,0.0,
3model_gemini_flash_lite_qwen_30b_deepseek_v3,"gemini_flash_lite,qwen_30b,deepseek_v3",232,decision_tree_router,0.8823529411764706,0.00010708203921568627,0.8823529411764706,0.0392156862745098,0.0,
3model_gemini_flash_lite_qwen_30b_deepseek_v3,"gemini_flash_lite,qwen_30b,deepseek_v3",232,random_forest_router,0.9019607843137255,0.00011600078431372548,0.9019607843137255,0.0196078431372549,0.0,
3model_gemini_flash_lite_qwen_30b_deepseek_v3,"gemini_flash_lite,qwen_30b,deepseek_v3",232,extra_trees_router,0.9019607843137255,0.0001106926745098039,0.9019607843137255,0.0196078431372549,0.0,
3model_gemini_flash_lite_qwen_30b_deepseek_v3,"gemini_flash_lite,qwen_30b,deepseek_v3",232,tfidf_logistic_router,0.9019607843137255,0.00010874922352941175,0.9019607843137255,0.0196078431372549,0.0,
3model_gemini_flash_lite_qwen_30b_deepseek_v3,"gemini_flash_lite,qwen_30b,deepseek_v3",232,tfidf_linear_svm_router,0.9019607843137255,0.00011600078431372548,0.9019607843137255,0.0196078431372549,0.0,
3model_gemini_flash_lite_qwen_30b_deepseek_v3,"gemini_flash_lite,qwen_30b,deepseek_v3",233,always_gemini_flash_lite,0.9607843137254902,0.00011480392156862747,0.9607843137254902,0.0196078431372549,0.0,0.9803921568627451
3model_gemini_flash_lite_qwen_30b_deepseek_v3,"gemini_flash_lite,qwen_30b,deepseek_v3",233,always_qwen_30b,0.9215686274509803,2.229367058823529e-05,0.9215686274509803,0.058823529411764705,0.0,0.0196078431372549
3model_gemini_flash_lite_qwen_30b_deepseek_v3,"gemini_flash_lite,qwen_30b,deepseek_v3",233,always_deepseek_v3,0.8823529411764706,6.603835294117647e-05,0.8823529411764706,0.09803921568627451,0.0,0.0
3model_gemini_flash_lite_qwen_30b_deepseek_v3,"gemini_flash_lite,qwen_30b,deepseek_v3",233,random,0.9215686274509803,6.785459607843137e-05,0.9215686274509803,0.058823529411764705,0.0,0.35294117647058826
3model_gemini_flash_lite_qwen_30b_deepseek_v3,"gemini_flash_lite,qwen_30b,deepseek_v3",233,oracle,0.9803921568627451,0.00011287265882352944,0.9803921568627451,0.0,0.0,1.0
3model_gemini_flash_lite_qwen_30b_deepseek_v3,"gemini_flash_lite,qwen_30b,deepseek_v3",233,logistic_router,0.9607843137254902,0.0001075445254901961,0.9607843137254902,0.0196078431372549,0.0,0.9215686274509803
3model_gemini_flash_lite_qwen_30b_deepseek_v3,"gemini_flash_lite,qwen_30b,deepseek_v3",233,linear_svm_router,0.9607843137254902,0.00011480392156862747,0.9607843137254902,0.0196078431372549,0.0,0.9803921568627451
3model_gemini_flash_lite_qwen_30b_deepseek_v3,"gemini_flash_lite,qwen_30b,deepseek_v3",233,knn_router,0.9607843137254902,0.00011480392156862747,0.9607843137254902,0.0196078431372549,0.0,0.9803921568627451
3model_gemini_flash_lite_qwen_30b_deepseek_v3,"gemini_flash_lite,qwen_30b,deepseek_v3",233,decision_tree_router,0.9607843137254902,0.00010548747450980393,0.9607843137254902,0.0196078431372549,0.0,0.8627450980392157
3model_gemini_flash_lite_qwen_30b_deepseek_v3,"gemini_flash_lite,qwen_30b,deepseek_v3",233,random_forest_router,0.9607843137254902,0.00011480392156862747,0.9607843137254902,0.0196078431372549,0.0,0.9803921568627451
3model_gemini_flash_lite_qwen_30b_deepseek_v3,"gemini_flash_lite,qwen_30b,deepseek_v3",233,extra_trees_router,0.9607843137254902,0.00011369670588235297,0.9607843137254902,0.0196078431372549,0.0,0.9607843137254902
3model_gemini_flash_lite_qwen_30b_deepseek_v3,"gemini_flash_lite,qwen_30b,deepseek_v3",233,tfidf_logistic_router,0.9607843137254902,0.00011357607843137257,0.9607843137254902,0.0196078431372549,0.0,0.9607843137254902
3model_gemini_flash_lite_qwen_30b_deepseek_v3,"gemini_flash_lite,qwen_30b,deepseek_v3",233,tfidf_linear_svm_router,0.9607843137254902,0.00011480392156862747,0.9607843137254902,0.0196078431372549,0.0,0.9803921568627451
3model_gemini_flash_lite_qwen_30b_granite_8b,"gemini_flash_lite,qwen_30b,granite_8b",229,always_gemini_flash_lite,0.9019607843137255,0.00012208823529411767,0.9019607843137255,0.058823529411764705,0.0,0.9411764705882353
3model_gemini_flash_lite_qwen_30b_granite_8b,"gemini_flash_lite,qwen_30b,granite_8b",229,always_qwen_30b,0.8627450980392157,2.4920705882352944e-05,0.8627450980392157,0.09803921568627451,0.0,0.0392156862745098
3model_gemini_flash_lite_qwen_30b_granite_8b,"gemini_flash_lite,qwen_30b,granite_8b",229,always_granite_8b,0.8431372549019608,1.5948039215686275e-05,0.8431372549019608,0.11764705882352941,0.0,0.0196078431372549
3model_gemini_flash_lite_qwen_30b_granite_8b,"gemini_flash_lite,qwen_30b,granite_8b",229,random,0.8823529411764706,5.3377450980392164e-05,0.8823529411764706,0.0784313725490196,0.0,0.27450980392156865
3model_gemini_flash_lite_qwen_30b_granite_8b,"gemini_flash_lite,qwen_30b,granite_8b",229,oracle,0.9607843137254902,0.00011535764705882355,0.9607843137254902,0.0,0.0,1.0
3model_gemini_flash_lite_qwen_30b_granite_8b,"gemini_flash_lite,qwen_30b,granite_8b",229,logistic_router,0.9019607843137255,0.00012208823529411767,0.9019607843137255,0.058823529411764705,0.0,0.9411764705882353
3model_gemini_flash_lite_qwen_30b_granite_8b,"gemini_flash_lite,qwen_30b,granite_8b",229,linear_svm_router,0.9019607843137255,0.00012208823529411767,0.9019607843137255,0.058823529411764705,0.0,0.9411764705882353
3model_gemini_flash_lite_qwen_30b_granite_8b,"gemini_flash_lite,qwen_30b,granite_8b",229,knn_router,0.9019607843137255,0.00012208823529411767,0.9019607843137255,0.058823529411764705,0.0,0.9411764705882353
3model_gemini_flash_lite_qwen_30b_granite_8b,"gemini_flash_lite,qwen_30b,granite_8b",229,decision_tree_router,0.9019607843137255,0.00011956647058823533,0.9019607843137255,0.058823529411764705,0.0,0.9019607843137255
3model_gemini_flash_lite_qwen_30b_granite_8b,"gemini_flash_lite,qwen_30b,granite_8b",229,random_forest_router,0.9019607843137255,0.00012208823529411767,0.9019607843137255,0.058823529411764705,0.0,0.9411764705882353
3model_gemini_flash_lite_qwen_30b_granite_8b,"gemini_flash_lite,qwen_30b,granite_8b",229,extra_trees_router,0.9019607843137255,0.00012208823529411767,0.9019607843137255,0.058823529411764705,0.0,0.9411764705882353
3model_gemini_flash_lite_qwen_30b_granite_8b,"gemini_flash_lite,qwen_30b,granite_8b",229,tfidf_logistic_router,0.9019607843137255,0.00012208823529411767,0.9019607843137255,0.058823529411764705,0.0,0.9411764705882353
3model_gemini_flash_lite_qwen_30b_granite_8b,"gemini_flash_lite,qwen_30b,granite_8b",229,tfidf_linear_svm_router,0.9019607843137255,0.00012208823529411767,0.9019607843137255,0.058823529411764705,0.0,0.9411764705882353
3model_gemini_flash_lite_qwen_30b_granite_8b,"gemini_flash_lite,qwen_30b,granite_8b",230,always_gemini_flash_lite,0.9607843137254902,0.00011823039215686275,0.9607843137254902,0.0,0.0,
3model_gemini_flash_lite_qwen_30b_granite_8b,"gemini_flash_lite,qwen_30b,granite_8b",230,always_qwen_30b,0.9019607843137255,2.362894117647059e-05,0.9019607843137255,0.058823529411764705,0.0,
3model_gemini_flash_lite_qwen_30b_granite_8b,"gemini_flash_lite,qwen_30b,granite_8b",230,always_granite_8b,0.8431372549019608,1.511078431372549e-05,0.8431372549019608,0.11764705882352941,0.0,
3model_gemini_flash_lite_qwen_30b_granite_8b,"gemini_flash_lite,qwen_30b,granite_8b",230,random,0.9411764705882353,5.908289411764706e-05,0.9411764705882353,0.0196078431372549,0.0,
3model_gemini_flash_lite_qwen_30b_granite_8b,"gemini_flash_lite,qwen_30b,granite_8b",230,oracle,0.9607843137254902,0.00011823039215686275,0.9607843137254902,0.0,0.0,
3model_gemini_flash_lite_qwen_30b_granite_8b,"gemini_flash_lite,qwen_30b,granite_8b",230,logistic_router,0.9411764705882353,0.00011151089411764706,0.9411764705882353,0.0196078431372549,0.0,
3model_gemini_flash_lite_qwen_30b_granite_8b,"gemini_flash_lite,qwen_30b,granite_8b",230,linear_svm_router,0.9607843137254902,0.00011359639215686274,0.9607843137254902,0.0,0.0,
3model_gemini_flash_lite_qwen_30b_granite_8b,"gemini_flash_lite,qwen_30b,granite_8b",230,knn_router,0.9607843137254902,0.00011823039215686275,0.9607843137254902,0.0,0.0,
3model_gemini_flash_lite_qwen_30b_granite_8b,"gemini_flash_lite,qwen_30b,granite_8b",230,decision_tree_router,0.9607843137254902,0.00011377183529411767,0.9607843137254902,0.0,0.0,
3model_gemini_flash_lite_qwen_30b_granite_8b,"gemini_flash_lite,qwen_30b,granite_8b",230,random_forest_router,0.9607843137254902,0.00011823039215686275,0.9607843137254902,0.0,0.0,
3model_gemini_flash_lite_qwen_30b_granite_8b,"gemini_flash_lite,qwen_30b,granite_8b",230,extra_trees_router,0.9411764705882353,0.00011016870588235294,0.9411764705882353,0.0196078431372549,0.0,
3model_gemini_flash_lite_qwen_30b_granite_8b,"gemini_flash_lite,qwen_30b,granite_8b",230,tfidf_logistic_router,0.9411764705882353,0.0001145183137254902,0.9411764705882353,0.0196078431372549,0.0,
3model_gemini_flash_lite_qwen_30b_granite_8b,"gemini_flash_lite,qwen_30b,granite_8b",230,tfidf_linear_svm_router,0.9607843137254902,0.00011823039215686275,0.9607843137254902,0.0,0.0,
3model_gemini_flash_lite_qwen_30b_granite_8b,"gemini_flash_lite,qwen_30b,granite_8b",231,always_gemini_flash_lite,0.9411764705882353,0.00012332843137254903,0.9411764705882353,0.0,0.0,
3model_gemini_flash_lite_qwen_30b_granite_8b,"gemini_flash_lite,qwen_30b,granite_8b",231,always_qwen_30b,0.9019607843137255,2.4771207843137253e-05,0.9019607843137255,0.0392156862745098,0.0,
3model_gemini_flash_lite_qwen_30b_granite_8b,"gemini_flash_lite,qwen_30b,granite_8b",231,always_granite_8b,0.8431372549019608,1.662843137254902e-05,0.8431372549019608,0.09803921568627451,0.0,
3model_gemini_flash_lite_qwen_30b_granite_8b,"gemini_flash_lite,qwen_30b,granite_8b",231,random,0.9215686274509803,5.643156078431373e-05,0.9215686274509803,0.0196078431372549,0.0,
3model_gemini_flash_lite_qwen_30b_granite_8b,"gemini_flash_lite,qwen_30b,granite_8b",231,oracle,0.9411764705882353,0.00012332843137254903,0.9411764705882353,0.0,0.0,
3model_gemini_flash_lite_qwen_30b_granite_8b,"gemini_flash_lite,qwen_30b,granite_8b",231,logistic_router,0.9411764705882353,0.00010890694117647058,0.9411764705882353,0.0,0.0,
3model_gemini_flash_lite_qwen_30b_granite_8b,"gemini_flash_lite,qwen_30b,granite_8b",231,linear_svm_router,0.9411764705882353,0.0001177138431372549,0.9411764705882353,0.0,0.0,
3model_gemini_flash_lite_qwen_30b_granite_8b,"gemini_flash_lite,qwen_30b,granite_8b",231,knn_router,0.9411764705882353,0.00012332843137254903,0.9411764705882353,0.0,0.0,
3model_gemini_flash_lite_qwen_30b_granite_8b,"gemini_flash_lite,qwen_30b,granite_8b",231,decision_tree_router,0.9411764705882353,9.936587450980392e-05,0.9411764705882353,0.0,0.0,
3model_gemini_flash_lite_qwen_30b_granite_8b,"gemini_flash_lite,qwen_30b,granite_8b",231,random_forest_router,0.9411764705882353,0.00012332843137254903,0.9411764705882353,0.0,0.0,
3model_gemini_flash_lite_qwen_30b_granite_8b,"gemini_flash_lite,qwen_30b,granite_8b",231,extra_trees_router,0.9411764705882353,0.00011621957647058823,0.9411764705882353,0.0,0.0,
3model_gemini_flash_lite_qwen_30b_granite_8b,"gemini_flash_lite,qwen_30b,granite_8b",231,tfidf_logistic_router,0.9411764705882353,0.00011234465882352943,0.9411764705882353,0.0,0.0,
3model_gemini_flash_lite_qwen_30b_granite_8b,"gemini_flash_lite,qwen_30b,granite_8b",231,tfidf_linear_svm_router,0.9411764705882353,0.00012332843137254903,0.9411764705882353,0.0,0.0,
3model_gemini_flash_lite_qwen_30b_granite_8b,"gemini_flash_lite,qwen_30b,granite_8b",232,always_gemini_flash_lite,0.9215686274509803,0.00011666176470588236,0.9215686274509803,0.0,0.0,
3model_gemini_flash_lite_qwen_30b_granite_8b,"gemini_flash_lite,qwen_30b,granite_8b",232,always_qwen_30b,0.8431372549019608,2.445814117647059e-05,0.8431372549019608,0.0784313725490196,0.0,
3model_gemini_flash_lite_qwen_30b_granite_8b,"gemini_flash_lite,qwen_30b,granite_8b",232,always_granite_8b,0.7647058823529411,1.5119607843137256e-05,0.7647058823529411,0.1568627450980392,0.0,
3model_gemini_flash_lite_qwen_30b_granite_8b,"gemini_flash_lite,qwen_30b,granite_8b",232,random,0.8235294117647058,4.844806274509803e-05,0.8235294117647058,0.09803921568627451,0.0,
3model_gemini_flash_lite_qwen_30b_granite_8b,"gemini_flash_lite,qwen_30b,granite_8b",232,oracle,0.9215686274509803,0.00011666176470588236,0.9215686274509803,0.0,0.0,
3model_gemini_flash_lite_qwen_30b_granite_8b,"gemini_flash_lite,qwen_30b,granite_8b",232,logistic_router,0.9215686274509803,0.00010444788235294117,0.9215686274509803,0.0,0.0,
3model_gemini_flash_lite_qwen_30b_granite_8b,"gemini_flash_lite,qwen_30b,granite_8b",232,linear_svm_router,0.9215686274509803,0.00011284792156862744,0.9215686274509803,0.0,0.0,
3model_gemini_flash_lite_qwen_30b_granite_8b,"gemini_flash_lite,qwen_30b,granite_8b",232,knn_router,0.9215686274509803,0.00011666176470588236,0.9215686274509803,0.0,0.0,
3model_gemini_flash_lite_qwen_30b_granite_8b,"gemini_flash_lite,qwen_30b,granite_8b",232,decision_tree_router,0.9019607843137255,0.0001085610588235294,0.9019607843137255,0.0196078431372549,0.0,
3model_gemini_flash_lite_qwen_30b_granite_8b,"gemini_flash_lite,qwen_30b,granite_8b",232,random_forest_router,0.9215686274509803,0.00011666176470588236,0.9215686274509803,0.0,0.0,
3model_gemini_flash_lite_qwen_30b_granite_8b,"gemini_flash_lite,qwen_30b,granite_8b",232,extra_trees_router,0.9215686274509803,0.00011135365490196079,0.9215686274509803,0.0,0.0,
3model_gemini_flash_lite_qwen_30b_granite_8b,"gemini_flash_lite,qwen_30b,granite_8b",232,tfidf_logistic_router,0.9215686274509803,0.00010941020392156862,0.9215686274509803,0.0,0.0,
3model_gemini_flash_lite_qwen_30b_granite_8b,"gemini_flash_lite,qwen_30b,granite_8b",232,tfidf_linear_svm_router,0.9215686274509803,0.00011666176470588236,0.9215686274509803,0.0,0.0,
3model_gemini_flash_lite_qwen_30b_granite_8b,"gemini_flash_lite,qwen_30b,granite_8b",233,always_gemini_flash_lite,0.9607843137254902,0.00011480392156862747,0.9607843137254902,0.0196078431372549,0.0,0.9803921568627451
3model_gemini_flash_lite_qwen_30b_granite_8b,"gemini_flash_lite,qwen_30b,granite_8b",233,always_qwen_30b,0.9215686274509803,2.229367058823529e-05,0.9215686274509803,0.058823529411764705,0.0,0.0196078431372549
3model_gemini_flash_lite_qwen_30b_granite_8b,"gemini_flash_lite,qwen_30b,granite_8b",233,always_granite_8b,0.7647058823529411,1.5750000000000003e-05,0.7647058823529411,0.21568627450980393,0.0,0.0
3model_gemini_flash_lite_qwen_30b_granite_8b,"gemini_flash_lite,qwen_30b,granite_8b",233,random,0.8627450980392157,4.9458360784313726e-05,0.8627450980392157,0.11764705882352941,0.0,0.35294117647058826
3model_gemini_flash_lite_qwen_30b_granite_8b,"gemini_flash_lite,qwen_30b,granite_8b",233,oracle,0.9803921568627451,0.00011287265882352944,0.9803921568627451,0.0,0.0,1.0
3model_gemini_flash_lite_qwen_30b_granite_8b,"gemini_flash_lite,qwen_30b,granite_8b",233,logistic_router,0.9607843137254902,0.00010603951372549023,0.9607843137254902,0.0196078431372549,0.0,0.9215686274509803
3model_gemini_flash_lite_qwen_30b_granite_8b,"gemini_flash_lite,qwen_30b,granite_8b",233,linear_svm_router,0.9607843137254902,0.00011480392156862747,0.9607843137254902,0.0196078431372549,0.0,0.9803921568627451
3model_gemini_flash_lite_qwen_30b_granite_8b,"gemini_flash_lite,qwen_30b,granite_8b",233,knn_router,0.9607843137254902,0.00011480392156862747,0.9607843137254902,0.0196078431372549,0.0,0.9803921568627451
3model_gemini_flash_lite_qwen_30b_granite_8b,"gemini_flash_lite,qwen_30b,granite_8b",233,decision_tree_router,0.9607843137254902,0.00010358178823529414,0.9607843137254902,0.0196078431372549,0.0,0.8627450980392157
3model_gemini_flash_lite_qwen_30b_granite_8b,"gemini_flash_lite,qwen_30b,granite_8b",233,random_forest_router,0.9607843137254902,0.00011480392156862747,0.9607843137254902,0.0196078431372549,0.0,0.9803921568627451
3model_gemini_flash_lite_qwen_30b_granite_8b,"gemini_flash_lite,qwen_30b,granite_8b",233,extra_trees_router,0.9607843137254902,0.00011480392156862747,0.9607843137254902,0.0196078431372549,0.0,0.9803921568627451
3model_gemini_flash_lite_qwen_30b_granite_8b,"gemini_flash_lite,qwen_30b,granite_8b",233,tfidf_logistic_router,0.9607843137254902,0.00011480392156862747,0.9607843137254902,0.0196078431372549,0.0,0.9803921568627451
3model_gemini_flash_lite_qwen_30b_granite_8b,"gemini_flash_lite,qwen_30b,granite_8b",233,tfidf_linear_svm_router,0.9607843137254902,0.00011480392156862747,0.9607843137254902,0.0196078431372549,0.0,0.9803921568627451
3model_gemini_flash_lite_llama_70b_deepseek_v3,"gemini_flash_lite,llama_70b,deepseek_v3",229,always_gemini_flash_lite,0.9019607843137255,0.00012208823529411767,0.9019607843137255,0.058823529411764705,0.0,0.9411764705882353
3model_gemini_flash_lite_llama_70b_deepseek_v3,"gemini_flash_lite,llama_70b,deepseek_v3",229,always_llama_70b,0.8235294117647058,0.019657743235294112,0.8235294117647058,0.13725490196078433,0.0,0.0392156862745098
3model_gemini_flash_lite_llama_70b_deepseek_v3,"gemini_flash_lite,llama_70b,deepseek_v3",229,always_deepseek_v3,0.8627450980392157,7.586537254901961e-05,0.8627450980392157,0.09803921568627451,0.0,0.0196078431372549
3model_gemini_flash_lite_llama_70b_deepseek_v3,"gemini_flash_lite,llama_70b,deepseek_v3",229,random,0.8627450980392157,8.023807843137256e-05,0.8627450980392157,0.09803921568627451,0.0,0.27450980392156865
3model_gemini_flash_lite_llama_70b_deepseek_v3,"gemini_flash_lite,llama_70b,deepseek_v3",229,oracle,0.9607843137254902,0.00011716686274509806,0.9607843137254902,0.0,0.0,1.0
3model_gemini_flash_lite_llama_70b_deepseek_v3,"gemini_flash_lite,llama_70b,deepseek_v3",229,logistic_router,0.8627450980392157,0.00012132196078431376,0.8627450980392157,0.09803921568627451,0.0,0.9019607843137255
3model_gemini_flash_lite_llama_70b_deepseek_v3,"gemini_flash_lite,llama_70b,deepseek_v3",229,linear_svm_router,0.8823529411764706,0.0001214272549019608,0.8823529411764706,0.0784313725490196,0.0,0.9215686274509803
3model_gemini_flash_lite_llama_70b_deepseek_v3,"gemini_flash_lite,llama_70b,deepseek_v3",229,knn_router,0.9019607843137255,0.00012208823529411767,0.9019607843137255,0.058823529411764705,0.0,0.9411764705882353
3model_gemini_flash_lite_llama_70b_deepseek_v3,"gemini_flash_lite,llama_70b,deepseek_v3",229,decision_tree_router,0.8823529411764706,0.00011989576470588237,0.8823529411764706,0.0784313725490196,0.0,0.8823529411764706
3model_gemini_flash_lite_llama_70b_deepseek_v3,"gemini_flash_lite,llama_70b,deepseek_v3",229,random_forest_router,0.9019607843137255,0.00012074823529411766,0.9019607843137255,0.058823529411764705,0.0,0.9215686274509803
3model_gemini_flash_lite_llama_70b_deepseek_v3,"gemini_flash_lite,llama_70b,deepseek_v3",229,extra_trees_router,0.8823529411764706,0.0001214272549019608,0.8823529411764706,0.0784313725490196,0.0,0.9215686274509803
3model_gemini_flash_lite_llama_70b_deepseek_v3,"gemini_flash_lite,llama_70b,deepseek_v3",229,tfidf_logistic_router,0.8627450980392157,0.00012132196078431376,0.8627450980392157,0.09803921568627451,0.0,0.9019607843137255
3model_gemini_flash_lite_llama_70b_deepseek_v3,"gemini_flash_lite,llama_70b,deepseek_v3",229,tfidf_linear_svm_router,0.8823529411764706,0.0001214272549019608,0.8823529411764706,0.0784313725490196,0.0,0.9215686274509803
3model_gemini_flash_lite_llama_70b_deepseek_v3,"gemini_flash_lite,llama_70b,deepseek_v3",230,always_gemini_flash_lite,0.9607843137254902,0.00011823039215686275,0.9607843137254902,0.0392156862745098,0.0,0.9607843137254902
3model_gemini_flash_lite_llama_70b_deepseek_v3,"gemini_flash_lite,llama_70b,deepseek_v3",230,always_llama_70b,0.8431372549019608,5.601811764705883e-05,0.8431372549019608,0.1568627450980392,0.0,0.0196078431372549
3model_gemini_flash_lite_llama_70b_deepseek_v3,"gemini_flash_lite,llama_70b,deepseek_v3",230,always_deepseek_v3,0.9019607843137255,6.701905882352941e-05,0.9019607843137255,0.09803921568627451,0.0,0.0196078431372549
3model_gemini_flash_lite_llama_70b_deepseek_v3,"gemini_flash_lite,llama_70b,deepseek_v3",230,random,0.8823529411764706,8.058025490196078e-05,0.8823529411764706,0.11764705882352941,0.0,0.3137254901960784
3model_gemini_flash_lite_llama_70b_deepseek_v3,"gemini_flash_lite,llama_70b,deepseek_v3",230,oracle,1.0,0.00011652274509803921,1.0,0.0,0.0,1.0
3model_gemini_flash_lite_llama_70b_deepseek_v3,"gemini_flash_lite,llama_70b,deepseek_v3",230,logistic_router,0.9607843137254902,0.00011544137254901961,0.9607843137254902,0.0392156862745098,0.0,0.9215686274509803
3model_gemini_flash_lite_llama_70b_deepseek_v3,"gemini_flash_lite,llama_70b,deepseek_v3",230,linear_svm_router,0.9607843137254902,0.00011666980392156861,0.9607843137254902,0.0392156862745098,0.0,0.9607843137254902
3model_gemini_flash_lite_llama_70b_deepseek_v3,"gemini_flash_lite,llama_70b,deepseek_v3",230,knn_router,0.9607843137254902,0.00011823039215686275,0.9607843137254902,0.0392156862745098,0.0,0.9607843137254902
3model_gemini_flash_lite_llama_70b_deepseek_v3,"gemini_flash_lite,llama_70b,deepseek_v3",230,decision_tree_router,0.9803921568627451,0.00011536450980392156,0.9803921568627451,0.0196078431372549,0.0,0.9411764705882353
3model_gemini_flash_lite_llama_70b_deepseek_v3,"gemini_flash_lite,llama_70b,deepseek_v3",230,random_forest_router,0.9607843137254902,0.00011823039215686275,0.9607843137254902,0.0392156862745098,0.0,0.9607843137254902
3model_gemini_flash_lite_llama_70b_deepseek_v3,"gemini_flash_lite,llama_70b,deepseek_v3",230,extra_trees_router,0.9607843137254902,0.00011000188235294118,0.9607843137254902,0.0392156862745098,0.0,0.8235294117647058
3model_gemini_flash_lite_llama_70b_deepseek_v3,"gemini_flash_lite,llama_70b,deepseek_v3",230,tfidf_logistic_router,0.9607843137254902,0.00011561588235294117,0.9607843137254902,0.0392156862745098,0.0,0.9411764705882353
3model_gemini_flash_lite_llama_70b_deepseek_v3,"gemini_flash_lite,llama_70b,deepseek_v3",230,tfidf_linear_svm_router,0.9607843137254902,0.00011823039215686275,0.9607843137254902,0.0392156862745098,0.0,0.9607843137254902
3model_gemini_flash_lite_llama_70b_deepseek_v3,"gemini_flash_lite,llama_70b,deepseek_v3",231,always_gemini_flash_lite,0.9411764705882353,0.00012332843137254903,0.9411764705882353,0.0196078431372549,0.0,0.9803921568627451
3model_gemini_flash_lite_llama_70b_deepseek_v3,"gemini_flash_lite,llama_70b,deepseek_v3",231,always_llama_70b,0.9019607843137255,0.01966218745098039,0.9019607843137255,0.058823529411764705,0.0,0.0196078431372549
3model_gemini_flash_lite_llama_70b_deepseek_v3,"gemini_flash_lite,llama_70b,deepseek_v3",231,always_deepseek_v3,0.8627450980392157,7.632623529411765e-05,0.8627450980392157,0.09803921568627451,0.0,0.0
3model_gemini_flash_lite_llama_70b_deepseek_v3,"gemini_flash_lite,llama_70b,deepseek_v3",231,random,0.9019607843137255,8.448139215686272e-05,0.9019607843137255,0.058823529411764705,0.0,0.3333333333333333
3model_gemini_flash_lite_llama_70b_deepseek_v3,"gemini_flash_lite,llama_70b,deepseek_v3",231,oracle,0.9607843137254902,0.00012275,0.9607843137254902,0.0,0.0,1.0
3model_gemini_flash_lite_llama_70b_deepseek_v3,"gemini_flash_lite,llama_70b,deepseek_v3",231,logistic_router,0.9215686274509803,0.00011274843137254902,0.9215686274509803,0.0392156862745098,0.0,0.8627450980392157
3model_gemini_flash_lite_llama_70b_deepseek_v3,"gemini_flash_lite,llama_70b,deepseek_v3",231,linear_svm_router,0.9215686274509803,0.00012139862745098039,0.9215686274509803,0.0392156862745098,0.0,0.9411764705882353
3model_gemini_flash_lite_llama_70b_deepseek_v3,"gemini_flash_lite,llama_70b,deepseek_v3",231,knn_router,0.9411764705882353,0.00012332843137254903,0.9411764705882353,0.0196078431372549,0.0,0.9803921568627451
3model_gemini_flash_lite_llama_70b_deepseek_v3,"gemini_flash_lite,llama_70b,deepseek_v3",231,decision_tree_router,0.9215686274509803,0.00011935392156862742,0.9215686274509803,0.0392156862745098,0.0,0.9215686274509803
3model_gemini_flash_lite_llama_70b_deepseek_v3,"gemini_flash_lite,llama_70b,deepseek_v3",231,random_forest_router,0.9215686274509803,0.00012136901960784311,0.9215686274509803,0.0392156862745098,0.0,0.9411764705882353
3model_gemini_flash_lite_llama_70b_deepseek_v3,"gemini_flash_lite,llama_70b,deepseek_v3",231,extra_trees_router,0.9215686274509803,0.00011834549019607844,0.9215686274509803,0.0392156862745098,0.0,0.9215686274509803
3model_gemini_flash_lite_llama_70b_deepseek_v3,"gemini_flash_lite,llama_70b,deepseek_v3",231,tfidf_logistic_router,0.9215686274509803,0.00011473117647058822,0.9215686274509803,0.0392156862745098,0.0,0.8823529411764706
3model_gemini_flash_lite_llama_70b_deepseek_v3,"gemini_flash_lite,llama_70b,deepseek_v3",231,tfidf_linear_svm_router,0.9215686274509803,0.00012266745098039213,0.9215686274509803,0.0392156862745098,0.0,0.9607843137254902
3model_gemini_flash_lite_llama_70b_deepseek_v3,"gemini_flash_lite,llama_70b,deepseek_v3",232,always_gemini_flash_lite,0.9215686274509803,0.00011666176470588236,0.9215686274509803,0.0,0.0,
3model_gemini_flash_lite_llama_70b_deepseek_v3,"gemini_flash_lite,llama_70b,deepseek_v3",232,always_llama_70b,0.803921568627451,5.9688607843137255e-05,0.803921568627451,0.11764705882352941,0.0,
3model_gemini_flash_lite_llama_70b_deepseek_v3,"gemini_flash_lite,llama_70b,deepseek_v3",232,always_deepseek_v3,0.8431372549019608,6.874066666666666e-05,0.8431372549019608,0.0784313725490196,0.0,
3model_gemini_flash_lite_llama_70b_deepseek_v3,"gemini_flash_lite,llama_70b,deepseek_v3",232,random,0.8235294117647058,7.959278431372549e-05,0.8235294117647058,0.09803921568627451,0.0,
3model_gemini_flash_lite_llama_70b_deepseek_v3,"gemini_flash_lite,llama_70b,deepseek_v3",232,oracle,0.9215686274509803,0.00011666176470588236,0.9215686274509803,0.0,0.0,
3model_gemini_flash_lite_llama_70b_deepseek_v3,"gemini_flash_lite,llama_70b,deepseek_v3",232,logistic_router,0.9019607843137255,0.00010961627450980391,0.9019607843137255,0.0196078431372549,0.0,
3model_gemini_flash_lite_llama_70b_deepseek_v3,"gemini_flash_lite,llama_70b,deepseek_v3",232,linear_svm_router,0.9019607843137255,0.00011256411764705883,0.9019607843137255,0.0196078431372549,0.0,
3model_gemini_flash_lite_llama_70b_deepseek_v3,"gemini_flash_lite,llama_70b,deepseek_v3",232,knn_router,0.9215686274509803,0.00011666176470588236,0.9215686274509803,0.0,0.0,
3model_gemini_flash_lite_llama_70b_deepseek_v3,"gemini_flash_lite,llama_70b,deepseek_v3",232,decision_tree_router,0.8627450980392157,0.00010581176470588234,0.8627450980392157,0.058823529411764705,0.0,
3model_gemini_flash_lite_llama_70b_deepseek_v3,"gemini_flash_lite,llama_70b,deepseek_v3",232,random_forest_router,0.9019607843137255,0.00011600078431372548,0.9019607843137255,0.0196078431372549,0.0,
3model_gemini_flash_lite_llama_70b_deepseek_v3,"gemini_flash_lite,llama_70b,deepseek_v3",232,extra_trees_router,0.9019607843137255,0.0001081175294117647,0.9019607843137255,0.0196078431372549,0.0,
3model_gemini_flash_lite_llama_70b_deepseek_v3,"gemini_flash_lite,llama_70b,deepseek_v3",232,tfidf_logistic_router,0.9019607843137255,0.00010961627450980391,0.9019607843137255,0.0196078431372549,0.0,
3model_gemini_flash_lite_llama_70b_deepseek_v3,"gemini_flash_lite,llama_70b,deepseek_v3",232,tfidf_linear_svm_router,0.9019607843137255,0.00011600078431372548,0.9019607843137255,0.0196078431372549,0.0,
3model_gemini_flash_lite_llama_70b_deepseek_v3,"gemini_flash_lite,llama_70b,deepseek_v3",233,always_gemini_flash_lite,0.9607843137254902,0.00011480392156862747,0.9607843137254902,0.0,0.0,
3model_gemini_flash_lite_llama_70b_deepseek_v3,"gemini_flash_lite,llama_70b,deepseek_v3",233,always_llama_70b,0.8823529411764706,5.1382941176470584e-05,0.8823529411764706,0.0784313725490196,0.0,
3model_gemini_flash_lite_llama_70b_deepseek_v3,"gemini_flash_lite,llama_70b,deepseek_v3",233,always_deepseek_v3,0.8823529411764706,6.603835294117647e-05,0.8823529411764706,0.0784313725490196,0.0,
3model_gemini_flash_lite_llama_70b_deepseek_v3,"gemini_flash_lite,llama_70b,deepseek_v3",233,random,0.9019607843137255,7.795349019607843e-05,0.9019607843137255,0.058823529411764705,0.0,
3model_gemini_flash_lite_llama_70b_deepseek_v3,"gemini_flash_lite,llama_70b,deepseek_v3",233,oracle,0.9607843137254902,0.00011480392156862747,0.9607843137254902,0.0,0.0,
3model_gemini_flash_lite_llama_70b_deepseek_v3,"gemini_flash_lite,llama_70b,deepseek_v3",233,logistic_router,0.9607843137254902,0.00011073450980392159,0.9607843137254902,0.0,0.0,
3model_gemini_flash_lite_llama_70b_deepseek_v3,"gemini_flash_lite,llama_70b,deepseek_v3",233,linear_svm_router,0.9607843137254902,0.00011480392156862747,0.9607843137254902,0.0,0.0,
3model_gemini_flash_lite_llama_70b_deepseek_v3,"gemini_flash_lite,llama_70b,deepseek_v3",233,knn_router,0.9607843137254902,0.00011480392156862747,0.9607843137254902,0.0,0.0,
3model_gemini_flash_lite_llama_70b_deepseek_v3,"gemini_flash_lite,llama_70b,deepseek_v3",233,decision_tree_router,0.9607843137254902,0.00010332913725490197,0.9607843137254902,0.0,0.0,
3model_gemini_flash_lite_llama_70b_deepseek_v3,"gemini_flash_lite,llama_70b,deepseek_v3",233,random_forest_router,0.9607843137254902,0.00011346823529411766,0.9607843137254902,0.0,0.0,
3model_gemini_flash_lite_llama_70b_deepseek_v3,"gemini_flash_lite,llama_70b,deepseek_v3",233,extra_trees_router,0.9607843137254902,0.00011480392156862747,0.9607843137254902,0.0,0.0,
3model_gemini_flash_lite_llama_70b_deepseek_v3,"gemini_flash_lite,llama_70b,deepseek_v3",233,tfidf_logistic_router,0.9607843137254902,0.00011357607843137257,0.9607843137254902,0.0,0.0,
3model_gemini_flash_lite_llama_70b_deepseek_v3,"gemini_flash_lite,llama_70b,deepseek_v3",233,tfidf_linear_svm_router,0.9607843137254902,0.00011480392156862747,0.9607843137254902,0.0,0.0,
3model_gemini_flash_lite_llama_70b_granite_8b,"gemini_flash_lite,llama_70b,granite_8b",229,always_gemini_flash_lite,0.9019607843137255,0.00012208823529411767,0.9019607843137255,0.058823529411764705,0.0,0.9411764705882353
3model_gemini_flash_lite_llama_70b_granite_8b,"gemini_flash_lite,llama_70b,granite_8b",229,always_llama_70b,0.8235294117647058,0.019657743235294112,0.8235294117647058,0.13725490196078433,0.0,0.0392156862745098
3model_gemini_flash_lite_llama_70b_granite_8b,"gemini_flash_lite,llama_70b,granite_8b",229,always_granite_8b,0.8431372549019608,1.5948039215686275e-05,0.8431372549019608,0.11764705882352941,0.0,0.0196078431372549
3model_gemini_flash_lite_llama_70b_granite_8b,"gemini_flash_lite,llama_70b,granite_8b",229,random,0.8627450980392157,6.354254901960785e-05,0.8627450980392157,0.09803921568627451,0.0,0.27450980392156865
3model_gemini_flash_lite_llama_70b_granite_8b,"gemini_flash_lite,llama_70b,granite_8b",229,oracle,0.9607843137254902,0.0001157545098039216,0.9607843137254902,0.0,0.0,1.0
3model_gemini_flash_lite_llama_70b_granite_8b,"gemini_flash_lite,llama_70b,granite_8b",229,logistic_router,0.9019607843137255,0.00012208823529411767,0.9019607843137255,0.058823529411764705,0.0,0.9411764705882353
3model_gemini_flash_lite_llama_70b_granite_8b,"gemini_flash_lite,llama_70b,granite_8b",229,linear_svm_router,0.9019607843137255,0.00012208823529411767,0.9019607843137255,0.058823529411764705,0.0,0.9411764705882353
3model_gemini_flash_lite_llama_70b_granite_8b,"gemini_flash_lite,llama_70b,granite_8b",229,knn_router,0.9019607843137255,0.00012208823529411767,0.9019607843137255,0.058823529411764705,0.0,0.9411764705882353
3model_gemini_flash_lite_llama_70b_granite_8b,"gemini_flash_lite,llama_70b,granite_8b",229,decision_tree_router,0.9019607843137255,0.00012112352941176472,0.9019607843137255,0.058823529411764705,0.0,0.9215686274509803
3model_gemini_flash_lite_llama_70b_granite_8b,"gemini_flash_lite,llama_70b,granite_8b",229,random_forest_router,0.9019607843137255,0.00012208823529411767,0.9019607843137255,0.058823529411764705,0.0,0.9411764705882353
3model_gemini_flash_lite_llama_70b_granite_8b,"gemini_flash_lite,llama_70b,granite_8b",229,extra_trees_router,0.9019607843137255,0.00012208823529411767,0.9019607843137255,0.058823529411764705,0.0,0.9411764705882353
3model_gemini_flash_lite_llama_70b_granite_8b,"gemini_flash_lite,llama_70b,granite_8b",229,tfidf_logistic_router,0.9019607843137255,0.00012208823529411767,0.9019607843137255,0.058823529411764705,0.0,0.9411764705882353
3model_gemini_flash_lite_llama_70b_granite_8b,"gemini_flash_lite,llama_70b,granite_8b",229,tfidf_linear_svm_router,0.9019607843137255,0.00012208823529411767,0.9019607843137255,0.058823529411764705,0.0,0.9411764705882353
3model_gemini_flash_lite_llama_70b_granite_8b,"gemini_flash_lite,llama_70b,granite_8b",230,always_gemini_flash_lite,0.9607843137254902,0.00011823039215686275,0.9607843137254902,0.0196078431372549,0.0,0.9803921568627451
3model_gemini_flash_lite_llama_70b_granite_8b,"gemini_flash_lite,llama_70b,granite_8b",230,always_llama_70b,0.8431372549019608,5.601811764705883e-05,0.8431372549019608,0.13725490196078433,0.0,0.0196078431372549
3model_gemini_flash_lite_llama_70b_granite_8b,"gemini_flash_lite,llama_70b,granite_8b",230,always_granite_8b,0.8431372549019608,1.511078431372549e-05,0.8431372549019608,0.13725490196078433,0.0,0.0
3model_gemini_flash_lite_llama_70b_granite_8b,"gemini_flash_lite,llama_70b,granite_8b",230,random,0.9019607843137255,6.968370588235295e-05,0.9019607843137255,0.0784313725490196,0.0,0.3333333333333333
3model_gemini_flash_lite_llama_70b_granite_8b,"gemini_flash_lite,llama_70b,granite_8b",230,oracle,0.9803921568627451,0.00011765196078431374,0.9803921568627451,0.0,0.0,1.0
3model_gemini_flash_lite_llama_70b_granite_8b,"gemini_flash_lite,llama_70b,granite_8b",230,logistic_router,0.9411764705882353,0.00011628725490196078,0.9411764705882353,0.0392156862745098,0.0,0.9411764705882353
3model_gemini_flash_lite_llama_70b_granite_8b,"gemini_flash_lite,llama_70b,granite_8b",230,linear_svm_router,0.9607843137254902,0.00011823039215686275,0.9607843137254902,0.0196078431372549,0.0,0.9803921568627451
3model_gemini_flash_lite_llama_70b_granite_8b,"gemini_flash_lite,llama_70b,granite_8b",230,knn_router,0.9607843137254902,0.00011823039215686275,0.9607843137254902,0.0196078431372549,0.0,0.9803921568627451
3model_gemini_flash_lite_llama_70b_granite_8b,"gemini_flash_lite,llama_70b,granite_8b",230,decision_tree_router,0.9607843137254902,0.00011307156862745098,0.9607843137254902,0.0196078431372549,0.0,0.9215686274509803
3model_gemini_flash_lite_llama_70b_granite_8b,"gemini_flash_lite,llama_70b,granite_8b",230,random_forest_router,0.9607843137254902,0.00011823039215686275,0.9607843137254902,0.0196078431372549,0.0,0.9803921568627451
3model_gemini_flash_lite_llama_70b_granite_8b,"gemini_flash_lite,llama_70b,granite_8b",230,extra_trees_router,0.9411764705882353,0.0001101932156862745,0.9411764705882353,0.0392156862745098,0.0,0.8627450980392157
3model_gemini_flash_lite_llama_70b_granite_8b,"gemini_flash_lite,llama_70b,granite_8b",230,tfidf_logistic_router,0.9411764705882353,0.00011646176470588235,0.9411764705882353,0.0392156862745098,0.0,0.9607843137254902
3model_gemini_flash_lite_llama_70b_granite_8b,"gemini_flash_lite,llama_70b,granite_8b",230,tfidf_linear_svm_router,0.9607843137254902,0.00011823039215686275,0.9607843137254902,0.0196078431372549,0.0,0.9803921568627451
3model_gemini_flash_lite_llama_70b_granite_8b,"gemini_flash_lite,llama_70b,granite_8b",231,always_gemini_flash_lite,0.9411764705882353,0.00012332843137254903,0.9411764705882353,0.0196078431372549,0.0,0.9803921568627451
3model_gemini_flash_lite_llama_70b_granite_8b,"gemini_flash_lite,llama_70b,granite_8b",231,always_llama_70b,0.9019607843137255,0.01966218745098039,0.9019607843137255,0.058823529411764705,0.0,0.0196078431372549
3model_gemini_flash_lite_llama_70b_granite_8b,"gemini_flash_lite,llama_70b,granite_8b",231,always_granite_8b,0.8431372549019608,1.662843137254902e-05,0.8431372549019608,0.11764705882352941,0.0,0.0
3model_gemini_flash_lite_llama_70b_granite_8b,"gemini_flash_lite,llama_70b,granite_8b",231,random,0.9019607843137255,6.272382352941178e-05,0.9019607843137255,0.058823529411764705,0.0,0.3333333333333333
3model_gemini_flash_lite_llama_70b_granite_8b,"gemini_flash_lite,llama_70b,granite_8b",231,oracle,0.9607843137254902,0.00012275,0.9607843137254902,0.0,0.0,1.0
3model_gemini_flash_lite_llama_70b_granite_8b,"gemini_flash_lite,llama_70b,granite_8b",231,logistic_router,0.9411764705882353,0.00011463725490196079,0.9411764705882353,0.0196078431372549,0.0,0.9019607843137255
3model_gemini_flash_lite_llama_70b_granite_8b,"gemini_flash_lite,llama_70b,granite_8b",231,linear_svm_router,0.9411764705882353,0.00012332843137254903,0.9411764705882353,0.0196078431372549,0.0,0.9803921568627451
3model_gemini_flash_lite_llama_70b_granite_8b,"gemini_flash_lite,llama_70b,granite_8b",231,knn_router,0.9411764705882353,0.00012332843137254903,0.9411764705882353,0.0196078431372549,0.0,0.9803921568627451
3model_gemini_flash_lite_llama_70b_granite_8b,"gemini_flash_lite,llama_70b,granite_8b",231,decision_tree_router,0.9411764705882353,0.00011999862745098037,0.9411764705882353,0.0196078431372549,0.0,0.9411764705882353
3model_gemini_flash_lite_llama_70b_granite_8b,"gemini_flash_lite,llama_70b,granite_8b",231,random_forest_router,0.9411764705882353,0.00012203,0.9411764705882353,0.0196078431372549,0.0,0.9607843137254902
3model_gemini_flash_lite_llama_70b_granite_8b,"gemini_flash_lite,llama_70b,granite_8b",231,extra_trees_router,0.9411764705882353,0.00011900647058823528,0.9411764705882353,0.0196078431372549,0.0,0.9411764705882353
3model_gemini_flash_lite_llama_70b_granite_8b,"gemini_flash_lite,llama_70b,granite_8b",231,tfidf_logistic_router,0.9411764705882353,0.00011661999999999999,0.9411764705882353,0.0196078431372549,0.0,0.9215686274509803
3model_gemini_flash_lite_llama_70b_granite_8b,"gemini_flash_lite,llama_70b,granite_8b",231,tfidf_linear_svm_router,0.9411764705882353,0.00012332843137254903,0.9411764705882353,0.0196078431372549,0.0,0.9803921568627451
3model_gemini_flash_lite_llama_70b_granite_8b,"gemini_flash_lite,llama_70b,granite_8b",232,always_gemini_flash_lite,0.9215686274509803,0.00011666176470588236,0.9215686274509803,0.0,0.0,
3model_gemini_flash_lite_llama_70b_granite_8b,"gemini_flash_lite,llama_70b,granite_8b",232,always_llama_70b,0.803921568627451,5.9688607843137255e-05,0.803921568627451,0.11764705882352941,0.0,
3model_gemini_flash_lite_llama_70b_granite_8b,"gemini_flash_lite,llama_70b,granite_8b",232,always_granite_8b,0.7647058823529411,1.5119607843137256e-05,0.7647058823529411,0.1568627450980392,0.0,
3model_gemini_flash_lite_llama_70b_granite_8b,"gemini_flash_lite,llama_70b,granite_8b",232,random,0.7843137254901961,6.356262745098039e-05,0.7843137254901961,0.13725490196078433,0.0,
3model_gemini_flash_lite_llama_70b_granite_8b,"gemini_flash_lite,llama_70b,granite_8b",232,oracle,0.9215686274509803,0.00011666176470588236,0.9215686274509803,0.0,0.0,
3model_gemini_flash_lite_llama_70b_granite_8b,"gemini_flash_lite,llama_70b,granite_8b",232,logistic_router,0.9215686274509803,0.00011027725490196077,0.9215686274509803,0.0,0.0,
3model_gemini_flash_lite_llama_70b_granite_8b,"gemini_flash_lite,llama_70b,granite_8b",232,linear_svm_router,0.9215686274509803,0.00011027725490196077,0.9215686274509803,0.0,0.0,
3model_gemini_flash_lite_llama_70b_granite_8b,"gemini_flash_lite,llama_70b,granite_8b",232,knn_router,0.9215686274509803,0.00011666176470588236,0.9215686274509803,0.0,0.0,
3model_gemini_flash_lite_llama_70b_granite_8b,"gemini_flash_lite,llama_70b,granite_8b",232,decision_tree_router,0.9019607843137255,0.00010852509803921568,0.9019607843137255,0.0196078431372549,0.0,
3model_gemini_flash_lite_llama_70b_granite_8b,"gemini_flash_lite,llama_70b,granite_8b",232,random_forest_router,0.9215686274509803,0.00011666176470588236,0.9215686274509803,0.0,0.0,
3model_gemini_flash_lite_llama_70b_granite_8b,"gemini_flash_lite,llama_70b,granite_8b",232,extra_trees_router,0.9215686274509803,0.00011322509803921569,0.9215686274509803,0.0,0.0,
3model_gemini_flash_lite_llama_70b_granite_8b,"gemini_flash_lite,llama_70b,granite_8b",232,tfidf_logistic_router,0.9215686274509803,0.00011027725490196077,0.9215686274509803,0.0,0.0,
3model_gemini_flash_lite_llama_70b_granite_8b,"gemini_flash_lite,llama_70b,granite_8b",232,tfidf_linear_svm_router,0.9215686274509803,0.00011666176470588236,0.9215686274509803,0.0,0.0,
3model_gemini_flash_lite_llama_70b_granite_8b,"gemini_flash_lite,llama_70b,granite_8b",233,always_gemini_flash_lite,0.9607843137254902,0.00011480392156862747,0.9607843137254902,0.0,0.0,
3model_gemini_flash_lite_llama_70b_granite_8b,"gemini_flash_lite,llama_70b,granite_8b",233,always_llama_70b,0.8823529411764706,5.1382941176470584e-05,0.8823529411764706,0.0784313725490196,0.0,
3model_gemini_flash_lite_llama_70b_granite_8b,"gemini_flash_lite,llama_70b,granite_8b",233,always_granite_8b,0.7647058823529411,1.5750000000000003e-05,0.7647058823529411,0.19607843137254902,0.0,
3model_gemini_flash_lite_llama_70b_granite_8b,"gemini_flash_lite,llama_70b,granite_8b",233,random,0.8431372549019608,5.955725490196079e-05,0.8431372549019608,0.11764705882352941,0.0,
3model_gemini_flash_lite_llama_70b_granite_8b,"gemini_flash_lite,llama_70b,granite_8b",233,oracle,0.9607843137254902,0.00011480392156862747,0.9607843137254902,0.0,0.0,
3model_gemini_flash_lite_llama_70b_granite_8b,"gemini_flash_lite,llama_70b,granite_8b",233,logistic_router,0.9607843137254902,0.0001119623529411765,0.9607843137254902,0.0,0.0,
3model_gemini_flash_lite_llama_70b_granite_8b,"gemini_flash_lite,llama_70b,granite_8b",233,linear_svm_router,0.9607843137254902,0.00011480392156862747,0.9607843137254902,0.0,0.0,
3model_gemini_flash_lite_llama_70b_granite_8b,"gemini_flash_lite,llama_70b,granite_8b",233,knn_router,0.9607843137254902,0.00011480392156862747,0.9607843137254902,0.0,0.0,
3model_gemini_flash_lite_llama_70b_granite_8b,"gemini_flash_lite,llama_70b,granite_8b",233,decision_tree_router,0.9607843137254902,0.0001045280392156863,0.9607843137254902,0.0,0.0,
3model_gemini_flash_lite_llama_70b_granite_8b,"gemini_flash_lite,llama_70b,granite_8b",233,random_forest_router,0.9607843137254902,0.00011480392156862747,0.9607843137254902,0.0,0.0,
3model_gemini_flash_lite_llama_70b_granite_8b,"gemini_flash_lite,llama_70b,granite_8b",233,extra_trees_router,0.9607843137254902,0.00011480392156862747,0.9607843137254902,0.0,0.0,
3model_gemini_flash_lite_llama_70b_granite_8b,"gemini_flash_lite,llama_70b,granite_8b",233,tfidf_logistic_router,0.9607843137254902,0.00011480392156862747,0.9607843137254902,0.0,0.0,
3model_gemini_flash_lite_llama_70b_granite_8b,"gemini_flash_lite,llama_70b,granite_8b",233,tfidf_linear_svm_router,0.9607843137254902,0.00011480392156862747,0.9607843137254902,0.0,0.0,
3model_gemini_flash_lite_deepseek_v3_granite_8b,"gemini_flash_lite,deepseek_v3,granite_8b",229,always_gemini_flash_lite,0.9019607843137255,0.00012208823529411767,0.9019607843137255,0.058823529411764705,0.0,0.9411764705882353
3model_gemini_flash_lite_deepseek_v3_granite_8b,"gemini_flash_lite,deepseek_v3,granite_8b",229,always_deepseek_v3,0.8627450980392157,7.586537254901961e-05,0.8627450980392157,0.09803921568627451,0.0,0.0392156862745098
3model_gemini_flash_lite_deepseek_v3_granite_8b,"gemini_flash_lite,deepseek_v3,granite_8b",229,always_granite_8b,0.8431372549019608,1.5948039215686275e-05,0.8431372549019608,0.11764705882352941,0.0,0.0196078431372549
3model_gemini_flash_lite_deepseek_v3_granite_8b,"gemini_flash_lite,deepseek_v3,granite_8b",229,random,0.8823529411764706,7.423074509803922e-05,0.8823529411764706,0.0784313725490196,0.0,0.2549019607843137
3model_gemini_flash_lite_deepseek_v3_granite_8b,"gemini_flash_lite,deepseek_v3,granite_8b",229,oracle,0.9607843137254902,0.00011722215686274512,0.9607843137254902,0.0,0.0,1.0
3model_gemini_flash_lite_deepseek_v3_granite_8b,"gemini_flash_lite,deepseek_v3,granite_8b",229,logistic_router,0.8627450980392157,0.00012132196078431376,0.8627450980392157,0.09803921568627451,0.0,0.9019607843137255
3model_gemini_flash_lite_deepseek_v3_granite_8b,"gemini_flash_lite,deepseek_v3,granite_8b",229,linear_svm_router,0.8823529411764706,0.0001214272549019608,0.8823529411764706,0.0784313725490196,0.0,0.9215686274509803
3model_gemini_flash_lite_deepseek_v3_granite_8b,"gemini_flash_lite,deepseek_v3,granite_8b",229,knn_router,0.9019607843137255,0.00012208823529411767,0.9019607843137255,0.058823529411764705,0.0,0.9411764705882353
3model_gemini_flash_lite_deepseek_v3_granite_8b,"gemini_flash_lite,deepseek_v3,granite_8b",229,decision_tree_router,0.8823529411764706,0.00012086047058823532,0.8823529411764706,0.0784313725490196,0.0,0.9019607843137255
3model_gemini_flash_lite_deepseek_v3_granite_8b,"gemini_flash_lite,deepseek_v3,granite_8b",229,random_forest_router,0.9019607843137255,0.00012208823529411767,0.9019607843137255,0.058823529411764705,0.0,0.9411764705882353
3model_gemini_flash_lite_deepseek_v3_granite_8b,"gemini_flash_lite,deepseek_v3,granite_8b",229,extra_trees_router,0.8823529411764706,0.0001214272549019608,0.8823529411764706,0.0784313725490196,0.0,0.9215686274509803
3model_gemini_flash_lite_deepseek_v3_granite_8b,"gemini_flash_lite,deepseek_v3,granite_8b",229,tfidf_logistic_router,0.8627450980392157,0.00012132196078431376,0.8627450980392157,0.09803921568627451,0.0,0.9019607843137255
3model_gemini_flash_lite_deepseek_v3_granite_8b,"gemini_flash_lite,deepseek_v3,granite_8b",229,tfidf_linear_svm_router,0.8823529411764706,0.0001214272549019608,0.8823529411764706,0.0784313725490196,0.0,0.9215686274509803
3model_gemini_flash_lite_deepseek_v3_granite_8b,"gemini_flash_lite,deepseek_v3,granite_8b",230,always_gemini_flash_lite,0.9607843137254902,0.00011823039215686275,0.9607843137254902,0.0196078431372549,0.0,0.9803921568627451
3model_gemini_flash_lite_deepseek_v3_granite_8b,"gemini_flash_lite,deepseek_v3,granite_8b",230,always_deepseek_v3,0.9019607843137255,6.701905882352941e-05,0.9019607843137255,0.0784313725490196,0.0,0.0196078431372549
3model_gemini_flash_lite_deepseek_v3_granite_8b,"gemini_flash_lite,deepseek_v3,granite_8b",230,always_granite_8b,0.8431372549019608,1.511078431372549e-05,0.8431372549019608,0.13725490196078433,0.0,0.0
3model_gemini_flash_lite_deepseek_v3_granite_8b,"gemini_flash_lite,deepseek_v3,granite_8b",230,random,0.9215686274509803,7.727462745098039e-05,0.9215686274509803,0.058823529411764705,0.0,0.3333333333333333
3model_gemini_flash_lite_deepseek_v3_granite_8b,"gemini_flash_lite,deepseek_v3,granite_8b",230,oracle,0.9803921568627451,0.00011710117647058823,0.9803921568627451,0.0,0.0,1.0
3model_gemini_flash_lite_deepseek_v3_granite_8b,"gemini_flash_lite,deepseek_v3,granite_8b",230,logistic_router,0.9607843137254902,0.00010714105882352942,0.9607843137254902,0.0196078431372549,0.0,0.803921568627451
3model_gemini_flash_lite_deepseek_v3_granite_8b,"gemini_flash_lite,deepseek_v3,granite_8b",230,linear_svm_router,0.9607843137254902,0.0001168478431372549,0.9607843137254902,0.0196078431372549,0.0,0.9607843137254902
3model_gemini_flash_lite_deepseek_v3_granite_8b,"gemini_flash_lite,deepseek_v3,granite_8b",230,knn_router,0.9607843137254902,0.00011823039215686275,0.9607843137254902,0.0196078431372549,0.0,0.9803921568627451
3model_gemini_flash_lite_deepseek_v3_granite_8b,"gemini_flash_lite,deepseek_v3,granite_8b",230,decision_tree_router,0.9607843137254902,0.00010934862745098038,0.9607843137254902,0.0196078431372549,0.0,0.8627450980392157
3model_gemini_flash_lite_deepseek_v3_granite_8b,"gemini_flash_lite,deepseek_v3,granite_8b",230,random_forest_router,0.9607843137254902,0.00011823039215686275,0.9607843137254902,0.0196078431372549,0.0,0.9803921568627451
3model_gemini_flash_lite_deepseek_v3_granite_8b,"gemini_flash_lite,deepseek_v3,granite_8b",230,extra_trees_router,0.9803921568627451,0.00010658819607843137,0.9803921568627451,0.0,0.0,0.803921568627451
3model_gemini_flash_lite_deepseek_v3_granite_8b,"gemini_flash_lite,deepseek_v3,granite_8b",230,tfidf_logistic_router,0.9607843137254902,0.00011666980392156861,0.9607843137254902,0.0196078431372549,0.0,0.9803921568627451
3model_gemini_flash_lite_deepseek_v3_granite_8b,"gemini_flash_lite,deepseek_v3,granite_8b",230,tfidf_linear_svm_router,0.9607843137254902,0.00011823039215686275,0.9607843137254902,0.0196078431372549,0.0,0.9803921568627451
3model_gemini_flash_lite_deepseek_v3_granite_8b,"gemini_flash_lite,deepseek_v3,granite_8b",231,always_gemini_flash_lite,0.9411764705882353,0.00012332843137254903,0.9411764705882353,0.0,0.0,
3model_gemini_flash_lite_deepseek_v3_granite_8b,"gemini_flash_lite,deepseek_v3,granite_8b",231,always_deepseek_v3,0.8627450980392157,7.632623529411765e-05,0.8627450980392157,0.0784313725490196,0.0,
3model_gemini_flash_lite_deepseek_v3_granite_8b,"gemini_flash_lite,deepseek_v3,granite_8b",231,always_granite_8b,0.8431372549019608,1.662843137254902e-05,0.8431372549019608,0.09803921568627451,0.0,
3model_gemini_flash_lite_deepseek_v3_granite_8b,"gemini_flash_lite,deepseek_v3,granite_8b",231,random,0.8823529411764706,6.955160784313725e-05,0.8823529411764706,0.058823529411764705,0.0,
3model_gemini_flash_lite_deepseek_v3_granite_8b,"gemini_flash_lite,deepseek_v3,granite_8b",231,oracle,0.9411764705882353,0.00012332843137254903,0.9411764705882353,0.0,0.0,
3model_gemini_flash_lite_deepseek_v3_granite_8b,"gemini_flash_lite,deepseek_v3,granite_8b",231,logistic_router,0.9215686274509803,0.0001176905882352941,0.9215686274509803,0.0196078431372549,0.0,
3model_gemini_flash_lite_deepseek_v3_granite_8b,"gemini_flash_lite,deepseek_v3,granite_8b",231,linear_svm_router,0.9215686274509803,0.00012089196078431371,0.9215686274509803,0.0196078431372549,0.0,
3model_gemini_flash_lite_deepseek_v3_granite_8b,"gemini_flash_lite,deepseek_v3,granite_8b",231,knn_router,0.9411764705882353,0.00012332843137254903,0.9411764705882353,0.0,0.0,
3model_gemini_flash_lite_deepseek_v3_granite_8b,"gemini_flash_lite,deepseek_v3,granite_8b",231,decision_tree_router,0.9215686274509803,0.00010446490196078431,0.9215686274509803,0.0196078431372549,0.0,
3model_gemini_flash_lite_deepseek_v3_granite_8b,"gemini_flash_lite,deepseek_v3,granite_8b",231,random_forest_router,0.9215686274509803,0.00011552823529411764,0.9215686274509803,0.0196078431372549,0.0,
3model_gemini_flash_lite_deepseek_v3_granite_8b,"gemini_flash_lite,deepseek_v3,granite_8b",231,extra_trees_router,0.9215686274509803,0.00011552823529411764,0.9215686274509803,0.0196078431372549,0.0,
3model_gemini_flash_lite_deepseek_v3_granite_8b,"gemini_flash_lite,deepseek_v3,granite_8b",231,tfidf_logistic_router,0.9215686274509803,0.00011891843137254903,0.9215686274509803,0.0196078431372549,0.0,
3model_gemini_flash_lite_deepseek_v3_granite_8b,"gemini_flash_lite,deepseek_v3,granite_8b",231,tfidf_linear_svm_router,0.9215686274509803,0.00012266745098039213,0.9215686274509803,0.0196078431372549,0.0,
3model_gemini_flash_lite_deepseek_v3_granite_8b,"gemini_flash_lite,deepseek_v3,granite_8b",232,always_gemini_flash_lite,0.9215686274509803,0.00011666176470588236,0.9215686274509803,0.0,0.0,
3model_gemini_flash_lite_deepseek_v3_granite_8b,"gemini_flash_lite,deepseek_v3,granite_8b",232,always_deepseek_v3,0.8431372549019608,6.874066666666666e-05,0.8431372549019608,0.0784313725490196,0.0,
3model_gemini_flash_lite_deepseek_v3_granite_8b,"gemini_flash_lite,deepseek_v3,granite_8b",232,always_granite_8b,0.7647058823529411,1.5119607843137256e-05,0.7647058823529411,0.1568627450980392,0.0,
3model_gemini_flash_lite_deepseek_v3_granite_8b,"gemini_flash_lite,deepseek_v3,granite_8b",232,random,0.803921568627451,6.706149019607842e-05,0.803921568627451,0.11764705882352941,0.0,
3model_gemini_flash_lite_deepseek_v3_granite_8b,"gemini_flash_lite,deepseek_v3,granite_8b",232,oracle,0.9215686274509803,0.00011666176470588236,0.9215686274509803,0.0,0.0,
3model_gemini_flash_lite_deepseek_v3_granite_8b,"gemini_flash_lite,deepseek_v3,granite_8b",232,logistic_router,0.9019607843137255,0.00010286949019607844,0.9019607843137255,0.0196078431372549,0.0,
3model_gemini_flash_lite_deepseek_v3_granite_8b,"gemini_flash_lite,deepseek_v3,granite_8b",232,linear_svm_router,0.9019607843137255,0.00010973705882352942,0.9019607843137255,0.0196078431372549,0.0,
3model_gemini_flash_lite_deepseek_v3_granite_8b,"gemini_flash_lite,deepseek_v3,granite_8b",232,knn_router,0.9215686274509803,0.00011666176470588236,0.9215686274509803,0.0,0.0,
3model_gemini_flash_lite_deepseek_v3_granite_8b,"gemini_flash_lite,deepseek_v3,granite_8b",232,decision_tree_router,0.9019607843137255,0.00010533117647058825,0.9019607843137255,0.0196078431372549,0.0,
3model_gemini_flash_lite_deepseek_v3_granite_8b,"gemini_flash_lite,deepseek_v3,granite_8b",232,random_forest_router,0.9019607843137255,0.00011600078431372548,0.9019607843137255,0.0196078431372549,0.0,
3model_gemini_flash_lite_deepseek_v3_granite_8b,"gemini_flash_lite,deepseek_v3,granite_8b",232,extra_trees_router,0.9019607843137255,0.00010973705882352942,0.9019607843137255,0.0196078431372549,0.0,
3model_gemini_flash_lite_deepseek_v3_granite_8b,"gemini_flash_lite,deepseek_v3,granite_8b",232,tfidf_logistic_router,0.9019607843137255,0.00010824568627450983,0.9019607843137255,0.0196078431372549,0.0,
3model_gemini_flash_lite_deepseek_v3_granite_8b,"gemini_flash_lite,deepseek_v3,granite_8b",232,tfidf_linear_svm_router,0.9019607843137255,0.00011261058823529413,0.9019607843137255,0.0196078431372549,0.0,
3model_gemini_flash_lite_deepseek_v3_granite_8b,"gemini_flash_lite,deepseek_v3,granite_8b",233,always_gemini_flash_lite,0.9607843137254902,0.00011480392156862747,0.9607843137254902,0.0,0.0,
3model_gemini_flash_lite_deepseek_v3_granite_8b,"gemini_flash_lite,deepseek_v3,granite_8b",233,always_deepseek_v3,0.8823529411764706,6.603835294117647e-05,0.8823529411764706,0.0784313725490196,0.0,
3model_gemini_flash_lite_deepseek_v3_granite_8b,"gemini_flash_lite,deepseek_v3,granite_8b",233,always_granite_8b,0.7647058823529411,1.5750000000000003e-05,0.7647058823529411,0.19607843137254902,0.0,
3model_gemini_flash_lite_deepseek_v3_granite_8b,"gemini_flash_lite,deepseek_v3,granite_8b",233,random,0.8627450980392157,6.447749019607843e-05,0.8627450980392157,0.09803921568627451,0.0,
3model_gemini_flash_lite_deepseek_v3_granite_8b,"gemini_flash_lite,deepseek_v3,granite_8b",233,oracle,0.9607843137254902,0.00011480392156862747,0.9607843137254902,0.0,0.0,
3model_gemini_flash_lite_deepseek_v3_granite_8b,"gemini_flash_lite,deepseek_v3,granite_8b",233,logistic_router,0.9607843137254902,0.00010851215686274513,0.9607843137254902,0.0,0.0,
3model_gemini_flash_lite_deepseek_v3_granite_8b,"gemini_flash_lite,deepseek_v3,granite_8b",233,linear_svm_router,0.9607843137254902,0.00011362117647058825,0.9607843137254902,0.0,0.0,
3model_gemini_flash_lite_deepseek_v3_granite_8b,"gemini_flash_lite,deepseek_v3,granite_8b",233,knn_router,0.9607843137254902,0.00011480392156862747,0.9607843137254902,0.0,0.0,
3model_gemini_flash_lite_deepseek_v3_granite_8b,"gemini_flash_lite,deepseek_v3,granite_8b",233,decision_tree_router,0.9607843137254902,0.00010027921568627451,0.9607843137254902,0.0,0.0,
3model_gemini_flash_lite_deepseek_v3_granite_8b,"gemini_flash_lite,deepseek_v3,granite_8b",233,random_forest_router,0.9607843137254902,0.00011480392156862747,0.9607843137254902,0.0,0.0,
3model_gemini_flash_lite_deepseek_v3_granite_8b,"gemini_flash_lite,deepseek_v3,granite_8b",233,extra_trees_router,0.9607843137254902,0.00011480392156862747,0.9607843137254902,0.0,0.0,
3model_gemini_flash_lite_deepseek_v3_granite_8b,"gemini_flash_lite,deepseek_v3,granite_8b",233,tfidf_logistic_router,0.9607843137254902,0.00011212980392156863,0.9607843137254902,0.0,0.0,
3model_gemini_flash_lite_deepseek_v3_granite_8b,"gemini_flash_lite,deepseek_v3,granite_8b",233,tfidf_linear_svm_router,0.9607843137254902,0.00011480392156862747,0.9607843137254902,0.0,0.0,
3model_gemini_flash_qwen_30b_llama_70b,"gemini_flash,qwen_30b,llama_70b",229,always_gemini_flash,0.8627450980392157,0.00018459215686274512,0.8627450980392157,0.058823529411764705,0.0,0.9411764705882353
3model_gemini_flash_qwen_30b_llama_70b,"gemini_flash,qwen_30b,llama_70b",229,always_qwen_30b,0.8627450980392157,2.4920705882352944e-05,0.8627450980392157,0.058823529411764705,0.0,0.0392156862745098
3model_gemini_flash_qwen_30b_llama_70b,"gemini_flash,qwen_30b,llama_70b",229,always_llama_70b,0.8235294117647058,0.019657743235294112,0.8235294117647058,0.09803921568627451,0.0,0.0196078431372549
3model_gemini_flash_qwen_30b_llama_70b,"gemini_flash,qwen_30b,llama_70b",229,random,0.8431372549019608,0.01969034794117647,0.8431372549019608,0.0784313725490196,0.0,0.29411764705882354
3model_gemini_flash_qwen_30b_llama_70b,"gemini_flash,qwen_30b,llama_70b",229,oracle,0.9215686274509803,0.00017749040784313726,0.9215686274509803,0.0,0.0,1.0
3model_gemini_flash_qwen_30b_llama_70b,"gemini_flash,qwen_30b,llama_70b",229,logistic_router,0.8431372549019608,0.00014890907843137256,0.8431372549019608,0.0784313725490196,0.0,0.7647058823529411
3model_gemini_flash_qwen_30b_llama_70b,"gemini_flash,qwen_30b,llama_70b",229,linear_svm_router,0.8823529411764706,0.00017393510588235294,0.8823529411764706,0.0392156862745098,0.0,0.9215686274509803
3model_gemini_flash_qwen_30b_llama_70b,"gemini_flash,qwen_30b,llama_70b",229,knn_router,0.8627450980392157,0.00018241176470588233,0.8627450980392157,0.058823529411764705,0.0,0.9411764705882353
3model_gemini_flash_qwen_30b_llama_70b,"gemini_flash,qwen_30b,llama_70b",229,decision_tree_router,0.9019607843137255,0.00013829608627450983,0.9019607843137255,0.0196078431372549,0.0,0.7058823529411765
3model_gemini_flash_qwen_30b_llama_70b,"gemini_flash,qwen_30b,llama_70b",229,random_forest_router,0.8235294117647058,0.00014648518039215688,0.8235294117647058,0.09803921568627451,0.0,0.7450980392156863
3model_gemini_flash_qwen_30b_llama_70b,"gemini_flash,qwen_30b,llama_70b",229,extra_trees_router,0.8627450980392157,0.00013573586274509805,0.8627450980392157,0.058823529411764705,0.0,0.6862745098039216
3model_gemini_flash_qwen_30b_llama_70b,"gemini_flash,qwen_30b,llama_70b",229,tfidf_logistic_router,0.8823529411764706,0.00015863799999999998,0.8823529411764706,0.0392156862745098,0.0,0.8235294117647058
3model_gemini_flash_qwen_30b_llama_70b,"gemini_flash,qwen_30b,llama_70b",229,tfidf_linear_svm_router,0.8627450980392157,0.00017765202352941178,0.8627450980392157,0.058823529411764705,0.0,0.9019607843137255
3model_gemini_flash_qwen_30b_llama_70b,"gemini_flash,qwen_30b,llama_70b",230,always_gemini_flash,0.8823529411764706,0.00017710784313725492,0.8823529411764706,0.09803921568627451,0.0,0.9019607843137255
3model_gemini_flash_qwen_30b_llama_70b,"gemini_flash,qwen_30b,llama_70b",230,always_qwen_30b,0.9019607843137255,2.362894117647059e-05,0.9019607843137255,0.0784313725490196,0.0,0.058823529411764705
3model_gemini_flash_qwen_30b_llama_70b,"gemini_flash,qwen_30b,llama_70b",230,always_llama_70b,0.8431372549019608,5.601811764705883e-05,0.8431372549019608,0.13725490196078433,0.0,0.0392156862745098
3model_gemini_flash_qwen_30b_llama_70b,"gemini_flash,qwen_30b,llama_70b",230,random,0.8431372549019608,8.550240392156863e-05,0.8431372549019608,0.13725490196078433,0.0,0.3137254901960784
3model_gemini_flash_qwen_30b_llama_70b,"gemini_flash,qwen_30b,llama_70b",230,oracle,0.9803921568627451,0.00015871261960784312,0.9803921568627451,0.0,0.0,1.0
3model_gemini_flash_qwen_30b_llama_70b,"gemini_flash,qwen_30b,llama_70b",230,logistic_router,0.8823529411764706,0.00015886437647058825,0.8823529411764706,0.09803921568627451,0.0,0.8235294117647058
3model_gemini_flash_qwen_30b_llama_70b,"gemini_flash,qwen_30b,llama_70b",230,linear_svm_router,0.8823529411764706,0.00016174152156862745,0.8823529411764706,0.09803921568627451,0.0,0.8431372549019608
3model_gemini_flash_qwen_30b_llama_70b,"gemini_flash,qwen_30b,llama_70b",230,knn_router,0.8823529411764706,0.00017492745098039215,0.8823529411764706,0.09803921568627451,0.0,0.9019607843137255
3model_gemini_flash_qwen_30b_llama_70b,"gemini_flash,qwen_30b,llama_70b",230,decision_tree_router,0.9019607843137255,0.00013438091764705884,0.9019607843137255,0.0784313725490196,0.0,0.6862745098039216
3model_gemini_flash_qwen_30b_llama_70b,"gemini_flash,qwen_30b,llama_70b",230,random_forest_router,0.9019607843137255,0.0001620387607843137,0.9019607843137255,0.0784313725490196,0.0,0.8627450980392157
3model_gemini_flash_qwen_30b_llama_70b,"gemini_flash,qwen_30b,llama_70b",230,extra_trees_router,0.9019607843137255,0.00014141609411764706,0.9019607843137255,0.0784313725490196,0.0,0.7450980392156863
3model_gemini_flash_qwen_30b_llama_70b,"gemini_flash,qwen_30b,llama_70b",230,tfidf_logistic_router,0.8823529411764706,0.00016174152156862745,0.8823529411764706,0.09803921568627451,0.0,0.8431372549019608
3model_gemini_flash_qwen_30b_llama_70b,"gemini_flash,qwen_30b,llama_70b",230,tfidf_linear_svm_router,0.8823529411764706,0.00017128967058823528,0.8823529411764706,0.09803921568627451,0.0,0.8823529411764706
3model_gemini_flash_qwen_30b_llama_70b,"gemini_flash,qwen_30b,llama_70b",231,always_gemini_flash,0.8823529411764706,0.00021189803921568628,0.8823529411764706,0.058823529411764705,0.0,0.9411764705882353
3model_gemini_flash_qwen_30b_llama_70b,"gemini_flash,qwen_30b,llama_70b",231,always_qwen_30b,0.9019607843137255,2.4771207843137253e-05,0.9019607843137255,0.0392156862745098,0.0,0.0392156862745098
3model_gemini_flash_qwen_30b_llama_70b,"gemini_flash,qwen_30b,llama_70b",231,always_llama_70b,0.9019607843137255,0.01966218745098039,0.9019607843137255,0.0392156862745098,0.0,0.0196078431372549
3model_gemini_flash_qwen_30b_llama_70b,"gemini_flash,qwen_30b,llama_70b",231,random,0.8823529411764706,0.019714964305882352,0.8823529411764706,0.058823529411764705,0.0,0.3137254901960784
3model_gemini_flash_qwen_30b_llama_70b,"gemini_flash,qwen_30b,llama_70b",231,oracle,0.9411764705882353,0.0001985041019607843,0.9411764705882353,0.0,0.0,1.0
3model_gemini_flash_qwen_30b_llama_70b,"gemini_flash,qwen_30b,llama_70b",231,logistic_router,0.9019607843137255,0.00016748785098039213,0.9019607843137255,0.0392156862745098,0.0,0.7647058823529411
3model_gemini_flash_qwen_30b_llama_70b,"gemini_flash,qwen_30b,llama_70b",231,linear_svm_router,0.9019607843137255,0.00018424549803921567,0.9019607843137255,0.0392156862745098,0.0,0.8431372549019608
3model_gemini_flash_qwen_30b_llama_70b,"gemini_flash,qwen_30b,llama_70b",231,knn_router,0.9019607843137255,0.000206628431372549,0.9019607843137255,0.0392156862745098,0.0,0.9411764705882353
3model_gemini_flash_qwen_30b_llama_70b,"gemini_flash,qwen_30b,llama_70b",231,decision_tree_router,0.8823529411764706,0.0001115635137254902,0.8823529411764706,0.058823529411764705,0.0,0.43137254901960786
3model_gemini_flash_qwen_30b_llama_70b,"gemini_flash,qwen_30b,llama_70b",231,random_forest_router,0.9215686274509803,0.00019917370980392156,0.9215686274509803,0.0196078431372549,0.0,0.9411764705882353
3model_gemini_flash_qwen_30b_llama_70b,"gemini_flash,qwen_30b,llama_70b",231,extra_trees_router,0.9215686274509803,0.0001716262039215686,0.9215686274509803,0.0196078431372549,0.0,0.7843137254901961
3model_gemini_flash_qwen_30b_llama_70b,"gemini_flash,qwen_30b,llama_70b",231,tfidf_logistic_router,0.9215686274509803,0.00018423436078431372,0.9215686274509803,0.0196078431372549,0.0,0.8627450980392157
3model_gemini_flash_qwen_30b_llama_70b,"gemini_flash,qwen_30b,llama_70b",231,tfidf_linear_svm_router,0.8823529411764706,0.00019844457254901957,0.8823529411764706,0.058823529411764705,0.0,0.8823529411764706
3model_gemini_flash_qwen_30b_llama_70b,"gemini_flash,qwen_30b,llama_70b",232,always_gemini_flash,0.8627450980392157,0.00018412941176470594,0.8627450980392157,0.0392156862745098,0.0,0.9607843137254902
3model_gemini_flash_qwen_30b_llama_70b,"gemini_flash,qwen_30b,llama_70b",232,always_qwen_30b,0.8431372549019608,2.445814117647059e-05,0.8431372549019608,0.058823529411764705,0.0,0.0392156862745098
3model_gemini_flash_qwen_30b_llama_70b,"gemini_flash,qwen_30b,llama_70b",232,always_llama_70b,0.803921568627451,5.9688607843137255e-05,0.803921568627451,0.09803921568627451,0.0,0.0
3model_gemini_flash_qwen_30b_llama_70b,"gemini_flash,qwen_30b,llama_70b",232,random,0.8431372549019608,8.349688627450981e-05,0.8431372549019608,0.058823529411764705,0.0,0.29411764705882354
3model_gemini_flash_qwen_30b_llama_70b,"gemini_flash,qwen_30b,llama_70b",232,oracle,0.9019607843137255,0.00017412160784313727,0.9019607843137255,0.0,0.0,1.0
3model_gemini_flash_qwen_30b_llama_70b,"gemini_flash,qwen_30b,llama_70b",232,logistic_router,0.8823529411764706,0.000155152,0.8823529411764706,0.0196078431372549,0.0,0.8235294117647058
3model_gemini_flash_qwen_30b_llama_70b,"gemini_flash,qwen_30b,llama_70b",232,linear_svm_router,0.9019607843137255,0.0001668370823529412,0.9019607843137255,0.0,0.0,0.9215686274509803
3model_gemini_flash_qwen_30b_llama_70b,"gemini_flash,qwen_30b,llama_70b",232,knn_router,0.8823529411764706,0.00017885980392156868,0.8823529411764706,0.0196078431372549,0.0,0.9607843137254902
3model_gemini_flash_qwen_30b_llama_70b,"gemini_flash,qwen_30b,llama_70b",232,decision_tree_router,0.8235294117647058,0.00014374353725490194,0.8235294117647058,0.0784313725490196,0.0,0.7058823529411765
3model_gemini_flash_qwen_30b_llama_70b,"gemini_flash,qwen_30b,llama_70b",232,random_forest_router,0.8627450980392157,0.00017488094117647064,0.8627450980392157,0.0392156862745098,0.0,0.9019607843137255
3model_gemini_flash_qwen_30b_llama_70b,"gemini_flash,qwen_30b,llama_70b",232,extra_trees_router,0.8627450980392157,0.00016536877647058829,0.8627450980392157,0.0392156862745098,0.0,0.8627450980392157
3model_gemini_flash_qwen_30b_llama_70b,"gemini_flash,qwen_30b,llama_70b",232,tfidf_logistic_router,0.9019607843137255,0.0001599223921568628,0.9019607843137255,0.0,0.0,0.8823529411764706
3model_gemini_flash_qwen_30b_llama_70b,"gemini_flash,qwen_30b,llama_70b",232,tfidf_linear_svm_router,0.8627450980392157,0.00018412941176470594,0.8627450980392157,0.0392156862745098,0.0,0.9607843137254902
3model_gemini_flash_qwen_30b_llama_70b,"gemini_flash,qwen_30b,llama_70b",233,always_gemini_flash,0.8627450980392157,0.00018182352941176474,0.8627450980392157,0.09803921568627451,0.0,0.9019607843137255
3model_gemini_flash_qwen_30b_llama_70b,"gemini_flash,qwen_30b,llama_70b",233,always_qwen_30b,0.9215686274509803,2.229367058823529e-05,0.9215686274509803,0.0392156862745098,0.0,0.0784313725490196
3model_gemini_flash_qwen_30b_llama_70b,"gemini_flash,qwen_30b,llama_70b",233,always_llama_70b,0.8823529411764706,5.1382941176470584e-05,0.8823529411764706,0.0784313725490196,0.0,0.0196078431372549
3model_gemini_flash_qwen_30b_llama_70b,"gemini_flash,qwen_30b,llama_70b",233,random,0.8627450980392157,7.94600274509804e-05,0.8627450980392157,0.09803921568627451,0.0,0.3333333333333333
3model_gemini_flash_qwen_30b_llama_70b,"gemini_flash,qwen_30b,llama_70b",233,oracle,0.9607843137254902,0.00016001622745098038,0.9607843137254902,0.0,0.0,1.0
3model_gemini_flash_qwen_30b_llama_70b,"gemini_flash,qwen_30b,llama_70b",233,logistic_router,0.9019607843137255,0.00014806849411764706,0.9019607843137255,0.058823529411764705,0.0,0.7647058823529411
3model_gemini_flash_qwen_30b_llama_70b,"gemini_flash,qwen_30b,llama_70b",233,linear_svm_router,0.8823529411764706,0.00015132418039215685,0.8823529411764706,0.0784313725490196,0.0,0.7647058823529411
3model_gemini_flash_qwen_30b_llama_70b,"gemini_flash,qwen_30b,llama_70b",233,knn_router,0.8823529411764706,0.00017655392156862746,0.8823529411764706,0.0784313725490196,0.0,0.9019607843137255
3model_gemini_flash_qwen_30b_llama_70b,"gemini_flash,qwen_30b,llama_70b",233,decision_tree_router,0.9019607843137255,0.00013586532156862743,0.9019607843137255,0.058823529411764705,0.0,0.6862745098039216
3model_gemini_flash_qwen_30b_llama_70b,"gemini_flash,qwen_30b,llama_70b",233,random_forest_router,0.8823529411764706,0.00017141403137254903,0.8823529411764706,0.0784313725490196,0.0,0.8627450980392157
3model_gemini_flash_qwen_30b_llama_70b,"gemini_flash,qwen_30b,llama_70b",233,extra_trees_router,0.8627450980392157,0.00014674075294117647,0.8627450980392157,0.09803921568627451,0.0,0.7058823529411765
3model_gemini_flash_qwen_30b_llama_70b,"gemini_flash,qwen_30b,llama_70b",233,tfidf_logistic_router,0.9019607843137255,0.00014806849411764706,0.9019607843137255,0.058823529411764705,0.0,0.7647058823529411
3model_gemini_flash_qwen_30b_llama_70b,"gemini_flash,qwen_30b,llama_70b",233,tfidf_linear_svm_router,0.8627450980392157,0.00017336655686274512,0.8627450980392157,0.09803921568627451,0.0,0.8627450980392157
3model_gemini_flash_qwen_30b_deepseek_v3,"gemini_flash,qwen_30b,deepseek_v3",229,always_gemini_flash,0.8627450980392157,0.00018459215686274512,0.8627450980392157,0.0784313725490196,0.0,0.9215686274509803
3model_gemini_flash_qwen_30b_deepseek_v3,"gemini_flash,qwen_30b,deepseek_v3",229,always_qwen_30b,0.8627450980392157,2.4920705882352944e-05,0.8627450980392157,0.0784313725490196,0.0,0.0392156862745098
3model_gemini_flash_qwen_30b_deepseek_v3,"gemini_flash,qwen_30b,deepseek_v3",229,always_deepseek_v3,0.8627450980392157,7.586537254901961e-05,0.8627450980392157,0.0784313725490196,0.0,0.0392156862745098
3model_gemini_flash_qwen_30b_deepseek_v3,"gemini_flash,qwen_30b,deepseek_v3",229,random,0.8823529411764706,9.075729411764705e-05,0.8823529411764706,0.058823529411764705,0.0,0.3137254901960784
3model_gemini_flash_qwen_30b_deepseek_v3,"gemini_flash,qwen_30b,deepseek_v3",229,oracle,0.9411764705882353,0.0001754935450980392,0.9411764705882353,0.0,0.0,1.0
3model_gemini_flash_qwen_30b_deepseek_v3,"gemini_flash,qwen_30b,deepseek_v3",229,logistic_router,0.8627450980392157,0.00014496003921568628,0.8627450980392157,0.0784313725490196,0.0,0.7450980392156863
3model_gemini_flash_qwen_30b_deepseek_v3,"gemini_flash,qwen_30b,deepseek_v3",229,linear_svm_router,0.8627450980392157,0.0001703045411764706,0.8627450980392157,0.0784313725490196,0.0,0.8627450980392157
3model_gemini_flash_qwen_30b_deepseek_v3,"gemini_flash,qwen_30b,deepseek_v3",229,knn_router,0.8627450980392157,0.00018241176470588233,0.8627450980392157,0.0784313725490196,0.0,0.9215686274509803
3model_gemini_flash_qwen_30b_deepseek_v3,"gemini_flash,qwen_30b,deepseek_v3",229,decision_tree_router,0.9019607843137255,0.0001410456,0.9019607843137255,0.0392156862745098,0.0,0.7254901960784313
3model_gemini_flash_qwen_30b_deepseek_v3,"gemini_flash,qwen_30b,deepseek_v3",229,random_forest_router,0.8823529411764706,0.0001500230274509804,0.8823529411764706,0.058823529411764705,0.0,0.7647058823529411
3model_gemini_flash_qwen_30b_deepseek_v3,"gemini_flash,qwen_30b,deepseek_v3",229,extra_trees_router,0.8823529411764706,0.0001376447843137255,0.8823529411764706,0.058823529411764705,0.0,0.6862745098039216
3model_gemini_flash_qwen_30b_deepseek_v3,"gemini_flash,qwen_30b,deepseek_v3",229,tfidf_logistic_router,0.8431372549019608,0.00015659682352941177,0.8431372549019608,0.09803921568627451,0.0,0.7647058823529411
3model_gemini_flash_qwen_30b_deepseek_v3,"gemini_flash,qwen_30b,deepseek_v3",229,tfidf_linear_svm_router,0.8627450980392157,0.0001761351843137255,0.8627450980392157,0.0784313725490196,0.0,0.8823529411764706
3model_gemini_flash_qwen_30b_deepseek_v3,"gemini_flash,qwen_30b,deepseek_v3",230,always_gemini_flash,0.8823529411764706,0.00017710784313725492,0.8823529411764706,0.09803921568627451,0.0,0.9019607843137255
3model_gemini_flash_qwen_30b_deepseek_v3,"gemini_flash,qwen_30b,deepseek_v3",230,always_qwen_30b,0.9019607843137255,2.362894117647059e-05,0.9019607843137255,0.0784313725490196,0.0,0.058823529411764705
3model_gemini_flash_qwen_30b_deepseek_v3,"gemini_flash,qwen_30b,deepseek_v3",230,always_deepseek_v3,0.9019607843137255,6.701905882352941e-05,0.9019607843137255,0.0784313725490196,0.0,0.0392156862745098
3model_gemini_flash_qwen_30b_deepseek_v3,"gemini_flash,qwen_30b,deepseek_v3",230,random,0.8823529411764706,8.802356078431373e-05,0.8823529411764706,0.09803921568627451,0.0,0.3137254901960784
3model_gemini_flash_qwen_30b_deepseek_v3,"gemini_flash,qwen_30b,deepseek_v3",230,oracle,0.9803921568627451,0.00016137516862745098,0.9803921568627451,0.0,0.0,1.0
3model_gemini_flash_qwen_30b_deepseek_v3,"gemini_flash,qwen_30b,deepseek_v3",230,logistic_router,0.9019607843137255,0.00013946719999999998,0.9019607843137255,0.0784313725490196,0.0,0.7058823529411765
3model_gemini_flash_qwen_30b_deepseek_v3,"gemini_flash,qwen_30b,deepseek_v3",230,linear_svm_router,0.8823529411764706,0.00015719642352941175,0.8823529411764706,0.09803921568627451,0.0,0.8431372549019608
3model_gemini_flash_qwen_30b_deepseek_v3,"gemini_flash,qwen_30b,deepseek_v3",230,knn_router,0.8823529411764706,0.00017492745098039215,0.8823529411764706,0.09803921568627451,0.0,0.9019607843137255
3model_gemini_flash_qwen_30b_deepseek_v3,"gemini_flash,qwen_30b,deepseek_v3",230,decision_tree_router,0.8823529411764706,0.00012494847843137253,0.8823529411764706,0.09803921568627451,0.0,0.6470588235294118
3model_gemini_flash_qwen_30b_deepseek_v3,"gemini_flash,qwen_30b,deepseek_v3",230,random_forest_router,0.9411764705882353,0.00014916644705882353,0.9411764705882353,0.0392156862745098,0.0,0.8235294117647058
3model_gemini_flash_qwen_30b_deepseek_v3,"gemini_flash,qwen_30b,deepseek_v3",230,extra_trees_router,0.9019607843137255,0.0001191843294117647,0.9019607843137255,0.0784313725490196,0.0,0.5882352941176471
3model_gemini_flash_qwen_30b_deepseek_v3,"gemini_flash,qwen_30b,deepseek_v3",230,tfidf_logistic_router,0.9019607843137255,0.00015043661960784314,0.9019607843137255,0.0784313725490196,0.0,0.8431372549019608
3model_gemini_flash_qwen_30b_deepseek_v3,"gemini_flash,qwen_30b,deepseek_v3",230,tfidf_linear_svm_router,0.8823529411764706,0.00017128967058823528,0.8823529411764706,0.09803921568627451,0.0,0.8823529411764706
3model_gemini_flash_qwen_30b_deepseek_v3,"gemini_flash,qwen_30b,deepseek_v3",231,always_gemini_flash,0.8823529411764706,0.00021189803921568628,0.8823529411764706,0.0392156862745098,0.0,0.9607843137254902
3model_gemini_flash_qwen_30b_deepseek_v3,"gemini_flash,qwen_30b,deepseek_v3",231,always_qwen_30b,0.9019607843137255,2.4771207843137253e-05,0.9019607843137255,0.0196078431372549,0.0,0.0392156862745098
3model_gemini_flash_qwen_30b_deepseek_v3,"gemini_flash,qwen_30b,deepseek_v3",231,always_deepseek_v3,0.8627450980392157,7.632623529411765e-05,0.8627450980392157,0.058823529411764705,0.0,0.0
3model_gemini_flash_qwen_30b_deepseek_v3,"gemini_flash,qwen_30b,deepseek_v3",231,random,0.8823529411764706,0.00011416167843137254,0.8823529411764706,0.0392156862745098,0.0,0.3333333333333333
3model_gemini_flash_qwen_30b_deepseek_v3,"gemini_flash,qwen_30b,deepseek_v3",231,oracle,0.9215686274509803,0.00020135802352941177,0.9215686274509803,0.0,0.0,1.0
3model_gemini_flash_qwen_30b_deepseek_v3,"gemini_flash,qwen_30b,deepseek_v3",231,logistic_router,0.9019607843137255,0.0001596737333333333,0.9019607843137255,0.0196078431372549,0.0,0.7450980392156863
3model_gemini_flash_qwen_30b_deepseek_v3,"gemini_flash,qwen_30b,deepseek_v3",231,linear_svm_router,0.9019607843137255,0.00018776098823529408,0.9019607843137255,0.0196078431372549,0.0,0.9019607843137255
3model_gemini_flash_qwen_30b_deepseek_v3,"gemini_flash,qwen_30b,deepseek_v3",231,knn_router,0.9019607843137255,0.0002050062745098039,0.9019607843137255,0.0196078431372549,0.0,0.9607843137254902
3model_gemini_flash_qwen_30b_deepseek_v3,"gemini_flash,qwen_30b,deepseek_v3",231,decision_tree_router,0.9215686274509803,0.0001638781882352941,0.9215686274509803,0.0,0.0,0.7647058823529411
3model_gemini_flash_qwen_30b_deepseek_v3,"gemini_flash,qwen_30b,deepseek_v3",231,random_forest_router,0.9019607843137255,0.0001950774745098039,0.9019607843137255,0.0196078431372549,0.0,0.9607843137254902
3model_gemini_flash_qwen_30b_deepseek_v3,"gemini_flash,qwen_30b,deepseek_v3",231,extra_trees_router,0.9019607843137255,0.000164354831372549,0.9019607843137255,0.0196078431372549,0.0,0.7450980392156863
3model_gemini_flash_qwen_30b_deepseek_v3,"gemini_flash,qwen_30b,deepseek_v3",231,tfidf_logistic_router,0.8823529411764706,0.0001840981647058823,0.8823529411764706,0.0392156862745098,0.0,0.8431372549019608
3model_gemini_flash_qwen_30b_deepseek_v3,"gemini_flash,qwen_30b,deepseek_v3",231,tfidf_linear_svm_router,0.8627450980392157,0.0002047022196078431,0.8627450980392157,0.058823529411764705,0.0,0.9215686274509803
3model_gemini_flash_qwen_30b_deepseek_v3,"gemini_flash,qwen_30b,deepseek_v3",232,always_gemini_flash,0.8627450980392157,0.00018412941176470594,0.8627450980392157,0.0392156862745098,0.0,0.9607843137254902
3model_gemini_flash_qwen_30b_deepseek_v3,"gemini_flash,qwen_30b,deepseek_v3",232,always_qwen_30b,0.8431372549019608,2.445814117647059e-05,0.8431372549019608,0.058823529411764705,0.0,0.0392156862745098
3model_gemini_flash_qwen_30b_deepseek_v3,"gemini_flash,qwen_30b,deepseek_v3",232,always_deepseek_v3,0.8431372549019608,6.874066666666666e-05,0.8431372549019608,0.058823529411764705,0.0,0.0
3model_gemini_flash_qwen_30b_deepseek_v3,"gemini_flash,qwen_30b,deepseek_v3",232,random,0.8431372549019608,8.412233725490198e-05,0.8431372549019608,0.058823529411764705,0.0,0.29411764705882354
3model_gemini_flash_qwen_30b_deepseek_v3,"gemini_flash,qwen_30b,deepseek_v3",232,oracle,0.9019607843137255,0.00017412160784313727,0.9019607843137255,0.0,0.0,1.0
3model_gemini_flash_qwen_30b_deepseek_v3,"gemini_flash,qwen_30b,deepseek_v3",232,logistic_router,0.8823529411764706,0.00014895792156862744,0.8823529411764706,0.0196078431372549,0.0,0.7254901960784313
3model_gemini_flash_qwen_30b_deepseek_v3,"gemini_flash,qwen_30b,deepseek_v3",232,linear_svm_router,0.8823529411764706,0.00016842398431372554,0.8823529411764706,0.0196078431372549,0.0,0.9215686274509803
3model_gemini_flash_qwen_30b_deepseek_v3,"gemini_flash,qwen_30b,deepseek_v3",232,knn_router,0.8823529411764706,0.00017723764705882355,0.8823529411764706,0.0196078431372549,0.0,0.9607843137254902
3model_gemini_flash_qwen_30b_deepseek_v3,"gemini_flash,qwen_30b,deepseek_v3",232,decision_tree_router,0.8627450980392157,0.00013279254117647056,0.8627450980392157,0.0392156862745098,0.0,0.6470588235294118
3model_gemini_flash_qwen_30b_deepseek_v3,"gemini_flash,qwen_30b,deepseek_v3",232,random_forest_router,0.8431372549019608,0.00017219505882352945,0.8431372549019608,0.058823529411764705,0.0,0.803921568627451
3model_gemini_flash_qwen_30b_deepseek_v3,"gemini_flash,qwen_30b,deepseek_v3",232,extra_trees_router,0.8431372549019608,0.00015642230588235295,0.8431372549019608,0.058823529411764705,0.0,0.7254901960784313
3model_gemini_flash_qwen_30b_deepseek_v3,"gemini_flash,qwen_30b,deepseek_v3",232,tfidf_logistic_router,0.8627450980392157,0.00016268600000000005,0.8627450980392157,0.0392156862745098,0.0,0.7843137254901961
3model_gemini_flash_qwen_30b_deepseek_v3,"gemini_flash,qwen_30b,deepseek_v3",232,tfidf_linear_svm_router,0.8627450980392157,0.00017531574901960792,0.8627450980392157,0.0392156862745098,0.0,0.9215686274509803
3model_gemini_flash_qwen_30b_deepseek_v3,"gemini_flash,qwen_30b,deepseek_v3",233,always_gemini_flash,0.8627450980392157,0.00018182352941176474,0.8627450980392157,0.09803921568627451,0.0,0.9019607843137255
3model_gemini_flash_qwen_30b_deepseek_v3,"gemini_flash,qwen_30b,deepseek_v3",233,always_qwen_30b,0.9215686274509803,2.229367058823529e-05,0.9215686274509803,0.0392156862745098,0.0,0.0784313725490196
3model_gemini_flash_qwen_30b_deepseek_v3,"gemini_flash,qwen_30b,deepseek_v3",233,always_deepseek_v3,0.8823529411764706,6.603835294117647e-05,0.8823529411764706,0.0784313725490196,0.0,0.0196078431372549
3model_gemini_flash_qwen_30b_deepseek_v3,"gemini_flash,qwen_30b,deepseek_v3",233,random,0.8627450980392157,8.238204705882354e-05,0.8627450980392157,0.09803921568627451,0.0,0.3333333333333333
3model_gemini_flash_qwen_30b_deepseek_v3,"gemini_flash,qwen_30b,deepseek_v3",233,oracle,0.9607843137254902,0.00015985171764705886,0.9607843137254902,0.0,0.0,1.0
3model_gemini_flash_qwen_30b_deepseek_v3,"gemini_flash,qwen_30b,deepseek_v3",233,logistic_router,0.9019607843137255,0.00014241500392156862,0.9019607843137255,0.058823529411764705,0.0,0.7254901960784313
3model_gemini_flash_qwen_30b_deepseek_v3,"gemini_flash,qwen_30b,deepseek_v3",233,linear_svm_router,0.9019607843137255,0.00015035186666666667,0.9019607843137255,0.058823529411764705,0.0,0.7647058823529411
3model_gemini_flash_qwen_30b_deepseek_v3,"gemini_flash,qwen_30b,deepseek_v3",233,knn_router,0.8823529411764706,0.00017493176470588235,0.8823529411764706,0.0784313725490196,0.0,0.9019607843137255
3model_gemini_flash_qwen_30b_deepseek_v3,"gemini_flash,qwen_30b,deepseek_v3",233,decision_tree_router,0.9019607843137255,0.00012119845490196076,0.9019607843137255,0.058823529411764705,0.0,0.5882352941176471
3model_gemini_flash_qwen_30b_deepseek_v3,"gemini_flash,qwen_30b,deepseek_v3",233,random_forest_router,0.8823529411764706,0.0001686954431372549,0.8823529411764706,0.0784313725490196,0.0,0.8823529411764706
3model_gemini_flash_qwen_30b_deepseek_v3,"gemini_flash,qwen_30b,deepseek_v3",233,extra_trees_router,0.8627450980392157,0.00015172404705882353,0.8627450980392157,0.09803921568627451,0.0,0.7450980392156863
3model_gemini_flash_qwen_30b_deepseek_v3,"gemini_flash,qwen_30b,deepseek_v3",233,tfidf_logistic_router,0.8823529411764706,0.0001549808862745098,0.8823529411764706,0.0784313725490196,0.0,0.7450980392156863
3model_gemini_flash_qwen_30b_deepseek_v3,"gemini_flash,qwen_30b,deepseek_v3",233,tfidf_linear_svm_router,0.8627450980392157,0.00017213047843137256,0.8627450980392157,0.09803921568627451,0.0,0.8431372549019608
3model_gemini_flash_qwen_30b_granite_8b,"gemini_flash,qwen_30b,granite_8b",229,always_gemini_flash,0.8627450980392157,0.00018459215686274512,0.8627450980392157,0.058823529411764705,0.0,0.9411764705882353
3model_gemini_flash_qwen_30b_granite_8b,"gemini_flash,qwen_30b,granite_8b",229,always_qwen_30b,0.8627450980392157,2.4920705882352944e-05,0.8627450980392157,0.058823529411764705,0.0,0.0392156862745098
3model_gemini_flash_qwen_30b_granite_8b,"gemini_flash,qwen_30b,granite_8b",229,always_granite_8b,0.8431372549019608,1.5948039215686275e-05,0.8431372549019608,0.0784313725490196,0.0,0.0196078431372549
3model_gemini_flash_qwen_30b_granite_8b,"gemini_flash,qwen_30b,granite_8b",229,random,0.8823529411764706,7.406176470588237e-05,0.8823529411764706,0.0392156862745098,0.0,0.3137254901960784
3model_gemini_flash_qwen_30b_granite_8b,"gemini_flash,qwen_30b,granite_8b",229,oracle,0.9215686274509803,0.00017462236862745097,0.9215686274509803,0.0,0.0,1.0
3model_gemini_flash_qwen_30b_granite_8b,"gemini_flash,qwen_30b,granite_8b",229,logistic_router,0.8823529411764706,0.0001543172156862745,0.8823529411764706,0.0392156862745098,0.0,0.803921568627451
3model_gemini_flash_qwen_30b_granite_8b,"gemini_flash,qwen_30b,granite_8b",229,linear_svm_router,0.8823529411764706,0.00016677199215686276,0.8823529411764706,0.0392156862745098,0.0,0.8823529411764706
3model_gemini_flash_qwen_30b_granite_8b,"gemini_flash,qwen_30b,granite_8b",229,knn_router,0.8627450980392157,0.00018241176470588233,0.8627450980392157,0.058823529411764705,0.0,0.9215686274509803
3model_gemini_flash_qwen_30b_granite_8b,"gemini_flash,qwen_30b,granite_8b",229,decision_tree_router,0.8823529411764706,0.00014087508235294117,0.8823529411764706,0.0392156862745098,0.0,0.7450980392156863
3model_gemini_flash_qwen_30b_granite_8b,"gemini_flash,qwen_30b,granite_8b",229,random_forest_router,0.9019607843137255,0.00015259785098039217,0.9019607843137255,0.0196078431372549,0.0,0.803921568627451
3model_gemini_flash_qwen_30b_granite_8b,"gemini_flash,qwen_30b,granite_8b",229,extra_trees_router,0.9019607843137255,0.0001402784,0.9019607843137255,0.0196078431372549,0.0,0.7254901960784313
3model_gemini_flash_qwen_30b_granite_8b,"gemini_flash,qwen_30b,granite_8b",229,tfidf_logistic_router,0.8823529411764706,0.00015649760784313728,0.8823529411764706,0.0392156862745098,0.0,0.8235294117647058
3model_gemini_flash_qwen_30b_granite_8b,"gemini_flash,qwen_30b,granite_8b",229,tfidf_linear_svm_router,0.8823529411764706,0.00017246140392156864,0.8823529411764706,0.0392156862745098,0.0,0.9019607843137255
3model_gemini_flash_qwen_30b_granite_8b,"gemini_flash,qwen_30b,granite_8b",230,always_gemini_flash,0.8823529411764706,0.00017710784313725492,0.8823529411764706,0.058823529411764705,0.0,0.9411764705882353
3model_gemini_flash_qwen_30b_granite_8b,"gemini_flash,qwen_30b,granite_8b",230,always_qwen_30b,0.9019607843137255,2.362894117647059e-05,0.9019607843137255,0.0392156862745098,0.0,0.058823529411764705
3model_gemini_flash_qwen_30b_granite_8b,"gemini_flash,qwen_30b,granite_8b",230,always_granite_8b,0.8431372549019608,1.511078431372549e-05,0.8431372549019608,0.09803921568627451,0.0,0.0
3model_gemini_flash_qwen_30b_granite_8b,"gemini_flash,qwen_30b,granite_8b",230,random,0.9019607843137255,7.712701176470589e-05,0.9019607843137255,0.0392156862745098,0.0,0.35294117647058826
3model_gemini_flash_qwen_30b_granite_8b,"gemini_flash,qwen_30b,granite_8b",230,oracle,0.9411764705882353,0.00016394261960784315,0.9411764705882353,0.0,0.0,1.0
3model_gemini_flash_qwen_30b_granite_8b,"gemini_flash,qwen_30b,granite_8b",230,logistic_router,0.8627450980392157,0.00015616359215686273,0.8627450980392157,0.0784313725490196,0.0,0.8235294117647058
3model_gemini_flash_qwen_30b_granite_8b,"gemini_flash,qwen_30b,granite_8b",230,linear_svm_router,0.8823529411764706,0.00016708975686274507,0.8823529411764706,0.058823529411764705,0.0,0.8823529411764706
3model_gemini_flash_qwen_30b_granite_8b,"gemini_flash,qwen_30b,granite_8b",230,knn_router,0.8823529411764706,0.00017492745098039215,0.8823529411764706,0.058823529411764705,0.0,0.9215686274509803
3model_gemini_flash_qwen_30b_granite_8b,"gemini_flash,qwen_30b,granite_8b",230,decision_tree_router,0.9019607843137255,0.00013500980392156862,0.9019607843137255,0.0392156862745098,0.0,0.7058823529411765
3model_gemini_flash_qwen_30b_granite_8b,"gemini_flash,qwen_30b,granite_8b",230,random_forest_router,0.8823529411764706,0.00016421261176470588,0.8823529411764706,0.058823529411764705,0.0,0.8627450980392157
3model_gemini_flash_qwen_30b_granite_8b,"gemini_flash,qwen_30b,granite_8b",230,extra_trees_router,0.8823529411764706,0.00014185040784313725,0.8823529411764706,0.058823529411764705,0.0,0.7450980392156863
3model_gemini_flash_qwen_30b_granite_8b,"gemini_flash,qwen_30b,granite_8b",230,tfidf_logistic_router,0.8627450980392157,0.00016348191372549017,0.8627450980392157,0.0784313725490196,0.0,0.8627450980392157
3model_gemini_flash_qwen_30b_granite_8b,"gemini_flash,qwen_30b,granite_8b",230,tfidf_linear_svm_router,0.8823529411764706,0.00017128967058823528,0.8823529411764706,0.058823529411764705,0.0,0.9215686274509803
3model_gemini_flash_qwen_30b_granite_8b,"gemini_flash,qwen_30b,granite_8b",231,always_gemini_flash,0.8823529411764706,0.00021189803921568628,0.8823529411764706,0.0392156862745098,0.0,0.9607843137254902
3model_gemini_flash_qwen_30b_granite_8b,"gemini_flash,qwen_30b,granite_8b",231,always_qwen_30b,0.9019607843137255,2.4771207843137253e-05,0.9019607843137255,0.0196078431372549,0.0,0.0392156862745098
3model_gemini_flash_qwen_30b_granite_8b,"gemini_flash,qwen_30b,granite_8b",231,always_granite_8b,0.8431372549019608,1.662843137254902e-05,0.8431372549019608,0.0784313725490196,0.0,0.0
3model_gemini_flash_qwen_30b_granite_8b,"gemini_flash,qwen_30b,granite_8b",231,random,0.8823529411764706,9.240410980392158e-05,0.8823529411764706,0.0392156862745098,0.0,0.3333333333333333
3model_gemini_flash_qwen_30b_granite_8b,"gemini_flash,qwen_30b,granite_8b",231,oracle,0.9215686274509803,0.00020135802352941177,0.9215686274509803,0.0,0.0,1.0
3model_gemini_flash_qwen_30b_granite_8b,"gemini_flash,qwen_30b,granite_8b",231,logistic_router,0.9019607843137255,0.00018610044705882352,0.9019607843137255,0.0196078431372549,0.0,0.8627450980392157
3model_gemini_flash_qwen_30b_granite_8b,"gemini_flash,qwen_30b,granite_8b",231,linear_svm_router,0.9019607843137255,0.00020352804705882352,0.9019607843137255,0.0196078431372549,0.0,0.9607843137254902
3model_gemini_flash_qwen_30b_granite_8b,"gemini_flash,qwen_30b,granite_8b",231,knn_router,0.8823529411764706,0.00021189803921568628,0.8823529411764706,0.0392156862745098,0.0,0.9607843137254902
3model_gemini_flash_qwen_30b_granite_8b,"gemini_flash,qwen_30b,granite_8b",231,decision_tree_router,0.9019607843137255,0.0001505020862745098,0.9019607843137255,0.0196078431372549,0.0,0.7058823529411765
3model_gemini_flash_qwen_30b_granite_8b,"gemini_flash,qwen_30b,granite_8b",231,random_forest_router,0.9019607843137255,0.00019445934117647056,0.9019607843137255,0.0196078431372549,0.0,0.9215686274509803
3model_gemini_flash_qwen_30b_granite_8b,"gemini_flash,qwen_30b,granite_8b",231,extra_trees_router,0.9215686274509803,0.000174963694117647,0.9215686274509803,0.0,0.0,0.8627450980392157
3model_gemini_flash_qwen_30b_granite_8b,"gemini_flash,qwen_30b,granite_8b",231,tfidf_logistic_router,0.9019607843137255,0.0001929734588235294,0.9019607843137255,0.0196078431372549,0.0,0.9019607843137255
3model_gemini_flash_qwen_30b_granite_8b,"gemini_flash,qwen_30b,granite_8b",231,tfidf_linear_svm_router,0.8823529411764706,0.00020607986666666664,0.8823529411764706,0.0392156862745098,0.0,0.9411764705882353
3model_gemini_flash_qwen_30b_granite_8b,"gemini_flash,qwen_30b,granite_8b",232,always_gemini_flash,0.8627450980392157,0.00018412941176470594,0.8627450980392157,0.0392156862745098,0.0,0.9607843137254902
3model_gemini_flash_qwen_30b_granite_8b,"gemini_flash,qwen_30b,granite_8b",232,always_qwen_30b,0.8431372549019608,2.445814117647059e-05,0.8431372549019608,0.058823529411764705,0.0,0.0392156862745098
3model_gemini_flash_qwen_30b_granite_8b,"gemini_flash,qwen_30b,granite_8b",232,always_granite_8b,0.7647058823529411,1.5119607843137256e-05,0.7647058823529411,0.13725490196078433,0.0,0.0
3model_gemini_flash_qwen_30b_granite_8b,"gemini_flash,qwen_30b,granite_8b",232,random,0.803921568627451,6.809218039215686e-05,0.803921568627451,0.09803921568627451,0.0,0.29411764705882354
3model_gemini_flash_qwen_30b_granite_8b,"gemini_flash,qwen_30b,granite_8b",232,oracle,0.9019607843137255,0.00017412160784313727,0.9019607843137255,0.0,0.0,1.0
3model_gemini_flash_qwen_30b_granite_8b,"gemini_flash,qwen_30b,granite_8b",232,logistic_router,0.8823529411764706,0.00016519200000000004,0.8823529411764706,0.0196078431372549,0.0,0.8823529411764706
3model_gemini_flash_qwen_30b_granite_8b,"gemini_flash,qwen_30b,granite_8b",232,linear_svm_router,0.8823529411764706,0.00017210669019607845,0.8823529411764706,0.0196078431372549,0.0,0.9215686274509803
3model_gemini_flash_qwen_30b_granite_8b,"gemini_flash,qwen_30b,granite_8b",232,knn_router,0.8627450980392157,0.00018412941176470594,0.8627450980392157,0.0392156862745098,0.0,0.9607843137254902
3model_gemini_flash_qwen_30b_granite_8b,"gemini_flash,qwen_30b,granite_8b",232,decision_tree_router,0.8431372549019608,0.0001263462274509804,0.8431372549019608,0.058823529411764705,0.0,0.6274509803921569
3model_gemini_flash_qwen_30b_granite_8b,"gemini_flash,qwen_30b,granite_8b",232,random_forest_router,0.8627450980392157,0.00018412941176470594,0.8627450980392157,0.0392156862745098,0.0,0.9607843137254902
3model_gemini_flash_qwen_30b_granite_8b,"gemini_flash,qwen_30b,granite_8b",232,extra_trees_router,0.8627450980392157,0.00017682535686274514,0.8627450980392157,0.0392156862745098,0.0,0.9215686274509803
3model_gemini_flash_qwen_30b_granite_8b,"gemini_flash,qwen_30b,granite_8b",232,tfidf_logistic_router,0.8823529411764706,0.00016519200000000004,0.8823529411764706,0.0196078431372549,0.0,0.8823529411764706
3model_gemini_flash_qwen_30b_granite_8b,"gemini_flash,qwen_30b,granite_8b",232,tfidf_linear_svm_router,0.8627450980392157,0.00017831123921568633,0.8627450980392157,0.0392156862745098,0.0,0.9411764705882353
3model_gemini_flash_qwen_30b_granite_8b,"gemini_flash,qwen_30b,granite_8b",233,always_gemini_flash,0.8627450980392157,0.00018182352941176474,0.8627450980392157,0.0784313725490196,0.0,0.9215686274509803
3model_gemini_flash_qwen_30b_granite_8b,"gemini_flash,qwen_30b,granite_8b",233,always_qwen_30b,0.9215686274509803,2.229367058823529e-05,0.9215686274509803,0.0196078431372549,0.0,0.0784313725490196
3model_gemini_flash_qwen_30b_granite_8b,"gemini_flash,qwen_30b,granite_8b",233,always_granite_8b,0.7647058823529411,1.5750000000000003e-05,0.7647058823529411,0.17647058823529413,0.0,0.0
3model_gemini_flash_qwen_30b_granite_8b,"gemini_flash,qwen_30b,granite_8b",233,random,0.803921568627451,6.398581176470589e-05,0.803921568627451,0.13725490196078433,0.0,0.3137254901960784
3model_gemini_flash_qwen_30b_granite_8b,"gemini_flash,qwen_30b,granite_8b",233,oracle,0.9411764705882353,0.00016280328627450981,0.9411764705882353,0.0,0.0,1.0
3model_gemini_flash_qwen_30b_granite_8b,"gemini_flash,qwen_30b,granite_8b",233,logistic_router,0.8823529411764706,0.00015782006274509805,0.8823529411764706,0.058823529411764705,0.0,0.803921568627451
3model_gemini_flash_qwen_30b_granite_8b,"gemini_flash,qwen_30b,granite_8b",233,linear_svm_router,0.8823529411764706,0.000162804768627451,0.8823529411764706,0.058823529411764705,0.0,0.8627450980392157
3model_gemini_flash_qwen_30b_granite_8b,"gemini_flash,qwen_30b,granite_8b",233,knn_router,0.8627450980392157,0.00018182352941176474,0.8627450980392157,0.0784313725490196,0.0,0.9215686274509803
3model_gemini_flash_qwen_30b_granite_8b,"gemini_flash,qwen_30b,granite_8b",233,decision_tree_router,0.8431372549019608,0.0001446199294117647,0.8431372549019608,0.09803921568627451,0.0,0.6862745098039216
3model_gemini_flash_qwen_30b_granite_8b,"gemini_flash,qwen_30b,granite_8b",233,random_forest_router,0.8627450980392157,0.00017668363921568626,0.8627450980392157,0.0784313725490196,0.0,0.8823529411764706
3model_gemini_flash_qwen_30b_granite_8b,"gemini_flash,qwen_30b,granite_8b",233,extra_trees_router,0.8431372549019608,0.0001620630274509804,0.8431372549019608,0.09803921568627451,0.0,0.7843137254901961
3model_gemini_flash_qwen_30b_granite_8b,"gemini_flash,qwen_30b,granite_8b",233,tfidf_logistic_router,0.8823529411764706,0.00015782006274509805,0.8823529411764706,0.058823529411764705,0.0,0.803921568627451
3model_gemini_flash_qwen_30b_granite_8b,"gemini_flash,qwen_30b,granite_8b",233,tfidf_linear_svm_router,0.8627450980392157,0.00017336655686274512,0.8627450980392157,0.0784313725490196,0.0,0.8823529411764706
3model_gemini_flash_llama_70b_deepseek_v3,"gemini_flash,llama_70b,deepseek_v3",229,always_gemini_flash,0.8627450980392157,0.00018459215686274512,0.8627450980392157,0.0784313725490196,0.0,0.9215686274509803
3model_gemini_flash_llama_70b_deepseek_v3,"gemini_flash,llama_70b,deepseek_v3",229,always_llama_70b,0.8235294117647058,0.019657743235294112,0.8235294117647058,0.11764705882352941,0.0,0.058823529411764705
3model_gemini_flash_llama_70b_deepseek_v3,"gemini_flash,llama_70b,deepseek_v3",229,always_deepseek_v3,0.8627450980392157,7.586537254901961e-05,0.8627450980392157,0.0784313725490196,0.0,0.0196078431372549
3model_gemini_flash_llama_70b_deepseek_v3,"gemini_flash,llama_70b,deepseek_v3",229,random,0.8627450980392157,0.00010092239215686275,0.8627450980392157,0.0784313725490196,0.0,0.3333333333333333
3model_gemini_flash_llama_70b_deepseek_v3,"gemini_flash,llama_70b,deepseek_v3",229,oracle,0.9411764705882353,0.0001766050980392157,0.9411764705882353,0.0,0.0,1.0
3model_gemini_flash_llama_70b_deepseek_v3,"gemini_flash,llama_70b,deepseek_v3",229,logistic_router,0.8823529411764706,0.01975438539215687,0.8823529411764706,0.058823529411764705,0.0,0.7058823529411765
3model_gemini_flash_llama_70b_deepseek_v3,"gemini_flash,llama_70b,deepseek_v3",229,linear_svm_router,0.8823529411764706,0.00017270076470588235,0.8823529411764706,0.058823529411764705,0.0,0.8823529411764706
3model_gemini_flash_llama_70b_deepseek_v3,"gemini_flash,llama_70b,deepseek_v3",229,knn_router,0.8823529411764706,0.00018221607843137253,0.8823529411764706,0.058823529411764705,0.0,0.9411764705882353
3model_gemini_flash_llama_70b_deepseek_v3,"gemini_flash,llama_70b,deepseek_v3",229,decision_tree_router,0.8823529411764706,0.00014961107843137255,0.8823529411764706,0.058823529411764705,0.0,0.7254901960784313
3model_gemini_flash_llama_70b_deepseek_v3,"gemini_flash,llama_70b,deepseek_v3",229,random_forest_router,0.8823529411764706,0.00015616264705882351,0.8823529411764706,0.058823529411764705,0.0,0.7647058823529411
3model_gemini_flash_llama_70b_deepseek_v3,"gemini_flash,llama_70b,deepseek_v3",229,extra_trees_router,0.8627450980392157,0.019748184019607845,0.8627450980392157,0.0784313725490196,0.0,0.6470588235294118
3model_gemini_flash_llama_70b_deepseek_v3,"gemini_flash,llama_70b,deepseek_v3",229,tfidf_logistic_router,0.8823529411764706,0.0001541271568627451,0.8823529411764706,0.058823529411764705,0.0,0.7450980392156863
3model_gemini_flash_llama_70b_deepseek_v3,"gemini_flash,llama_70b,deepseek_v3",229,tfidf_linear_svm_router,0.8431372549019608,0.00017571998039215685,0.8431372549019608,0.09803921568627451,0.0,0.8431372549019608
3model_gemini_flash_llama_70b_deepseek_v3,"gemini_flash,llama_70b,deepseek_v3",230,always_gemini_flash,0.8823529411764706,0.00017710784313725492,0.8823529411764706,0.09803921568627451,0.0,0.9019607843137255
3model_gemini_flash_llama_70b_deepseek_v3,"gemini_flash,llama_70b,deepseek_v3",230,always_llama_70b,0.8431372549019608,5.601811764705883e-05,0.8431372549019608,0.13725490196078433,0.0,0.058823529411764705
3model_gemini_flash_llama_70b_deepseek_v3,"gemini_flash,llama_70b,deepseek_v3",230,always_deepseek_v3,0.9019607843137255,6.701905882352941e-05,0.9019607843137255,0.0784313725490196,0.0,0.0392156862745098
3model_gemini_flash_llama_70b_deepseek_v3,"gemini_flash,llama_70b,deepseek_v3",230,random,0.8431372549019608,9.862437254901961e-05,0.8431372549019608,0.13725490196078433,0.0,0.27450980392156865
3model_gemini_flash_llama_70b_deepseek_v3,"gemini_flash,llama_70b,deepseek_v3",230,oracle,0.9803921568627451,0.0001633780392156863,0.9803921568627451,0.0,0.0,1.0
3model_gemini_flash_llama_70b_deepseek_v3,"gemini_flash,llama_70b,deepseek_v3",230,logistic_router,0.9411764705882353,0.00014381282352941176,0.9411764705882353,0.0392156862745098,0.0,0.7647058823529411
3model_gemini_flash_llama_70b_deepseek_v3,"gemini_flash,llama_70b,deepseek_v3",230,linear_svm_router,0.9019607843137255,0.00015726078431372548,0.9019607843137255,0.0784313725490196,0.0,0.8431372549019608
3model_gemini_flash_llama_70b_deepseek_v3,"gemini_flash,llama_70b,deepseek_v3",230,knn_router,0.9019607843137255,0.00017473176470588232,0.9019607843137255,0.0784313725490196,0.0,0.9215686274509803
3model_gemini_flash_llama_70b_deepseek_v3,"gemini_flash,llama_70b,deepseek_v3",230,decision_tree_router,0.9411764705882353,0.0001325235294117647,0.9411764705882353,0.0392156862745098,0.0,0.6470588235294118
3model_gemini_flash_llama_70b_deepseek_v3,"gemini_flash,llama_70b,deepseek_v3",230,random_forest_router,0.9607843137254902,0.00016256529411764708,0.9607843137254902,0.0196078431372549,0.0,0.9411764705882353
3model_gemini_flash_llama_70b_deepseek_v3,"gemini_flash,llama_70b,deepseek_v3",230,extra_trees_router,0.9411764705882353,0.00013378701960784314,0.9411764705882353,0.0392156862745098,0.0,0.6470588235294118
3model_gemini_flash_llama_70b_deepseek_v3,"gemini_flash,llama_70b,deepseek_v3",230,tfidf_logistic_router,0.9215686274509803,0.00015526235294117645,0.9215686274509803,0.058823529411764705,0.0,0.8431372549019608
3model_gemini_flash_llama_70b_deepseek_v3,"gemini_flash,llama_70b,deepseek_v3",230,tfidf_linear_svm_router,0.8823529411764706,0.00017710784313725492,0.8823529411764706,0.09803921568627451,0.0,0.9019607843137255
3model_gemini_flash_llama_70b_deepseek_v3,"gemini_flash,llama_70b,deepseek_v3",231,always_gemini_flash,0.8823529411764706,0.00021189803921568628,0.8823529411764706,0.058823529411764705,0.0,0.9411764705882353
3model_gemini_flash_llama_70b_deepseek_v3,"gemini_flash,llama_70b,deepseek_v3",231,always_llama_70b,0.9019607843137255,0.01966218745098039,0.9019607843137255,0.0392156862745098,0.0,0.058823529411764705
3model_gemini_flash_llama_70b_deepseek_v3,"gemini_flash,llama_70b,deepseek_v3",231,always_deepseek_v3,0.8627450980392157,7.632623529411765e-05,0.8627450980392157,0.0784313725490196,0.0,0.0
3model_gemini_flash_llama_70b_deepseek_v3,"gemini_flash,llama_70b,deepseek_v3",231,random,0.8627450980392157,0.0001204539411764706,0.8627450980392157,0.0784313725490196,0.0,0.3137254901960784
3model_gemini_flash_llama_70b_deepseek_v3,"gemini_flash,llama_70b,deepseek_v3",231,oracle,0.9411764705882353,0.0002017090196078431,0.9411764705882353,0.0,0.0,1.0
3model_gemini_flash_llama_70b_deepseek_v3,"gemini_flash,llama_70b,deepseek_v3",231,logistic_router,0.9019607843137255,0.00017890313725490192,0.9019607843137255,0.0392156862745098,0.0,0.803921568627451
3model_gemini_flash_llama_70b_deepseek_v3,"gemini_flash,llama_70b,deepseek_v3",231,linear_svm_router,0.8823529411764706,0.00019277254901960782,0.8823529411764706,0.058823529411764705,0.0,0.8627450980392157
3model_gemini_flash_llama_70b_deepseek_v3,"gemini_flash,llama_70b,deepseek_v3",231,knn_router,0.9019607843137255,0.000206628431372549,0.9019607843137255,0.0392156862745098,0.0,0.9607843137254902
3model_gemini_flash_llama_70b_deepseek_v3,"gemini_flash,llama_70b,deepseek_v3",231,decision_tree_router,0.9019607843137255,0.00017759637254901955,0.9019607843137255,0.0392156862745098,0.0,0.7450980392156863
3model_gemini_flash_llama_70b_deepseek_v3,"gemini_flash,llama_70b,deepseek_v3",231,random_forest_router,0.9019607843137255,0.00019002529411764704,0.9019607843137255,0.0392156862745098,0.0,0.8627450980392157
3model_gemini_flash_llama_70b_deepseek_v3,"gemini_flash,llama_70b,deepseek_v3",231,extra_trees_router,0.9019607843137255,0.019784136274509805,0.9019607843137255,0.0392156862745098,0.0,0.7843137254901961
3model_gemini_flash_llama_70b_deepseek_v3,"gemini_flash,llama_70b,deepseek_v3",231,tfidf_logistic_router,0.9019607843137255,0.000184828431372549,0.9019607843137255,0.0392156862745098,0.0,0.8627450980392157
3model_gemini_flash_llama_70b_deepseek_v3,"gemini_flash,llama_70b,deepseek_v3",231,tfidf_linear_svm_router,0.8627450980392157,0.0002070335294117647,0.8627450980392157,0.0784313725490196,0.0,0.9019607843137255
3model_gemini_flash_llama_70b_deepseek_v3,"gemini_flash,llama_70b,deepseek_v3",232,always_gemini_flash,0.8627450980392157,0.00018412941176470594,0.8627450980392157,0.0392156862745098,0.0,0.9607843137254902
3model_gemini_flash_llama_70b_deepseek_v3,"gemini_flash,llama_70b,deepseek_v3",232,always_llama_70b,0.803921568627451,5.9688607843137255e-05,0.803921568627451,0.09803921568627451,0.0,0.0392156862745098
3model_gemini_flash_llama_70b_deepseek_v3,"gemini_flash,llama_70b,deepseek_v3",232,always_deepseek_v3,0.8431372549019608,6.874066666666666e-05,0.8431372549019608,0.058823529411764705,0.0,0.0
3model_gemini_flash_llama_70b_deepseek_v3,"gemini_flash,llama_70b,deepseek_v3",232,random,0.803921568627451,9.923690196078432e-05,0.803921568627451,0.09803921568627451,0.0,0.29411764705882354
3model_gemini_flash_llama_70b_deepseek_v3,"gemini_flash,llama_70b,deepseek_v3",232,oracle,0.9019607843137255,0.00017699343137254908,0.9019607843137255,0.0,0.0,1.0
3model_gemini_flash_llama_70b_deepseek_v3,"gemini_flash,llama_70b,deepseek_v3",232,logistic_router,0.8627450980392157,0.00017327686274509809,0.8627450980392157,0.0392156862745098,0.0,0.8823529411764706
3model_gemini_flash_llama_70b_deepseek_v3,"gemini_flash,llama_70b,deepseek_v3",232,linear_svm_router,0.8627450980392157,0.00017748215686274514,0.8627450980392157,0.0392156862745098,0.0,0.9607843137254902
3model_gemini_flash_llama_70b_deepseek_v3,"gemini_flash,llama_70b,deepseek_v3",232,knn_router,0.8823529411764706,0.00017885980392156868,0.8823529411764706,0.0196078431372549,0.0,0.9803921568627451
3model_gemini_flash_llama_70b_deepseek_v3,"gemini_flash,llama_70b,deepseek_v3",232,decision_tree_router,0.8235294117647058,0.00016076784313725492,0.8235294117647058,0.0784313725490196,0.0,0.7450980392156863
3model_gemini_flash_llama_70b_deepseek_v3,"gemini_flash,llama_70b,deepseek_v3",232,random_forest_router,0.8627450980392157,0.0001717931764705883,0.8627450980392157,0.0392156862745098,0.0,0.9019607843137255
3model_gemini_flash_llama_70b_deepseek_v3,"gemini_flash,llama_70b,deepseek_v3",232,extra_trees_router,0.8431372549019608,0.0001621849803921569,0.8431372549019608,0.058823529411764705,0.0,0.7450980392156863
3model_gemini_flash_llama_70b_deepseek_v3,"gemini_flash,llama_70b,deepseek_v3",232,tfidf_logistic_router,0.8627450980392157,0.00017660784313725493,0.8627450980392157,0.0392156862745098,0.0,0.9215686274509803
3model_gemini_flash_llama_70b_deepseek_v3,"gemini_flash,llama_70b,deepseek_v3",232,tfidf_linear_svm_router,0.8431372549019608,0.0001827517647058824,0.8431372549019608,0.058823529411764705,0.0,0.9411764705882353
3model_gemini_flash_llama_70b_deepseek_v3,"gemini_flash,llama_70b,deepseek_v3",233,always_gemini_flash,0.8627450980392157,0.00018182352941176474,0.8627450980392157,0.0784313725490196,0.0,0.9215686274509803
3model_gemini_flash_llama_70b_deepseek_v3,"gemini_flash,llama_70b,deepseek_v3",233,always_llama_70b,0.8823529411764706,5.1382941176470584e-05,0.8823529411764706,0.058823529411764705,0.0,0.0784313725490196
3model_gemini_flash_llama_70b_deepseek_v3,"gemini_flash,llama_70b,deepseek_v3",233,always_deepseek_v3,0.8823529411764706,6.603835294117647e-05,0.8823529411764706,0.058823529411764705,0.0,0.0
3model_gemini_flash_llama_70b_deepseek_v3,"gemini_flash,llama_70b,deepseek_v3",233,random,0.8431372549019608,9.248094117647059e-05,0.8431372549019608,0.09803921568627451,0.0,0.3137254901960784
3model_gemini_flash_llama_70b_deepseek_v3,"gemini_flash,llama_70b,deepseek_v3",233,oracle,0.9411764705882353,0.00016713382352941177,0.9411764705882353,0.0,0.0,1.0
3model_gemini_flash_llama_70b_deepseek_v3,"gemini_flash,llama_70b,deepseek_v3",233,logistic_router,0.8823529411764706,0.00015524901960784314,0.8823529411764706,0.058823529411764705,0.0,0.7843137254901961
3model_gemini_flash_llama_70b_deepseek_v3,"gemini_flash,llama_70b,deepseek_v3",233,linear_svm_router,0.8823529411764706,0.00016558568627450984,0.8823529411764706,0.058823529411764705,0.0,0.8823529411764706
3model_gemini_flash_llama_70b_deepseek_v3,"gemini_flash,llama_70b,deepseek_v3",233,knn_router,0.8823529411764706,0.00017655392156862746,0.8823529411764706,0.058823529411764705,0.0,0.9411764705882353
3model_gemini_flash_llama_70b_deepseek_v3,"gemini_flash,llama_70b,deepseek_v3",233,decision_tree_router,0.8823529411764706,0.00014820654901960784,0.8823529411764706,0.058823529411764705,0.0,0.6470588235294118
3model_gemini_flash_llama_70b_deepseek_v3,"gemini_flash,llama_70b,deepseek_v3",233,random_forest_router,0.8823529411764706,0.0001681427450980392,0.8823529411764706,0.058823529411764705,0.0,0.8627450980392157
3model_gemini_flash_llama_70b_deepseek_v3,"gemini_flash,llama_70b,deepseek_v3",233,extra_trees_router,0.9019607843137255,0.00014599372549019607,0.9019607843137255,0.0392156862745098,0.0,0.7058823529411765
3model_gemini_flash_llama_70b_deepseek_v3,"gemini_flash,llama_70b,deepseek_v3",233,tfidf_logistic_router,0.8823529411764706,0.0001636607843137255,0.8823529411764706,0.058823529411764705,0.0,0.8431372549019608
3model_gemini_flash_llama_70b_deepseek_v3,"gemini_flash,llama_70b,deepseek_v3",233,tfidf_linear_svm_router,0.8627450980392157,0.00018182352941176474,0.8627450980392157,0.0784313725490196,0.0,0.9215686274509803
3model_gemini_flash_llama_70b_granite_8b,"gemini_flash,llama_70b,granite_8b",229,always_gemini_flash,0.8627450980392157,0.00018459215686274512,0.8627450980392157,0.0784313725490196,0.0,0.9215686274509803
3model_gemini_flash_llama_70b_granite_8b,"gemini_flash,llama_70b,granite_8b",229,always_llama_70b,0.8235294117647058,0.019657743235294112,0.8235294117647058,0.11764705882352941,0.0,0.058823529411764705
3model_gemini_flash_llama_70b_granite_8b,"gemini_flash,llama_70b,granite_8b",229,always_granite_8b,0.8431372549019608,1.5948039215686275e-05,0.8431372549019608,0.09803921568627451,0.0,0.0196078431372549
3model_gemini_flash_llama_70b_granite_8b,"gemini_flash,llama_70b,granite_8b",229,random,0.8627450980392157,8.422686274509802e-05,0.8627450980392157,0.0784313725490196,0.0,0.3333333333333333
3model_gemini_flash_llama_70b_granite_8b,"gemini_flash,llama_70b,granite_8b",229,oracle,0.9411764705882353,0.00017519274509803922,0.9411764705882353,0.0,0.0,1.0
3model_gemini_flash_llama_70b_granite_8b,"gemini_flash,llama_70b,granite_8b",229,logistic_router,0.9019607843137255,0.019755537745098042,0.9019607843137255,0.0392156862745098,0.0,0.7450980392156863
3model_gemini_flash_llama_70b_granite_8b,"gemini_flash,llama_70b,granite_8b",229,linear_svm_router,0.8823529411764706,0.00016376441176470583,0.8823529411764706,0.058823529411764705,0.0,0.8235294117647058
3model_gemini_flash_llama_70b_granite_8b,"gemini_flash,llama_70b,granite_8b",229,knn_router,0.8823529411764706,0.00018221607843137253,0.8823529411764706,0.058823529411764705,0.0,0.9411764705882353
3model_gemini_flash_llama_70b_granite_8b,"gemini_flash,llama_70b,granite_8b",229,decision_tree_router,0.9019607843137255,0.00015127480392156863,0.9019607843137255,0.0392156862745098,0.0,0.7254901960784313
3model_gemini_flash_llama_70b_granite_8b,"gemini_flash,llama_70b,granite_8b",229,random_forest_router,0.9215686274509803,0.00015990088235294116,0.9215686274509803,0.0196078431372549,0.0,0.8235294117647058
3model_gemini_flash_llama_70b_granite_8b,"gemini_flash,llama_70b,granite_8b",229,extra_trees_router,0.9019607843137255,0.019750830882352945,0.9019607843137255,0.0392156862745098,0.0,0.7058823529411765
3model_gemini_flash_llama_70b_granite_8b,"gemini_flash,llama_70b,granite_8b",229,tfidf_logistic_router,0.9215686274509803,0.00015990598039215684,0.9215686274509803,0.0196078431372549,0.0,0.8235294117647058
3model_gemini_flash_llama_70b_granite_8b,"gemini_flash,llama_70b,granite_8b",229,tfidf_linear_svm_router,0.8627450980392157,0.00017874970588235294,0.8627450980392157,0.0784313725490196,0.0,0.8823529411764706
3model_gemini_flash_llama_70b_granite_8b,"gemini_flash,llama_70b,granite_8b",230,always_gemini_flash,0.8823529411764706,0.00017710784313725492,0.8823529411764706,0.0784313725490196,0.0,0.9215686274509803
3model_gemini_flash_llama_70b_granite_8b,"gemini_flash,llama_70b,granite_8b",230,always_llama_70b,0.8431372549019608,5.601811764705883e-05,0.8431372549019608,0.11764705882352941,0.0,0.058823529411764705
3model_gemini_flash_llama_70b_granite_8b,"gemini_flash,llama_70b,granite_8b",230,always_granite_8b,0.8431372549019608,1.511078431372549e-05,0.8431372549019608,0.11764705882352941,0.0,0.0196078431372549
3model_gemini_flash_llama_70b_granite_8b,"gemini_flash,llama_70b,granite_8b",230,random,0.8627450980392157,8.772782352941176e-05,0.8627450980392157,0.09803921568627451,0.0,0.29411764705882354
3model_gemini_flash_llama_70b_granite_8b,"gemini_flash,llama_70b,granite_8b",230,oracle,0.9607843137254902,0.00016420823529411766,0.9607843137254902,0.0,0.0,1.0
3model_gemini_flash_llama_70b_granite_8b,"gemini_flash,llama_70b,granite_8b",230,logistic_router,0.9019607843137255,0.00015257282352941178,0.9019607843137255,0.058823529411764705,0.0,0.7647058823529411
3model_gemini_flash_llama_70b_granite_8b,"gemini_flash,llama_70b,granite_8b",230,linear_svm_router,0.9019607843137255,0.0001615576470588235,0.9019607843137255,0.058823529411764705,0.0,0.8627450980392157
3model_gemini_flash_llama_70b_granite_8b,"gemini_flash,llama_70b,granite_8b",230,knn_router,0.9019607843137255,0.00017473176470588232,0.9019607843137255,0.058823529411764705,0.0,0.9411764705882353
3model_gemini_flash_llama_70b_granite_8b,"gemini_flash,llama_70b,granite_8b",230,decision_tree_router,0.9215686274509803,0.00013547705882352938,0.9215686274509803,0.0392156862745098,0.0,0.7058823529411765
3model_gemini_flash_llama_70b_granite_8b,"gemini_flash,llama_70b,granite_8b",230,random_forest_router,0.9215686274509803,0.00017135137254901958,0.9215686274509803,0.0392156862745098,0.0,0.9215686274509803
3model_gemini_flash_llama_70b_granite_8b,"gemini_flash,llama_70b,granite_8b",230,extra_trees_router,0.9019607843137255,0.00014932811764705885,0.9019607843137255,0.058823529411764705,0.0,0.7450980392156863
3model_gemini_flash_llama_70b_granite_8b,"gemini_flash,llama_70b,granite_8b",230,tfidf_logistic_router,0.8823529411764706,0.00016402235294117644,0.8823529411764706,0.0784313725490196,0.0,0.8431372549019608
3model_gemini_flash_llama_70b_granite_8b,"gemini_flash,llama_70b,granite_8b",230,tfidf_linear_svm_router,0.8823529411764706,0.00017710784313725492,0.8823529411764706,0.0784313725490196,0.0,0.9215686274509803
3model_gemini_flash_llama_70b_granite_8b,"gemini_flash,llama_70b,granite_8b",231,always_gemini_flash,0.8823529411764706,0.00021189803921568628,0.8823529411764706,0.058823529411764705,0.0,0.9411764705882353
3model_gemini_flash_llama_70b_granite_8b,"gemini_flash,llama_70b,granite_8b",231,always_llama_70b,0.9019607843137255,0.01966218745098039,0.9019607843137255,0.0392156862745098,0.0,0.058823529411764705
3model_gemini_flash_llama_70b_granite_8b,"gemini_flash,llama_70b,granite_8b",231,always_granite_8b,0.8431372549019608,1.662843137254902e-05,0.8431372549019608,0.09803921568627451,0.0,0.0
3model_gemini_flash_llama_70b_granite_8b,"gemini_flash,llama_70b,granite_8b",231,random,0.8627450980392157,9.869637254901962e-05,0.8627450980392157,0.0784313725490196,0.0,0.3137254901960784
3model_gemini_flash_llama_70b_granite_8b,"gemini_flash,llama_70b,granite_8b",231,oracle,0.9411764705882353,0.0002017090196078431,0.9411764705882353,0.0,0.0,1.0
3model_gemini_flash_llama_70b_granite_8b,"gemini_flash,llama_70b,granite_8b",231,logistic_router,0.9215686274509803,0.0001771876470588235,0.9215686274509803,0.0196078431372549,0.0,0.8235294117647058
3model_gemini_flash_llama_70b_granite_8b,"gemini_flash,llama_70b,granite_8b",231,linear_svm_router,0.9019607843137255,0.00019156450980392154,0.9019607843137255,0.0392156862745098,0.0,0.8823529411764706
3model_gemini_flash_llama_70b_granite_8b,"gemini_flash,llama_70b,granite_8b",231,knn_router,0.9019607843137255,0.000206628431372549,0.9019607843137255,0.0392156862745098,0.0,0.9607843137254902
3model_gemini_flash_llama_70b_granite_8b,"gemini_flash,llama_70b,granite_8b",231,decision_tree_router,0.9215686274509803,0.00017866558823529408,0.9215686274509803,0.0196078431372549,0.0,0.7647058823529411
3model_gemini_flash_llama_70b_granite_8b,"gemini_flash,llama_70b,granite_8b",231,random_forest_router,0.9215686274509803,0.0001977505882352941,0.9215686274509803,0.0196078431372549,0.0,0.9411764705882353
3model_gemini_flash_llama_70b_granite_8b,"gemini_flash,llama_70b,granite_8b",231,extra_trees_router,0.9215686274509803,0.019779934901960783,0.9215686274509803,0.0196078431372549,0.0,0.7843137254901961
3model_gemini_flash_llama_70b_granite_8b,"gemini_flash,llama_70b,granite_8b",231,tfidf_logistic_router,0.9215686274509803,0.00019317431372549017,0.9215686274509803,0.0196078431372549,0.0,0.9215686274509803
3model_gemini_flash_llama_70b_granite_8b,"gemini_flash,llama_70b,granite_8b",231,tfidf_linear_svm_router,0.8823529411764706,0.00021189803921568628,0.8823529411764706,0.058823529411764705,0.0,0.9411764705882353
3model_gemini_flash_llama_70b_granite_8b,"gemini_flash,llama_70b,granite_8b",232,always_gemini_flash,0.8627450980392157,0.00018412941176470594,0.8627450980392157,0.0392156862745098,0.0,0.9607843137254902
3model_gemini_flash_llama_70b_granite_8b,"gemini_flash,llama_70b,granite_8b",232,always_llama_70b,0.803921568627451,5.9688607843137255e-05,0.803921568627451,0.09803921568627451,0.0,0.0392156862745098
3model_gemini_flash_llama_70b_granite_8b,"gemini_flash,llama_70b,granite_8b",232,always_granite_8b,0.7647058823529411,1.5119607843137256e-05,0.7647058823529411,0.13725490196078433,0.0,0.0
3model_gemini_flash_llama_70b_granite_8b,"gemini_flash,llama_70b,granite_8b",232,random,0.7647058823529411,8.320674509803923e-05,0.7647058823529411,0.13725490196078433,0.0,0.29411764705882354
3model_gemini_flash_llama_70b_granite_8b,"gemini_flash,llama_70b,granite_8b",232,oracle,0.9019607843137255,0.00017699343137254908,0.9019607843137255,0.0,0.0,1.0
3model_gemini_flash_llama_70b_granite_8b,"gemini_flash,llama_70b,granite_8b",232,logistic_router,0.8823529411764706,0.00017400490196078436,0.8823529411764706,0.0196078431372549,0.0,0.9019607843137255
3model_gemini_flash_llama_70b_granite_8b,"gemini_flash,llama_70b,granite_8b",232,linear_svm_router,0.8823529411764706,0.00017885980392156868,0.8823529411764706,0.0196078431372549,0.0,0.9803921568627451
3model_gemini_flash_llama_70b_granite_8b,"gemini_flash,llama_70b,granite_8b",232,knn_router,0.8823529411764706,0.00017885980392156868,0.8823529411764706,0.0196078431372549,0.0,0.9803921568627451
3model_gemini_flash_llama_70b_granite_8b,"gemini_flash,llama_70b,granite_8b",232,decision_tree_router,0.8431372549019608,0.00015991647058823528,0.8431372549019608,0.058823529411764705,0.0,0.7647058823529411
3model_gemini_flash_llama_70b_granite_8b,"gemini_flash,llama_70b,granite_8b",232,random_forest_router,0.8823529411764706,0.00017678333333333337,0.8823529411764706,0.0196078431372549,0.0,0.9607843137254902
3model_gemini_flash_llama_70b_granite_8b,"gemini_flash,llama_70b,granite_8b",232,extra_trees_router,0.8627450980392157,0.0001684880392156863,0.8627450980392157,0.0392156862745098,0.0,0.8627450980392157
3model_gemini_flash_llama_70b_granite_8b,"gemini_flash,llama_70b,granite_8b",232,tfidf_logistic_router,0.8823529411764706,0.00017733588235294118,0.8823529411764706,0.0196078431372549,0.0,0.9411764705882353
3model_gemini_flash_llama_70b_granite_8b,"gemini_flash,llama_70b,granite_8b",232,tfidf_linear_svm_router,0.8627450980392157,0.00018412941176470594,0.8627450980392157,0.0392156862745098,0.0,0.9607843137254902
3model_gemini_flash_llama_70b_granite_8b,"gemini_flash,llama_70b,granite_8b",233,always_gemini_flash,0.8627450980392157,0.00018182352941176474,0.8627450980392157,0.0784313725490196,0.0,0.9215686274509803
3model_gemini_flash_llama_70b_granite_8b,"gemini_flash,llama_70b,granite_8b",233,always_llama_70b,0.8823529411764706,5.1382941176470584e-05,0.8823529411764706,0.058823529411764705,0.0,0.0784313725490196
3model_gemini_flash_llama_70b_granite_8b,"gemini_flash,llama_70b,granite_8b",233,always_granite_8b,0.7647058823529411,1.5750000000000003e-05,0.7647058823529411,0.17647058823529413,0.0,0.0
3model_gemini_flash_llama_70b_granite_8b,"gemini_flash,llama_70b,granite_8b",233,random,0.7843137254901961,7.408470588235295e-05,0.7843137254901961,0.1568627450980392,0.0,0.3137254901960784
3model_gemini_flash_llama_70b_granite_8b,"gemini_flash,llama_70b,granite_8b",233,oracle,0.9411764705882353,0.00016713382352941177,0.9411764705882353,0.0,0.0,1.0
3model_gemini_flash_llama_70b_granite_8b,"gemini_flash,llama_70b,granite_8b",233,logistic_router,0.8823529411764706,0.00015590960784313726,0.8823529411764706,0.058823529411764705,0.0,0.803921568627451
3model_gemini_flash_llama_70b_granite_8b,"gemini_flash,llama_70b,granite_8b",233,linear_svm_router,0.8823529411764706,0.00017070647058823533,0.8823529411764706,0.058823529411764705,0.0,0.9019607843137255
3model_gemini_flash_llama_70b_granite_8b,"gemini_flash,llama_70b,granite_8b",233,knn_router,0.8823529411764706,0.00017655392156862746,0.8823529411764706,0.058823529411764705,0.0,0.9411764705882353
3model_gemini_flash_llama_70b_granite_8b,"gemini_flash,llama_70b,granite_8b",233,decision_tree_router,0.8823529411764706,0.00014460039215686275,0.8823529411764706,0.058823529411764705,0.0,0.6470588235294118
3model_gemini_flash_llama_70b_granite_8b,"gemini_flash,llama_70b,granite_8b",233,random_forest_router,0.8823529411764706,0.00017097607843137257,0.8823529411764706,0.058823529411764705,0.0,0.8823529411764706
3model_gemini_flash_llama_70b_granite_8b,"gemini_flash,llama_70b,granite_8b",233,extra_trees_router,0.8823529411764706,0.0001521172549019608,0.8823529411764706,0.058823529411764705,0.0,0.7647058823529411
3model_gemini_flash_llama_70b_granite_8b,"gemini_flash,llama_70b,granite_8b",233,tfidf_logistic_router,0.8823529411764706,0.00016589411764705882,0.8823529411764706,0.058823529411764705,0.0,0.8627450980392157
3model_gemini_flash_llama_70b_granite_8b,"gemini_flash,llama_70b,granite_8b",233,tfidf_linear_svm_router,0.8627450980392157,0.00018182352941176474,0.8627450980392157,0.0784313725490196,0.0,0.9215686274509803
3model_gemini_flash_deepseek_v3_granite_8b,"gemini_flash,deepseek_v3,granite_8b",229,always_gemini_flash,0.8627450980392157,0.00018459215686274512,0.8627450980392157,0.0784313725490196,0.0,0.9215686274509803
3model_gemini_flash_deepseek_v3_granite_8b,"gemini_flash,deepseek_v3,granite_8b",229,always_deepseek_v3,0.8627450980392157,7.586537254901961e-05,0.8627450980392157,0.0784313725490196,0.0,0.0784313725490196
3model_gemini_flash_deepseek_v3_granite_8b,"gemini_flash,deepseek_v3,granite_8b",229,always_granite_8b,0.8431372549019608,1.5948039215686275e-05,0.8431372549019608,0.09803921568627451,0.0,0.0
3model_gemini_flash_deepseek_v3_granite_8b,"gemini_flash,deepseek_v3,granite_8b",229,random,0.8823529411764706,9.49150588235294e-05,0.8823529411764706,0.058823529411764705,0.0,0.3137254901960784
3model_gemini_flash_deepseek_v3_granite_8b,"gemini_flash,deepseek_v3,granite_8b",229,oracle,0.9411764705882353,0.0001786986274509804,0.9411764705882353,0.0,0.0,1.0
3model_gemini_flash_deepseek_v3_granite_8b,"gemini_flash,deepseek_v3,granite_8b",229,logistic_router,0.8823529411764706,0.0001588581568627451,0.8823529411764706,0.058823529411764705,0.0,0.7647058823529411
3model_gemini_flash_deepseek_v3_granite_8b,"gemini_flash,deepseek_v3,granite_8b",229,linear_svm_router,0.8627450980392157,0.00017615635294117643,0.8627450980392157,0.0784313725490196,0.0,0.8627450980392157
3model_gemini_flash_deepseek_v3_granite_8b,"gemini_flash,deepseek_v3,granite_8b",229,knn_router,0.8823529411764706,0.00018405098039215684,0.8823529411764706,0.058823529411764705,0.0,0.9411764705882353
3model_gemini_flash_deepseek_v3_granite_8b,"gemini_flash,deepseek_v3,granite_8b",229,decision_tree_router,0.8823529411764706,0.00014194827450980392,0.8823529411764706,0.058823529411764705,0.0,0.6862745098039216
3model_gemini_flash_deepseek_v3_granite_8b,"gemini_flash,deepseek_v3,granite_8b",229,random_forest_router,0.8627450980392157,0.00018136215686274509,0.8627450980392157,0.0784313725490196,0.0,0.9019607843137255
3model_gemini_flash_deepseek_v3_granite_8b,"gemini_flash,deepseek_v3,granite_8b",229,extra_trees_router,0.8431372549019608,0.00016022145098039213,0.8431372549019608,0.09803921568627451,0.0,0.7254901960784313
3model_gemini_flash_deepseek_v3_granite_8b,"gemini_flash,deepseek_v3,granite_8b",229,tfidf_logistic_router,0.8431372549019608,0.00016560952941176466,0.8431372549019608,0.09803921568627451,0.0,0.7647058823529411
3model_gemini_flash_deepseek_v3_granite_8b,"gemini_flash,deepseek_v3,granite_8b",229,tfidf_linear_svm_router,0.8431372549019608,0.00018156243137254903,0.8431372549019608,0.09803921568627451,0.0,0.8823529411764706
3model_gemini_flash_deepseek_v3_granite_8b,"gemini_flash,deepseek_v3,granite_8b",230,always_gemini_flash,0.8823529411764706,0.00017710784313725492,0.8823529411764706,0.0784313725490196,0.0,0.9215686274509803
3model_gemini_flash_deepseek_v3_granite_8b,"gemini_flash,deepseek_v3,granite_8b",230,always_deepseek_v3,0.9019607843137255,6.701905882352941e-05,0.9019607843137255,0.058823529411764705,0.0,0.0784313725490196
3model_gemini_flash_deepseek_v3_granite_8b,"gemini_flash,deepseek_v3,granite_8b",230,always_granite_8b,0.8431372549019608,1.511078431372549e-05,0.8431372549019608,0.11764705882352941,0.0,0.0
3model_gemini_flash_deepseek_v3_granite_8b,"gemini_flash,deepseek_v3,granite_8b",230,random,0.8823529411764706,9.531874509803923e-05,0.8823529411764706,0.0784313725490196,0.0,0.3137254901960784
3model_gemini_flash_deepseek_v3_granite_8b,"gemini_flash,deepseek_v3,granite_8b",230,oracle,0.9607843137254902,0.00016652705882352943,0.9607843137254902,0.0,0.0,1.0
3model_gemini_flash_deepseek_v3_granite_8b,"gemini_flash,deepseek_v3,granite_8b",230,logistic_router,0.9215686274509803,0.00015865035294117645,0.9215686274509803,0.0392156862745098,0.0,0.7843137254901961
3model_gemini_flash_deepseek_v3_granite_8b,"gemini_flash,deepseek_v3,granite_8b",230,linear_svm_router,0.9019607843137255,0.00016480266666666667,0.9019607843137255,0.058823529411764705,0.0,0.8823529411764706
3model_gemini_flash_deepseek_v3_granite_8b,"gemini_flash,deepseek_v3,granite_8b",230,knn_router,0.9019607843137255,0.00017656666666666666,0.9019607843137255,0.058823529411764705,0.0,0.9411764705882353
3model_gemini_flash_deepseek_v3_granite_8b,"gemini_flash,deepseek_v3,granite_8b",230,decision_tree_router,0.9411764705882353,0.00014174011764705882,0.9411764705882353,0.0196078431372549,0.0,0.7254901960784313
3model_gemini_flash_deepseek_v3_granite_8b,"gemini_flash,deepseek_v3,granite_8b",230,random_forest_router,0.9411764705882353,0.00016778058823529416,0.9411764705882353,0.0196078431372549,0.0,0.9803921568627451
3model_gemini_flash_deepseek_v3_granite_8b,"gemini_flash,deepseek_v3,granite_8b",230,extra_trees_router,0.9607843137254902,0.00014711686274509802,0.9607843137254902,0.0,0.0,0.7843137254901961
3model_gemini_flash_deepseek_v3_granite_8b,"gemini_flash,deepseek_v3,granite_8b",230,tfidf_logistic_router,0.9019607843137255,0.00016743556862745096,0.9019607843137255,0.058823529411764705,0.0,0.8823529411764706
3model_gemini_flash_deepseek_v3_granite_8b,"gemini_flash,deepseek_v3,granite_8b",230,tfidf_linear_svm_router,0.8823529411764706,0.00017710784313725492,0.8823529411764706,0.0784313725490196,0.0,0.9215686274509803
3model_gemini_flash_deepseek_v3_granite_8b,"gemini_flash,deepseek_v3,granite_8b",231,always_gemini_flash,0.8823529411764706,0.00021189803921568628,0.8823529411764706,0.0392156862745098,0.0,0.9607843137254902
3model_gemini_flash_deepseek_v3_granite_8b,"gemini_flash,deepseek_v3,granite_8b",231,always_deepseek_v3,0.8627450980392157,7.632623529411765e-05,0.8627450980392157,0.058823529411764705,0.0,0.0392156862745098
3model_gemini_flash_deepseek_v3_granite_8b,"gemini_flash,deepseek_v3,granite_8b",231,always_granite_8b,0.8431372549019608,1.662843137254902e-05,0.8431372549019608,0.0784313725490196,0.0,0.0
3model_gemini_flash_deepseek_v3_granite_8b,"gemini_flash,deepseek_v3,granite_8b",231,random,0.8431372549019608,0.00010552415686274513,0.8431372549019608,0.0784313725490196,0.0,0.3333333333333333
3model_gemini_flash_deepseek_v3_granite_8b,"gemini_flash,deepseek_v3,granite_8b",231,oracle,0.9215686274509803,0.0002047392156862745,0.9215686274509803,0.0,0.0,1.0
3model_gemini_flash_deepseek_v3_granite_8b,"gemini_flash,deepseek_v3,granite_8b",231,logistic_router,0.9019607843137255,0.00018699666666666665,0.9019607843137255,0.0196078431372549,0.0,0.8823529411764706
3model_gemini_flash_deepseek_v3_granite_8b,"gemini_flash,deepseek_v3,granite_8b",231,linear_svm_router,0.8627450980392157,0.0002030227450980392,0.8627450980392157,0.058823529411764705,0.0,0.9019607843137255
3model_gemini_flash_deepseek_v3_granite_8b,"gemini_flash,deepseek_v3,granite_8b",231,knn_router,0.9019607843137255,0.0002050062745098039,0.9019607843137255,0.0196078431372549,0.0,0.9803921568627451
3model_gemini_flash_deepseek_v3_granite_8b,"gemini_flash,deepseek_v3,granite_8b",231,decision_tree_router,0.9019607843137255,0.0001805023921568627,0.9019607843137255,0.0196078431372549,0.0,0.8431372549019608
3model_gemini_flash_deepseek_v3_granite_8b,"gemini_flash,deepseek_v3,granite_8b",231,random_forest_router,0.8823529411764706,0.0002015247058823529,0.8823529411764706,0.0392156862745098,0.0,0.9411764705882353
3model_gemini_flash_deepseek_v3_granite_8b,"gemini_flash,deepseek_v3,granite_8b",231,extra_trees_router,0.8627450980392157,0.00018798901960784313,0.8627450980392157,0.058823529411764705,0.0,0.8627450980392157
3model_gemini_flash_deepseek_v3_granite_8b,"gemini_flash,deepseek_v3,granite_8b",231,tfidf_logistic_router,0.8823529411764706,0.000193888431372549,0.8823529411764706,0.0392156862745098,0.0,0.8627450980392157
3model_gemini_flash_deepseek_v3_granite_8b,"gemini_flash,deepseek_v3,granite_8b",231,tfidf_linear_svm_router,0.8627450980392157,0.0002030227450980392,0.8627450980392157,0.058823529411764705,0.0,0.9019607843137255
3model_gemini_flash_deepseek_v3_granite_8b,"gemini_flash,deepseek_v3,granite_8b",232,always_gemini_flash,0.8627450980392157,0.00018412941176470594,0.8627450980392157,0.0392156862745098,0.0,0.9607843137254902
3model_gemini_flash_deepseek_v3_granite_8b,"gemini_flash,deepseek_v3,granite_8b",232,always_deepseek_v3,0.8431372549019608,6.874066666666666e-05,0.8431372549019608,0.058823529411764705,0.0,0.0392156862745098
3model_gemini_flash_deepseek_v3_granite_8b,"gemini_flash,deepseek_v3,granite_8b",232,always_granite_8b,0.7647058823529411,1.5119607843137256e-05,0.7647058823529411,0.13725490196078433,0.0,0.0
3model_gemini_flash_deepseek_v3_granite_8b,"gemini_flash,deepseek_v3,granite_8b",232,random,0.7843137254901961,8.670560784313726e-05,0.7843137254901961,0.11764705882352941,0.0,0.29411764705882354
3model_gemini_flash_deepseek_v3_granite_8b,"gemini_flash,deepseek_v3,granite_8b",232,oracle,0.9019607843137255,0.000175681568627451,0.9019607843137255,0.0,0.0,1.0
3model_gemini_flash_deepseek_v3_granite_8b,"gemini_flash,deepseek_v3,granite_8b",232,logistic_router,0.8823529411764706,0.000166984,0.8823529411764706,0.0196078431372549,0.0,0.8431372549019608
3model_gemini_flash_deepseek_v3_granite_8b,"gemini_flash,deepseek_v3,granite_8b",232,linear_svm_router,0.8823529411764706,0.00017470568627450984,0.8823529411764706,0.0196078431372549,0.0,0.9607843137254902
3model_gemini_flash_deepseek_v3_granite_8b,"gemini_flash,deepseek_v3,granite_8b",232,knn_router,0.8823529411764706,0.00017723764705882355,0.8823529411764706,0.0196078431372549,0.0,0.9803921568627451
3model_gemini_flash_deepseek_v3_granite_8b,"gemini_flash,deepseek_v3,granite_8b",232,decision_tree_router,0.8431372549019608,0.00016715235294117648,0.8431372549019608,0.058823529411764705,0.0,0.8823529411764706
3model_gemini_flash_deepseek_v3_granite_8b,"gemini_flash,deepseek_v3,granite_8b",232,random_forest_router,0.8627450980392157,0.00017095572549019608,0.8627450980392157,0.0392156862745098,0.0,0.9215686274509803
3model_gemini_flash_deepseek_v3_granite_8b,"gemini_flash,deepseek_v3,granite_8b",232,extra_trees_router,0.8627450980392157,0.00017454882352941177,0.8627450980392157,0.0392156862745098,0.0,0.9411764705882353
3model_gemini_flash_deepseek_v3_granite_8b,"gemini_flash,deepseek_v3,granite_8b",232,tfidf_logistic_router,0.8627450980392157,0.00017624062745098042,0.8627450980392157,0.0392156862745098,0.0,0.8823529411764706
3model_gemini_flash_deepseek_v3_granite_8b,"gemini_flash,deepseek_v3,granite_8b",232,tfidf_linear_svm_router,0.8431372549019608,0.00018315352941176478,0.8431372549019608,0.058823529411764705,0.0,0.9215686274509803
3model_gemini_flash_deepseek_v3_granite_8b,"gemini_flash,deepseek_v3,granite_8b",233,always_gemini_flash,0.8627450980392157,0.00018182352941176474,0.8627450980392157,0.0784313725490196,0.0,0.9215686274509803
3model_gemini_flash_deepseek_v3_granite_8b,"gemini_flash,deepseek_v3,granite_8b",233,always_deepseek_v3,0.8823529411764706,6.603835294117647e-05,0.8823529411764706,0.058823529411764705,0.0,0.0784313725490196
3model_gemini_flash_deepseek_v3_granite_8b,"gemini_flash,deepseek_v3,granite_8b",233,always_granite_8b,0.7647058823529411,1.5750000000000003e-05,0.7647058823529411,0.17647058823529413,0.0,0.0
3model_gemini_flash_deepseek_v3_granite_8b,"gemini_flash,deepseek_v3,granite_8b",233,random,0.803921568627451,7.900494117647059e-05,0.803921568627451,0.13725490196078433,0.0,0.3137254901960784
3model_gemini_flash_deepseek_v3_granite_8b,"gemini_flash,deepseek_v3,granite_8b",233,oracle,0.9411764705882353,0.00016558623529411767,0.9411764705882353,0.0,0.0,1.0
3model_gemini_flash_deepseek_v3_granite_8b,"gemini_flash,deepseek_v3,granite_8b",233,logistic_router,0.9019607843137255,0.00015035192156862744,0.9019607843137255,0.0392156862745098,0.0,0.803921568627451
3model_gemini_flash_deepseek_v3_granite_8b,"gemini_flash,deepseek_v3,granite_8b",233,linear_svm_router,0.8823529411764706,0.00016143701960784313,0.8823529411764706,0.058823529411764705,0.0,0.803921568627451
3model_gemini_flash_deepseek_v3_granite_8b,"gemini_flash,deepseek_v3,granite_8b",233,knn_router,0.8823529411764706,0.00017493176470588235,0.8823529411764706,0.058823529411764705,0.0,0.9411764705882353
3model_gemini_flash_deepseek_v3_granite_8b,"gemini_flash,deepseek_v3,granite_8b",233,decision_tree_router,0.9019607843137255,0.00016379149019607846,0.9019607843137255,0.0392156862745098,0.0,0.8627450980392157
3model_gemini_flash_deepseek_v3_granite_8b,"gemini_flash,deepseek_v3,granite_8b",233,random_forest_router,0.8823529411764706,0.00017214156862745096,0.8823529411764706,0.058823529411764705,0.0,0.8823529411764706
3model_gemini_flash_deepseek_v3_granite_8b,"gemini_flash,deepseek_v3,granite_8b",233,extra_trees_router,0.8823529411764706,0.00016689596078431373,0.8823529411764706,0.058823529411764705,0.0,0.8235294117647058
3model_gemini_flash_deepseek_v3_granite_8b,"gemini_flash,deepseek_v3,granite_8b",233,tfidf_logistic_router,0.8823529411764706,0.00016417776470588235,0.8823529411764706,0.058823529411764705,0.0,0.8235294117647058
3model_gemini_flash_deepseek_v3_granite_8b,"gemini_flash,deepseek_v3,granite_8b",233,tfidf_linear_svm_router,0.8823529411764706,0.00017752380392156865,0.8823529411764706,0.058823529411764705,0.0,0.9019607843137255
3model_qwen_30b_llama_70b_deepseek_v3,"qwen_30b,llama_70b,deepseek_v3",229,always_qwen_30b,0.8627450980392157,2.4920705882352944e-05,0.8627450980392157,0.058823529411764705,0.0,0.9411764705882353
3model_qwen_30b_llama_70b_deepseek_v3,"qwen_30b,llama_70b,deepseek_v3",229,always_llama_70b,0.8235294117647058,0.019657743235294112,0.8235294117647058,0.09803921568627451,0.0,0.0196078431372549
3model_qwen_30b_llama_70b_deepseek_v3,"qwen_30b,llama_70b,deepseek_v3",229,always_deepseek_v3,0.8627450980392157,7.586537254901961e-05,0.8627450980392157,0.058823529411764705,0.0,0.0392156862745098
3model_qwen_30b_llama_70b_deepseek_v3,"qwen_30b,llama_70b,deepseek_v3",229,random,0.8823529411764706,4.963107450980392e-05,0.8823529411764706,0.0392156862745098,0.0,0.35294117647058826
3model_qwen_30b_llama_70b_deepseek_v3,"qwen_30b,llama_70b,deepseek_v3",229,oracle,0.9215686274509803,2.622868235294118e-05,0.9215686274509803,0.0,0.0,1.0
3model_qwen_30b_llama_70b_deepseek_v3,"qwen_30b,llama_70b,deepseek_v3",229,logistic_router,0.8431372549019608,2.7569745098039216e-05,0.8431372549019608,0.0784313725490196,0.0,0.8627450980392157
3model_qwen_30b_llama_70b_deepseek_v3,"qwen_30b,llama_70b,deepseek_v3",229,linear_svm_router,0.8431372549019608,2.637994117647059e-05,0.8431372549019608,0.0784313725490196,0.0,0.8823529411764706
3model_qwen_30b_llama_70b_deepseek_v3,"qwen_30b,llama_70b,deepseek_v3",229,knn_router,0.8627450980392157,2.4920705882352944e-05,0.8627450980392157,0.058823529411764705,0.0,0.9411764705882353
3model_qwen_30b_llama_70b_deepseek_v3,"qwen_30b,llama_70b,deepseek_v3",229,decision_tree_router,0.8627450980392157,2.9074278431372552e-05,0.8627450980392157,0.058823529411764705,0.0,0.7647058823529411
3model_qwen_30b_llama_70b_deepseek_v3,"qwen_30b,llama_70b,deepseek_v3",229,random_forest_router,0.8235294117647058,2.5489580392156864e-05,0.8235294117647058,0.09803921568627451,0.0,0.8823529411764706
3model_qwen_30b_llama_70b_deepseek_v3,"qwen_30b,llama_70b,deepseek_v3",229,extra_trees_router,0.8235294117647058,2.640543529411765e-05,0.8235294117647058,0.09803921568627451,0.0,0.8627450980392157
3model_qwen_30b_llama_70b_deepseek_v3,"qwen_30b,llama_70b,deepseek_v3",229,tfidf_logistic_router,0.8431372549019608,2.7569745098039216e-05,0.8431372549019608,0.0784313725490196,0.0,0.8627450980392157
3model_qwen_30b_llama_70b_deepseek_v3,"qwen_30b,llama_70b,deepseek_v3",229,tfidf_linear_svm_router,0.8627450980392157,2.4920705882352944e-05,0.8627450980392157,0.058823529411764705,0.0,0.9411764705882353
3model_qwen_30b_llama_70b_deepseek_v3,"qwen_30b,llama_70b,deepseek_v3",230,always_qwen_30b,0.9019607843137255,2.362894117647059e-05,0.9019607843137255,0.0784313725490196,0.0,0.9215686274509803
3model_qwen_30b_llama_70b_deepseek_v3,"qwen_30b,llama_70b,deepseek_v3",230,always_llama_70b,0.8431372549019608,5.601811764705883e-05,0.8431372549019608,0.13725490196078433,0.0,0.0392156862745098
3model_qwen_30b_llama_70b_deepseek_v3,"qwen_30b,llama_70b,deepseek_v3",230,always_deepseek_v3,0.9019607843137255,6.701905882352941e-05,0.9019607843137255,0.0784313725490196,0.0,0.0392156862745098
3model_qwen_30b_llama_70b_deepseek_v3,"qwen_30b,llama_70b,deepseek_v3",230,random,0.8627450980392157,4.255158039215686e-05,0.8627450980392157,0.11764705882352941,0.0,0.3137254901960784
3model_qwen_30b_llama_70b_deepseek_v3,"qwen_30b,llama_70b,deepseek_v3",230,oracle,0.9803921568627451,2.5420007843137253e-05,0.9803921568627451,0.0,0.0,1.0
3model_qwen_30b_llama_70b_deepseek_v3,"qwen_30b,llama_70b,deepseek_v3",230,logistic_router,0.9019607843137255,2.6341772549019603e-05,0.9019607843137255,0.0784313725490196,0.0,0.8823529411764706
3model_qwen_30b_llama_70b_deepseek_v3,"qwen_30b,llama_70b,deepseek_v3",230,linear_svm_router,0.9019607843137255,2.5481576470588234e-05,0.9019607843137255,0.0784313725490196,0.0,0.9019607843137255
3model_qwen_30b_llama_70b_deepseek_v3,"qwen_30b,llama_70b,deepseek_v3",230,knn_router,0.9019607843137255,2.362894117647059e-05,0.9019607843137255,0.0784313725490196,0.0,0.9215686274509803
3model_qwen_30b_llama_70b_deepseek_v3,"qwen_30b,llama_70b,deepseek_v3",230,decision_tree_router,0.9019607843137255,2.728292549019608e-05,0.9019607843137255,0.0784313725490196,0.0,0.7450980392156863
3model_qwen_30b_llama_70b_deepseek_v3,"qwen_30b,llama_70b,deepseek_v3",230,random_forest_router,0.9019607843137255,2.362894117647059e-05,0.9019607843137255,0.0784313725490196,0.0,0.9215686274509803
3model_qwen_30b_llama_70b_deepseek_v3,"qwen_30b,llama_70b,deepseek_v3",230,extra_trees_router,0.9019607843137255,2.8182e-05,0.9019607843137255,0.0784313725490196,0.0,0.7843137254901961
3model_qwen_30b_llama_70b_deepseek_v3,"qwen_30b,llama_70b,deepseek_v3",230,tfidf_logistic_router,0.9019607843137255,2.6341772549019603e-05,0.9019607843137255,0.0784313725490196,0.0,0.8823529411764706
3model_qwen_30b_llama_70b_deepseek_v3,"qwen_30b,llama_70b,deepseek_v3",230,tfidf_linear_svm_router,0.9019607843137255,2.362894117647059e-05,0.9019607843137255,0.0784313725490196,0.0,0.9215686274509803
3model_qwen_30b_llama_70b_deepseek_v3,"qwen_30b,llama_70b,deepseek_v3",231,always_qwen_30b,0.9019607843137255,2.4771207843137253e-05,0.9019607843137255,0.0196078431372549,0.0,0.9803921568627451
3model_qwen_30b_llama_70b_deepseek_v3,"qwen_30b,llama_70b,deepseek_v3",231,always_llama_70b,0.9019607843137255,0.01966218745098039,0.9019607843137255,0.0196078431372549,0.0,0.0196078431372549
3model_qwen_30b_llama_70b_deepseek_v3,"qwen_30b,llama_70b,deepseek_v3",231,always_deepseek_v3,0.8627450980392157,7.632623529411765e-05,0.8627450980392157,0.058823529411764705,0.0,0.0
3model_qwen_30b_llama_70b_deepseek_v3,"qwen_30b,llama_70b,deepseek_v3",231,random,0.8823529411764706,5.052018431372551e-05,0.8823529411764706,0.0392156862745098,0.0,0.3333333333333333
3model_qwen_30b_llama_70b_deepseek_v3,"qwen_30b,llama_70b,deepseek_v3",231,oracle,0.9215686274509803,2.5908415686274512e-05,0.9215686274509803,0.0,0.0,1.0
3model_qwen_30b_llama_70b_deepseek_v3,"qwen_30b,llama_70b,deepseek_v3",231,logistic_router,0.8823529411764706,3.152506274509804e-05,0.8823529411764706,0.0392156862745098,0.0,0.7843137254901961
3model_qwen_30b_llama_70b_deepseek_v3,"qwen_30b,llama_70b,deepseek_v3",231,linear_svm_router,0.8823529411764706,2.9724784313725493e-05,0.8823529411764706,0.0392156862745098,0.0,0.8431372549019608
3model_qwen_30b_llama_70b_deepseek_v3,"qwen_30b,llama_70b,deepseek_v3",231,knn_router,0.9019607843137255,2.748979607843137e-05,0.9019607843137255,0.0196078431372549,0.0,0.9607843137254902
3model_qwen_30b_llama_70b_deepseek_v3,"qwen_30b,llama_70b,deepseek_v3",231,decision_tree_router,0.8823529411764706,2.9592447058823528e-05,0.8823529411764706,0.0392156862745098,0.0,0.8627450980392157
3model_qwen_30b_llama_70b_deepseek_v3,"qwen_30b,llama_70b,deepseek_v3",231,random_forest_router,0.8823529411764706,2.5686368627450976e-05,0.8823529411764706,0.0392156862745098,0.0,0.9411764705882353
3model_qwen_30b_llama_70b_deepseek_v3,"qwen_30b,llama_70b,deepseek_v3",231,extra_trees_router,0.8823529411764706,3.020590588235294e-05,0.8823529411764706,0.0392156862745098,0.0,0.8235294117647058
3model_qwen_30b_llama_70b_deepseek_v3,"qwen_30b,llama_70b,deepseek_v3",231,tfidf_logistic_router,0.8823529411764706,2.679233725490196e-05,0.8823529411764706,0.0392156862745098,0.0,0.8823529411764706
3model_qwen_30b_llama_70b_deepseek_v3,"qwen_30b,llama_70b,deepseek_v3",231,tfidf_linear_svm_router,0.9019607843137255,2.4771207843137253e-05,0.9019607843137255,0.0196078431372549,0.0,0.9803921568627451
3model_qwen_30b_llama_70b_deepseek_v3,"qwen_30b,llama_70b,deepseek_v3",232,always_qwen_30b,0.8431372549019608,2.445814117647059e-05,0.8431372549019608,0.0196078431372549,0.0,0.9803921568627451
3model_qwen_30b_llama_70b_deepseek_v3,"qwen_30b,llama_70b,deepseek_v3",232,always_llama_70b,0.803921568627451,5.9688607843137255e-05,0.803921568627451,0.058823529411764705,0.0,0.0196078431372549
3model_qwen_30b_llama_70b_deepseek_v3,"qwen_30b,llama_70b,deepseek_v3",232,always_deepseek_v3,0.8431372549019608,6.874066666666666e-05,0.8431372549019608,0.0196078431372549,0.0,0.0
3model_qwen_30b_llama_70b_deepseek_v3,"qwen_30b,llama_70b,deepseek_v3",232,random,0.8235294117647058,5.2619419607843133e-05,0.8235294117647058,0.0392156862745098,0.0,0.29411764705882354
3model_qwen_30b_llama_70b_deepseek_v3,"qwen_30b,llama_70b,deepseek_v3",232,oracle,0.8627450980392157,2.471698823529412e-05,0.8627450980392157,0.0,0.0,1.0
3model_qwen_30b_llama_70b_deepseek_v3,"qwen_30b,llama_70b,deepseek_v3",232,logistic_router,0.803921568627451,3.4592117647058826e-05,0.803921568627451,0.058823529411764705,0.0,0.7254901960784313
3model_qwen_30b_llama_70b_deepseek_v3,"qwen_30b,llama_70b,deepseek_v3",232,linear_svm_router,0.803921568627451,2.9850486274509805e-05,0.803921568627451,0.058823529411764705,0.0,0.8235294117647058
3model_qwen_30b_llama_70b_deepseek_v3,"qwen_30b,llama_70b,deepseek_v3",232,knn_router,0.8431372549019608,2.7176729411764708e-05,0.8431372549019608,0.0196078431372549,0.0,0.9607843137254902
3model_qwen_30b_llama_70b_deepseek_v3,"qwen_30b,llama_70b,deepseek_v3",232,decision_tree_router,0.8235294117647058,3.232974901960784e-05,0.8235294117647058,0.0392156862745098,0.0,0.7450980392156863
3model_qwen_30b_llama_70b_deepseek_v3,"qwen_30b,llama_70b,deepseek_v3",232,random_forest_router,0.803921568627451,2.8774933333333338e-05,0.803921568627451,0.058823529411764705,0.0,0.803921568627451
3model_qwen_30b_llama_70b_deepseek_v3,"qwen_30b,llama_70b,deepseek_v3",232,extra_trees_router,0.803921568627451,3.1852541176470586e-05,0.803921568627451,0.058823529411764705,0.0,0.7450980392156863
3model_qwen_30b_llama_70b_deepseek_v3,"qwen_30b,llama_70b,deepseek_v3",232,tfidf_logistic_router,0.8235294117647058,3.0034800000000003e-05,0.8235294117647058,0.0392156862745098,0.0,0.8431372549019608
3model_qwen_30b_llama_70b_deepseek_v3,"qwen_30b,llama_70b,deepseek_v3",232,tfidf_linear_svm_router,0.8235294117647058,2.485049411764706e-05,0.8235294117647058,0.0392156862745098,0.0,0.9607843137254902
3model_qwen_30b_llama_70b_deepseek_v3,"qwen_30b,llama_70b,deepseek_v3",233,always_qwen_30b,0.9215686274509803,2.229367058823529e-05,0.9215686274509803,0.0196078431372549,0.0,0.9803921568627451
3model_qwen_30b_llama_70b_deepseek_v3,"qwen_30b,llama_70b,deepseek_v3",233,always_llama_70b,0.8823529411764706,5.1382941176470584e-05,0.8823529411764706,0.058823529411764705,0.0,0.0196078431372549
3model_qwen_30b_llama_70b_deepseek_v3,"qwen_30b,llama_70b,deepseek_v3",233,always_deepseek_v3,0.8823529411764706,6.603835294117647e-05,0.8823529411764706,0.058823529411764705,0.0,0.0
3model_qwen_30b_llama_70b_deepseek_v3,"qwen_30b,llama_70b,deepseek_v3",233,random,0.8823529411764706,4.819857254901961e-05,0.8823529411764706,0.058823529411764705,0.0,0.35294117647058826
3model_qwen_30b_llama_70b_deepseek_v3,"qwen_30b,llama_70b,deepseek_v3",233,oracle,0.9411764705882353,2.2792486274509803e-05,0.9411764705882353,0.0,0.0,1.0
3model_qwen_30b_llama_70b_deepseek_v3,"qwen_30b,llama_70b,deepseek_v3",233,logistic_router,0.9215686274509803,2.7721066666666664e-05,0.9215686274509803,0.0196078431372549,0.0,0.8431372549019608
3model_qwen_30b_llama_70b_deepseek_v3,"qwen_30b,llama_70b,deepseek_v3",233,linear_svm_router,0.9215686274509803,2.5494282352941175e-05,0.9215686274509803,0.0196078431372549,0.0,0.9215686274509803
3model_qwen_30b_llama_70b_deepseek_v3,"qwen_30b,llama_70b,deepseek_v3",233,knn_router,0.9215686274509803,2.501225882352941e-05,0.9215686274509803,0.0196078431372549,0.0,0.9607843137254902
3model_qwen_30b_llama_70b_deepseek_v3,"qwen_30b,llama_70b,deepseek_v3",233,decision_tree_router,0.9411764705882353,2.9278729411764702e-05,0.9411764705882353,0.0,0.0,0.803921568627451
3model_qwen_30b_llama_70b_deepseek_v3,"qwen_30b,llama_70b,deepseek_v3",233,random_forest_router,0.9411764705882353,2.562475294117647e-05,0.9411764705882353,0.0,0.0,0.8235294117647058
3model_qwen_30b_llama_70b_deepseek_v3,"qwen_30b,llama_70b,deepseek_v3",233,extra_trees_router,0.9215686274509803,2.912818823529412e-05,0.9215686274509803,0.0196078431372549,0.0,0.7843137254901961
3model_qwen_30b_llama_70b_deepseek_v3,"qwen_30b,llama_70b,deepseek_v3",233,tfidf_logistic_router,0.9215686274509803,2.2775694117647055e-05,0.9215686274509803,0.0196078431372549,0.0,0.9411764705882353
3model_qwen_30b_llama_70b_deepseek_v3,"qwen_30b,llama_70b,deepseek_v3",233,tfidf_linear_svm_router,0.9215686274509803,2.229367058823529e-05,0.9215686274509803,0.0196078431372549,0.0,0.9803921568627451
3model_qwen_30b_llama_70b_granite_8b,"qwen_30b,llama_70b,granite_8b",229,always_qwen_30b,0.8627450980392157,2.4920705882352944e-05,0.8627450980392157,0.058823529411764705,0.0,0.9411764705882353
3model_qwen_30b_llama_70b_granite_8b,"qwen_30b,llama_70b,granite_8b",229,always_llama_70b,0.8235294117647058,0.019657743235294112,0.8235294117647058,0.09803921568627451,0.0,0.0196078431372549
3model_qwen_30b_llama_70b_granite_8b,"qwen_30b,llama_70b,granite_8b",229,always_granite_8b,0.8431372549019608,1.5948039215686275e-05,0.8431372549019608,0.0784313725490196,0.0,0.0392156862745098
3model_qwen_30b_llama_70b_granite_8b,"qwen_30b,llama_70b,granite_8b",229,random,0.8823529411764706,3.293554509803922e-05,0.8823529411764706,0.0392156862745098,0.0,0.35294117647058826
3model_qwen_30b_llama_70b_granite_8b,"qwen_30b,llama_70b,granite_8b",229,oracle,0.9215686274509803,2.4195388235294117e-05,0.9215686274509803,0.0,0.0,1.0
3model_qwen_30b_llama_70b_granite_8b,"qwen_30b,llama_70b,granite_8b",229,logistic_router,0.8627450980392157,2.5987588235294117e-05,0.8627450980392157,0.058823529411764705,0.0,0.9019607843137255
3model_qwen_30b_llama_70b_granite_8b,"qwen_30b,llama_70b,granite_8b",229,linear_svm_router,0.8627450980392157,2.5932647058823533e-05,0.8627450980392157,0.058823529411764705,0.0,0.8823529411764706
3model_qwen_30b_llama_70b_granite_8b,"qwen_30b,llama_70b,granite_8b",229,knn_router,0.8627450980392157,2.4920705882352944e-05,0.8627450980392157,0.058823529411764705,0.0,0.9411764705882353
3model_qwen_30b_llama_70b_granite_8b,"qwen_30b,llama_70b,granite_8b",229,decision_tree_router,0.8235294117647058,2.6185384313725494e-05,0.8235294117647058,0.09803921568627451,0.0,0.7254901960784313
3model_qwen_30b_llama_70b_granite_8b,"qwen_30b,llama_70b,granite_8b",229,random_forest_router,0.8627450980392157,2.4920705882352944e-05,0.8627450980392157,0.058823529411764705,0.0,0.9411764705882353
3model_qwen_30b_llama_70b_granite_8b,"qwen_30b,llama_70b,granite_8b",229,extra_trees_router,0.8627450980392157,2.4179333333333334e-05,0.8627450980392157,0.058823529411764705,0.0,0.8627450980392157
3model_qwen_30b_llama_70b_granite_8b,"qwen_30b,llama_70b,granite_8b",229,tfidf_logistic_router,0.8627450980392157,2.5987588235294117e-05,0.8627450980392157,0.058823529411764705,0.0,0.9019607843137255
3model_qwen_30b_llama_70b_granite_8b,"qwen_30b,llama_70b,granite_8b",229,tfidf_linear_svm_router,0.8627450980392157,2.4920705882352944e-05,0.8627450980392157,0.058823529411764705,0.0,0.9411764705882353
3model_qwen_30b_llama_70b_granite_8b,"qwen_30b,llama_70b,granite_8b",230,always_qwen_30b,0.9019607843137255,2.362894117647059e-05,0.9019607843137255,0.0784313725490196,0.0,0.9215686274509803
3model_qwen_30b_llama_70b_granite_8b,"qwen_30b,llama_70b,granite_8b",230,always_llama_70b,0.8431372549019608,5.601811764705883e-05,0.8431372549019608,0.13725490196078433,0.0,0.0392156862745098
3model_qwen_30b_llama_70b_granite_8b,"qwen_30b,llama_70b,granite_8b",230,always_granite_8b,0.8431372549019608,1.511078431372549e-05,0.8431372549019608,0.13725490196078433,0.0,0.0392156862745098
3model_qwen_30b_llama_70b_granite_8b,"qwen_30b,llama_70b,granite_8b",230,random,0.8823529411764706,3.165503137254902e-05,0.8823529411764706,0.09803921568627451,0.0,0.35294117647058826
3model_qwen_30b_llama_70b_granite_8b,"qwen_30b,llama_70b,granite_8b",230,oracle,0.9803921568627451,2.4251419607843137e-05,0.9803921568627451,0.0,0.0,1.0
3model_qwen_30b_llama_70b_granite_8b,"qwen_30b,llama_70b,granite_8b",230,logistic_router,0.8823529411764706,2.3842752941176472e-05,0.8823529411764706,0.09803921568627451,0.0,0.8823529411764706
3model_qwen_30b_llama_70b_granite_8b,"qwen_30b,llama_70b,granite_8b",230,linear_svm_router,0.9019607843137255,2.4275301960784316e-05,0.9019607843137255,0.0784313725490196,0.0,0.9019607843137255
3model_qwen_30b_llama_70b_granite_8b,"qwen_30b,llama_70b,granite_8b",230,knn_router,0.9019607843137255,2.362894117647059e-05,0.9019607843137255,0.0784313725490196,0.0,0.9215686274509803
3model_qwen_30b_llama_70b_granite_8b,"qwen_30b,llama_70b,granite_8b",230,decision_tree_router,0.9019607843137255,2.6293898039215688e-05,0.9019607843137255,0.0784313725490196,0.0,0.7843137254901961
3model_qwen_30b_llama_70b_granite_8b,"qwen_30b,llama_70b,granite_8b",230,random_forest_router,0.9019607843137255,2.362894117647059e-05,0.9019607843137255,0.0784313725490196,0.0,0.9215686274509803
3model_qwen_30b_llama_70b_granite_8b,"qwen_30b,llama_70b,granite_8b",230,extra_trees_router,0.8823529411764706,2.3842752941176472e-05,0.8823529411764706,0.09803921568627451,0.0,0.8823529411764706
3model_qwen_30b_llama_70b_granite_8b,"qwen_30b,llama_70b,granite_8b",230,tfidf_logistic_router,0.8823529411764706,2.3842752941176472e-05,0.8823529411764706,0.09803921568627451,0.0,0.8823529411764706
3model_qwen_30b_llama_70b_granite_8b,"qwen_30b,llama_70b,granite_8b",230,tfidf_linear_svm_router,0.9019607843137255,2.362894117647059e-05,0.9019607843137255,0.0784313725490196,0.0,0.9215686274509803
3model_qwen_30b_llama_70b_granite_8b,"qwen_30b,llama_70b,granite_8b",231,always_qwen_30b,0.9019607843137255,2.4771207843137253e-05,0.9019607843137255,0.0196078431372549,0.0,0.9803921568627451
3model_qwen_30b_llama_70b_granite_8b,"qwen_30b,llama_70b,granite_8b",231,always_llama_70b,0.9019607843137255,0.01966218745098039,0.9019607843137255,0.0196078431372549,0.0,0.0196078431372549
3model_qwen_30b_llama_70b_granite_8b,"qwen_30b,llama_70b,granite_8b",231,always_granite_8b,0.8431372549019608,1.662843137254902e-05,0.8431372549019608,0.0784313725490196,0.0,0.0
3model_qwen_30b_llama_70b_granite_8b,"qwen_30b,llama_70b,granite_8b",231,random,0.8823529411764706,2.8762615686274506e-05,0.8823529411764706,0.0392156862745098,0.0,0.3333333333333333
3model_qwen_30b_llama_70b_granite_8b,"qwen_30b,llama_70b,granite_8b",231,oracle,0.9215686274509803,2.5908415686274512e-05,0.9215686274509803,0.0,0.0,1.0
3model_qwen_30b_llama_70b_granite_8b,"qwen_30b,llama_70b,granite_8b",231,logistic_router,0.9019607843137255,3.0028003921568624e-05,0.9019607843137255,0.0196078431372549,0.0,0.803921568627451
3model_qwen_30b_llama_70b_granite_8b,"qwen_30b,llama_70b,granite_8b",231,linear_svm_router,0.9019607843137255,2.8856956862745098e-05,0.9019607843137255,0.0196078431372549,0.0,0.8627450980392157
3model_qwen_30b_llama_70b_granite_8b,"qwen_30b,llama_70b,granite_8b",231,knn_router,0.9019607843137255,2.748979607843137e-05,0.9019607843137255,0.0196078431372549,0.0,0.9607843137254902
3model_qwen_30b_llama_70b_granite_8b,"qwen_30b,llama_70b,granite_8b",231,decision_tree_router,0.9019607843137255,2.7106478431372547e-05,0.9019607843137255,0.0196078431372549,0.0,0.9019607843137255
3model_qwen_30b_llama_70b_granite_8b,"qwen_30b,llama_70b,granite_8b",231,random_forest_router,0.9019607843137255,2.4288054901960784e-05,0.9019607843137255,0.0196078431372549,0.0,0.8823529411764706
3model_qwen_30b_llama_70b_granite_8b,"qwen_30b,llama_70b,granite_8b",231,extra_trees_router,0.9019607843137255,2.825644705882353e-05,0.9019607843137255,0.0196078431372549,0.0,0.8431372549019608
3model_qwen_30b_llama_70b_granite_8b,"qwen_30b,llama_70b,granite_8b",231,tfidf_logistic_router,0.9019607843137255,2.5796729411764704e-05,0.9019607843137255,0.0196078431372549,0.0,0.8823529411764706
3model_qwen_30b_llama_70b_granite_8b,"qwen_30b,llama_70b,granite_8b",231,tfidf_linear_svm_router,0.9019607843137255,2.554894117647059e-05,0.9019607843137255,0.0196078431372549,0.0,0.9411764705882353
3model_qwen_30b_llama_70b_granite_8b,"qwen_30b,llama_70b,granite_8b",232,always_qwen_30b,0.8431372549019608,2.445814117647059e-05,0.8431372549019608,0.0392156862745098,0.0,0.9607843137254902
3model_qwen_30b_llama_70b_granite_8b,"qwen_30b,llama_70b,granite_8b",232,always_llama_70b,0.803921568627451,5.9688607843137255e-05,0.803921568627451,0.0784313725490196,0.0,0.0196078431372549
3model_qwen_30b_llama_70b_granite_8b,"qwen_30b,llama_70b,granite_8b",232,always_granite_8b,0.7647058823529411,1.5119607843137256e-05,0.7647058823529411,0.11764705882352941,0.0,0.0196078431372549
3model_qwen_30b_llama_70b_granite_8b,"qwen_30b,llama_70b,granite_8b",232,random,0.7843137254901961,3.658926274509804e-05,0.7843137254901961,0.09803921568627451,0.0,0.3137254901960784
3model_qwen_30b_llama_70b_granite_8b,"qwen_30b,llama_70b,granite_8b",232,oracle,0.8823529411764706,2.447090980392157e-05,0.8823529411764706,0.0,0.0,1.0
3model_qwen_30b_llama_70b_granite_8b,"qwen_30b,llama_70b,granite_8b",232,logistic_router,0.8235294117647058,2.8304329411764703e-05,0.8235294117647058,0.058823529411764705,0.0,0.8627450980392157
3model_qwen_30b_llama_70b_granite_8b,"qwen_30b,llama_70b,granite_8b",232,linear_svm_router,0.8235294117647058,2.674045490196078e-05,0.8235294117647058,0.058823529411764705,0.0,0.9019607843137255
3model_qwen_30b_llama_70b_granite_8b,"qwen_30b,llama_70b,granite_8b",232,knn_router,0.8431372549019608,2.7176729411764708e-05,0.8431372549019608,0.0392156862745098,0.0,0.9411764705882353
3model_qwen_30b_llama_70b_granite_8b,"qwen_30b,llama_70b,granite_8b",232,decision_tree_router,0.8235294117647058,3.248495294117647e-05,0.8235294117647058,0.058823529411764705,0.0,0.6666666666666666
3model_qwen_30b_llama_70b_granite_8b,"qwen_30b,llama_70b,granite_8b",232,random_forest_router,0.8431372549019608,2.4824611764705884e-05,0.8431372549019608,0.0392156862745098,0.0,0.9607843137254902
3model_qwen_30b_llama_70b_granite_8b,"qwen_30b,llama_70b,granite_8b",232,extra_trees_router,0.8431372549019608,2.766566274509804e-05,0.8431372549019608,0.0392156862745098,0.0,0.8823529411764706
3model_qwen_30b_llama_70b_granite_8b,"qwen_30b,llama_70b,granite_8b",232,tfidf_logistic_router,0.8431372549019608,2.7176729411764708e-05,0.8431372549019608,0.0392156862745098,0.0,0.9411764705882353
3model_qwen_30b_llama_70b_granite_8b,"qwen_30b,llama_70b,granite_8b",232,tfidf_linear_svm_router,0.8431372549019608,2.445814117647059e-05,0.8431372549019608,0.0392156862745098,0.0,0.9607843137254902
3model_qwen_30b_llama_70b_granite_8b,"qwen_30b,llama_70b,granite_8b",233,always_qwen_30b,0.9215686274509803,2.229367058823529e-05,0.9215686274509803,0.0196078431372549,0.0,0.9803921568627451
3model_qwen_30b_llama_70b_granite_8b,"qwen_30b,llama_70b,granite_8b",233,always_llama_70b,0.8823529411764706,5.1382941176470584e-05,0.8823529411764706,0.058823529411764705,0.0,0.0196078431372549
3model_qwen_30b_llama_70b_granite_8b,"qwen_30b,llama_70b,granite_8b",233,always_granite_8b,0.7647058823529411,1.5750000000000003e-05,0.7647058823529411,0.17647058823529413,0.0,0.0
3model_qwen_30b_llama_70b_granite_8b,"qwen_30b,llama_70b,granite_8b",233,random,0.8235294117647058,2.9802337254901964e-05,0.8235294117647058,0.11764705882352941,0.0,0.35294117647058826
3model_qwen_30b_llama_70b_granite_8b,"qwen_30b,llama_70b,granite_8b",233,oracle,0.9411764705882353,2.2792486274509803e-05,0.9411764705882353,0.0,0.0,1.0
3model_qwen_30b_llama_70b_granite_8b,"qwen_30b,llama_70b,granite_8b",233,logistic_router,0.9215686274509803,2.5844462745098037e-05,0.9215686274509803,0.0196078431372549,0.0,0.8627450980392157
3model_qwen_30b_llama_70b_granite_8b,"qwen_30b,llama_70b,granite_8b",233,linear_svm_router,0.9215686274509803,2.5018807843137254e-05,0.9215686274509803,0.0196078431372549,0.0,0.9215686274509803
3model_qwen_30b_llama_70b_granite_8b,"qwen_30b,llama_70b,granite_8b",233,knn_router,0.9215686274509803,2.501225882352941e-05,0.9215686274509803,0.0196078431372549,0.0,0.9607843137254902
3model_qwen_30b_llama_70b_granite_8b,"qwen_30b,llama_70b,granite_8b",233,decision_tree_router,0.9215686274509803,2.82806431372549e-05,0.9215686274509803,0.0196078431372549,0.0,0.7254901960784313
3model_qwen_30b_llama_70b_granite_8b,"qwen_30b,llama_70b,granite_8b",233,random_forest_router,0.9215686274509803,2.4808290196078427e-05,0.9215686274509803,0.0196078431372549,0.0,0.8431372549019608
3model_qwen_30b_llama_70b_granite_8b,"qwen_30b,llama_70b,granite_8b",233,extra_trees_router,0.9215686274509803,2.5887309803921562e-05,0.9215686274509803,0.0196078431372549,0.0,0.7254901960784313
3model_qwen_30b_llama_70b_granite_8b,"qwen_30b,llama_70b,granite_8b",233,tfidf_logistic_router,0.9215686274509803,2.217243921568627e-05,0.9215686274509803,0.0196078431372549,0.0,0.9215686274509803
3model_qwen_30b_llama_70b_granite_8b,"qwen_30b,llama_70b,granite_8b",233,tfidf_linear_svm_router,0.9215686274509803,2.229367058823529e-05,0.9215686274509803,0.0196078431372549,0.0,0.9803921568627451
3model_qwen_30b_deepseek_v3_granite_8b,"qwen_30b,deepseek_v3,granite_8b",229,always_qwen_30b,0.8627450980392157,2.4920705882352944e-05,0.8627450980392157,0.058823529411764705,0.0,0.9411764705882353
3model_qwen_30b_deepseek_v3_granite_8b,"qwen_30b,deepseek_v3,granite_8b",229,always_deepseek_v3,0.8627450980392157,7.586537254901961e-05,0.8627450980392157,0.058823529411764705,0.0,0.058823529411764705
3model_qwen_30b_deepseek_v3_granite_8b,"qwen_30b,deepseek_v3,granite_8b",229,always_granite_8b,0.8431372549019608,1.5948039215686275e-05,0.8431372549019608,0.0784313725490196,0.0,0.0
3model_qwen_30b_deepseek_v3_granite_8b,"qwen_30b,deepseek_v3,granite_8b",229,random,0.9019607843137255,4.36237411764706e-05,0.9019607843137255,0.0196078431372549,0.0,0.3137254901960784
3model_qwen_30b_deepseek_v3_granite_8b,"qwen_30b,deepseek_v3,granite_8b",229,oracle,0.9215686274509803,2.8063584313725492e-05,0.9215686274509803,0.0,0.0,1.0
3model_qwen_30b_deepseek_v3_granite_8b,"qwen_30b,deepseek_v3,granite_8b",229,logistic_router,0.8431372549019608,2.9103717647058826e-05,0.8431372549019608,0.0784313725490196,0.0,0.8627450980392157
3model_qwen_30b_deepseek_v3_granite_8b,"qwen_30b,deepseek_v3,granite_8b",229,linear_svm_router,0.8627450980392157,2.846638431372549e-05,0.8627450980392157,0.058823529411764705,0.0,0.8823529411764706
3model_qwen_30b_deepseek_v3_granite_8b,"qwen_30b,deepseek_v3,granite_8b",229,knn_router,0.8627450980392157,2.4920705882352944e-05,0.8627450980392157,0.058823529411764705,0.0,0.9411764705882353
3model_qwen_30b_deepseek_v3_granite_8b,"qwen_30b,deepseek_v3,granite_8b",229,decision_tree_router,0.8627450980392157,2.6794894117647062e-05,0.8627450980392157,0.058823529411764705,0.0,0.803921568627451
3model_qwen_30b_deepseek_v3_granite_8b,"qwen_30b,deepseek_v3,granite_8b",229,random_forest_router,0.8431372549019608,2.5313058823529414e-05,0.8431372549019608,0.0784313725490196,0.0,0.9215686274509803
3model_qwen_30b_deepseek_v3_granite_8b,"qwen_30b,deepseek_v3,granite_8b",229,extra_trees_router,0.8431372549019608,2.495756862745098e-05,0.8431372549019608,0.0784313725490196,0.0,0.8235294117647058
3model_qwen_30b_deepseek_v3_granite_8b,"qwen_30b,deepseek_v3,granite_8b",229,tfidf_logistic_router,0.8627450980392157,2.5437960784313725e-05,0.8627450980392157,0.058823529411764705,0.0,0.9215686274509803
3model_qwen_30b_deepseek_v3_granite_8b,"qwen_30b,deepseek_v3,granite_8b",229,tfidf_linear_svm_router,0.8627450980392157,2.7004305882352942e-05,0.8627450980392157,0.058823529411764705,0.0,0.9215686274509803
3model_qwen_30b_deepseek_v3_granite_8b,"qwen_30b,deepseek_v3,granite_8b",230,always_qwen_30b,0.9019607843137255,2.362894117647059e-05,0.9019607843137255,0.0784313725490196,0.0,0.9215686274509803
3model_qwen_30b_deepseek_v3_granite_8b,"qwen_30b,deepseek_v3,granite_8b",230,always_deepseek_v3,0.9019607843137255,6.701905882352941e-05,0.9019607843137255,0.0784313725490196,0.0,0.058823529411764705
3model_qwen_30b_deepseek_v3_granite_8b,"qwen_30b,deepseek_v3,granite_8b",230,always_granite_8b,0.8431372549019608,1.511078431372549e-05,0.8431372549019608,0.13725490196078433,0.0,0.0196078431372549
3model_qwen_30b_deepseek_v3_granite_8b,"qwen_30b,deepseek_v3,granite_8b",230,random,0.9019607843137255,3.924595294117647e-05,0.9019607843137255,0.0784313725490196,0.0,0.3333333333333333
3model_qwen_30b_deepseek_v3_granite_8b,"qwen_30b,deepseek_v3,granite_8b",230,oracle,0.9803921568627451,2.5871623529411768e-05,0.9803921568627451,0.0,0.0,1.0
3model_qwen_30b_deepseek_v3_granite_8b,"qwen_30b,deepseek_v3,granite_8b",230,logistic_router,0.9019607843137255,2.7206007843137252e-05,0.9019607843137255,0.0784313725490196,0.0,0.8235294117647058
3model_qwen_30b_deepseek_v3_granite_8b,"qwen_30b,deepseek_v3,granite_8b",230,linear_svm_router,0.9019607843137255,2.53780862745098e-05,0.9019607843137255,0.0784313725490196,0.0,0.8823529411764706
3model_qwen_30b_deepseek_v3_granite_8b,"qwen_30b,deepseek_v3,granite_8b",230,knn_router,0.9019607843137255,2.362894117647059e-05,0.9019607843137255,0.0784313725490196,0.0,0.9215686274509803
3model_qwen_30b_deepseek_v3_granite_8b,"qwen_30b,deepseek_v3,granite_8b",230,decision_tree_router,0.9019607843137255,2.95261568627451e-05,0.9019607843137255,0.0784313725490196,0.0,0.7450980392156863
3model_qwen_30b_deepseek_v3_granite_8b,"qwen_30b,deepseek_v3,granite_8b",230,random_forest_router,0.9019607843137255,2.362894117647059e-05,0.9019607843137255,0.0784313725490196,0.0,0.9215686274509803
3model_qwen_30b_deepseek_v3_granite_8b,"qwen_30b,deepseek_v3,granite_8b",230,extra_trees_router,0.9019607843137255,2.849760784313726e-05,0.9019607843137255,0.0784313725490196,0.0,0.7647058823529411
3model_qwen_30b_deepseek_v3_granite_8b,"qwen_30b,deepseek_v3,granite_8b",230,tfidf_logistic_router,0.9019607843137255,2.53780862745098e-05,0.9019607843137255,0.0784313725490196,0.0,0.8823529411764706
3model_qwen_30b_deepseek_v3_granite_8b,"qwen_30b,deepseek_v3,granite_8b",230,tfidf_linear_svm_router,0.8823529411764706,2.453364705882353e-05,0.8823529411764706,0.09803921568627451,0.0,0.9019607843137255
3model_qwen_30b_deepseek_v3_granite_8b,"qwen_30b,deepseek_v3,granite_8b",231,always_qwen_30b,0.9019607843137255,2.4771207843137253e-05,0.9019607843137255,0.0,0.0,
3model_qwen_30b_deepseek_v3_granite_8b,"qwen_30b,deepseek_v3,granite_8b",231,always_deepseek_v3,0.8627450980392157,7.632623529411765e-05,0.8627450980392157,0.0392156862745098,0.0,
3model_qwen_30b_deepseek_v3_granite_8b,"qwen_30b,deepseek_v3,granite_8b",231,always_granite_8b,0.8431372549019608,1.662843137254902e-05,0.8431372549019608,0.058823529411764705,0.0,
3model_qwen_30b_deepseek_v3_granite_8b,"qwen_30b,deepseek_v3,granite_8b",231,random,0.8627450980392157,3.55904e-05,0.8627450980392157,0.0392156862745098,0.0,
3model_qwen_30b_deepseek_v3_granite_8b,"qwen_30b,deepseek_v3,granite_8b",231,oracle,0.9019607843137255,2.4771207843137253e-05,0.9019607843137255,0.0,0.0,
3model_qwen_30b_deepseek_v3_granite_8b,"qwen_30b,deepseek_v3,granite_8b",231,logistic_router,0.8823529411764706,2.943276862745098e-05,0.8823529411764706,0.0196078431372549,0.0,
3model_qwen_30b_deepseek_v3_granite_8b,"qwen_30b,deepseek_v3,granite_8b",231,linear_svm_router,0.9019607843137255,3.059313725490196e-05,0.9019607843137255,0.0,0.0,
3model_qwen_30b_deepseek_v3_granite_8b,"qwen_30b,deepseek_v3,granite_8b",231,knn_router,0.9019607843137255,2.586763921568627e-05,0.9019607843137255,0.0,0.0,
3model_qwen_30b_deepseek_v3_granite_8b,"qwen_30b,deepseek_v3,granite_8b",231,decision_tree_router,0.8823529411764706,2.800941176470588e-05,0.8823529411764706,0.0196078431372549,0.0,
3model_qwen_30b_deepseek_v3_granite_8b,"qwen_30b,deepseek_v3,granite_8b",231,random_forest_router,0.8823529411764706,2.4911050980392155e-05,0.8823529411764706,0.0196078431372549,0.0,
3model_qwen_30b_deepseek_v3_granite_8b,"qwen_30b,deepseek_v3,granite_8b",231,extra_trees_router,0.8823529411764706,2.8765756862745098e-05,0.8823529411764706,0.0196078431372549,0.0,
3model_qwen_30b_deepseek_v3_granite_8b,"qwen_30b,deepseek_v3,granite_8b",231,tfidf_logistic_router,0.8823529411764706,2.660174901960784e-05,0.8823529411764706,0.0196078431372549,0.0,
3model_qwen_30b_deepseek_v3_granite_8b,"qwen_30b,deepseek_v3,granite_8b",231,tfidf_linear_svm_router,0.9019607843137255,2.4771207843137253e-05,0.9019607843137255,0.0,0.0,
3model_qwen_30b_deepseek_v3_granite_8b,"qwen_30b,deepseek_v3,granite_8b",232,always_qwen_30b,0.8431372549019608,2.445814117647059e-05,0.8431372549019608,0.0392156862745098,0.0,0.9607843137254902
3model_qwen_30b_deepseek_v3_granite_8b,"qwen_30b,deepseek_v3,granite_8b",232,always_deepseek_v3,0.8431372549019608,6.874066666666666e-05,0.8431372549019608,0.0392156862745098,0.0,0.0196078431372549
3model_qwen_30b_deepseek_v3_granite_8b,"qwen_30b,deepseek_v3,granite_8b",232,always_granite_8b,0.7647058823529411,1.5119607843137256e-05,0.7647058823529411,0.11764705882352941,0.0,0.0196078431372549
3model_qwen_30b_deepseek_v3_granite_8b,"qwen_30b,deepseek_v3,granite_8b",232,random,0.803921568627451,4.0088125490196074e-05,0.803921568627451,0.0784313725490196,0.0,0.3137254901960784
3model_qwen_30b_deepseek_v3_granite_8b,"qwen_30b,deepseek_v3,granite_8b",232,oracle,0.8823529411764706,2.5224243137254905e-05,0.8823529411764706,0.0,0.0,1.0
3model_qwen_30b_deepseek_v3_granite_8b,"qwen_30b,deepseek_v3,granite_8b",232,logistic_router,0.8235294117647058,3.4049254901960784e-05,0.8235294117647058,0.058823529411764705,0.0,0.7254901960784313
3model_qwen_30b_deepseek_v3_granite_8b,"qwen_30b,deepseek_v3,granite_8b",232,linear_svm_router,0.8235294117647058,3.43050274509804e-05,0.8235294117647058,0.058823529411764705,0.0,0.7450980392156863
3model_qwen_30b_deepseek_v3_granite_8b,"qwen_30b,deepseek_v3,granite_8b",232,knn_router,0.8431372549019608,2.5554572549019612e-05,0.8431372549019608,0.0392156862745098,0.0,0.9411764705882353
3model_qwen_30b_deepseek_v3_granite_8b,"qwen_30b,deepseek_v3,granite_8b",232,decision_tree_router,0.8235294117647058,2.7319207843137256e-05,0.8235294117647058,0.058823529411764705,0.0,0.8627450980392157
3model_qwen_30b_deepseek_v3_granite_8b,"qwen_30b,deepseek_v3,granite_8b",232,random_forest_router,0.8235294117647058,2.696955294117647e-05,0.8235294117647058,0.058823529411764705,0.0,0.8627450980392157
3model_qwen_30b_deepseek_v3_granite_8b,"qwen_30b,deepseek_v3,granite_8b",232,extra_trees_router,0.8235294117647058,3.0484901960784318e-05,0.8235294117647058,0.058823529411764705,0.0,0.7647058823529411
3model_qwen_30b_deepseek_v3_granite_8b,"qwen_30b,deepseek_v3,granite_8b",232,tfidf_logistic_router,0.8235294117647058,3.144440784313725e-05,0.8235294117647058,0.058823529411764705,0.0,0.7843137254901961
3model_qwen_30b_deepseek_v3_granite_8b,"qwen_30b,deepseek_v3,granite_8b",232,tfidf_linear_svm_router,0.8235294117647058,2.7951317647058827e-05,0.8235294117647058,0.058823529411764705,0.0,0.9215686274509803
3model_qwen_30b_deepseek_v3_granite_8b,"qwen_30b,deepseek_v3,granite_8b",233,always_qwen_30b,0.9215686274509803,2.229367058823529e-05,0.9215686274509803,0.0196078431372549,0.0,0.9803921568627451
3model_qwen_30b_deepseek_v3_granite_8b,"qwen_30b,deepseek_v3,granite_8b",233,always_deepseek_v3,0.8823529411764706,6.603835294117647e-05,0.8823529411764706,0.058823529411764705,0.0,0.0196078431372549
3model_qwen_30b_deepseek_v3_granite_8b,"qwen_30b,deepseek_v3,granite_8b",233,always_granite_8b,0.7647058823529411,1.5750000000000003e-05,0.7647058823529411,0.17647058823529413,0.0,0.0
3model_qwen_30b_deepseek_v3_granite_8b,"qwen_30b,deepseek_v3,granite_8b",233,random,0.8431372549019608,3.4722572549019606e-05,0.8431372549019608,0.09803921568627451,0.0,0.35294117647058826
3model_qwen_30b_deepseek_v3_granite_8b,"qwen_30b,deepseek_v3,granite_8b",233,oracle,0.9411764705882353,2.2627976470588234e-05,0.9411764705882353,0.0,0.0,1.0
3model_qwen_30b_deepseek_v3_granite_8b,"qwen_30b,deepseek_v3,granite_8b",233,logistic_router,0.9215686274509803,2.6161105882352937e-05,0.9215686274509803,0.0196078431372549,0.0,0.8431372549019608
3model_qwen_30b_deepseek_v3_granite_8b,"qwen_30b,deepseek_v3,granite_8b",233,linear_svm_router,0.9215686274509803,2.490687058823529e-05,0.9215686274509803,0.0196078431372549,0.0,0.9215686274509803
3model_qwen_30b_deepseek_v3_granite_8b,"qwen_30b,deepseek_v3,granite_8b",233,knn_router,0.9215686274509803,2.3390101960784313e-05,0.9215686274509803,0.0196078431372549,0.0,0.9607843137254902
3model_qwen_30b_deepseek_v3_granite_8b,"qwen_30b,deepseek_v3,granite_8b",233,decision_tree_router,0.9411764705882353,3.497326274509804e-05,0.9411764705882353,0.0,0.0,0.6666666666666666
3model_qwen_30b_deepseek_v3_granite_8b,"qwen_30b,deepseek_v3,granite_8b",233,random_forest_router,0.9411764705882353,2.2693545098039214e-05,0.9411764705882353,0.0,0.0,0.9019607843137255
3model_qwen_30b_deepseek_v3_granite_8b,"qwen_30b,deepseek_v3,granite_8b",233,extra_trees_router,0.9215686274509803,2.543110588235294e-05,0.9215686274509803,0.0196078431372549,0.0,0.7843137254901961
3model_qwen_30b_deepseek_v3_granite_8b,"qwen_30b,deepseek_v3,granite_8b",233,tfidf_logistic_router,0.9215686274509803,2.4273968627450973e-05,0.9215686274509803,0.0196078431372549,0.0,0.9215686274509803
3model_qwen_30b_deepseek_v3_granite_8b,"qwen_30b,deepseek_v3,granite_8b",233,tfidf_linear_svm_router,0.9215686274509803,2.229367058823529e-05,0.9215686274509803,0.0196078431372549,0.0,0.9803921568627451
3model_llama_70b_deepseek_v3_granite_8b,"llama_70b,deepseek_v3,granite_8b",229,always_llama_70b,0.8235294117647058,0.019657743235294112,0.8235294117647058,0.0784313725490196,0.0,0.9215686274509803
3model_llama_70b_deepseek_v3_granite_8b,"llama_70b,deepseek_v3,granite_8b",229,always_deepseek_v3,0.8627450980392157,7.586537254901961e-05,0.8627450980392157,0.0392156862745098,0.0,0.0784313725490196
3model_llama_70b_deepseek_v3_granite_8b,"llama_70b,deepseek_v3,granite_8b",229,always_granite_8b,0.8431372549019608,1.5948039215686275e-05,0.8431372549019608,0.058823529411764705,0.0,0.0
3model_llama_70b_deepseek_v3_granite_8b,"llama_70b,deepseek_v3,granite_8b",229,random,0.8823529411764706,5.214525490196079e-05,0.8823529411764706,0.0196078431372549,0.0,0.3333333333333333
3model_llama_70b_deepseek_v3_granite_8b,"llama_70b,deepseek_v3,granite_8b",229,oracle,0.9019607843137255,0.019658940333333326,0.9019607843137255,0.0,0.0,1.0
3model_llama_70b_deepseek_v3_granite_8b,"llama_70b,deepseek_v3,granite_8b",229,logistic_router,0.803921568627451,0.01965955833333333,0.803921568627451,0.09803921568627451,0.0,0.8235294117647058
3model_llama_70b_deepseek_v3_granite_8b,"llama_70b,deepseek_v3,granite_8b",229,linear_svm_router,0.8235294117647058,0.019657972647058816,0.8235294117647058,0.0784313725490196,0.0,0.9019607843137255
3model_llama_70b_deepseek_v3_granite_8b,"llama_70b,deepseek_v3,granite_8b",229,knn_router,0.8235294117647058,0.019657743235294112,0.8235294117647058,0.0784313725490196,0.0,0.9215686274509803
3model_llama_70b_deepseek_v3_granite_8b,"llama_70b,deepseek_v3,granite_8b",229,decision_tree_router,0.8431372549019608,0.019656446254901958,0.8431372549019608,0.058823529411764705,0.0,0.8235294117647058
3model_llama_70b_deepseek_v3_granite_8b,"llama_70b,deepseek_v3,granite_8b",229,random_forest_router,0.8235294117647058,0.019659504705882347,0.8235294117647058,0.0784313725490196,0.0,0.8235294117647058
3model_llama_70b_deepseek_v3_granite_8b,"llama_70b,deepseek_v3,granite_8b",229,extra_trees_router,0.8431372549019608,0.019656665490196075,0.8431372549019608,0.058823529411764705,0.0,0.7843137254901961
3model_llama_70b_deepseek_v3_granite_8b,"llama_70b,deepseek_v3,granite_8b",229,tfidf_logistic_router,0.803921568627451,0.019659172450980388,0.803921568627451,0.09803921568627451,0.0,0.8431372549019608
3model_llama_70b_deepseek_v3_granite_8b,"llama_70b,deepseek_v3,granite_8b",229,tfidf_linear_svm_router,0.8235294117647058,0.019657972647058816,0.8235294117647058,0.0784313725490196,0.0,0.9019607843137255
3model_llama_70b_deepseek_v3_granite_8b,"llama_70b,deepseek_v3,granite_8b",230,always_llama_70b,0.8431372549019608,5.601811764705883e-05,0.8431372549019608,0.11764705882352941,0.0,0.8823529411764706
3model_llama_70b_deepseek_v3_granite_8b,"llama_70b,deepseek_v3,granite_8b",230,always_deepseek_v3,0.9019607843137255,6.701905882352941e-05,0.9019607843137255,0.058823529411764705,0.0,0.09803921568627451
3model_llama_70b_deepseek_v3_granite_8b,"llama_70b,deepseek_v3,granite_8b",230,always_granite_8b,0.8431372549019608,1.511078431372549e-05,0.8431372549019608,0.11764705882352941,0.0,0.0196078431372549
3model_llama_70b_deepseek_v3_granite_8b,"llama_70b,deepseek_v3,granite_8b",230,random,0.9215686274509803,5.523364705882353e-05,0.9215686274509803,0.0392156862745098,0.0,0.39215686274509803
3model_llama_70b_deepseek_v3_granite_8b,"llama_70b,deepseek_v3,granite_8b",230,oracle,0.9607843137254902,5.624305882352941e-05,0.9607843137254902,0.0,0.0,1.0
3model_llama_70b_deepseek_v3_granite_8b,"llama_70b,deepseek_v3,granite_8b",230,logistic_router,0.8823529411764706,5.8250254901960785e-05,0.8823529411764706,0.0784313725490196,0.0,0.803921568627451
3model_llama_70b_deepseek_v3_granite_8b,"llama_70b,deepseek_v3,granite_8b",230,linear_svm_router,0.8823529411764706,5.796015686274509e-05,0.8823529411764706,0.0784313725490196,0.0,0.8823529411764706
3model_llama_70b_deepseek_v3_granite_8b,"llama_70b,deepseek_v3,granite_8b",230,knn_router,0.8431372549019608,5.601811764705883e-05,0.8431372549019608,0.11764705882352941,0.0,0.8823529411764706
3model_llama_70b_deepseek_v3_granite_8b,"llama_70b,deepseek_v3,granite_8b",230,decision_tree_router,0.9019607843137255,5.989217647058823e-05,0.9019607843137255,0.058823529411764705,0.0,0.803921568627451
3model_llama_70b_deepseek_v3_granite_8b,"llama_70b,deepseek_v3,granite_8b",230,random_forest_router,0.8823529411764706,5.688913725490196e-05,0.8823529411764706,0.0784313725490196,0.0,0.9019607843137255
3model_llama_70b_deepseek_v3_granite_8b,"llama_70b,deepseek_v3,granite_8b",230,extra_trees_router,0.8823529411764706,5.881988235294117e-05,0.8823529411764706,0.0784313725490196,0.0,0.8235294117647058
3model_llama_70b_deepseek_v3_granite_8b,"llama_70b,deepseek_v3,granite_8b",230,tfidf_logistic_router,0.8823529411764706,5.796015686274509e-05,0.8823529411764706,0.0784313725490196,0.0,0.8823529411764706
3model_llama_70b_deepseek_v3_granite_8b,"llama_70b,deepseek_v3,granite_8b",230,tfidf_linear_svm_router,0.8627450980392157,5.615890196078431e-05,0.8627450980392157,0.09803921568627451,0.0,0.9019607843137255
3model_llama_70b_deepseek_v3_granite_8b,"llama_70b,deepseek_v3,granite_8b",231,always_llama_70b,0.9019607843137255,0.01966218745098039,0.9019607843137255,0.0196078431372549,0.0,0.9803921568627451
3model_llama_70b_deepseek_v3_granite_8b,"llama_70b,deepseek_v3,granite_8b",231,always_deepseek_v3,0.8627450980392157,7.632623529411765e-05,0.8627450980392157,0.058823529411764705,0.0,0.0196078431372549
3model_llama_70b_deepseek_v3_granite_8b,"llama_70b,deepseek_v3,granite_8b",231,always_granite_8b,0.8431372549019608,1.662843137254902e-05,0.8431372549019608,0.0784313725490196,0.0,0.0
3model_llama_70b_deepseek_v3_granite_8b,"llama_70b,deepseek_v3,granite_8b",231,random,0.8823529411764706,4.645503921568626e-05,0.8823529411764706,0.0392156862745098,0.0,0.37254901960784315
3model_llama_70b_deepseek_v3_granite_8b,"llama_70b,deepseek_v3,granite_8b",231,oracle,0.9215686274509803,0.01966241980392156,0.9215686274509803,0.0,0.0,1.0
3model_llama_70b_deepseek_v3_granite_8b,"llama_70b,deepseek_v3,granite_8b",231,logistic_router,0.8823529411764706,0.019663967568627455,0.8823529411764706,0.0392156862745098,0.0,0.8431372549019608
3model_llama_70b_deepseek_v3_granite_8b,"llama_70b,deepseek_v3,granite_8b",231,linear_svm_router,0.8823529411764706,0.019663222274509805,0.8823529411764706,0.0392156862745098,0.0,0.8823529411764706
3model_llama_70b_deepseek_v3_granite_8b,"llama_70b,deepseek_v3,granite_8b",231,knn_router,0.9019607843137255,0.01966218745098039,0.9019607843137255,0.0196078431372549,0.0,0.9803921568627451
3model_llama_70b_deepseek_v3_granite_8b,"llama_70b,deepseek_v3,granite_8b",231,decision_tree_router,0.8823529411764706,0.0196612691372549,0.8823529411764706,0.0392156862745098,0.0,0.8823529411764706
3model_llama_70b_deepseek_v3_granite_8b,"llama_70b,deepseek_v3,granite_8b",231,random_forest_router,0.8627450980392157,0.01966173482352941,0.8627450980392157,0.058823529411764705,0.0,0.7843137254901961
3model_llama_70b_deepseek_v3_granite_8b,"llama_70b,deepseek_v3,granite_8b",231,extra_trees_router,0.8627450980392157,0.019658751019607842,0.8627450980392157,0.058823529411764705,0.0,0.7647058823529411
3model_llama_70b_deepseek_v3_granite_8b,"llama_70b,deepseek_v3,granite_8b",231,tfidf_logistic_router,0.8823529411764706,0.019663222274509805,0.8823529411764706,0.0392156862745098,0.0,0.8823529411764706
3model_llama_70b_deepseek_v3_granite_8b,"llama_70b,deepseek_v3,granite_8b",231,tfidf_linear_svm_router,0.8823529411764706,0.019662920313725487,0.8823529411764706,0.0392156862745098,0.0,0.9411764705882353
3model_llama_70b_deepseek_v3_granite_8b,"llama_70b,deepseek_v3,granite_8b",232,always_llama_70b,0.803921568627451,5.9688607843137255e-05,0.803921568627451,0.0784313725490196,0.0,0.9215686274509803
3model_llama_70b_deepseek_v3_granite_8b,"llama_70b,deepseek_v3,granite_8b",232,always_deepseek_v3,0.8431372549019608,6.874066666666666e-05,0.8431372549019608,0.0392156862745098,0.0,0.058823529411764705
3model_llama_70b_deepseek_v3_granite_8b,"llama_70b,deepseek_v3,granite_8b",232,always_granite_8b,0.7647058823529411,1.5119607843137256e-05,0.7647058823529411,0.11764705882352941,0.0,0.0196078431372549
3model_llama_70b_deepseek_v3_granite_8b,"llama_70b,deepseek_v3,granite_8b",232,random,0.7843137254901961,4.778276470588235e-05,0.7843137254901961,0.09803921568627451,0.0,0.3333333333333333
3model_llama_70b_deepseek_v3_granite_8b,"llama_70b,deepseek_v3,granite_8b",232,oracle,0.8823529411764706,5.9792999999999995e-05,0.8823529411764706,0.0,0.0,1.0
3model_llama_70b_deepseek_v3_granite_8b,"llama_70b,deepseek_v3,granite_8b",232,logistic_router,0.803921568627451,6.049262745098039e-05,0.803921568627451,0.0784313725490196,0.0,0.7647058823529411
3model_llama_70b_deepseek_v3_granite_8b,"llama_70b,deepseek_v3,granite_8b",232,linear_svm_router,0.803921568627451,6.244282352941176e-05,0.803921568627451,0.0784313725490196,0.0,0.7254901960784313
3model_llama_70b_deepseek_v3_granite_8b,"llama_70b,deepseek_v3,granite_8b",232,knn_router,0.803921568627451,5.9688607843137255e-05,0.803921568627451,0.0784313725490196,0.0,0.9215686274509803
3model_llama_70b_deepseek_v3_granite_8b,"llama_70b,deepseek_v3,granite_8b",232,decision_tree_router,0.7843137254901961,5.7383392156862745e-05,0.7843137254901961,0.09803921568627451,0.0,0.7843137254901961
3model_llama_70b_deepseek_v3_granite_8b,"llama_70b,deepseek_v3,granite_8b",232,random_forest_router,0.803921568627451,6.227054901960784e-05,0.803921568627451,0.0784313725490196,0.0,0.7843137254901961
3model_llama_70b_deepseek_v3_granite_8b,"llama_70b,deepseek_v3,granite_8b",232,extra_trees_router,0.8235294117647058,6.108949019607843e-05,0.8235294117647058,0.058823529411764705,0.0,0.7843137254901961
3model_llama_70b_deepseek_v3_granite_8b,"llama_70b,deepseek_v3,granite_8b",232,tfidf_logistic_router,0.7843137254901961,6.0461352941176464e-05,0.7843137254901961,0.09803921568627451,0.0,0.8627450980392157
3model_llama_70b_deepseek_v3_granite_8b,"llama_70b,deepseek_v3,granite_8b",232,tfidf_linear_svm_router,0.7843137254901961,6.018292156862745e-05,0.7843137254901961,0.09803921568627451,0.0,0.8823529411764706
3model_llama_70b_deepseek_v3_granite_8b,"llama_70b,deepseek_v3,granite_8b",233,always_llama_70b,0.8823529411764706,5.1382941176470584e-05,0.8823529411764706,0.0392156862745098,0.0,0.9607843137254902
3model_llama_70b_deepseek_v3_granite_8b,"llama_70b,deepseek_v3,granite_8b",233,always_deepseek_v3,0.8823529411764706,6.603835294117647e-05,0.8823529411764706,0.0392156862745098,0.0,0.0392156862745098
3model_llama_70b_deepseek_v3_granite_8b,"llama_70b,deepseek_v3,granite_8b",233,always_granite_8b,0.7647058823529411,1.5750000000000003e-05,0.7647058823529411,0.1568627450980392,0.0,0.0
3model_llama_70b_deepseek_v3_granite_8b,"llama_70b,deepseek_v3,granite_8b",233,random,0.8431372549019608,4.0828960784313724e-05,0.8431372549019608,0.0784313725490196,0.0,0.37254901960784315
3model_llama_70b_deepseek_v3_granite_8b,"llama_70b,deepseek_v3,granite_8b",233,oracle,0.9215686274509803,5.1453411764705886e-05,0.9215686274509803,0.0,0.0,1.0
3model_llama_70b_deepseek_v3_granite_8b,"llama_70b,deepseek_v3,granite_8b",233,logistic_router,0.9019607843137255,5.26076862745098e-05,0.9019607843137255,0.0196078431372549,0.0,0.8235294117647058
3model_llama_70b_deepseek_v3_granite_8b,"llama_70b,deepseek_v3,granite_8b",233,linear_svm_router,0.8823529411764706,5.2117647058823523e-05,0.8823529411764706,0.0392156862745098,0.0,0.9019607843137255
3model_llama_70b_deepseek_v3_granite_8b,"llama_70b,deepseek_v3,granite_8b",233,knn_router,0.8823529411764706,5.1382941176470584e-05,0.8823529411764706,0.0392156862745098,0.0,0.9607843137254902
3model_llama_70b_deepseek_v3_granite_8b,"llama_70b,deepseek_v3,granite_8b",233,decision_tree_router,0.8627450980392157,5.0021843137254906e-05,0.8627450980392157,0.058823529411764705,0.0,0.7843137254901961
3model_llama_70b_deepseek_v3_granite_8b,"llama_70b,deepseek_v3,granite_8b",233,random_forest_router,0.9215686274509803,5.03136862745098e-05,0.9215686274509803,0.0,0.0,0.7843137254901961
3model_llama_70b_deepseek_v3_granite_8b,"llama_70b,deepseek_v3,granite_8b",233,extra_trees_router,0.8823529411764706,5.081650980392157e-05,0.8823529411764706,0.0392156862745098,0.0,0.803921568627451
3model_llama_70b_deepseek_v3_granite_8b,"llama_70b,deepseek_v3,granite_8b",233,tfidf_logistic_router,0.8823529411764706,5.2339019607843135e-05,0.8823529411764706,0.0392156862745098,0.0,0.8627450980392157
3model_llama_70b_deepseek_v3_granite_8b,"llama_70b,deepseek_v3,granite_8b",233,tfidf_linear_svm_router,0.8823529411764706,5.177666666666666e-05,0.8823529411764706,0.0392156862745098,0.0,0.9215686274509803
