group,models,policy,accuracy_mean,accuracy_std,avg_cost_mean,utility_mean,regret_mean,route_acc_mean
2model_deepseek_v3_granite_8b,"deepseek_v3,granite_8b",oracle,0.9441624365482234,0.010152284263959357,7.009591675126904e-05,0.9441624365482234,0.0,1.0
2model_deepseek_v3_granite_8b,"deepseek_v3,granite_8b",always_deepseek_v3,0.9076142131979695,0.016604494653600154,7.242940507614214e-05,0.9076142131979695,0.0365482233502538,0.9634517766497461
2model_deepseek_v3_granite_8b,"deepseek_v3,granite_8b",knn_router,0.9076142131979695,0.016604494653600154,7.233751675126904e-05,0.9076142131979695,0.0365482233502538,0.9614213197969544
2model_deepseek_v3_granite_8b,"deepseek_v3,granite_8b",mlp_router,0.9076142131979695,0.016604494653600154,7.193380101522842e-05,0.9076142131979695,0.0365482233502538,0.9573604060913705
2model_deepseek_v3_granite_8b,"deepseek_v3,granite_8b",random_forest_router,0.9065989847715736,0.016291174148102744,6.980478375634518e-05,0.9065989847715736,0.03756345177664975,0.900507614213198
2model_deepseek_v3_granite_8b,"deepseek_v3,granite_8b",tfidf_mlp_router,0.9065989847715736,0.015480152976626336,7.191398984771574e-05,0.9065989847715736,0.03756345177664975,0.9543147208121827
2model_deepseek_v3_granite_8b,"deepseek_v3,granite_8b",tfidf_linear_svm_router,0.9035532994923858,0.013901587753938242,7.131692182741118e-05,0.9035532994923858,0.04060913705583756,0.9390862944162437
2model_deepseek_v3_granite_8b,"deepseek_v3,granite_8b",tfidf_logistic_router,0.899492385786802,0.013620718644668763,6.924855025380712e-05,0.899492385786802,0.04467005076142132,0.898477157360406
2model_deepseek_v3_granite_8b,"deepseek_v3,granite_8b",extra_trees_router,0.8964467005076141,0.013236959198380988,6.786550456852791e-05,0.8964467005076141,0.047715736040609136,0.8609137055837565
2model_deepseek_v3_granite_8b,"deepseek_v3,granite_8b",linear_svm_router,0.8964467005076141,0.012741015632498574,6.435579898477156e-05,0.8964467005076141,0.047715736040609136,0.8213197969543147
2model_deepseek_v3_granite_8b,"deepseek_v3,granite_8b",logistic_router,0.8954314720812182,0.013236959198380988,6.411782335025382e-05,0.8954314720812182,0.048730964467005075,0.8152284263959391
2model_deepseek_v3_granite_8b,"deepseek_v3,granite_8b",decision_tree_router,0.8923857868020304,0.00661847959919055,5.836221725888324e-05,0.8923857868020304,0.05177664974619289,0.7411167512690355
2model_deepseek_v3_granite_8b,"deepseek_v3,granite_8b",random,0.882233502538071,0.03431562189067123,4.413231472081218e-05,0.882233502538071,0.061928934010152294,0.4913705583756345
2model_deepseek_v3_granite_8b,"deepseek_v3,granite_8b",always_granite_8b,0.8517766497461929,0.011004813902882639,1.626152284263959e-05,0.8517766497461929,0.09238578680203045,0.0365482233502538
2model_gemini_flash_deepseek_v3,"gemini_flash,deepseek_v3",oracle,0.9360406091370559,0.010526112362095278,0.00018439034314720812,0.9360406091370559,0.0,1.0
2model_gemini_flash_deepseek_v3,"gemini_flash,deepseek_v3",always_deepseek_v3,0.9076142131979695,0.016604494653600154,7.242940507614214e-05,0.9076142131979695,0.028426395939086295,0.06700507614213198
2model_gemini_flash_deepseek_v3,"gemini_flash,deepseek_v3",extra_trees_router,0.8974619289340101,0.016604494653600133,0.00016943345177664976,0.8974619289340101,0.03857868020304568,0.7756345177664975
2model_gemini_flash_deepseek_v3,"gemini_flash,deepseek_v3",random_forest_router,0.8944162436548224,0.00752913551989412,0.00017729996345177665,0.8944162436548224,0.0416243654822335,0.8365482233502538
2model_gemini_flash_deepseek_v3,"gemini_flash,deepseek_v3",decision_tree_router,0.8923857868020304,0.00834095265236294,0.00016188145583756345,0.8923857868020304,0.04365482233502538,0.7035532994923858
2model_gemini_flash_deepseek_v3,"gemini_flash,deepseek_v3",logistic_router,0.8923857868020304,0.011575385026387214,0.00017169520203045685,0.8923857868020304,0.04365482233502538,0.7939086294416244
2model_gemini_flash_deepseek_v3,"gemini_flash,deepseek_v3",random,0.8852791878172589,0.010526112362095287,0.00013525257258883248,0.8852791878172589,0.050761421319796954,0.47918781725888326
2model_gemini_flash_deepseek_v3,"gemini_flash,deepseek_v3",tfidf_logistic_router,0.8842639593908629,0.0066184795991905306,0.00017943561827411168,0.8842639593908629,0.05177664974619289,0.8416243654822335
2model_gemini_flash_deepseek_v3,"gemini_flash,deepseek_v3",mlp_router,0.8771573604060914,0.012119123234835851,0.00018870843857868018,0.8771573604060914,0.05888324873096447,0.900507614213198
2model_gemini_flash_deepseek_v3,"gemini_flash,deepseek_v3",linear_svm_router,0.8730964467005077,0.014357498095158298,0.00018070528324873095,0.8730964467005077,0.06294416243654823,0.8203045685279188
2model_gemini_flash_deepseek_v3,"gemini_flash,deepseek_v3",knn_router,0.8710659898477158,0.01274101563249858,0.00019369662944162435,0.8710659898477158,0.06497461928934009,0.9340101522842639
2model_gemini_flash_deepseek_v3,"gemini_flash,deepseek_v3",tfidf_linear_svm_router,0.8710659898477158,0.013714980798077427,0.00019116666395939085,0.8710659898477158,0.0649746192893401,0.9076142131979695
2model_gemini_flash_deepseek_v3,"gemini_flash,deepseek_v3",always_gemini_flash,0.8690355329949238,0.011004813902882628,0.00019447837563451776,0.8690355329949238,0.06700507614213198,0.932994923857868
2model_gemini_flash_deepseek_v3,"gemini_flash,deepseek_v3",tfidf_mlp_router,0.8690355329949238,0.009764154346026071,0.00019262103350253806,0.8690355329949238,0.06700507614213198,0.9197969543147207
2model_gemini_flash_granite_8b,"gemini_flash,granite_8b",oracle,0.9258883248730964,0.01168615678499632,0.000182268730964467,0.9258883248730964,0.0,1.0
2model_gemini_flash_granite_8b,"gemini_flash,granite_8b",extra_trees_router,0.8781725888324873,0.010152284263959378,0.0001543453807106599,0.8781725888324873,0.047715736040609136,0.7593908629441625
2model_gemini_flash_granite_8b,"gemini_flash,granite_8b",random_forest_router,0.8761421319796954,0.009221270114002506,0.00016709274111675128,0.8761421319796954,0.049746192893401014,0.8192893401015228
2model_gemini_flash_granite_8b,"gemini_flash,granite_8b",logistic_router,0.8720812182741117,0.01263949197765351,0.00016193192893401015,0.8720812182741117,0.05380710659898478,0.7928934010152284
2model_gemini_flash_granite_8b,"gemini_flash,granite_8b",tfidf_logistic_router,0.8710659898477158,0.010526112362095238,0.0001762797461928934,0.8710659898477158,0.05482233502538071,0.8649746192893402
2model_gemini_flash_granite_8b,"gemini_flash,granite_8b",always_gemini_flash,0.8690355329949238,0.011004813902882628,0.00019447837563451776,0.8690355329949238,0.05685279187817259,0.9431472081218274
2model_gemini_flash_granite_8b,"gemini_flash,granite_8b",knn_router,0.8690355329949238,0.011004813902882628,0.00019447837563451776,0.8690355329949238,0.05685279187817259,0.9431472081218274
2model_gemini_flash_granite_8b,"gemini_flash,granite_8b",mlp_router,0.8690355329949238,0.011004813902882628,0.000190403654822335,0.8690355329949238,0.05685279187817259,0.9218274111675127
2model_gemini_flash_granite_8b,"gemini_flash,granite_8b",tfidf_mlp_router,0.8690355329949238,0.011004813902882628,0.0001929784771573604,0.8690355329949238,0.05685279187817259,0.9370558375634518
2model_gemini_flash_granite_8b,"gemini_flash,granite_8b",decision_tree_router,0.8670050761421321,0.014085722767016851,0.00014802492385786802,0.8670050761421321,0.05888324873096447,0.7248730964467005
2model_gemini_flash_granite_8b,"gemini_flash,granite_8b",tfidf_linear_svm_router,0.8670050761421318,0.009080479096445819,0.00019182868020304567,0.8670050761421318,0.05888324873096447,0.9309644670050762
2model_gemini_flash_granite_8b,"gemini_flash,granite_8b",linear_svm_router,0.8659898477157361,0.012741015632498598,0.0001721610152284264,0.8659898477157361,0.05989847715736041,0.8253807106598986
2model_gemini_flash_granite_8b,"gemini_flash,granite_8b",random,0.8598984771573605,0.01706369168931128,0.00010695548223350253,0.8598984771573605,0.06598984771573604,0.4812182741116751
2model_gemini_flash_granite_8b,"gemini_flash,granite_8b",always_granite_8b,0.8517766497461929,0.011004813902882639,1.626152284263959e-05,0.8517766497461929,0.07411167512690356,0.05685279187817259
2model_gemini_flash_lite_deepseek_v3,"gemini_flash_lite,deepseek_v3",oracle,0.950253807106599,0.009080479096445798,0.00012185609137055837,0.950253807106599,0.0,1.0
2model_gemini_flash_lite_deepseek_v3,"gemini_flash_lite,deepseek_v3",tfidf_logistic_router,0.9238578680203047,0.010768123571368773,0.0001222647918781726,0.9238578680203047,0.026395939086294416,0.9390862944162437
2model_gemini_flash_lite_deepseek_v3,"gemini_flash_lite,deepseek_v3",logistic_router,0.9228426395939087,0.012119123234835903,0.00011969259086294416,0.9228426395939087,0.027411167512690356,0.8852791878172589
2model_gemini_flash_lite_deepseek_v3,"gemini_flash_lite,deepseek_v3",random_forest_router,0.9228426395939087,0.011004813902882674,0.00012238902131979696,0.9228426395939087,0.027411167512690356,0.9431472081218274
2model_gemini_flash_lite_deepseek_v3,"gemini_flash_lite,deepseek_v3",linear_svm_router,0.9218274111675127,0.00922127011400256,0.00011946162842639592,0.9218274111675127,0.02842639593908629,0.8873096446700508
2model_gemini_flash_lite_deepseek_v3,"gemini_flash_lite,deepseek_v3",extra_trees_router,0.9197969543147207,0.013139268127456626,0.00011848068223350254,0.9197969543147207,0.03045685279187817,0.8791878172588833
2model_gemini_flash_lite_deepseek_v3,"gemini_flash_lite,deepseek_v3",always_gemini_flash_lite,0.9197969543147207,0.009080479096445892,0.00012411269035532996,0.9197969543147207,0.030456852791878174,0.9695431472081217
2model_gemini_flash_lite_deepseek_v3,"gemini_flash_lite,deepseek_v3",knn_router,0.9197969543147207,0.009080479096445892,0.0001240174111675127,0.9197969543147207,0.030456852791878174,0.96751269035533
2model_gemini_flash_lite_deepseek_v3,"gemini_flash_lite,deepseek_v3",tfidf_linear_svm_router,0.9197969543147207,0.009764154346026113,0.00012380038578680203,0.9197969543147207,0.030456852791878174,0.9624365482233502
2model_gemini_flash_lite_deepseek_v3,"gemini_flash_lite,deepseek_v3",mlp_router,0.9187817258883249,0.009496592352218154,0.00012366406903553301,0.9187817258883249,0.03147208121827411,0.9593908629441625
2model_gemini_flash_lite_deepseek_v3,"gemini_flash_lite,deepseek_v3",tfidf_mlp_router,0.9177664974619288,0.008340952652362949,0.00012399457868020306,0.9177664974619288,0.032487309644670045,0.966497461928934
2model_gemini_flash_lite_deepseek_v3,"gemini_flash_lite,deepseek_v3",decision_tree_router,0.9126903553299492,0.01808987784893963,0.00010484040812182742,0.9126903553299492,0.03756345177664975,0.6253807106598985
2model_gemini_flash_lite_deepseek_v3,"gemini_flash_lite,deepseek_v3",random,0.9096446700507614,0.011575385026387155,9.736967918781726e-05,0.9096446700507614,0.04060913705583756,0.48324873096446697
2model_gemini_flash_lite_deepseek_v3,"gemini_flash_lite,deepseek_v3",always_deepseek_v3,0.9076142131979695,0.016604494653600154,7.242940507614214e-05,0.9076142131979695,0.04263959390862944,0.030456852791878174
2model_gemini_flash_lite_gemini_flash,"gemini_flash_lite,gemini_flash",oracle,0.9350253807106599,0.007529135519894079,0.00012613350253807106,0.9350253807106599,0.0,1.0
2model_gemini_flash_lite_gemini_flash,"gemini_flash_lite,gemini_flash",always_gemini_flash_lite,0.9197969543147207,0.009080479096445892,0.00012411269035532996,0.9197969543147207,0.015228426395939087,0.9847715736040609
2model_gemini_flash_lite_gemini_flash,"gemini_flash_lite,gemini_flash",knn_router,0.9197969543147207,0.009080479096445892,0.00012434532994923857,0.9197969543147207,0.015228426395939087,0.9817258883248732
2model_gemini_flash_lite_gemini_flash,"gemini_flash_lite,gemini_flash",mlp_router,0.9197969543147207,0.009080479096445892,0.00012429395939086296,0.9197969543147207,0.015228426395939087,0.982741116751269
2model_gemini_flash_lite_gemini_flash,"gemini_flash_lite,gemini_flash",tfidf_linear_svm_router,0.9197969543147207,0.009080479096445892,0.0001246363959390863,0.9197969543147207,0.015228426395939087,0.9766497461928934
2model_gemini_flash_lite_gemini_flash,"gemini_flash_lite,gemini_flash",tfidf_mlp_router,0.9197969543147207,0.009080479096445892,0.00012429395939086296,0.9197969543147207,0.015228426395939087,0.982741116751269
2model_gemini_flash_lite_gemini_flash,"gemini_flash_lite,gemini_flash",tfidf_logistic_router,0.9187817258883249,0.010152284263959421,0.00012685989847715737,0.9187817258883249,0.016243654822335023,0.9482233502538071
2model_gemini_flash_lite_gemini_flash,"gemini_flash_lite,gemini_flash",random_forest_router,0.915736040609137,0.01052611236209532,0.00012572279187817259,0.915736040609137,0.01928934010152284,0.9512690355329949
2model_gemini_flash_lite_gemini_flash,"gemini_flash_lite,gemini_flash",linear_svm_router,0.9147208121827411,0.009764154346026054,0.0001309648730964467,0.9147208121827411,0.02030456852791878,0.883248730964467
2model_gemini_flash_lite_gemini_flash,"gemini_flash_lite,gemini_flash",extra_trees_router,0.9137055837563451,0.012433958085193786,0.0001298989340101523,0.9137055837563451,0.02131979695431472,0.882233502538071
2model_gemini_flash_lite_gemini_flash,"gemini_flash_lite,gemini_flash",logistic_router,0.9137055837563451,0.011350598870557296,0.00013111827411167512,0.9137055837563451,0.02131979695431472,0.8690355329949238
2model_gemini_flash_lite_gemini_flash,"gemini_flash_lite,gemini_flash",decision_tree_router,0.9106598984771572,0.0027803175507876542,0.00013158888324873096,0.9106598984771572,0.024365482233502538,0.8477157360406091
2model_gemini_flash_lite_gemini_flash,"gemini_flash_lite,gemini_flash",random,0.8934010152284264,0.008026085431899482,0.00015659548223350255,0.8934010152284264,0.04162436548223351,0.4883248730964467
2model_gemini_flash_lite_gemini_flash,"gemini_flash_lite,gemini_flash",always_gemini_flash,0.8690355329949238,0.011004813902882628,0.00019447837563451776,0.8690355329949238,0.06598984771573604,0.015228426395939087
2model_gemini_flash_lite_granite_8b,"gemini_flash_lite,granite_8b",oracle,0.9563451776649746,0.009221270114002499,0.00011898162436548223,0.9563451776649746,0.0,1.0
2model_gemini_flash_lite_granite_8b,"gemini_flash_lite,granite_8b",always_gemini_flash_lite,0.9197969543147207,0.009080479096445892,0.00012411269035532996,0.9197969543147207,0.0365482233502538,0.9634517766497461
2model_gemini_flash_lite_granite_8b,"gemini_flash_lite,granite_8b",knn_router,0.9197969543147207,0.009080479096445892,0.00012382309644670052,0.9197969543147207,0.0365482233502538,0.9614213197969544
2model_gemini_flash_lite_granite_8b,"gemini_flash_lite,granite_8b",mlp_router,0.9197969543147207,0.009080479096445892,0.0001226255837563452,0.9197969543147207,0.0365482233502538,0.9532994923857869
2model_gemini_flash_lite_granite_8b,"gemini_flash_lite,granite_8b",tfidf_mlp_router,0.9197969543147207,0.009080479096445892,0.0001231248730964467,0.9197969543147207,0.0365482233502538,0.9573604060913705
2model_gemini_flash_lite_granite_8b,"gemini_flash_lite,granite_8b",tfidf_linear_svm_router,0.9187817258883249,0.008026085431899475,0.00012279192893401017,0.9187817258883249,0.03756345177664975,0.9543147208121827
2model_gemini_flash_lite_granite_8b,"gemini_flash_lite,granite_8b",tfidf_logistic_router,0.9177664974619291,0.015809554824768958,0.00011845654822335025,0.9177664974619291,0.03857868020304568,0.9238578680203047
2model_gemini_flash_lite_granite_8b,"gemini_flash_lite,granite_8b",random_forest_router,0.9177664974619288,0.009080479096445878,0.00012040548223350253,0.9177664974619288,0.03857868020304568,0.9187817258883249
2model_gemini_flash_lite_granite_8b,"gemini_flash_lite,granite_8b",extra_trees_router,0.9147208121827411,0.01580955482476898,0.00011244263959390864,0.9147208121827411,0.04162436548223351,0.849746192893401
2model_gemini_flash_lite_granite_8b,"gemini_flash_lite,granite_8b",linear_svm_router,0.9137055837563451,0.011904608527470616,0.00011178451776649747,0.9137055837563451,0.04263959390862944,0.8578680203045685
2model_gemini_flash_lite_granite_8b,"gemini_flash_lite,granite_8b",logistic_router,0.9126903553299492,0.013139268127456614,0.0001096613197969543,0.9126903553299492,0.043654822335025385,0.8406091370558375
2model_gemini_flash_lite_granite_8b,"gemini_flash_lite,granite_8b",decision_tree_router,0.8883248730964468,0.014799370291485547,8.715873096446701e-05,0.8883248730964468,0.06802030456852792,0.6243654822335025
2model_gemini_flash_lite_granite_8b,"gemini_flash_lite,granite_8b",random,0.8842639593908629,0.022814421374867257,6.90725888324873e-05,0.8842639593908629,0.07208121827411168,0.483248730964467
2model_gemini_flash_lite_granite_8b,"gemini_flash_lite,granite_8b",always_granite_8b,0.8517766497461929,0.011004813902882639,1.626152284263959e-05,0.8517766497461929,0.10456852791878173,0.0365482233502538
2model_gemini_flash_lite_llama_70b,"gemini_flash_lite,llama_70b",oracle,0.950253807106599,0.01157538502638715,0.00012231281319796954,0.950253807106599,0.0,1.0
2model_gemini_flash_lite_llama_70b,"gemini_flash_lite,llama_70b",always_gemini_flash_lite,0.9197969543147207,0.009080479096445892,0.00012411269035532996,0.9197969543147207,0.030456852791878174,0.9695431472081217
2model_gemini_flash_lite_llama_70b,"gemini_flash_lite,llama_70b",knn_router,0.9197969543147207,0.009080479096445892,0.00012406493401015227,0.9197969543147207,0.030456852791878174,0.9634517766497461
2model_gemini_flash_lite_llama_70b,"gemini_flash_lite,llama_70b",tfidf_mlp_router,0.9197969543147207,0.009080479096445892,0.00012396779695431474,0.9197969543147207,0.030456852791878174,0.96751269035533
2model_gemini_flash_lite_llama_70b,"gemini_flash_lite,llama_70b",mlp_router,0.9187817258883249,0.008026085431899475,0.00012387061421319798,0.9187817258883249,0.03147208121827411,0.9654822335025381
2model_gemini_flash_lite_llama_70b,"gemini_flash_lite,llama_70b",tfidf_linear_svm_router,0.9187817258883249,0.008026085431899475,0.000123613345177665,0.9187817258883249,0.03147208121827411,0.9624365482233502
2model_gemini_flash_lite_llama_70b,"gemini_flash_lite,llama_70b",tfidf_logistic_router,0.9177664974619288,0.007529135519894108,0.00012025671065989849,0.9177664974619288,0.032487309644670045,0.9147208121827411
2model_gemini_flash_lite_llama_70b,"gemini_flash_lite,llama_70b",random_forest_router,0.915736040609137,0.008494010421665756,0.00012113939086294418,0.915736040609137,0.03451776649746193,0.900507614213198
2model_gemini_flash_lite_llama_70b,"gemini_flash_lite,llama_70b",extra_trees_router,0.9096446700507614,0.01263949197765352,0.0011292041654822334,0.9096446700507614,0.04060913705583756,0.7796954314720812
2model_gemini_flash_lite_llama_70b,"gemini_flash_lite,llama_70b",linear_svm_router,0.9096446700507614,0.013139268127456626,0.0001162667959390863,0.9096446700507614,0.04060913705583756,0.8213197969543147
2model_gemini_flash_lite_llama_70b,"gemini_flash_lite,llama_70b",logistic_router,0.9076142131979695,0.01408572276701684,0.00011271429847715738,0.9076142131979695,0.04263959390862944,0.7847715736040609
2model_gemini_flash_lite_llama_70b,"gemini_flash_lite,llama_70b",random,0.9076142131979695,0.004247005210832822,0.003134617545177665,0.9076142131979695,0.04263959390862944,0.4873096446700507
2model_gemini_flash_lite_llama_70b,"gemini_flash_lite,llama_70b",decision_tree_router,0.9045685279187816,0.01157538502638717,0.0021361847573604063,0.9045685279187816,0.045685279187817264,0.6994923857868021
2model_gemini_flash_lite_llama_70b,"gemini_flash_lite,llama_70b",always_llama_70b,0.8944162436548224,0.015809554824768954,0.003099861020304569,0.8944162436548224,0.05583756345177665,0.030456852791878174
2model_gemini_flash_lite_qwen_30b,"gemini_flash_lite,qwen_30b",oracle,0.9522842639593909,0.009221270114002462,0.00012006057705583756,0.9522842639593909,0.0,1.0
2model_gemini_flash_lite_qwen_30b,"gemini_flash_lite,qwen_30b",extra_trees_router,0.9238578680203047,0.006216979042596906,0.00011097519472081217,0.9238578680203047,0.02842639593908629,0.8629441624365481
2model_gemini_flash_lite_qwen_30b,"gemini_flash_lite,qwen_30b",logistic_router,0.9218274111675127,0.005787692513193615,0.00011037912040609136,0.9218274111675127,0.030456852791878174,0.8588832487309646
2model_gemini_flash_lite_qwen_30b,"gemini_flash_lite,qwen_30b",linear_svm_router,0.9208121827411168,0.008494010421665765,0.00011381076873096447,0.9208121827411168,0.03147208121827411,0.882233502538071
2model_gemini_flash_lite_qwen_30b,"gemini_flash_lite,qwen_30b",tfidf_logistic_router,0.9197969543147207,0.006618479599190549,0.0001190743971573604,0.9197969543147207,0.032487309644670045,0.9309644670050762
2model_gemini_flash_lite_qwen_30b,"gemini_flash_lite,qwen_30b",always_gemini_flash_lite,0.9197969543147207,0.009080479096445892,0.00012411269035532996,0.9197969543147207,0.03248730964467005,0.9675126903553298
2model_gemini_flash_lite_qwen_30b,"gemini_flash_lite,qwen_30b",knn_router,0.9197969543147207,0.009080479096445892,0.00012383280040609138,0.9197969543147207,0.03248730964467005,0.9654822335025381
2model_gemini_flash_lite_qwen_30b,"gemini_flash_lite,qwen_30b",tfidf_mlp_router,0.9197969543147207,0.009080479096445892,0.00012358311065989848,0.9197969543147207,0.03248730964467005,0.9634517766497461
2model_gemini_flash_lite_qwen_30b,"gemini_flash_lite,qwen_30b",random_forest_router,0.9187817258883249,0.008026085431899475,0.00012166754111675127,0.9187817258883249,0.03350253807106599,0.9441624365482234
2model_gemini_flash_lite_qwen_30b,"gemini_flash_lite,qwen_30b",tfidf_linear_svm_router,0.9187817258883249,0.008026085431899475,0.00012288644588832488,0.9187817258883249,0.03350253807106599,0.9583756345177665
2model_gemini_flash_lite_qwen_30b,"gemini_flash_lite,qwen_30b",random,0.9177664974619291,0.014972468227159995,7.349334862944162e-05,0.9177664974619291,0.03451776649746193,0.4913705583756345
2model_gemini_flash_lite_qwen_30b,"gemini_flash_lite,qwen_30b",mlp_router,0.9177664974619288,0.007529135519894108,0.00012308229604060913,0.9177664974619288,0.03451776649746193,0.9583756345177665
2model_gemini_flash_lite_qwen_30b,"gemini_flash_lite,qwen_30b",decision_tree_router,0.9106598984771572,0.014176893445450705,9.804385705583756e-05,0.9106598984771572,0.04162436548223351,0.7167512690355331
2model_gemini_flash_lite_qwen_30b,"gemini_flash_lite,qwen_30b",always_qwen_30b,0.899492385786802,0.021052224724190542,2.514537543147208e-05,0.899492385786802,0.05279187817258883,0.03248730964467005
2model_gemini_flash_llama_70b,"gemini_flash,llama_70b",oracle,0.9380710659898478,0.01808987784893956,0.0001842268335025381,0.9380710659898478,0.0,1.0
2model_gemini_flash_llama_70b,"gemini_flash,llama_70b",extra_trees_router,0.900507614213198,0.011686156784996274,0.003210526990862944,0.900507614213198,0.03756345177664975,0.7786802030456853
2model_gemini_flash_llama_70b,"gemini_flash,llama_70b",always_llama_70b,0.8944162436548224,0.015809554824768954,0.003099861020304569,0.8944162436548224,0.04365482233502538,0.06903553299492386
2model_gemini_flash_llama_70b,"gemini_flash,llama_70b",random_forest_router,0.8944162436548224,0.015809554824768958,0.002202479329949239,0.8944162436548224,0.04365482233502538,0.8314720812182742
2model_gemini_flash_llama_70b,"gemini_flash,llama_70b",logistic_router,0.8903553299492385,0.012224969115525204,0.002192492532994924,0.8903553299492385,0.047715736040609136,0.7614213197969544
2model_gemini_flash_llama_70b,"gemini_flash,llama_70b",decision_tree_router,0.8852791878172589,0.011686156784996321,0.002192479379695432,0.8852791878172589,0.05279187817258883,0.7543147208121828
2model_gemini_flash_llama_70b,"gemini_flash,llama_70b",tfidf_logistic_router,0.8852791878172589,0.009221270114002558,0.00017525035025380708,0.8852791878172589,0.05279187817258883,0.8426395939086294
2model_gemini_flash_llama_70b,"gemini_flash,llama_70b",random,0.883248730964467,0.01015228426395935,0.0031725004385786807,0.883248730964467,0.05482233502538071,0.4873096446700507
2model_gemini_flash_llama_70b,"gemini_flash,llama_70b",mlp_router,0.8761421319796954,0.018512266526711126,0.000186991807106599,0.8761421319796954,0.061928934010152294,0.8934010152284264
2model_gemini_flash_llama_70b,"gemini_flash,llama_70b",linear_svm_router,0.8741116751269036,0.016211897891036855,0.0001723635228426396,0.8741116751269036,0.06395939086294417,0.797969543147208
2model_gemini_flash_llama_70b,"gemini_flash,llama_70b",knn_router,0.8730964467005077,0.01190460852747063,0.0001937221421319797,0.8730964467005077,0.06497461928934009,0.9299492385786803
2model_gemini_flash_llama_70b,"gemini_flash,llama_70b",tfidf_mlp_router,0.8710659898477158,0.008494010421665709,0.0001921864923857868,0.8710659898477158,0.06700507614213198,0.9208121827411168
2model_gemini_flash_llama_70b,"gemini_flash,llama_70b",tfidf_linear_svm_router,0.8700507614213198,0.015058271039788134,0.00018995327411167512,0.8700507614213198,0.06802030456852792,0.9065989847715736
2model_gemini_flash_llama_70b,"gemini_flash,llama_70b",always_gemini_flash,0.8690355329949238,0.011004813902882628,0.00019447837563451776,0.8690355329949238,0.06903553299492386,0.9309644670050762
2model_gemini_flash_qwen_30b,"gemini_flash,qwen_30b",oracle,0.9390862944162437,0.009496592352218154,0.00018136572385786802,0.9390862944162437,0.0,1.0
2model_gemini_flash_qwen_30b,"gemini_flash,qwen_30b",always_qwen_30b,0.899492385786802,0.021052224724190542,2.514537543147208e-05,0.899492385786802,0.03959390862944163,0.0700507614213198
2model_gemini_flash_qwen_30b,"gemini_flash,qwen_30b",extra_trees_router,0.8954314720812183,0.016291174148102727,0.00015675545218274113,0.8954314720812183,0.04365482233502538,0.7563451776649746
2model_gemini_flash_qwen_30b,"gemini_flash,qwen_30b",random_forest_router,0.8954314720812183,0.015890838418780223,0.00016743104487309643,0.8954314720812183,0.04365482233502538,0.8131979695431472
2model_gemini_flash_qwen_30b,"gemini_flash,qwen_30b",random,0.8934010152284264,0.008026085431899465,0.00011137624203045686,0.8934010152284264,0.045685279187817264,0.49238578680203043
2model_gemini_flash_qwen_30b,"gemini_flash,qwen_30b",logistic_router,0.8873096446700508,0.018442540228005,0.00016144682802030457,0.8873096446700508,0.05177664974619289,0.7776649746192893
2model_gemini_flash_qwen_30b,"gemini_flash,qwen_30b",decision_tree_router,0.8862944162436548,0.013236959198381026,0.0001592004994923858,0.8862944162436548,0.05279187817258883,0.7563451776649746
2model_gemini_flash_qwen_30b,"gemini_flash,qwen_30b",tfidf_logistic_router,0.8812182741116752,0.016681905304725884,0.00017321240893401014,0.8812182741116752,0.05786802030456852,0.8294416243654823
2model_gemini_flash_qwen_30b,"gemini_flash,qwen_30b",linear_svm_router,0.8781725888324873,0.012941673892367478,0.00017115796345177665,0.8781725888324873,0.06091370558375635,0.8192893401015228
2model_gemini_flash_qwen_30b,"gemini_flash,qwen_30b",always_gemini_flash,0.8690355329949238,0.011004813902882628,0.00019447837563451776,0.8690355329949238,0.0700507614213198,0.9299492385786803
2model_gemini_flash_qwen_30b,"gemini_flash,qwen_30b",knn_router,0.8690355329949238,0.011004813902882628,0.00019447837563451776,0.8690355329949238,0.0700507614213198,0.9299492385786803
2model_gemini_flash_qwen_30b,"gemini_flash,qwen_30b",mlp_router,0.8690355329949238,0.009764154346026043,0.00018783118700507615,0.8690355329949238,0.0700507614213198,0.8923857868020304
2model_gemini_flash_qwen_30b,"gemini_flash,qwen_30b",tfidf_mlp_router,0.8690355329949238,0.011004813902882628,0.00019316856568527918,0.8690355329949238,0.0700507614213198,0.9218274111675127
2model_gemini_flash_qwen_30b,"gemini_flash,qwen_30b",tfidf_linear_svm_router,0.8680203045685279,0.009496592352218105,0.00019015436588832487,0.8680203045685279,0.07106598984771574,0.9055837563451776
2model_llama_70b_deepseek_v3,"llama_70b,deepseek_v3",oracle,0.9522842639593909,0.010526112362095278,0.00310096549035533,0.9522842639593909,0.0,1.0
2model_llama_70b_deepseek_v3,"llama_70b,deepseek_v3",decision_tree_router,0.9116751269035532,0.022870822997093997,0.0031023312050761417,0.9116751269035532,0.04060913705583756,0.7461928934010152
2model_llama_70b_deepseek_v3,"llama_70b,deepseek_v3",linear_svm_router,0.9116751269035532,0.019195604468212234,0.0031021411472081217,0.9116751269035532,0.04060913705583756,0.7949238578680203
2model_llama_70b_deepseek_v3,"llama_70b,deepseek_v3",always_deepseek_v3,0.9076142131979695,0.016604494653600154,7.242940507614214e-05,0.9076142131979695,0.04467005076142132,0.05786802030456852
2model_llama_70b_deepseek_v3,"llama_70b,deepseek_v3",logistic_router,0.9076142131979695,0.01497246822716005,0.003102494046700508,0.9076142131979695,0.04467005076142132,0.7654822335025381
2model_llama_70b_deepseek_v3,"llama_70b,deepseek_v3",tfidf_logistic_router,0.9076142131979695,0.0187885842876363,0.0031012581187817257,0.9076142131979695,0.04467005076142132,0.8304568527918782
2model_llama_70b_deepseek_v3,"llama_70b,deepseek_v3",extra_trees_router,0.9055837563451776,0.016291174148102727,0.0031012124050761427,0.9055837563451776,0.046700507614213196,0.8081218274111676
2model_llama_70b_deepseek_v3,"llama_70b,deepseek_v3",random_forest_router,0.9035532994923858,0.01794687261894793,0.003100328388832487,0.9035532994923858,0.048730964467005075,0.802030456852792
2model_llama_70b_deepseek_v3,"llama_70b,deepseek_v3",mlp_router,0.8964467005076141,0.0178027186972083,0.0031002175492385784,0.8964467005076141,0.05583756345177665,0.9218274111675127
2model_llama_70b_deepseek_v3,"llama_70b,deepseek_v3",random,0.8964467005076141,0.012224969115525152,6.261315431472082e-05,0.8964467005076141,0.05583756345177665,0.48020304568527916
2model_llama_70b_deepseek_v3,"llama_70b,deepseek_v3",always_llama_70b,0.8944162436548224,0.015809554824768954,0.003099861020304569,0.8944162436548224,0.05786802030456852,0.9421319796954315
2model_llama_70b_deepseek_v3,"llama_70b,deepseek_v3",knn_router,0.8944162436548224,0.015809554824768954,0.0031000034365482234,0.8944162436548224,0.05786802030456852,0.9380710659898478
2model_llama_70b_deepseek_v3,"llama_70b,deepseek_v3",tfidf_linear_svm_router,0.8934010152284264,0.017214035490165674,0.003100100964467005,0.8934010152284264,0.05888324873096447,0.9106598984771574
2model_llama_70b_deepseek_v3,"llama_70b,deepseek_v3",tfidf_mlp_router,0.8923857868020304,0.017363077539580815,0.003100136894416244,0.8923857868020304,0.05989847715736041,0.9279187817258883
2model_llama_70b_granite_8b,"llama_70b,granite_8b",oracle,0.9401015228426395,0.014972468227160028,0.003098043299492386,0.9401015228426395,0.0,1.0
2model_llama_70b_granite_8b,"llama_70b,granite_8b",linear_svm_router,0.9015228426395939,0.018512266526711136,0.0030947775918781723,0.9015228426395939,0.03857868020304569,0.8274111675126903
2model_llama_70b_granite_8b,"llama_70b,granite_8b",mlp_router,0.8964467005076141,0.01668190530472586,0.0030990889796954314,0.8964467005076141,0.04365482233502538,0.9380710659898478
2model_llama_70b_granite_8b,"llama_70b,granite_8b",always_llama_70b,0.8944162436548224,0.015809554824768954,0.003099861020304569,0.8944162436548224,0.04568527918781726,0.9543147208121827
2model_llama_70b_granite_8b,"llama_70b,granite_8b",logistic_router,0.8944162436548224,0.019462222855513495,0.003093732058883248,0.8944162436548224,0.04568527918781726,0.798984771573604
2model_llama_70b_granite_8b,"llama_70b,granite_8b",tfidf_mlp_router,0.8944162436548224,0.015809554824768954,0.0030996373451776652,0.8944162436548224,0.04568527918781726,0.9451776649746193
2model_llama_70b_granite_8b,"llama_70b,granite_8b",knn_router,0.8934010152284264,0.01605217086379889,0.0030997055685279195,0.8934010152284264,0.046700507614213196,0.9482233502538071
2model_llama_70b_granite_8b,"llama_70b,granite_8b",random_forest_router,0.8934010152284264,0.023537102780445983,0.003093443241624365,0.8934010152284264,0.046700507614213196,0.7949238578680202
2model_llama_70b_granite_8b,"llama_70b,granite_8b",extra_trees_router,0.8913705583756345,0.022587406559682204,0.0030933745817258882,0.8913705583756345,0.048730964467005075,0.797969543147208
2model_llama_70b_granite_8b,"llama_70b,granite_8b",tfidf_linear_svm_router,0.8913705583756345,0.017437120850068714,0.003098728265989848,0.8913705583756345,0.048730964467005075,0.9218274111675127
2model_llama_70b_granite_8b,"llama_70b,granite_8b",tfidf_logistic_router,0.8903553299492385,0.019528308692052153,0.003095112500507614,0.8903553299492385,0.049746192893401014,0.8294416243654823
2model_llama_70b_granite_8b,"llama_70b,granite_8b",decision_tree_router,0.8842639593908629,0.0331701710714813,0.002073704711675127,0.8842639593908629,0.05583756345177665,0.7076142131979696
2model_llama_70b_granite_8b,"llama_70b,granite_8b",random,0.8710659898477158,0.030372132592186,3.431606395939086e-05,0.8710659898477158,0.06903553299492385,0.4802030456852792
2model_llama_70b_granite_8b,"llama_70b,granite_8b",always_granite_8b,0.8517766497461929,0.011004813902882639,1.626152284263959e-05,0.8517766497461929,0.0883248730964467,0.04568527918781726
2model_qwen_30b_deepseek_v3,"qwen_30b,deepseek_v3",oracle,0.9431472081218274,0.0075291355198940325,2.702271431472081e-05,0.9431472081218274,0.0,1.0
2model_qwen_30b_deepseek_v3,"qwen_30b,deepseek_v3",always_deepseek_v3,0.9076142131979695,0.016604494653600154,7.242940507614214e-05,0.9076142131979695,0.03553299492385787,0.04365482233502538
2model_qwen_30b_deepseek_v3,"qwen_30b,deepseek_v3",decision_tree_router,0.9045685279187816,0.019462222855513512,3.59800661928934e-05,0.9045685279187816,0.03857868020304568,0.7431472081218274
2model_qwen_30b_deepseek_v3,"qwen_30b,deepseek_v3",mlp_router,0.9015228426395939,0.02017726590289523,2.6472423959390862e-05,0.9015228426395939,0.04162436548223351,0.9319796954314722
2model_qwen_30b_deepseek_v3,"qwen_30b,deepseek_v3",always_qwen_30b,0.899492385786802,0.021052224724190542,2.514537543147208e-05,0.899492385786802,0.04365482233502538,0.9563451776649746
2model_qwen_30b_deepseek_v3,"qwen_30b,deepseek_v3",knn_router,0.899492385786802,0.021052224724190542,2.539736893401015e-05,0.899492385786802,0.04365482233502538,0.949238578680203
2model_qwen_30b_deepseek_v3,"qwen_30b,deepseek_v3",tfidf_linear_svm_router,0.899492385786802,0.021052224724190542,2.5613815634517768e-05,0.899492385786802,0.04365482233502538,0.9482233502538071
2model_qwen_30b_deepseek_v3,"qwen_30b,deepseek_v3",tfidf_mlp_router,0.899492385786802,0.021052224724190542,2.5406242030456854e-05,0.899492385786802,0.04365482233502538,0.9543147208121827
2model_qwen_30b_deepseek_v3,"qwen_30b,deepseek_v3",random_forest_router,0.898477157360406,0.02353710278044596,2.8037532994923854e-05,0.898477157360406,0.04467005076142132,0.8751269035532996
2model_qwen_30b_deepseek_v3,"qwen_30b,deepseek_v3",tfidf_logistic_router,0.898477157360406,0.020619386813796846,2.9046722030456853e-05,0.898477157360406,0.04467005076142132,0.8812182741116752
2model_qwen_30b_deepseek_v3,"qwen_30b,deepseek_v3",extra_trees_router,0.8974619289340101,0.01844254022800502,3.130242598984772e-05,0.8974619289340101,0.045685279187817264,0.8111675126903553
2model_qwen_30b_deepseek_v3,"qwen_30b,deepseek_v3",linear_svm_router,0.8974619289340101,0.022530295452966653,3.3611697055837564e-05,0.8974619289340101,0.045685279187817264,0.782741116751269
2model_qwen_30b_deepseek_v3,"qwen_30b,deepseek_v3",logistic_router,0.8954314720812183,0.02342737209992752,3.503857705583756e-05,0.8954314720812183,0.047715736040609136,0.7664974619289341
2model_qwen_30b_deepseek_v3,"qwen_30b,deepseek_v3",random,0.8913705583756345,0.017437120850068658,4.9021705989847716e-05,0.8913705583756345,0.05177664974619289,0.4720812182741117
2model_qwen_30b_granite_8b,"qwen_30b,granite_8b",oracle,0.9350253807106599,0.010402995701481864,2.4747674720812183e-05,0.9350253807106599,0.0,1.0
2model_qwen_30b_granite_8b,"qwen_30b,granite_8b",tfidf_linear_svm_router,0.9035532994923857,0.0179468726189479,2.5027352284263958e-05,0.9035532994923857,0.03147208121827411,0.9624365482233502
2model_qwen_30b_granite_8b,"qwen_30b,granite_8b",tfidf_mlp_router,0.9035532994923857,0.0179468726189479,2.5126002030456854e-05,0.9035532994923857,0.03147208121827411,0.9685279187817258
2model_qwen_30b_granite_8b,"qwen_30b,granite_8b",mlp_router,0.9025380710659899,0.01979044537017051,2.510265015228426e-05,0.9025380710659899,0.032487309644670045,0.9624365482233502
2model_qwen_30b_granite_8b,"qwen_30b,granite_8b",linear_svm_router,0.899492385786802,0.01808987784893957,2.3875240609137057e-05,0.899492385786802,0.035532994923857864,0.8517766497461929
2model_qwen_30b_granite_8b,"qwen_30b,granite_8b",always_qwen_30b,0.899492385786802,0.021052224724190542,2.514537543147208e-05,0.899492385786802,0.03553299492385787,0.9644670050761421
2model_qwen_30b_granite_8b,"qwen_30b,granite_8b",knn_router,0.899492385786802,0.021052224724190542,2.5133080203045683e-05,0.899492385786802,0.03553299492385787,0.9624365482233502
2model_qwen_30b_granite_8b,"qwen_30b,granite_8b",tfidf_logistic_router,0.899492385786802,0.016211897891036886,2.4511594720812178e-05,0.899492385786802,0.03553299492385787,0.9055837563451776
2model_qwen_30b_granite_8b,"qwen_30b,granite_8b",extra_trees_router,0.898477157360406,0.010768123571368733,2.3941661725888325e-05,0.898477157360406,0.0365482233502538,0.8284263959390863
2model_qwen_30b_granite_8b,"qwen_30b,granite_8b",logistic_router,0.8974619289340101,0.013620718644668791,2.3671355126903552e-05,0.8974619289340101,0.03756345177664974,0.8263959390862944
2model_qwen_30b_granite_8b,"qwen_30b,granite_8b",random_forest_router,0.8944162436548224,0.015809554824768954,2.4400310659898475e-05,0.8944162436548224,0.04060913705583756,0.8659898477157361
2model_qwen_30b_granite_8b,"qwen_30b,granite_8b",decision_tree_router,0.8934010152284264,0.015645720819718198,2.3026453604060915e-05,0.8934010152284264,0.04162436548223351,0.7390862944162436
2model_qwen_30b_granite_8b,"qwen_30b,granite_8b",random,0.8659898477157361,0.02747689056390732,2.0724615634517764e-05,0.8659898477157361,0.06903553299492386,0.4781725888324873
2model_qwen_30b_granite_8b,"qwen_30b,granite_8b",always_granite_8b,0.8517766497461929,0.011004813902882639,1.626152284263959e-05,0.8517766497461929,0.08324873096446701,0.03553299492385787
2model_qwen_30b_llama_70b,"qwen_30b,llama_70b",oracle,0.9451776649746193,0.011004813902882616,2.6772743350253805e-05,0.9451776649746193,0.0,1.0
2model_qwen_30b_llama_70b,"qwen_30b,llama_70b",decision_tree_router,0.9035532994923857,0.013430209700835461,0.0020625840739086293,0.9035532994923857,0.0416243654822335,0.7411167512690355
2model_qwen_30b_llama_70b,"qwen_30b,llama_70b",mlp_router,0.9025380710659899,0.021356024332957007,2.6005172588832483e-05,0.9025380710659899,0.04263959390862944,0.9390862944162436
2model_qwen_30b_llama_70b,"qwen_30b,llama_70b",tfidf_linear_svm_router,0.9025380710659899,0.01979044537017051,2.5448586802030453e-05,0.9025380710659899,0.04263959390862944,0.9431472081218274
2model_qwen_30b_llama_70b,"qwen_30b,llama_70b",tfidf_logistic_router,0.9015228426395939,0.018512266526711153,2.8270628426395942e-05,0.9015228426395939,0.04365482233502538,0.8680203045685279
2model_qwen_30b_llama_70b,"qwen_30b,llama_70b",extra_trees_router,0.899492385786802,0.015809554824768934,3.076120426395939e-05,0.899492385786802,0.04568527918781726,0.7959390862944162
2model_qwen_30b_llama_70b,"qwen_30b,llama_70b",linear_svm_router,0.899492385786802,0.011575385026387157,3.168887431472081e-05,0.899492385786802,0.04568527918781726,0.782741116751269
2model_qwen_30b_llama_70b,"qwen_30b,llama_70b",logistic_router,0.899492385786802,0.012119123234835872,3.106120040609137e-05,0.899492385786802,0.04568527918781726,0.7888324873096446
2model_qwen_30b_llama_70b,"qwen_30b,llama_70b",always_qwen_30b,0.899492385786802,0.021052224724190542,2.514537543147208e-05,0.899492385786802,0.045685279187817264,0.9543147208121827
2model_qwen_30b_llama_70b,"qwen_30b,llama_70b",knn_router,0.899492385786802,0.021052224724190542,2.571424162436548e-05,0.899492385786802,0.045685279187817264,0.9461928934010153
2model_qwen_30b_llama_70b,"qwen_30b,llama_70b",tfidf_mlp_router,0.899492385786802,0.021052224724190542,2.523170395939086e-05,0.899492385786802,0.045685279187817264,0.9512690355329949
2model_qwen_30b_llama_70b,"qwen_30b,llama_70b",always_llama_70b,0.8944162436548224,0.015809554824768954,0.003099861020304569,0.8944162436548224,0.050761421319796954,0.045685279187817264
2model_qwen_30b_llama_70b,"qwen_30b,llama_70b",random_forest_router,0.8923857868020304,0.01844254022800501,2.8611275126903554e-05,0.8923857868020304,0.05279187817258883,0.8477157360406091
2model_qwen_30b_llama_70b,"qwen_30b,llama_70b",random,0.8893401015228427,0.013139268127456685,0.0030862695719796954,0.8893401015228427,0.05583756345177665,0.47005076142131974
3model_gemini_flash_deepseek_v3_granite_8b,"gemini_flash,deepseek_v3,granite_8b",oracle,0.950253807106599,0.009764154346026075,0.00018138841421319797,0.950253807106599,0.0,1.0
3model_gemini_flash_deepseek_v3_granite_8b,"gemini_flash,deepseek_v3,granite_8b",always_deepseek_v3,0.9076142131979695,0.016604494653600154,7.242940507614214e-05,0.9076142131979695,0.04263959390862944,0.06700507614213198
3model_gemini_flash_deepseek_v3_granite_8b,"gemini_flash,deepseek_v3,granite_8b",extra_trees_router,0.8964467005076141,0.012741015632498593,0.00015915510253807107,0.8964467005076141,0.05380710659898478,0.7076142131979696
3model_gemini_flash_deepseek_v3_granite_8b,"gemini_flash,deepseek_v3,granite_8b",logistic_router,0.8913705583756345,0.013714980798077446,0.0001584779959390863,0.8913705583756345,0.05888324873096447,0.7126903553299492
3model_gemini_flash_deepseek_v3_granite_8b,"gemini_flash,deepseek_v3,granite_8b",random_forest_router,0.8913705583756345,0.007698350704620885,0.00017311761421319796,0.8913705583756345,0.05888324873096447,0.7928934010152284
3model_gemini_flash_deepseek_v3_granite_8b,"gemini_flash,deepseek_v3,granite_8b",decision_tree_router,0.8862944162436548,0.017437120850068707,0.00015900471065989847,0.8862944162436548,0.06395939086294417,0.6903553299492386
3model_gemini_flash_deepseek_v3_granite_8b,"gemini_flash,deepseek_v3,granite_8b",tfidf_logistic_router,0.8812182741116752,0.008494010421665754,0.0001787412,0.8812182741116752,0.06903553299492386,0.8253807106598986
3model_gemini_flash_deepseek_v3_granite_8b,"gemini_flash,deepseek_v3,granite_8b",mlp_router,0.8761421319796954,0.010526112362095254,0.00018790700507614213,0.8761421319796954,0.07411167512690356,0.8862944162436548
3model_gemini_flash_deepseek_v3_granite_8b,"gemini_flash,deepseek_v3,granite_8b",random,0.8751269035532994,0.02397100295049257,9.463991878172588e-05,0.8751269035532994,0.0751269035532995,0.3177664974619289
3model_gemini_flash_deepseek_v3_granite_8b,"gemini_flash,deepseek_v3,granite_8b",knn_router,0.8710659898477158,0.01274101563249858,0.00019369662944162435,0.8710659898477158,0.07918781725888324,0.9197969543147207
3model_gemini_flash_deepseek_v3_granite_8b,"gemini_flash,deepseek_v3,granite_8b",tfidf_linear_svm_router,0.8710659898477158,0.011121270203150575,0.00019196856040609137,0.8710659898477158,0.07918781725888324,0.9015228426395939
3model_gemini_flash_deepseek_v3_granite_8b,"gemini_flash,deepseek_v3,granite_8b",linear_svm_router,0.8700507614213198,0.012741015632498614,0.00018674190456852792,0.8700507614213198,0.08020304568527918,0.8609137055837565
3model_gemini_flash_deepseek_v3_granite_8b,"gemini_flash,deepseek_v3,granite_8b",tfidf_mlp_router,0.8700507614213198,0.01052611236209528,0.0001928083350253807,0.8700507614213198,0.08020304568527918,0.9106598984771572
3model_gemini_flash_deepseek_v3_granite_8b,"gemini_flash,deepseek_v3,granite_8b",always_gemini_flash,0.8690355329949238,0.011004813902882628,0.00019447837563451776,0.8690355329949238,0.08121827411167512,0.9187817258883249
3model_gemini_flash_deepseek_v3_granite_8b,"gemini_flash,deepseek_v3,granite_8b",always_granite_8b,0.8517766497461929,0.011004813902882639,1.626152284263959e-05,0.8517766497461929,0.09847715736040609,0.014213197969543146
3model_gemini_flash_lite_deepseek_v3_granite_8b,"gemini_flash_lite,deepseek_v3,granite_8b",oracle,0.9644670050761421,0.00949659235221817,0.00011998172588832487,0.9644670050761421,0.0,1.0
3model_gemini_flash_lite_deepseek_v3_granite_8b,"gemini_flash_lite,deepseek_v3,granite_8b",logistic_router,0.9238578680203047,0.01605217086379888,0.00010958962842639595,0.9238578680203047,0.04060913705583756,0.782741116751269
3model_gemini_flash_lite_deepseek_v3_granite_8b,"gemini_flash_lite,deepseek_v3,granite_8b",random_forest_router,0.9218274111675127,0.00922127011400256,0.00012064999390862943,0.9218274111675127,0.04263959390862944,0.9065989847715736
3model_gemini_flash_lite_deepseek_v3_granite_8b,"gemini_flash_lite,deepseek_v3,granite_8b",tfidf_logistic_router,0.9208121827411168,0.010526112362095328,0.00012042079593908629,0.9208121827411168,0.043654822335025385,0.9086294416243655
3model_gemini_flash_lite_deepseek_v3_granite_8b,"gemini_flash_lite,deepseek_v3,granite_8b",always_gemini_flash_lite,0.9197969543147207,0.009080479096445892,0.00012411269035532996,0.9197969543147207,0.04467005076142132,0.9553299492385786
3model_gemini_flash_lite_deepseek_v3_granite_8b,"gemini_flash_lite,deepseek_v3,granite_8b",extra_trees_router,0.9197969543147207,0.00834095265236297,0.00011135272081218276,0.9197969543147207,0.04467005076142132,0.802030456852792
3model_gemini_flash_lite_deepseek_v3_granite_8b,"gemini_flash_lite,deepseek_v3,granite_8b",knn_router,0.9197969543147207,0.009080479096445892,0.0001240174111675127,0.9197969543147207,0.04467005076142132,0.9532994923857867
3model_gemini_flash_lite_deepseek_v3_granite_8b,"gemini_flash_lite,deepseek_v3,granite_8b",linear_svm_router,0.9197969543147207,0.011004813902882635,0.00011980037969543148,0.9197969543147207,0.04467005076142132,0.9065989847715736
3model_gemini_flash_lite_deepseek_v3_granite_8b,"gemini_flash_lite,deepseek_v3,granite_8b",tfidf_linear_svm_router,0.9187817258883249,0.008026085431899473,0.00012337114720812185,0.9187817258883249,0.045685279187817264,0.9472081218274113
3model_gemini_flash_lite_deepseek_v3_granite_8b,"gemini_flash_lite,deepseek_v3,granite_8b",mlp_router,0.9177664974619288,0.008340952652362949,0.00012300566294416244,0.9177664974619288,0.046700507614213196,0.9401015228426395
3model_gemini_flash_lite_deepseek_v3_granite_8b,"gemini_flash_lite,deepseek_v3,granite_8b",tfidf_mlp_router,0.9177664974619288,0.008340952652362949,0.00012355300507614213,0.9177664974619288,0.046700507614213196,0.950253807106599
3model_gemini_flash_lite_deepseek_v3_granite_8b,"gemini_flash_lite,deepseek_v3,granite_8b",decision_tree_router,0.9096446700507614,0.012119123234835836,0.00010101654416243654,0.9096446700507614,0.05482233502538071,0.6142131979695431
3model_gemini_flash_lite_deepseek_v3_granite_8b,"gemini_flash_lite,deepseek_v3,granite_8b",always_deepseek_v3,0.9076142131979695,0.016604494653600154,7.242940507614214e-05,0.9076142131979695,0.05685279187817258,0.030456852791878174
3model_gemini_flash_lite_deepseek_v3_granite_8b,"gemini_flash_lite,deepseek_v3,granite_8b",random,0.8913705583756345,0.030583493058664125,6.933692385786802e-05,0.8913705583756345,0.0730964467005076,0.32385786802030453
3model_gemini_flash_lite_deepseek_v3_granite_8b,"gemini_flash_lite,deepseek_v3,granite_8b",always_granite_8b,0.8517766497461929,0.011004813902882639,1.626152284263959e-05,0.8517766497461929,0.11269035532994924,0.014213197969543146
3model_gemini_flash_lite_gemini_flash_deepseek_v3,"gemini_flash_lite,gemini_flash,deepseek_v3",oracle,0.9553299492385786,0.010402995701481847,0.00012456329949238579,0.9553299492385786,0.0,1.0
3model_gemini_flash_lite_gemini_flash_deepseek_v3,"gemini_flash_lite,gemini_flash,deepseek_v3",always_gemini_flash_lite,0.9197969543147207,0.009080479096445892,0.00012411269035532996,0.9197969543147207,0.03553299492385787,0.9644670050761421
3model_gemini_flash_lite_gemini_flash_deepseek_v3,"gemini_flash_lite,gemini_flash,deepseek_v3",knn_router,0.9197969543147207,0.009080479096445892,0.00012434532994923857,0.9197969543147207,0.03553299492385787,0.9614213197969544
3model_gemini_flash_lite_gemini_flash_deepseek_v3,"gemini_flash_lite,gemini_flash,deepseek_v3",tfidf_logistic_router,0.9197969543147207,0.011004813902882684,0.00012523038984771573,0.9197969543147207,0.03553299492385787,0.9116751269035532
3model_gemini_flash_lite_gemini_flash_deepseek_v3,"gemini_flash_lite,gemini_flash,deepseek_v3",mlp_router,0.9187817258883249,0.010152284263959418,0.00012437759390862945,0.9187817258883249,0.0365482233502538,0.9522842639593909
3model_gemini_flash_lite_gemini_flash_deepseek_v3,"gemini_flash_lite,gemini_flash,deepseek_v3",random_forest_router,0.9187817258883249,0.011904608527470653,0.0001250940121827411,0.9187817258883249,0.0365482233502538,0.9035532994923858
3model_gemini_flash_lite_gemini_flash_deepseek_v3,"gemini_flash_lite,gemini_flash,deepseek_v3",tfidf_linear_svm_router,0.9187817258883249,0.008026085431899473,0.00012447410152284266,0.9187817258883249,0.0365482233502538,0.9593908629441625
3model_gemini_flash_lite_gemini_flash_deepseek_v3,"gemini_flash_lite,gemini_flash,deepseek_v3",tfidf_mlp_router,0.9177664974619288,0.008340952652362949,0.00012422551269035534,0.9177664974619288,0.03756345177664975,0.9604060913705584
3model_gemini_flash_lite_gemini_flash_deepseek_v3,"gemini_flash_lite,gemini_flash,deepseek_v3",logistic_router,0.915736040609137,0.010526112362095276,0.0001271254720812183,0.915736040609137,0.03959390862944163,0.7898477157360406
3model_gemini_flash_lite_gemini_flash_deepseek_v3,"gemini_flash_lite,gemini_flash,deepseek_v3",linear_svm_router,0.9147208121827411,0.011004813902882663,0.00012498765279187818,0.9147208121827411,0.04060913705583756,0.9309644670050762
3model_gemini_flash_lite_gemini_flash_deepseek_v3,"gemini_flash_lite,gemini_flash,deepseek_v3",extra_trees_router,0.9116751269035532,0.01274101563249863,0.000126179323857868,0.9116751269035532,0.04365482233502538,0.8071065989847716
3model_gemini_flash_lite_gemini_flash_deepseek_v3,"gemini_flash_lite,gemini_flash,deepseek_v3",decision_tree_router,0.9096446700507614,0.01408572276701685,0.0001242040385786802,0.9096446700507614,0.045685279187817264,0.6406091370558376
3model_gemini_flash_lite_gemini_flash_deepseek_v3,"gemini_flash_lite,gemini_flash,deepseek_v3",always_deepseek_v3,0.9076142131979695,0.016604494653600154,7.242940507614214e-05,0.9076142131979695,0.047715736040609136,0.02030456852791878
3model_gemini_flash_lite_gemini_flash_deepseek_v3,"gemini_flash_lite,gemini_flash,deepseek_v3",random,0.8944162436548224,0.014085722767016855,0.0001268247269035533,0.8944162436548224,0.06091370558375635,0.3218274111675127
3model_gemini_flash_lite_gemini_flash_deepseek_v3,"gemini_flash_lite,gemini_flash,deepseek_v3",always_gemini_flash,0.8690355329949238,0.011004813902882628,0.00019447837563451776,0.8690355329949238,0.08629441624365483,0.015228426395939087
3model_gemini_flash_lite_gemini_flash_granite_8b,"gemini_flash_lite,gemini_flash,granite_8b",oracle,0.9583756345177665,0.009080479096445854,0.00012277522842639595,0.9583756345177665,0.0,1.0
3model_gemini_flash_lite_gemini_flash_granite_8b,"gemini_flash_lite,gemini_flash,granite_8b",always_gemini_flash_lite,0.9197969543147207,0.009080479096445892,0.00012411269035532996,0.9197969543147207,0.03857868020304568,0.9614213197969544
3model_gemini_flash_lite_gemini_flash_granite_8b,"gemini_flash_lite,gemini_flash,granite_8b",knn_router,0.9197969543147207,0.009080479096445892,0.00012434532994923857,0.9197969543147207,0.03857868020304568,0.9583756345177665
3model_gemini_flash_lite_gemini_flash_granite_8b,"gemini_flash_lite,gemini_flash,granite_8b",mlp_router,0.9197969543147207,0.009080479096445892,0.00012421192893401017,0.9197969543147207,0.03857868020304568,0.9522842639593909
3model_gemini_flash_lite_gemini_flash_granite_8b,"gemini_flash_lite,gemini_flash,granite_8b",tfidf_linear_svm_router,0.9197969543147207,0.009080479096445892,0.00012422477157360406,0.9197969543147207,0.03857868020304568,0.9563451776649746
3model_gemini_flash_lite_gemini_flash_granite_8b,"gemini_flash_lite,gemini_flash,granite_8b",tfidf_logistic_router,0.9197969543147207,0.011575385026387233,0.00012435172588832487,0.9197969543147207,0.03857868020304568,0.9116751269035532
3model_gemini_flash_lite_gemini_flash_granite_8b,"gemini_flash_lite,gemini_flash,granite_8b",tfidf_mlp_router,0.9197969543147207,0.009080479096445892,0.00012401040609137057,0.9197969543147207,0.03857868020304568,0.9583756345177665
3model_gemini_flash_lite_gemini_flash_granite_8b,"gemini_flash_lite,gemini_flash,granite_8b",linear_svm_router,0.915736040609137,0.01052611236209532,0.00012466913705583754,0.915736040609137,0.04263959390862944,0.9228426395939087
3model_gemini_flash_lite_gemini_flash_granite_8b,"gemini_flash_lite,gemini_flash,granite_8b",random_forest_router,0.915736040609137,0.0076983507046208405,0.00012517131979695434,0.915736040609137,0.04263959390862944,0.9076142131979695
3model_gemini_flash_lite_gemini_flash_granite_8b,"gemini_flash_lite,gemini_flash,granite_8b",extra_trees_router,0.9126903553299492,0.011575385026387169,0.0001252227918781726,0.9126903553299492,0.045685279187817264,0.8263959390862944
3model_gemini_flash_lite_gemini_flash_granite_8b,"gemini_flash_lite,gemini_flash,granite_8b",logistic_router,0.9126903553299492,0.01211912323483585,0.00012463340101522843,0.9126903553299492,0.045685279187817264,0.8142131979695432
3model_gemini_flash_lite_gemini_flash_granite_8b,"gemini_flash_lite,gemini_flash,granite_8b",decision_tree_router,0.8954314720812183,0.010526112362095252,0.00011737192893401016,0.8954314720812183,0.06294416243654823,0.7157360406091371
3model_gemini_flash_lite_gemini_flash_granite_8b,"gemini_flash_lite,gemini_flash,granite_8b",random,0.8781725888324873,0.02183331286051431,0.00010718751269035533,0.8781725888324873,0.08020304568527918,0.3208121827411167
3model_gemini_flash_lite_gemini_flash_granite_8b,"gemini_flash_lite,gemini_flash,granite_8b",always_gemini_flash,0.8690355329949238,0.011004813902882628,0.00019447837563451776,0.8690355329949238,0.08934010152284264,0.015228426395939087
3model_gemini_flash_lite_gemini_flash_granite_8b,"gemini_flash_lite,gemini_flash,granite_8b",always_granite_8b,0.8517766497461929,0.011004813902882639,1.626152284263959e-05,0.8517766497461929,0.10659898477157362,0.023350253807106598
3model_gemini_flash_lite_gemini_flash_llama_70b,"gemini_flash_lite,gemini_flash,llama_70b",oracle,0.9543147208121827,0.012941673892367488,0.00012513204670050763,0.9543147208121827,0.0,1.0
3model_gemini_flash_lite_gemini_flash_llama_70b,"gemini_flash_lite,gemini_flash,llama_70b",always_gemini_flash_lite,0.9197969543147207,0.009080479096445892,0.00012411269035532996,0.9197969543147207,0.034517766497461924,0.9654822335025381
3model_gemini_flash_lite_gemini_flash_llama_70b,"gemini_flash_lite,gemini_flash,llama_70b",knn_router,0.9197969543147207,0.009080479096445892,0.00012441294416243656,0.9197969543147207,0.034517766497461924,0.9583756345177665
3model_gemini_flash_lite_gemini_flash_llama_70b,"gemini_flash_lite,gemini_flash,llama_70b",mlp_router,0.9197969543147207,0.009080479096445892,0.00012438581725888326,0.9197969543147207,0.034517766497461924,0.9573604060913705
3model_gemini_flash_lite_gemini_flash_llama_70b,"gemini_flash_lite,gemini_flash,llama_70b",tfidf_linear_svm_router,0.9197969543147207,0.009080479096445892,0.00012450832487309645,0.9197969543147207,0.034517766497461924,0.9614213197969544
3model_gemini_flash_lite_gemini_flash_llama_70b,"gemini_flash_lite,gemini_flash,llama_70b",tfidf_mlp_router,0.9197969543147207,0.009080479096445892,0.00012429395939086296,0.9197969543147207,0.034517766497461924,0.9634517766497461
3model_gemini_flash_lite_gemini_flash_llama_70b,"gemini_flash_lite,gemini_flash,llama_70b",tfidf_logistic_router,0.9177664974619288,0.009080479096445878,0.0001251179543147208,0.9177664974619288,0.0365482233502538,0.9126903553299492
3model_gemini_flash_lite_gemini_flash_llama_70b,"gemini_flash_lite,gemini_flash,llama_70b",random_forest_router,0.9167512690355331,0.009221270114002525,0.0011403095329949237,0.9167512690355331,0.03756345177664975,0.9045685279187816
3model_gemini_flash_lite_gemini_flash_llama_70b,"gemini_flash_lite,gemini_flash,llama_70b",linear_svm_router,0.915736040609137,0.008494010421665749,0.00012533015228426397,0.915736040609137,0.03857868020304568,0.9258883248730964
3model_gemini_flash_lite_gemini_flash_llama_70b,"gemini_flash_lite,gemini_flash,llama_70b",decision_tree_router,0.9147208121827411,0.006618479599190466,0.0021510626720812184,0.9147208121827411,0.03959390862944163,0.750253807106599
3model_gemini_flash_lite_gemini_flash_llama_70b,"gemini_flash_lite,gemini_flash,llama_70b",logistic_router,0.9106598984771572,0.0076983507046208665,0.00012607939390862945,0.9106598984771572,0.04365482233502538,0.76751269035533
3model_gemini_flash_lite_gemini_flash_llama_70b,"gemini_flash_lite,gemini_flash,llama_70b",extra_trees_router,0.9106598984771572,0.01548015297662629,0.002154193934010153,0.9106598984771572,0.043654822335025385,0.7736040609137056
3model_gemini_flash_lite_gemini_flash_llama_70b,"gemini_flash_lite,gemini_flash,llama_70b",random,0.8954314720812183,0.004540239548222937,0.0031665893482233512,0.8954314720812183,0.05888324873096447,0.3248730964467005
3model_gemini_flash_lite_gemini_flash_llama_70b,"gemini_flash_lite,gemini_flash,llama_70b",always_llama_70b,0.8944162436548224,0.015809554824768954,0.003099861020304569,0.8944162436548224,0.05989847715736041,0.01928934010152284
3model_gemini_flash_lite_gemini_flash_llama_70b,"gemini_flash_lite,gemini_flash,llama_70b",always_gemini_flash,0.8690355329949238,0.011004813902882628,0.00019447837563451776,0.8690355329949238,0.08527918781725888,0.015228426395939087
3model_gemini_flash_lite_gemini_flash_qwen_30b,"gemini_flash_lite,gemini_flash,qwen_30b",oracle,0.9553299492385786,0.008340952652362899,0.0001236593100507614,0.9553299492385786,0.0,1.0
3model_gemini_flash_lite_gemini_flash_qwen_30b,"gemini_flash_lite,gemini_flash,qwen_30b",mlp_router,0.9208121827411168,0.009221270114002538,0.00012402012223350253,0.9208121827411168,0.034517766497461924,0.9563451776649746
3model_gemini_flash_lite_gemini_flash_qwen_30b,"gemini_flash_lite,gemini_flash,qwen_30b",always_gemini_flash_lite,0.9197969543147207,0.009080479096445892,0.00012411269035532996,0.9197969543147207,0.03553299492385787,0.9644670050761421
3model_gemini_flash_lite_gemini_flash_qwen_30b,"gemini_flash_lite,gemini_flash,qwen_30b",knn_router,0.9197969543147207,0.009080479096445892,0.00012434532994923857,0.9197969543147207,0.03553299492385787,0.9614213197969542
3model_gemini_flash_lite_gemini_flash_qwen_30b,"gemini_flash_lite,gemini_flash,qwen_30b",tfidf_linear_svm_router,0.9197969543147207,0.009080479096445892,0.00012437974619289343,0.9197969543147207,0.03553299492385787,0.9614213197969544
3model_gemini_flash_lite_gemini_flash_qwen_30b,"gemini_flash_lite,gemini_flash,qwen_30b",tfidf_mlp_router,0.9197969543147207,0.009080479096445892,0.00012429395939086296,0.9197969543147207,0.03553299492385787,0.9624365482233502
3model_gemini_flash_lite_gemini_flash_qwen_30b,"gemini_flash_lite,gemini_flash,qwen_30b",tfidf_logistic_router,0.9187817258883249,0.010152284263959421,0.0001240494899492386,0.9187817258883249,0.0365482233502538,0.9096446700507614
3model_gemini_flash_lite_gemini_flash_qwen_30b,"gemini_flash_lite,gemini_flash,qwen_30b",extra_trees_router,0.9167512690355331,0.014176893445450742,0.00011892628507614213,0.9167512690355331,0.03857868020304568,0.7786802030456853
3model_gemini_flash_lite_gemini_flash_qwen_30b,"gemini_flash_lite,gemini_flash,qwen_30b",linear_svm_router,0.9167512690355331,0.00769835070462088,0.00012439273340101524,0.9167512690355331,0.03857868020304568,0.9269035532994924
3model_gemini_flash_lite_gemini_flash_qwen_30b,"gemini_flash_lite,gemini_flash,qwen_30b",random_forest_router,0.9167512690355331,0.009221270114002525,0.0001234105782741117,0.9167512690355331,0.03857868020304568,0.8974619289340101
3model_gemini_flash_lite_gemini_flash_qwen_30b,"gemini_flash_lite,gemini_flash,qwen_30b",logistic_router,0.9147208121827411,0.010402995701481793,0.00012478187370558376,0.9147208121827411,0.04060913705583756,0.7969543147208122
3model_gemini_flash_lite_gemini_flash_qwen_30b,"gemini_flash_lite,gemini_flash,qwen_30b",decision_tree_router,0.9045685279187816,0.008340952652362885,0.00011919779045685281,0.9045685279187816,0.050761421319796954,0.7218274111675127
3model_gemini_flash_lite_gemini_flash_qwen_30b,"gemini_flash_lite,gemini_flash,qwen_30b",random,0.9015228426395939,0.011121270203150522,0.00011006677035532994,0.9015228426395939,0.05380710659898478,0.32284263959390863
3model_gemini_flash_lite_gemini_flash_qwen_30b,"gemini_flash_lite,gemini_flash,qwen_30b",always_qwen_30b,0.899492385786802,0.021052224724190542,2.514537543147208e-05,0.899492385786802,0.05583756345177665,0.02030456852791878
3model_gemini_flash_lite_gemini_flash_qwen_30b,"gemini_flash_lite,gemini_flash,qwen_30b",always_gemini_flash,0.8690355329949238,0.011004813902882628,0.00019447837563451776,0.8690355329949238,0.08629441624365482,0.015228426395939087
3model_gemini_flash_lite_llama_70b_deepseek_v3,"gemini_flash_lite,llama_70b,deepseek_v3",oracle,0.9675126903553298,0.012224969115525152,0.00012111476243654822,0.9675126903553298,0.0,1.0
3model_gemini_flash_lite_llama_70b_deepseek_v3,"gemini_flash_lite,llama_70b,deepseek_v3",mlp_router,0.9208121827411168,0.010526112362095328,0.0001231811583756345,0.9208121827411168,0.046700507614213196,0.9380710659898478
3model_gemini_flash_lite_llama_70b_deepseek_v3,"gemini_flash_lite,llama_70b,deepseek_v3",tfidf_logistic_router,0.9208121827411168,0.008494010421665765,0.00012055700812182741,0.9208121827411168,0.046700507614213196,0.899492385786802
3model_gemini_flash_lite_llama_70b_deepseek_v3,"gemini_flash_lite,llama_70b,deepseek_v3",always_gemini_flash_lite,0.9197969543147207,0.009080479096445892,0.00012411269035532996,0.9197969543147207,0.047715736040609136,0.9522842639593909
3model_gemini_flash_lite_llama_70b_deepseek_v3,"gemini_flash_lite,llama_70b,deepseek_v3",knn_router,0.9197969543147207,0.009080479096445892,0.000124015269035533,0.9197969543147207,0.047715736040609136,0.9451776649746193
3model_gemini_flash_lite_llama_70b_deepseek_v3,"gemini_flash_lite,llama_70b,deepseek_v3",tfidf_linear_svm_router,0.9187817258883249,0.008026085431899473,0.00012362828934010152,0.9187817258883249,0.048730964467005075,0.9461928934010153
3model_gemini_flash_lite_llama_70b_deepseek_v3,"gemini_flash_lite,llama_70b,deepseek_v3",random_forest_router,0.9177664974619288,0.007529135519894097,0.00011901021319796956,0.9177664974619288,0.049746192893401014,0.849746192893401
3model_gemini_flash_lite_llama_70b_deepseek_v3,"gemini_flash_lite,llama_70b,deepseek_v3",tfidf_mlp_router,0.9177664974619288,0.008340952652362949,0.00012384968527918782,0.9177664974619288,0.049746192893401014,0.9472081218274111
3model_gemini_flash_lite_llama_70b_deepseek_v3,"gemini_flash_lite,llama_70b,deepseek_v3",linear_svm_router,0.9177664974619288,0.009080479096445878,0.00012253755126903553,0.9177664974619288,0.04974619289340102,0.9177664974619291
3model_gemini_flash_lite_llama_70b_deepseek_v3,"gemini_flash_lite,llama_70b,deepseek_v3",extra_trees_router,0.9086294416243655,0.012941673892367458,0.001126825789847716,0.9086294416243655,0.05888324873096447,0.7319796954314721
3model_gemini_flash_lite_llama_70b_deepseek_v3,"gemini_flash_lite,llama_70b,deepseek_v3",logistic_router,0.9086294416243655,0.013901587753938212,0.00011092069746192892,0.9086294416243655,0.05888324873096447,0.7258883248730965
3model_gemini_flash_lite_llama_70b_deepseek_v3,"gemini_flash_lite,llama_70b,deepseek_v3",always_deepseek_v3,0.9076142131979695,0.016604494653600154,7.242940507614214e-05,0.9076142131979695,0.05989847715736041,0.017258883248730966
3model_gemini_flash_lite_llama_70b_deepseek_v3,"gemini_flash_lite,llama_70b,deepseek_v3",decision_tree_router,0.9015228426395939,0.014176893445450712,0.0011156219025380712,0.9015228426395939,0.06598984771573604,0.5868020304568529
3model_gemini_flash_lite_llama_70b_deepseek_v3,"gemini_flash_lite,llama_70b,deepseek_v3",random,0.899492385786802,0.015809554824768934,8.283559289340102e-05,0.899492385786802,0.06802030456852792,0.316751269035533
3model_gemini_flash_lite_llama_70b_deepseek_v3,"gemini_flash_lite,llama_70b,deepseek_v3",always_llama_70b,0.8944162436548224,0.015809554824768954,0.003099861020304569,0.8944162436548224,0.0730964467005076,0.030456852791878174
3model_gemini_flash_lite_llama_70b_granite_8b,"gemini_flash_lite,llama_70b,granite_8b",oracle,0.9654822335025381,0.009764154346026096,0.00011982804162436549,0.9654822335025381,0.0,1.0
3model_gemini_flash_lite_llama_70b_granite_8b,"gemini_flash_lite,llama_70b,granite_8b",always_gemini_flash_lite,0.9197969543147207,0.009080479096445892,0.00012411269035532996,0.9197969543147207,0.045685279187817264,0.9543147208121827
3model_gemini_flash_lite_llama_70b_granite_8b,"gemini_flash_lite,llama_70b,granite_8b",knn_router,0.9197969543147207,0.009080479096445892,0.00012384564467005075,0.9197969543147207,0.045685279187817264,0.9472081218274111
3model_gemini_flash_lite_llama_70b_granite_8b,"gemini_flash_lite,llama_70b,granite_8b",tfidf_linear_svm_router,0.9197969543147207,0.009080479096445892,0.00012316152791878174,0.9197969543147207,0.045685279187817264,0.9472081218274113
3model_gemini_flash_lite_llama_70b_granite_8b,"gemini_flash_lite,llama_70b,granite_8b",tfidf_mlp_router,0.9197969543147207,0.009080479096445892,0.00012346495431472083,0.9197969543147207,0.045685279187817264,0.950253807106599
3model_gemini_flash_lite_llama_70b_granite_8b,"gemini_flash_lite,llama_70b,granite_8b",mlp_router,0.9187817258883249,0.008026085431899475,0.00012292727918781726,0.9187817258883249,0.046700507614213196,0.9431472081218274
3model_gemini_flash_lite_llama_70b_granite_8b,"gemini_flash_lite,llama_70b,granite_8b",linear_svm_router,0.9177664974619288,0.009080479096445878,0.00012171442639593907,0.9177664974619288,0.047715736040609136,0.9187817258883249
3model_gemini_flash_lite_llama_70b_granite_8b,"gemini_flash_lite,llama_70b,granite_8b",tfidf_logistic_router,0.9177664974619288,0.007529135519894108,0.00011954667512690356,0.9177664974619288,0.047715736040609136,0.9025380710659899
3model_gemini_flash_lite_llama_70b_granite_8b,"gemini_flash_lite,llama_70b,granite_8b",random_forest_router,0.9147208121827411,0.00976415434602606,0.00011997332588832487,0.9147208121827411,0.050761421319796954,0.8751269035532996
3model_gemini_flash_lite_llama_70b_granite_8b,"gemini_flash_lite,llama_70b,granite_8b",extra_trees_router,0.9106598984771572,0.015058271039788141,0.0011249733847715738,0.9106598984771572,0.05482233502538071,0.7532994923857868
3model_gemini_flash_lite_llama_70b_granite_8b,"gemini_flash_lite,llama_70b,granite_8b",logistic_router,0.9086294416243655,0.012941673892367453,0.0001093031614213198,0.9086294416243655,0.05685279187817258,0.7563451776649746
3model_gemini_flash_lite_llama_70b_granite_8b,"gemini_flash_lite,llama_70b,granite_8b",decision_tree_router,0.9015228426395939,0.016291174148102737,0.0021257679451776655,0.9015228426395939,0.06395939086294417,0.5807106598984773
3model_gemini_flash_lite_llama_70b_granite_8b,"gemini_flash_lite,llama_70b,granite_8b",always_llama_70b,0.8944162436548224,0.015809554824768954,0.003099861020304569,0.8944162436548224,0.07106598984771574,0.030456852791878174
3model_gemini_flash_lite_llama_70b_granite_8b,"gemini_flash_lite,llama_70b,granite_8b",random,0.883248730964467,0.02061938681379682,6.319837868020304e-05,0.883248730964467,0.08223350253807107,0.3147208121827411
3model_gemini_flash_lite_llama_70b_granite_8b,"gemini_flash_lite,llama_70b,granite_8b",always_granite_8b,0.8517766497461929,0.011004813902882639,1.626152284263959e-05,0.8517766497461929,0.11370558375634518,0.015228426395939085
3model_gemini_flash_lite_qwen_30b_deepseek_v3,"gemini_flash_lite,qwen_30b,deepseek_v3",oracle,0.9593908629441625,0.008026085431899447,0.00011954714558375635,0.9593908629441625,0.0,1.0
3model_gemini_flash_lite_qwen_30b_deepseek_v3,"gemini_flash_lite,qwen_30b,deepseek_v3",logistic_router,0.9258883248730964,0.008494010421665765,0.00010788740629441625,0.9258883248730964,0.03350253807106599,0.7807106598984772
3model_gemini_flash_lite_qwen_30b_deepseek_v3,"gemini_flash_lite,qwen_30b,deepseek_v3",extra_trees_router,0.9248730964467005,0.007529135519894115,0.00010986374944162436,0.9248730964467005,0.034517766497461924,0.8223350253807107
3model_gemini_flash_lite_qwen_30b_deepseek_v3,"gemini_flash_lite,qwen_30b,deepseek_v3",linear_svm_router,0.9208121827411168,0.006810359322334404,0.00012123325441624364,0.9208121827411168,0.03857868020304568,0.9309644670050762
3model_gemini_flash_lite_qwen_30b_deepseek_v3,"gemini_flash_lite,qwen_30b,deepseek_v3",always_gemini_flash_lite,0.9197969543147207,0.009080479096445892,0.00012411269035532996,0.9197969543147207,0.03959390862944162,0.9604060913705584
3model_gemini_flash_lite_qwen_30b_deepseek_v3,"gemini_flash_lite,qwen_30b,deepseek_v3",knn_router,0.9197969543147207,0.009080479096445892,0.00012383280040609138,0.9197969543147207,0.03959390862944162,0.9583756345177665
3model_gemini_flash_lite_qwen_30b_deepseek_v3,"gemini_flash_lite,qwen_30b,deepseek_v3",tfidf_linear_svm_router,0.9197969543147207,0.009080479096445892,0.00012311922802030458,0.9197969543147207,0.03959390862944162,0.9543147208121827
3model_gemini_flash_lite_qwen_30b_deepseek_v3,"gemini_flash_lite,qwen_30b,deepseek_v3",tfidf_mlp_router,0.9197969543147207,0.009080479096445892,0.00012358311065989848,0.9197969543147207,0.03959390862944162,0.9563451776649746
3model_gemini_flash_lite_qwen_30b_deepseek_v3,"gemini_flash_lite,qwen_30b,deepseek_v3",random_forest_router,0.9187817258883249,0.011904608527470653,0.00012063581847715735,0.9187817258883249,0.04060913705583756,0.9258883248730964
3model_gemini_flash_lite_qwen_30b_deepseek_v3,"gemini_flash_lite,qwen_30b,deepseek_v3",tfidf_logistic_router,0.9187817258883249,0.009496592352218199,0.00011841126335025381,0.9187817258883249,0.04060913705583756,0.9076142131979695
3model_gemini_flash_lite_qwen_30b_deepseek_v3,"gemini_flash_lite,qwen_30b,deepseek_v3",mlp_router,0.9167512690355331,0.006810359322334407,0.000122874574213198,0.9167512690355331,0.04263959390862944,0.9482233502538071
3model_gemini_flash_lite_qwen_30b_deepseek_v3,"gemini_flash_lite,qwen_30b,deepseek_v3",decision_tree_router,0.9086294416243655,0.017214035490165664,8.756466802030456e-05,0.9086294416243655,0.050761421319796954,0.5614213197969543
3model_gemini_flash_lite_qwen_30b_deepseek_v3,"gemini_flash_lite,qwen_30b,deepseek_v3",always_deepseek_v3,0.9076142131979695,0.016604494653600154,7.242940507614214e-05,0.9076142131979695,0.05177664974619289,0.007106598984771573
3model_gemini_flash_lite_qwen_30b_deepseek_v3,"gemini_flash_lite,qwen_30b,deepseek_v3",random,0.900507614213198,0.01323695919838102,7.387579208121828e-05,0.900507614213198,0.05888324873096447,0.3187817258883249
3model_gemini_flash_lite_qwen_30b_deepseek_v3,"gemini_flash_lite,qwen_30b,deepseek_v3",always_qwen_30b,0.899492385786802,0.021052224724190542,2.514537543147208e-05,0.899492385786802,0.05989847715736041,0.03248730964467005
3model_gemini_flash_lite_qwen_30b_granite_8b,"gemini_flash_lite,qwen_30b,granite_8b",oracle,0.9654822335025381,0.008340952652362954,0.00011822230294416245,0.9654822335025381,0.0,1.0
3model_gemini_flash_lite_qwen_30b_granite_8b,"gemini_flash_lite,qwen_30b,granite_8b",extra_trees_router,0.9228426395939087,0.009764154346026102,0.00010740345949238578,0.9228426395939087,0.04263959390862944,0.8060913705583757
3model_gemini_flash_lite_qwen_30b_granite_8b,"gemini_flash_lite,qwen_30b,granite_8b",logistic_router,0.9228426395939087,0.009080479096445852,0.00010371893197969543,0.9228426395939087,0.04263959390862944,0.7736040609137056
3model_gemini_flash_lite_qwen_30b_granite_8b,"gemini_flash_lite,qwen_30b,granite_8b",linear_svm_router,0.9208121827411168,0.00578769251319361,0.00012070171532994925,0.9208121827411168,0.04467005076142132,0.9269035532994924
3model_gemini_flash_lite_qwen_30b_granite_8b,"gemini_flash_lite,qwen_30b,granite_8b",always_gemini_flash_lite,0.9197969543147207,0.009080479096445892,0.00012411269035532996,0.9197969543147207,0.045685279187817264,0.9543147208121827
3model_gemini_flash_lite_qwen_30b_granite_8b,"gemini_flash_lite,qwen_30b,granite_8b",knn_router,0.9197969543147207,0.009080479096445892,0.00012383280040609138,0.9197969543147207,0.045685279187817264,0.9522842639593909
3model_gemini_flash_lite_qwen_30b_granite_8b,"gemini_flash_lite,qwen_30b,granite_8b",mlp_router,0.9197969543147207,0.009080479096445892,0.0001229710594923858,0.9197969543147207,0.045685279187817264,0.9472081218274111
3model_gemini_flash_lite_qwen_30b_granite_8b,"gemini_flash_lite,qwen_30b,granite_8b",tfidf_mlp_router,0.9197969543147207,0.009080479096445892,0.0001232995573604061,0.9197969543147207,0.045685279187817264,0.949238578680203
3model_gemini_flash_lite_qwen_30b_granite_8b,"gemini_flash_lite,qwen_30b,granite_8b",tfidf_linear_svm_router,0.9187817258883249,0.008026085431899475,0.0001227410452791878,0.9187817258883249,0.046700507614213196,0.9451776649746193
3model_gemini_flash_lite_qwen_30b_granite_8b,"gemini_flash_lite,qwen_30b,granite_8b",tfidf_logistic_router,0.9187817258883249,0.007178749047579178,0.00011770826111675127,0.9187817258883249,0.046700507614213196,0.9035532994923858
3model_gemini_flash_lite_qwen_30b_granite_8b,"gemini_flash_lite,qwen_30b,granite_8b",random_forest_router,0.9177664974619288,0.007529135519894097,0.000119497461928934,0.9177664974619288,0.047715736040609136,0.9096446700507614
3model_gemini_flash_lite_qwen_30b_granite_8b,"gemini_flash_lite,qwen_30b,granite_8b",decision_tree_router,0.9015228426395939,0.018857031087316446,7.574374416243654e-05,0.9015228426395939,0.06395939086294417,0.5147208121827411
3model_gemini_flash_lite_qwen_30b_granite_8b,"gemini_flash_lite,qwen_30b,granite_8b",always_qwen_30b,0.899492385786802,0.021052224724190542,2.514537543147208e-05,0.899492385786802,0.06598984771573604,0.03248730964467005
3model_gemini_flash_lite_qwen_30b_granite_8b,"gemini_flash_lite,qwen_30b,granite_8b",random,0.8842639593908629,0.027663810342007548,5.4238577868020306e-05,0.8842639593908629,0.08121827411167512,0.31675126903553297
3model_gemini_flash_lite_qwen_30b_granite_8b,"gemini_flash_lite,qwen_30b,granite_8b",always_granite_8b,0.8517766497461929,0.011004813902882639,1.626152284263959e-05,0.8517766497461929,0.11370558375634518,0.013197969543147208
3model_gemini_flash_lite_qwen_30b_llama_70b,"gemini_flash_lite,qwen_30b,llama_70b",oracle,0.9685279187817258,0.011004813902882646,0.00011931422781725888,0.9685279187817258,0.0,1.0
3model_gemini_flash_lite_qwen_30b_llama_70b,"gemini_flash_lite,qwen_30b,llama_70b",linear_svm_router,0.9208121827411168,0.00578769251319361,0.00012062566375634518,0.9208121827411168,0.047715736040609136,0.9025380710659899
3model_gemini_flash_lite_qwen_30b_llama_70b,"gemini_flash_lite,qwen_30b,llama_70b",always_gemini_flash_lite,0.9197969543147207,0.009080479096445892,0.00012411269035532996,0.9197969543147207,0.048730964467005075,0.9512690355329949
3model_gemini_flash_lite_qwen_30b_llama_70b,"gemini_flash_lite,qwen_30b,llama_70b",knn_router,0.9197969543147207,0.009080479096445892,0.00012383285116751268,0.9197969543147207,0.048730964467005075,0.9441624365482234
3model_gemini_flash_lite_qwen_30b_llama_70b,"gemini_flash_lite,qwen_30b,llama_70b",mlp_router,0.9197969543147207,0.009080479096445892,0.0001231158716751269,0.9197969543147207,0.048730964467005075,0.9411167512690355
3model_gemini_flash_lite_qwen_30b_llama_70b,"gemini_flash_lite,qwen_30b,llama_70b",tfidf_mlp_router,0.9197969543147207,0.009080479096445892,0.00012358311065989848,0.9197969543147207,0.048730964467005075,0.9472081218274113
3model_gemini_flash_lite_qwen_30b_llama_70b,"gemini_flash_lite,qwen_30b,llama_70b",tfidf_linear_svm_router,0.9187817258883249,0.008026085431899475,0.00012320876101522843,0.9187817258883249,0.04974619289340102,0.9441624365482234
3model_gemini_flash_lite_qwen_30b_llama_70b,"gemini_flash_lite,qwen_30b,llama_70b",logistic_router,0.9177664974619288,0.0066184795991905115,0.00010527060507614213,0.9177664974619288,0.050761421319796954,0.7319796954314721
3model_gemini_flash_lite_qwen_30b_llama_70b,"gemini_flash_lite,qwen_30b,llama_70b",tfidf_logistic_router,0.9177664974619288,0.006618479599190562,0.00011759389888324873,0.9177664974619288,0.050761421319796954,0.8761421319796954
3model_gemini_flash_lite_qwen_30b_llama_70b,"gemini_flash_lite,qwen_30b,llama_70b",random_forest_router,0.915736040609137,0.009895222685085239,0.0001176704966497462,0.915736040609137,0.05279187817258883,0.8406091370558375
3model_gemini_flash_lite_qwen_30b_llama_70b,"gemini_flash_lite,qwen_30b,llama_70b",extra_trees_router,0.9137055837563451,0.013901587753938209,0.00010736244467005077,0.9137055837563451,0.05482233502538071,0.751269035532995
3model_gemini_flash_lite_qwen_30b_llama_70b,"gemini_flash_lite,qwen_30b,llama_70b",random,0.9015228426395939,0.013236959198381,0.0031136404134010157,0.9015228426395939,0.06700507614213198,0.3197969543147208
3model_gemini_flash_lite_qwen_30b_llama_70b,"gemini_flash_lite,qwen_30b,llama_70b",always_qwen_30b,0.899492385786802,0.021052224724190542,2.514537543147208e-05,0.899492385786802,0.06903553299492386,0.03248730964467005
3model_gemini_flash_lite_qwen_30b_llama_70b,"gemini_flash_lite,qwen_30b,llama_70b",decision_tree_router,0.8964467005076141,0.019195604468212227,9.629559573604062e-05,0.8964467005076141,0.07208121827411167,0.6355329949238578
3model_gemini_flash_lite_qwen_30b_llama_70b,"gemini_flash_lite,qwen_30b,llama_70b",always_llama_70b,0.8944162436548224,0.015809554824768954,0.003099861020304569,0.8944162436548224,0.07411167512690356,0.016243654822335023
3model_gemini_flash_llama_70b_deepseek_v3,"gemini_flash,llama_70b,deepseek_v3",oracle,0.9563451776649746,0.012741015632498602,0.0001817147543147208,0.9563451776649746,0.0,1.0
3model_gemini_flash_llama_70b_deepseek_v3,"gemini_flash,llama_70b,deepseek_v3",always_deepseek_v3,0.9076142131979695,0.016604494653600154,7.242940507614214e-05,0.9076142131979695,0.048730964467005075,0.0182741116751269
3model_gemini_flash_llama_70b_deepseek_v3,"gemini_flash,llama_70b,deepseek_v3",extra_trees_router,0.9015228426395939,0.01371498079807745,0.003206443468020305,0.9015228426395939,0.05482233502538071,0.7309644670050761
3model_gemini_flash_llama_70b_deepseek_v3,"gemini_flash,llama_70b,deepseek_v3",random_forest_router,0.8964467005076141,0.013236959198381,0.0021987389279187826,0.8964467005076141,0.05989847715736041,0.7756345177664975
3model_gemini_flash_llama_70b_deepseek_v3,"gemini_flash,llama_70b,deepseek_v3",always_llama_70b,0.8944162436548224,0.015809554824768954,0.003099861020304569,0.8944162436548224,0.061928934010152294,0.06903553299492386
3model_gemini_flash_llama_70b_deepseek_v3,"gemini_flash,llama_70b,deepseek_v3",decision_tree_router,0.8893401015228427,0.008340952652362966,0.0021755945065989853,0.8893401015228427,0.06700507614213198,0.6213197969543147
3model_gemini_flash_llama_70b_deepseek_v3,"gemini_flash,llama_70b,deepseek_v3",logistic_router,0.8883248730964468,0.012941673892367458,0.002187481802030457,0.8883248730964468,0.06802030456852792,0.6842639593908629
3model_gemini_flash_llama_70b_deepseek_v3,"gemini_flash,llama_70b,deepseek_v3",random,0.883248730964467,0.021536247142737476,0.00010813858781725887,0.883248730964467,0.0730964467005076,0.3177664974619289
3model_gemini_flash_llama_70b_deepseek_v3,"gemini_flash,llama_70b,deepseek_v3",tfidf_logistic_router,0.8812182741116752,0.010526112362095259,0.00017303794416243656,0.8812182741116752,0.0751269035532995,0.802030456852792
3model_gemini_flash_llama_70b_deepseek_v3,"gemini_flash,llama_70b,deepseek_v3",mlp_router,0.8741116751269036,0.015396701409241726,0.00018620747208121827,0.8741116751269036,0.08223350253807107,0.8670050761421321
3model_gemini_flash_llama_70b_deepseek_v3,"gemini_flash,llama_70b,deepseek_v3",knn_router,0.8730964467005077,0.01190460852747063,0.0001937221421319797,0.8730964467005077,0.08324873096446701,0.9126903553299492
3model_gemini_flash_llama_70b_deepseek_v3,"gemini_flash,llama_70b,deepseek_v3",always_gemini_flash,0.8690355329949238,0.011004813902882628,0.00019447837563451776,0.8690355329949238,0.08730964467005076,0.9126903553299492
3model_gemini_flash_llama_70b_deepseek_v3,"gemini_flash,llama_70b,deepseek_v3",linear_svm_router,0.8690355329949238,0.012119123234835836,0.00018525208527918783,0.8690355329949238,0.08730964467005076,0.8568527918781725
3model_gemini_flash_llama_70b_deepseek_v3,"gemini_flash,llama_70b,deepseek_v3",tfidf_mlp_router,0.8680203045685279,0.010152284263959402,0.00019274104568527917,0.8680203045685279,0.0883248730964467,0.9035532994923858
3model_gemini_flash_llama_70b_deepseek_v3,"gemini_flash,llama_70b,deepseek_v3",tfidf_linear_svm_router,0.8670050761421318,0.01497246822716002,0.00019149869543147208,0.8670050761421318,0.08934010152284264,0.8934010152284264
3model_gemini_flash_llama_70b_granite_8b,"gemini_flash,llama_70b,granite_8b",oracle,0.949238578680203,0.014799370291485526,0.0001811484578680203,0.949238578680203,0.0,1.0
3model_gemini_flash_llama_70b_granite_8b,"gemini_flash,llama_70b,granite_8b",always_llama_70b,0.8944162436548224,0.015809554824768954,0.003099861020304569,0.8944162436548224,0.05482233502538071,0.06903553299492386
3model_gemini_flash_llama_70b_granite_8b,"gemini_flash,llama_70b,granite_8b",extra_trees_router,0.8944162436548224,0.015809554824768958,0.0032033031279187817,0.8944162436548224,0.05482233502538071,0.7248730964467005
3model_gemini_flash_llama_70b_granite_8b,"gemini_flash,llama_70b,granite_8b",decision_tree_router,0.8893401015228427,0.012119123234835872,0.0011655434842639592,0.8893401015228427,0.05989847715736041,0.6700507614213198
3model_gemini_flash_llama_70b_granite_8b,"gemini_flash,llama_70b,granite_8b",random_forest_router,0.8873096446700508,0.012119123234835891,0.002196834929949239,0.8873096446700508,0.061928934010152294,0.7695431472081218
3model_gemini_flash_llama_70b_granite_8b,"gemini_flash,llama_70b,granite_8b",logistic_router,0.8842639593908629,0.013139268127456654,0.002185993492385787,0.8842639593908629,0.0649746192893401,0.7065989847715736
3model_gemini_flash_llama_70b_granite_8b,"gemini_flash,llama_70b,granite_8b",tfidf_logistic_router,0.8802030456852792,0.009895222685085251,0.00017336108629441624,0.8802030456852792,0.06903553299492386,0.8172588832487311
3model_gemini_flash_llama_70b_granite_8b,"gemini_flash,llama_70b,granite_8b",mlp_router,0.8741116751269036,0.015396701409241726,0.00018577525888324872,0.8741116751269036,0.0751269035532995,0.8720812182741117
3model_gemini_flash_llama_70b_granite_8b,"gemini_flash,llama_70b,granite_8b",knn_router,0.8730964467005077,0.01190460852747063,0.0001937221421319797,0.8730964467005077,0.07614213197969544,0.9187817258883249
3model_gemini_flash_llama_70b_granite_8b,"gemini_flash,llama_70b,granite_8b",linear_svm_router,0.8700507614213198,0.01052611236209523,0.00018460734010152283,0.8700507614213198,0.07918781725888326,0.8670050761421321
3model_gemini_flash_llama_70b_granite_8b,"gemini_flash,llama_70b,granite_8b",always_gemini_flash,0.8690355329949238,0.011004813902882628,0.00019447837563451776,0.8690355329949238,0.08020304568527918,0.9197969543147207
3model_gemini_flash_llama_70b_granite_8b,"gemini_flash,llama_70b,granite_8b",tfidf_mlp_router,0.8690355329949238,0.010402995701481777,0.00019236138071065988,0.8690355329949238,0.08020304568527918,0.9076142131979695
3model_gemini_flash_llama_70b_granite_8b,"gemini_flash,llama_70b,granite_8b",tfidf_linear_svm_router,0.8680203045685279,0.012941673892367446,0.00019120221319796955,0.8680203045685279,0.08121827411167512,0.9015228426395939
3model_gemini_flash_llama_70b_granite_8b,"gemini_flash,llama_70b,granite_8b",random,0.8670050761421321,0.017363077539580773,8.850137360406091e-05,0.8670050761421321,0.08223350253807107,0.3187817258883249
3model_gemini_flash_llama_70b_granite_8b,"gemini_flash,llama_70b,granite_8b",always_granite_8b,0.8517766497461929,0.011004813902882639,1.626152284263959e-05,0.8517766497461929,0.09746192893401015,0.01116751269035533
3model_gemini_flash_qwen_30b_deepseek_v3,"gemini_flash,qwen_30b,deepseek_v3",oracle,0.950253807106599,0.006618479599190461,0.00017969873299492384,0.950253807106599,0.0,1.0
3model_gemini_flash_qwen_30b_deepseek_v3,"gemini_flash,qwen_30b,deepseek_v3",always_deepseek_v3,0.9076142131979695,0.016604494653600154,7.242940507614214e-05,0.9076142131979695,0.04263959390862944,0.01116751269035533
3model_gemini_flash_qwen_30b_deepseek_v3,"gemini_flash,qwen_30b,deepseek_v3",always_qwen_30b,0.899492385786802,0.021052224724190542,2.514537543147208e-05,0.899492385786802,0.050761421319796954,0.0700507614213198
3model_gemini_flash_qwen_30b_deepseek_v3,"gemini_flash,qwen_30b,deepseek_v3",extra_trees_router,0.899492385786802,0.019128369219712425,0.00015584741279187818,0.899492385786802,0.050761421319796954,0.7360406091370558
3model_gemini_flash_qwen_30b_deepseek_v3,"gemini_flash,qwen_30b,deepseek_v3",random_forest_router,0.8974619289340101,0.01453585894748868,0.0001655394732994924,0.8974619289340101,0.05279187817258883,0.7928934010152284
3model_gemini_flash_qwen_30b_deepseek_v3,"gemini_flash,qwen_30b,deepseek_v3",decision_tree_router,0.8923857868020304,0.0228144213748672,0.00014071821604060914,0.8923857868020304,0.05786802030456852,0.6071065989847716
3model_gemini_flash_qwen_30b_deepseek_v3,"gemini_flash,qwen_30b,deepseek_v3",logistic_router,0.8903553299492387,0.015890838418780234,0.0001552467183756345,0.8903553299492387,0.05989847715736041,0.7055837563451777
3model_gemini_flash_qwen_30b_deepseek_v3,"gemini_flash,qwen_30b,deepseek_v3",random,0.8842639593908629,0.011004813902882648,9.917878700507613e-05,0.8842639593908629,0.06598984771573604,0.3187817258883249
3model_gemini_flash_qwen_30b_deepseek_v3,"gemini_flash,qwen_30b,deepseek_v3",tfidf_logistic_router,0.8812182741116752,0.017063691689311277,0.000172752549035533,0.8812182741116752,0.06903553299492386,0.8152284263959391
3model_gemini_flash_qwen_30b_deepseek_v3,"gemini_flash,qwen_30b,deepseek_v3",linear_svm_router,0.8730964467005077,0.01135059887055728,0.00018276144690355332,0.8730964467005077,0.07715736040609136,0.849746192893401
3model_gemini_flash_qwen_30b_deepseek_v3,"gemini_flash,qwen_30b,deepseek_v3",mlp_router,0.8730964467005077,0.014799370291485512,0.00018475923126903555,0.8730964467005077,0.07715736040609136,0.8710659898477158
3model_gemini_flash_qwen_30b_deepseek_v3,"gemini_flash,qwen_30b,deepseek_v3",knn_router,0.8710659898477158,0.01274101563249858,0.00019369662944162435,0.8710659898477158,0.07918781725888326,0.9177664974619291
3model_gemini_flash_qwen_30b_deepseek_v3,"gemini_flash,qwen_30b,deepseek_v3",tfidf_linear_svm_router,0.8700507614213198,0.009895222685085232,0.00019120371208121827,0.8700507614213198,0.08020304568527918,0.9015228426395939
3model_gemini_flash_qwen_30b_deepseek_v3,"gemini_flash,qwen_30b,deepseek_v3",always_gemini_flash,0.8690355329949238,0.011004813902882628,0.00019447837563451776,0.8690355329949238,0.08121827411167512,0.9187817258883249
3model_gemini_flash_qwen_30b_deepseek_v3,"gemini_flash,qwen_30b,deepseek_v3",tfidf_mlp_router,0.8690355329949238,0.011004813902882628,0.00019321699208121827,0.8690355329949238,0.08121827411167512,0.9116751269035532
3model_gemini_flash_qwen_30b_granite_8b,"gemini_flash,qwen_30b,granite_8b",oracle,0.9512690355329949,0.007698350704620831,0.0001781654192893401,0.9512690355329949,0.0,1.0
3model_gemini_flash_qwen_30b_granite_8b,"gemini_flash,qwen_30b,granite_8b",always_qwen_30b,0.899492385786802,0.021052224724190542,2.514537543147208e-05,0.899492385786802,0.05177664974619289,0.0700507614213198
3model_gemini_flash_qwen_30b_granite_8b,"gemini_flash,qwen_30b,granite_8b",extra_trees_router,0.8974619289340101,0.021052224724190546,0.0001514398854822335,0.8974619289340101,0.05380710659898478,0.7187817258883249
3model_gemini_flash_qwen_30b_granite_8b,"gemini_flash,qwen_30b,granite_8b",random_forest_router,0.8974619289340101,0.01453585894748868,0.00016407833177664973,0.8974619289340101,0.05380710659898478,0.7868020304568528
3model_gemini_flash_qwen_30b_granite_8b,"gemini_flash,qwen_30b,granite_8b",logistic_router,0.8873096446700508,0.018442540228005,0.00014713394274111675,0.8873096446700508,0.06395939086294417,0.6903553299492386
3model_gemini_flash_qwen_30b_granite_8b,"gemini_flash,qwen_30b,granite_8b",decision_tree_router,0.8812182741116752,0.013714980798077434,0.00014543729340101523,0.8812182741116752,0.0700507614213198,0.6791878172588832
3model_gemini_flash_qwen_30b_granite_8b,"gemini_flash,qwen_30b,granite_8b",tfidf_logistic_router,0.8791878172588833,0.015809554824768954,0.00017153621401015228,0.8791878172588833,0.07208121827411167,0.8131979695431472
3model_gemini_flash_qwen_30b_granite_8b,"gemini_flash,qwen_30b,granite_8b",always_gemini_flash,0.8690355329949238,0.011004813902882628,0.00019447837563451776,0.8690355329949238,0.08223350253807107,0.9177664974619288
3model_gemini_flash_qwen_30b_granite_8b,"gemini_flash,qwen_30b,granite_8b",knn_router,0.8690355329949238,0.011004813902882628,0.00019447837563451776,0.8690355329949238,0.08223350253807107,0.9177664974619288
3model_gemini_flash_qwen_30b_granite_8b,"gemini_flash,qwen_30b,granite_8b",tfidf_linear_svm_router,0.8690355329949238,0.009764154346026064,0.00019161148020304568,0.8690355329949238,0.08223350253807107,0.9035532994923857
3model_gemini_flash_qwen_30b_granite_8b,"gemini_flash,qwen_30b,granite_8b",tfidf_mlp_router,0.8690355329949238,0.011004813902882628,0.00019284034233502538,0.8690355329949238,0.08223350253807107,0.9096446700507613
3model_gemini_flash_qwen_30b_granite_8b,"gemini_flash,qwen_30b,granite_8b",random,0.8680203045685279,0.019329373365136834,7.954157279187817e-05,0.8680203045685279,0.08324873096446701,0.3177664974619289
3model_gemini_flash_qwen_30b_granite_8b,"gemini_flash,qwen_30b,granite_8b",mlp_router,0.8670050761421318,0.011004813902882628,0.00018755600730964466,0.8670050761421318,0.08426395939086294,0.8802030456852792
3model_gemini_flash_qwen_30b_granite_8b,"gemini_flash,qwen_30b,granite_8b",linear_svm_router,0.8659898477157361,0.012741015632498603,0.00018517096852791877,0.8659898477157361,0.08527918781725888,0.8649746192893402
3model_gemini_flash_qwen_30b_granite_8b,"gemini_flash,qwen_30b,granite_8b",always_granite_8b,0.8517766497461929,0.011004813902882639,1.626152284263959e-05,0.8517766497461929,0.09949238578680203,0.012182741116751269
3model_gemini_flash_qwen_30b_llama_70b,"gemini_flash,qwen_30b,llama_70b",oracle,0.9593908629441625,0.011350598870557312,0.00017862305482233503,0.9593908629441625,0.0,1.0
3model_gemini_flash_qwen_30b_llama_70b,"gemini_flash,qwen_30b,llama_70b",always_qwen_30b,0.899492385786802,0.021052224724190542,2.514537543147208e-05,0.899492385786802,0.05989847715736041,0.0700507614213198
3model_gemini_flash_qwen_30b_llama_70b,"gemini_flash,qwen_30b,llama_70b",extra_trees_router,0.898477157360406,0.011904608527470637,0.00015150631817258884,0.898477157360406,0.06091370558375635,0.7076142131979696
3model_gemini_flash_qwen_30b_llama_70b,"gemini_flash,qwen_30b,llama_70b",random_forest_router,0.8974619289340101,0.016211897891036855,0.00016410831269035532,0.8974619289340101,0.06192893401015228,0.7746192893401015
3model_gemini_flash_qwen_30b_llama_70b,"gemini_flash,qwen_30b,llama_70b",always_llama_70b,0.8944162436548224,0.015809554824768954,0.003099861020304569,0.8944162436548224,0.0649746192893401,0.02030456852791878
3model_gemini_flash_qwen_30b_llama_70b,"gemini_flash,qwen_30b,llama_70b",decision_tree_router,0.8883248730964468,0.01683565883429138,0.00014476755756345178,0.8883248730964468,0.07106598984771574,0.6172588832487309
3model_gemini_flash_qwen_30b_llama_70b,"gemini_flash,qwen_30b,llama_70b",logistic_router,0.8852791878172589,0.011686156784996344,0.0001476931520812183,0.8852791878172589,0.07411167512690356,0.650761421319797
3model_gemini_flash_qwen_30b_llama_70b,"gemini_flash,qwen_30b,llama_70b",random,0.8852791878172589,0.013236959198381032,0.003138943408324873,0.8852791878172589,0.07411167512690356,0.32385786802030453
3model_gemini_flash_qwen_30b_llama_70b,"gemini_flash,qwen_30b,llama_70b",tfidf_logistic_router,0.8852791878172589,0.01985543879757153,0.000171077909035533,0.8852791878172589,0.07411167512690356,0.8060913705583757
3model_gemini_flash_qwen_30b_llama_70b,"gemini_flash,qwen_30b,llama_70b",mlp_router,0.8751269035532994,0.010526112362095259,0.00018451211492385788,0.8751269035532994,0.08426395939086294,0.8609137055837565
3model_gemini_flash_qwen_30b_llama_70b,"gemini_flash,qwen_30b,llama_70b",knn_router,0.8730964467005077,0.01190460852747063,0.00019384271065989847,0.8730964467005077,0.08629441624365482,0.9065989847715736
3model_gemini_flash_qwen_30b_llama_70b,"gemini_flash,qwen_30b,llama_70b",linear_svm_router,0.8710659898477158,0.014176893445450691,0.0001817232456852792,0.8710659898477158,0.0883248730964467,0.8365482233502538
3model_gemini_flash_qwen_30b_llama_70b,"gemini_flash,qwen_30b,llama_70b",always_gemini_flash,0.8690355329949238,0.011004813902882628,0.00019447837563451776,0.8690355329949238,0.09035532994923859,0.9096446700507614
3model_gemini_flash_qwen_30b_llama_70b,"gemini_flash,qwen_30b,llama_70b",tfidf_mlp_router,0.8690355329949238,0.011004813902882628,0.00019306888771573603,0.8690355329949238,0.09035532994923859,0.900507614213198
3model_gemini_flash_qwen_30b_llama_70b,"gemini_flash,qwen_30b,llama_70b",tfidf_linear_svm_router,0.8670050761421321,0.009764154346026035,0.00019161773522842642,0.8670050761421321,0.09238578680203045,0.8913705583756345
3model_llama_70b_deepseek_v3_granite_8b,"llama_70b,deepseek_v3,granite_8b",oracle,0.9583756345177665,0.01040299570148183,0.003100751327918782,0.9583756345177665,0.0,1.0
3model_llama_70b_deepseek_v3_granite_8b,"llama_70b,deepseek_v3,granite_8b",logistic_router,0.9096446700507614,0.016988020843331477,0.0031008818071065988,0.9096446700507614,0.048730964467005075,0.7644670050761422
3model_llama_70b_deepseek_v3_granite_8b,"llama_70b,deepseek_v3,granite_8b",always_deepseek_v3,0.9076142131979695,0.016604494653600154,7.242940507614214e-05,0.9076142131979695,0.050761421319796954,0.05786802030456852
3model_llama_70b_deepseek_v3_granite_8b,"llama_70b,deepseek_v3,granite_8b",decision_tree_router,0.9055837563451776,0.017802718697208328,0.0031011323411167515,0.9055837563451776,0.05279187817258883,0.6751269035532995
3model_llama_70b_deepseek_v3_granite_8b,"llama_70b,deepseek_v3,granite_8b",extra_trees_router,0.9035532994923858,0.011904608527470637,0.003099964409137056,0.9035532994923858,0.05482233502538071,0.8010152284263959
3model_llama_70b_deepseek_v3_granite_8b,"llama_70b,deepseek_v3,granite_8b",random_forest_router,0.9025380710659899,0.017730202230023327,0.0030997682111675124,0.9025380710659899,0.05583756345177665,0.798984771573604
3model_llama_70b_deepseek_v3_granite_8b,"llama_70b,deepseek_v3,granite_8b",tfidf_logistic_router,0.9025380710659899,0.02011331244280098,0.003100320831472081,0.9025380710659899,0.05583756345177665,0.8162436548223351
3model_llama_70b_deepseek_v3_granite_8b,"llama_70b,deepseek_v3,granite_8b",mlp_router,0.898477157360406,0.015645720819718226,0.0031003595908629445,0.898477157360406,0.05989847715736041,0.9096446700507613
3model_llama_70b_deepseek_v3_granite_8b,"llama_70b,deepseek_v3,granite_8b",linear_svm_router,0.8964467005076141,0.019855438797571505,0.0030998216517766496,0.8964467005076141,0.061928934010152294,0.8568527918781725
3model_llama_70b_deepseek_v3_granite_8b,"llama_70b,deepseek_v3,granite_8b",always_llama_70b,0.8944162436548224,0.015809554824768954,0.003099861020304569,0.8944162436548224,0.06395939086294417,0.9360406091370559
3model_llama_70b_deepseek_v3_granite_8b,"llama_70b,deepseek_v3,granite_8b",knn_router,0.8934010152284264,0.01605217086379889,0.0031000208071065988,0.8934010152284264,0.0649746192893401,0.9289340101522843
3model_llama_70b_deepseek_v3_granite_8b,"llama_70b,deepseek_v3,granite_8b",tfidf_linear_svm_router,0.8934010152284264,0.017214035490165674,0.0031000795502538073,0.8934010152284264,0.0649746192893401,0.9197969543147207
3model_llama_70b_deepseek_v3_granite_8b,"llama_70b,deepseek_v3,granite_8b",tfidf_mlp_router,0.8934010152284264,0.017214035490165674,0.0031001024741116752,0.8934010152284264,0.0649746192893401,0.9197969543147207
3model_llama_70b_deepseek_v3_granite_8b,"llama_70b,deepseek_v3,granite_8b",random,0.8852791878172589,0.042257168301050606,4.659772994923858e-05,0.8852791878172589,0.0730964467005076,0.3197969543147208
3model_llama_70b_deepseek_v3_granite_8b,"llama_70b,deepseek_v3,granite_8b",always_granite_8b,0.8517766497461929,0.011004813902882639,1.626152284263959e-05,0.8517766497461929,0.10659898477157362,0.006091370558375634
3model_qwen_30b_deepseek_v3_granite_8b,"qwen_30b,deepseek_v3,granite_8b",oracle,0.9553299492385786,0.00424700521083289,2.6976317157360406e-05,0.9553299492385786,0.0,1.0
3model_qwen_30b_deepseek_v3_granite_8b,"qwen_30b,deepseek_v3,granite_8b",always_deepseek_v3,0.9076142131979695,0.016604494653600154,7.242940507614214e-05,0.9076142131979695,0.047715736040609136,0.04365482233502538
3model_qwen_30b_deepseek_v3_granite_8b,"qwen_30b,deepseek_v3,granite_8b",decision_tree_router,0.9045685279187816,0.022530295452966656,3.630426355329949e-05,0.9045685279187816,0.050761421319796954,0.5989847715736041
3model_qwen_30b_deepseek_v3_granite_8b,"qwen_30b,deepseek_v3,granite_8b",mlp_router,0.9035532994923857,0.019659813940139166,2.6809912690355327e-05,0.9035532994923857,0.05177664974619289,0.9167512690355331
3model_qwen_30b_deepseek_v3_granite_8b,"qwen_30b,deepseek_v3,granite_8b",tfidf_linear_svm_router,0.9015228426395939,0.017437120850068717,2.545400609137056e-05,0.9015228426395939,0.05380710659898478,0.9421319796954315
3model_qwen_30b_deepseek_v3_granite_8b,"qwen_30b,deepseek_v3,granite_8b",tfidf_mlp_router,0.900507614213198,0.019195604468212203,2.542886416243655e-05,0.900507614213198,0.05482233502538071,0.9431472081218274
3model_qwen_30b_deepseek_v3_granite_8b,"qwen_30b,deepseek_v3,granite_8b",always_qwen_30b,0.899492385786802,0.021052224724190542,2.514537543147208e-05,0.899492385786802,0.05583756345177665,0.9441624365482234
3model_qwen_30b_deepseek_v3_granite_8b,"qwen_30b,deepseek_v3,granite_8b",knn_router,0.899492385786802,0.021052224724190542,2.5384120203045684e-05,0.899492385786802,0.05583756345177665,0.9360406091370559
3model_qwen_30b_deepseek_v3_granite_8b,"qwen_30b,deepseek_v3,granite_8b",random_forest_router,0.898477157360406,0.024078256295698326,2.761973441624365e-05,0.898477157360406,0.05685279187817259,0.8162436548223351
3model_qwen_30b_deepseek_v3_granite_8b,"qwen_30b,deepseek_v3,granite_8b",linear_svm_router,0.8964467005076141,0.021416267116476106,2.7161816446700506e-05,0.8964467005076141,0.05888324873096447,0.8791878172588833
3model_qwen_30b_deepseek_v3_granite_8b,"qwen_30b,deepseek_v3,granite_8b",tfidf_logistic_router,0.8964467005076141,0.01743712085006868,2.84161185786802e-05,0.8964467005076141,0.05888324873096447,0.8527918781725887
3model_qwen_30b_deepseek_v3_granite_8b,"qwen_30b,deepseek_v3,granite_8b",extra_trees_router,0.8954314720812183,0.013714980798077462,2.9659560203045683e-05,0.8954314720812183,0.05989847715736041,0.7857868020304568
3model_qwen_30b_deepseek_v3_granite_8b,"qwen_30b,deepseek_v3,granite_8b",logistic_router,0.8903553299492385,0.01851226652671113,3.371632081218274e-05,0.8903553299492385,0.06497461928934009,0.6954314720812182
3model_qwen_30b_deepseek_v3_granite_8b,"qwen_30b,deepseek_v3,granite_8b",random,0.883248730964467,0.03642817282844497,3.736446375634518e-05,0.883248730964467,0.07208121827411167,0.3208121827411167
3model_qwen_30b_deepseek_v3_granite_8b,"qwen_30b,deepseek_v3,granite_8b",always_granite_8b,0.8517766497461929,0.011004813902882639,1.626152284263959e-05,0.8517766497461929,0.10355329949238579,0.012182741116751269
3model_qwen_30b_llama_70b_deepseek_v3,"qwen_30b,llama_70b,deepseek_v3",oracle,0.9624365482233502,0.004540239548222957,2.7324343350253805e-05,0.9624365482233502,0.0,1.0
3model_qwen_30b_llama_70b_deepseek_v3,"qwen_30b,llama_70b,deepseek_v3",always_deepseek_v3,0.9076142131979695,0.016604494653600154,7.242940507614214e-05,0.9076142131979695,0.05482233502538071,0.017258883248730962
3model_qwen_30b_llama_70b_deepseek_v3,"qwen_30b,llama_70b,deepseek_v3",mlp_router,0.9035532994923857,0.021833312860514306,2.6846104365482233e-05,0.9035532994923857,0.05888324873096447,0.9096446700507614
3model_qwen_30b_llama_70b_deepseek_v3,"qwen_30b,llama_70b,deepseek_v3",linear_svm_router,0.9015228426395939,0.019195604468212227,2.827498964467005e-05,0.9015228426395939,0.06091370558375635,0.8426395939086294
3model_qwen_30b_llama_70b_deepseek_v3,"qwen_30b,llama_70b,deepseek_v3",tfidf_logistic_router,0.900507614213198,0.014624223645571506,2.9245207309644673e-05,0.900507614213198,0.06192893401015228,0.8203045685279188
3model_qwen_30b_llama_70b_deepseek_v3,"qwen_30b,llama_70b,deepseek_v3",logistic_router,0.900507614213198,0.011686156784996286,3.4223338680203044e-05,0.900507614213198,0.061928934010152294,0.7076142131979696
3model_qwen_30b_llama_70b_deepseek_v3,"qwen_30b,llama_70b,deepseek_v3",tfidf_linear_svm_router,0.900507614213198,0.02230038846344035,2.5283988223350253e-05,0.900507614213198,0.061928934010152294,0.9319796954314722
3model_qwen_30b_llama_70b_deepseek_v3,"qwen_30b,llama_70b,deepseek_v3",always_qwen_30b,0.899492385786802,0.021052224724190542,2.514537543147208e-05,0.899492385786802,0.06294416243654823,0.9370558375634518
3model_qwen_30b_llama_70b_deepseek_v3,"qwen_30b,llama_70b,deepseek_v3",decision_tree_router,0.899492385786802,0.027429961596154948,0.0010532245579695436,0.899492385786802,0.06294416243654823,0.5705583756345177
3model_qwen_30b_llama_70b_deepseek_v3,"qwen_30b,llama_70b,deepseek_v3",extra_trees_router,0.899492385786802,0.014085722767016865,3.205777563451776e-05,0.899492385786802,0.06294416243654823,0.750253807106599
3model_qwen_30b_llama_70b_deepseek_v3,"qwen_30b,llama_70b,deepseek_v3",knn_router,0.899492385786802,0.021052224724190542,2.577372670050761e-05,0.899492385786802,0.06294416243654823,0.9258883248730964
3model_qwen_30b_llama_70b_deepseek_v3,"qwen_30b,llama_70b,deepseek_v3",tfidf_mlp_router,0.899492385786802,0.021052224724190542,2.523761258883249e-05,0.899492385786802,0.06294416243654823,0.9340101522842639
3model_qwen_30b_llama_70b_deepseek_v3,"qwen_30b,llama_70b,deepseek_v3",random_forest_router,0.8954314720812183,0.018160958192891707,3.028957888324873e-05,0.8954314720812183,0.06700507614213198,0.7837563451776649
3model_qwen_30b_llama_70b_deepseek_v3,"qwen_30b,llama_70b,deepseek_v3",always_llama_70b,0.8944162436548224,0.015809554824768954,0.003099861020304569,0.8944162436548224,0.06802030456852792,0.045685279187817264
3model_qwen_30b_llama_70b_deepseek_v3,"qwen_30b,llama_70b,deepseek_v3",random,0.8913705583756345,0.013714980798077453,5.086313279187817e-05,0.8913705583756345,0.07106598984771574,0.31573604060913707
3model_qwen_30b_llama_70b_granite_8b,"qwen_30b,llama_70b,granite_8b",oracle,0.9573604060913705,0.007698350704620861,2.6690859492385785e-05,0.9573604060913705,0.0,1.0
3model_qwen_30b_llama_70b_granite_8b,"qwen_30b,llama_70b,granite_8b",mlp_router,0.9035532994923857,0.019329373365136827,2.590383573604061e-05,0.9035532994923857,0.05380710659898478,0.9208121827411168
3model_qwen_30b_llama_70b_granite_8b,"qwen_30b,llama_70b,granite_8b",linear_svm_router,0.9025380710659899,0.018442540228005035,2.679458781725888e-05,0.9025380710659899,0.05482233502538071,0.8578680203045685
3model_qwen_30b_llama_70b_granite_8b,"qwen_30b,llama_70b,granite_8b",tfidf_linear_svm_router,0.9015228426395939,0.020494039835722212,2.5260031269035533e-05,0.9015228426395939,0.05583756345177665,0.9360406091370559
3model_qwen_30b_llama_70b_granite_8b,"qwen_30b,llama_70b,granite_8b",tfidf_logistic_router,0.900507614213198,0.01668190530472589,2.766124588832487e-05,0.900507614213198,0.05685279187817259,0.8314720812182742
3model_qwen_30b_llama_70b_granite_8b,"qwen_30b,llama_70b,granite_8b",tfidf_mlp_router,0.900507614213198,0.019195604468212203,2.526368162436548e-05,0.900507614213198,0.05685279187817259,0.9401015228426395
3model_qwen_30b_llama_70b_granite_8b,"qwen_30b,llama_70b,granite_8b",always_qwen_30b,0.899492385786802,0.021052224724190542,2.514537543147208e-05,0.899492385786802,0.05786802030456852,0.9421319796954315
3model_qwen_30b_llama_70b_granite_8b,"qwen_30b,llama_70b,granite_8b",extra_trees_router,0.899492385786802,0.011575385026387214,2.7616308629441622e-05,0.899492385786802,0.05786802030456852,0.7715736040609137
3model_qwen_30b_llama_70b_granite_8b,"qwen_30b,llama_70b,granite_8b",knn_router,0.899492385786802,0.021052224724190542,2.570161502538071e-05,0.899492385786802,0.05786802030456852,0.9309644670050762
3model_qwen_30b_llama_70b_granite_8b,"qwen_30b,llama_70b,granite_8b",logistic_router,0.8974619289340101,0.014972468227160056,2.9410253807106596e-05,0.8974619289340101,0.05989847715736041,0.7532994923857868
3model_qwen_30b_llama_70b_granite_8b,"qwen_30b,llama_70b,granite_8b",always_llama_70b,0.8944162436548224,0.015809554824768954,0.003099861020304569,0.8944162436548224,0.06294416243654823,0.045685279187817264
3model_qwen_30b_llama_70b_granite_8b,"qwen_30b,llama_70b,granite_8b",decision_tree_router,0.8944162436548224,0.01313926812745662,2.8471928730964467e-05,0.8944162436548224,0.06294416243654823,0.6446700507614214
3model_qwen_30b_llama_70b_granite_8b,"qwen_30b,llama_70b,granite_8b",random_forest_router,0.8893401015228427,0.019462222855513498,2.6877537258883246e-05,0.8893401015228427,0.06802030456852792,0.7908629441624365
3model_qwen_30b_llama_70b_granite_8b,"qwen_30b,llama_70b,granite_8b",random,0.8751269035532996,0.024238246469671723,3.12259185786802e-05,0.8751269035532996,0.08223350253807107,0.31573604060913707
3model_qwen_30b_llama_70b_granite_8b,"qwen_30b,llama_70b,granite_8b",always_granite_8b,0.8517766497461929,0.011004813902882639,1.626152284263959e-05,0.8517766497461929,0.10558375634517767,0.012182741116751269
