group,models,seed,policy,n_test,n_decidable,decidable_share,router_acc_full,router_acc_decidable,decidable_lift_pp,router_disagrees_with_best_fixed_share,router_correct_when_disagrees_share
gemini_flash_llama,"gemini_flash,llama_70b",229,always_llama_70b,197,22,0.1116751269035533,0.8781725888324873,0.5454545454545454,0.0,0.0,
gemini_flash_llama,"gemini_flash,llama_70b",229,oracle,197,22,0.1116751269035533,0.9289340101522843,1.0,45.45454545454546,0.9390862944162437,
gemini_flash_llama,"gemini_flash,llama_70b",229,logistic_router,197,22,0.1116751269035533,0.8883248730964467,0.6363636363636364,9.090909090909093,0.7868020304568528,0.896774193548387
gemini_flash_llama,"gemini_flash,llama_70b",229,linear_svm_router,197,22,0.1116751269035533,0.8629441624365483,0.4090909090909091,-13.63636363636363,0.8527918781725888,0.8630952380952381
gemini_flash_llama,"gemini_flash,llama_70b",229,knn_router,197,22,0.1116751269035533,0.868020304568528,0.45454545454545453,-9.090909090909088,1.0,0.868020304568528
gemini_flash_llama,"gemini_flash,llama_70b",229,decision_tree_router,197,22,0.1116751269035533,0.8883248730964467,0.6363636363636364,9.090909090909093,0.766497461928934,0.8874172185430463
gemini_flash_llama,"gemini_flash,llama_70b",229,random_forest_router,197,22,0.1116751269035533,0.8984771573604061,0.7272727272727273,18.181818181818187,0.8883248730964467,0.8914285714285715
gemini_flash_llama,"gemini_flash,llama_70b",229,extra_trees_router,197,22,0.1116751269035533,0.9035532994923858,0.7727272727272727,22.72727272727273,0.7918781725888325,0.8910256410256411
gemini_flash_llama,"gemini_flash,llama_70b",229,mlp_router,197,22,0.1116751269035533,0.8883248730964467,0.6363636363636364,9.090909090909093,0.949238578680203,0.8823529411764706
gemini_flash_llama,"gemini_flash,llama_70b",229,tfidf_logistic_router,197,22,0.1116751269035533,0.883248730964467,0.5909090909090909,4.545454545454552,0.8730964467005076,0.8895348837209303
gemini_flash_llama,"gemini_flash,llama_70b",229,tfidf_linear_svm_router,197,22,0.1116751269035533,0.868020304568528,0.45454545454545453,-9.090909090909088,0.9796954314720813,0.8704663212435233
gemini_flash_llama,"gemini_flash,llama_70b",229,tfidf_mlp_router,197,22,0.1116751269035533,0.8730964467005076,0.5,-4.545454545454541,0.9898477157360406,0.8717948717948718
gemini_flash_llama,"gemini_flash,llama_70b",230,always_llama_70b,197,27,0.13705583756345177,0.9187817258883249,0.5555555555555556,0.0,0.0,
gemini_flash_llama,"gemini_flash,llama_70b",230,oracle,197,27,0.13705583756345177,0.9796954314720813,1.0,44.44444444444444,0.9238578680203046,
gemini_flash_llama,"gemini_flash,llama_70b",230,logistic_router,197,27,0.13705583756345177,0.934010152284264,0.6666666666666666,11.111111111111105,0.7918781725888325,0.9423076923076923
gemini_flash_llama,"gemini_flash,llama_70b",230,linear_svm_router,197,27,0.13705583756345177,0.9238578680203046,0.5925925925925926,3.703703703703698,0.8274111675126904,0.9202453987730062
gemini_flash_llama,"gemini_flash,llama_70b",230,knn_router,197,27,0.13705583756345177,0.9035532994923858,0.4444444444444444,-11.111111111111116,1.0,0.9035532994923858
gemini_flash_llama,"gemini_flash,llama_70b",230,decision_tree_router,197,27,0.13705583756345177,0.9441624365482234,0.7407407407407407,18.518518518518512,0.8477157360406091,0.9461077844311377
gemini_flash_llama,"gemini_flash,llama_70b",230,random_forest_router,197,27,0.13705583756345177,0.934010152284264,0.6666666666666666,11.111111111111105,0.9035532994923858,0.9325842696629213
gemini_flash_llama,"gemini_flash,llama_70b",230,extra_trees_router,197,27,0.13705583756345177,0.9390862944162437,0.7037037037037037,14.814814814814813,0.7817258883248731,0.948051948051948
gemini_flash_llama,"gemini_flash,llama_70b",230,mlp_router,197,27,0.13705583756345177,0.9137055837563451,0.5185185185185185,-3.703703703703709,0.9644670050761421,0.9105263157894737
gemini_flash_llama,"gemini_flash,llama_70b",230,tfidf_logistic_router,197,27,0.13705583756345177,0.9238578680203046,0.5925925925925926,3.703703703703698,0.8629441624365483,0.9294117647058824
gemini_flash_llama,"gemini_flash,llama_70b",230,tfidf_linear_svm_router,197,27,0.13705583756345177,0.9086294416243654,0.48148148148148145,-7.407407407407413,0.9390862944162437,0.9081081081081082
gemini_flash_llama,"gemini_flash,llama_70b",230,tfidf_mlp_router,197,27,0.13705583756345177,0.9035532994923858,0.4444444444444444,-11.111111111111116,0.9949238578680203,0.9030612244897959
gemini_flash_llama,"gemini_flash,llama_70b",231,always_llama_70b,197,26,0.1319796954314721,0.9289340101522843,0.7307692307692307,0.0,0.0,
gemini_flash_llama,"gemini_flash,llama_70b",231,oracle,197,26,0.1319796954314721,0.9644670050761421,1.0,26.923076923076927,0.9035532994923858,
gemini_flash_llama,"gemini_flash,llama_70b",231,logistic_router,197,26,0.1319796954314721,0.9035532994923858,0.5384615384615384,-19.23076923076923,0.8274111675126904,0.9079754601226994
gemini_flash_llama,"gemini_flash,llama_70b",231,linear_svm_router,197,26,0.1319796954314721,0.8984771573604061,0.5,-23.076923076923073,0.8730964467005076,0.9069767441860465
gemini_flash_llama,"gemini_flash,llama_70b",231,knn_router,197,26,0.1319796954314721,0.868020304568528,0.2692307692307692,-46.15384615384615,1.0,0.868020304568528
gemini_flash_llama,"gemini_flash,llama_70b",231,decision_tree_router,197,26,0.1319796954314721,0.9035532994923858,0.5384615384615384,-19.23076923076923,0.8071065989847716,0.8930817610062893
gemini_flash_llama,"gemini_flash,llama_70b",231,random_forest_router,197,26,0.1319796954314721,0.9187817258883249,0.6538461538461539,-7.692307692307687,0.8477157360406091,0.9161676646706587
gemini_flash_llama,"gemini_flash,llama_70b",231,extra_trees_router,197,26,0.1319796954314721,0.9137055837563451,0.6153846153846154,-11.538461538461531,0.7868020304568528,0.9096774193548387
gemini_flash_llama,"gemini_flash,llama_70b",231,mlp_router,197,26,0.1319796954314721,0.8883248730964467,0.4230769230769231,-30.769230769230766,0.9593908629441624,0.8835978835978836
gemini_flash_llama,"gemini_flash,llama_70b",231,tfidf_logistic_router,197,26,0.1319796954314721,0.9035532994923858,0.5384615384615384,-19.23076923076923,0.9035532994923858,0.898876404494382
gemini_flash_llama,"gemini_flash,llama_70b",231,tfidf_linear_svm_router,197,26,0.1319796954314721,0.883248730964467,0.38461538461538464,-34.615384615384606,0.9746192893401016,0.8802083333333334
gemini_flash_llama,"gemini_flash,llama_70b",231,tfidf_mlp_router,197,26,0.1319796954314721,0.8730964467005076,0.3076923076923077,-42.3076923076923,0.9949238578680203,0.8724489795918368
gemini_flash_llama,"gemini_flash,llama_70b",232,always_llama_70b,197,23,0.116751269035533,0.9035532994923858,0.5652173913043478,0.0,0.0,
gemini_flash_llama,"gemini_flash,llama_70b",232,oracle,197,23,0.116751269035533,0.9543147208121827,1.0,43.47826086956522,0.934010152284264,
gemini_flash_llama,"gemini_flash,llama_70b",232,logistic_router,197,23,0.116751269035533,0.8984771573604061,0.5217391304347826,-4.347826086956519,0.7918781725888325,0.9102564102564102
gemini_flash_llama,"gemini_flash,llama_70b",232,linear_svm_router,197,23,0.116751269035533,0.8984771573604061,0.5217391304347826,-4.347826086956519,0.8324873096446701,0.9024390243902439
gemini_flash_llama,"gemini_flash,llama_70b",232,knn_router,197,23,0.116751269035533,0.8883248730964467,0.43478260869565216,-13.043478260869563,1.0,0.8883248730964467
gemini_flash_llama,"gemini_flash,llama_70b",232,decision_tree_router,197,23,0.116751269035533,0.9035532994923858,0.5652173913043478,0.0,0.8375634517766497,0.9090909090909091
gemini_flash_llama,"gemini_flash,llama_70b",232,random_forest_router,197,23,0.116751269035533,0.9137055837563451,0.6521739130434783,8.695652173913048,0.9441624365482234,0.9139784946236559
gemini_flash_llama,"gemini_flash,llama_70b",232,extra_trees_router,197,23,0.116751269035533,0.9187817258883249,0.6956521739130435,13.043478260869568,0.8071065989847716,0.9245283018867925
gemini_flash_llama,"gemini_flash,llama_70b",232,mlp_router,197,23,0.116751269035533,0.8984771573604061,0.5217391304347826,-4.347826086956519,0.934010152284264,0.8967391304347826
gemini_flash_llama,"gemini_flash,llama_70b",232,tfidf_logistic_router,197,23,0.116751269035533,0.8984771573604061,0.5217391304347826,-4.347826086956519,0.8730964467005076,0.9069767441860465
gemini_flash_llama,"gemini_flash,llama_70b",232,tfidf_linear_svm_router,197,23,0.116751269035533,0.8883248730964467,0.43478260869565216,-13.043478260869563,0.9543147208121827,0.8882978723404256
gemini_flash_llama,"gemini_flash,llama_70b",232,tfidf_mlp_router,197,23,0.116751269035533,0.8883248730964467,0.43478260869565216,-13.043478260869563,0.9644670050761421,0.8894736842105263
gemini_flash_llama,"gemini_flash,llama_70b",233,always_llama_70b,197,24,0.1218274111675127,0.8984771573604061,0.5416666666666666,0.0,0.0,
gemini_flash_llama,"gemini_flash,llama_70b",233,oracle,197,24,0.1218274111675127,0.9543147208121827,1.0,45.833333333333336,0.934010152284264,
gemini_flash_llama,"gemini_flash,llama_70b",233,logistic_router,197,24,0.1218274111675127,0.8934010152284264,0.5,-4.1666666666666625,0.7918781725888325,0.9102564102564102
gemini_flash_llama,"gemini_flash,llama_70b",233,linear_svm_router,197,24,0.1218274111675127,0.8934010152284264,0.5,-4.1666666666666625,0.8274111675126904,0.8957055214723927
gemini_flash_llama,"gemini_flash,llama_70b",233,knn_router,197,24,0.1218274111675127,0.8883248730964467,0.4583333333333333,-8.333333333333332,1.0,0.8883248730964467
gemini_flash_llama,"gemini_flash,llama_70b",233,decision_tree_router,197,24,0.1218274111675127,0.8883248730964467,0.4583333333333333,-8.333333333333332,0.6802030456852792,0.9328358208955224
gemini_flash_llama,"gemini_flash,llama_70b",233,random_forest_router,197,24,0.1218274111675127,0.9238578680203046,0.75,20.833333333333336,0.8934010152284264,0.9204545454545454
gemini_flash_llama,"gemini_flash,llama_70b",233,extra_trees_router,197,24,0.1218274111675127,0.9187817258883249,0.7083333333333334,16.666666666666675,0.7868020304568528,0.9225806451612903
gemini_flash_llama,"gemini_flash,llama_70b",233,mlp_router,197,24,0.1218274111675127,0.8984771573604061,0.5416666666666666,0.0,0.934010152284264,0.8967391304347826
gemini_flash_llama,"gemini_flash,llama_70b",233,tfidf_logistic_router,197,24,0.1218274111675127,0.8984771573604061,0.5416666666666666,0.0,0.9086294416243654,0.8938547486033519
gemini_flash_llama,"gemini_flash,llama_70b",233,tfidf_linear_svm_router,197,24,0.1218274111675127,0.8883248730964467,0.4583333333333333,-8.333333333333332,0.9644670050761421,0.8894736842105263
gemini_flash_llama,"gemini_flash,llama_70b",233,tfidf_mlp_router,197,24,0.1218274111675127,0.8883248730964467,0.4583333333333333,-8.333333333333332,0.9796954314720813,0.8911917098445595
gemini_flash_llama,"gemini_flash,llama_70b",234,always_llama_70b,197,29,0.14720812182741116,0.8578680203045685,0.5172413793103449,0.0,0.0,
gemini_flash_llama,"gemini_flash,llama_70b",234,oracle,197,29,0.14720812182741116,0.9289340101522843,1.0,48.275862068965516,0.9238578680203046,
gemini_flash_llama,"gemini_flash,llama_70b",234,logistic_router,197,29,0.14720812182741116,0.8781725888324873,0.6551724137931034,13.793103448275856,0.7563451776649747,0.8791946308724832
gemini_flash_llama,"gemini_flash,llama_70b",234,linear_svm_router,197,29,0.14720812182741116,0.8578680203045685,0.5172413793103449,0.0,0.8121827411167513,0.85625
gemini_flash_llama,"gemini_flash,llama_70b",234,knn_router,197,29,0.14720812182741116,0.8527918781725888,0.4827586206896552,-3.448275862068967,1.0,0.8527918781725888
gemini_flash_llama,"gemini_flash,llama_70b",234,decision_tree_router,197,29,0.14720812182741116,0.8629441624365483,0.5517241379310345,3.4482758620689613,0.7157360406091371,0.9078014184397163
gemini_flash_llama,"gemini_flash,llama_70b",234,random_forest_router,197,29,0.14720812182741116,0.8934010152284264,0.7586206896551724,24.13793103448275,0.8730964467005076,0.8895348837209303
gemini_flash_llama,"gemini_flash,llama_70b",234,extra_trees_router,197,29,0.14720812182741116,0.8934010152284264,0.7586206896551724,24.13793103448275,0.766497461928934,0.8874172185430463
gemini_flash_llama,"gemini_flash,llama_70b",234,mlp_router,197,29,0.14720812182741116,0.8629441624365483,0.5517241379310345,3.4482758620689613,0.9187817258883249,0.861878453038674
gemini_flash_llama,"gemini_flash,llama_70b",234,tfidf_logistic_router,197,29,0.14720812182741116,0.8730964467005076,0.6206896551724138,10.344827586206895,0.8426395939086294,0.8795180722891566
gemini_flash_llama,"gemini_flash,llama_70b",234,tfidf_linear_svm_router,197,29,0.14720812182741116,0.8578680203045685,0.5172413793103449,0.0,0.9390862944162437,0.8594594594594595
gemini_flash_llama,"gemini_flash,llama_70b",234,tfidf_mlp_router,197,29,0.14720812182741116,0.8527918781725888,0.4827586206896552,-3.448275862068967,0.9949238578680203,0.8520408163265306
gemini_flash_llama,"gemini_flash,llama_70b",235,always_llama_70b,197,22,0.1116751269035533,0.8934010152284264,0.6363636363636364,0.0,0.0,
gemini_flash_llama,"gemini_flash,llama_70b",235,oracle,197,22,0.1116751269035533,0.934010152284264,1.0,36.36363636363637,0.9289340101522843,
gemini_flash_llama,"gemini_flash,llama_70b",235,logistic_router,197,22,0.1116751269035533,0.8883248730964467,0.5909090909090909,-4.545454545454541,0.7614213197969543,0.88
gemini_flash_llama,"gemini_flash,llama_70b",235,linear_svm_router,197,22,0.1116751269035533,0.883248730964467,0.5454545454545454,-9.090909090909093,0.8071065989847716,0.8805031446540881
gemini_flash_llama,"gemini_flash,llama_70b",235,knn_router,197,22,0.1116751269035533,0.8629441624365483,0.36363636363636365,-27.27272727272727,1.0,0.8629441624365483
gemini_flash_llama,"gemini_flash,llama_70b",235,decision_tree_router,197,22,0.1116751269035533,0.8984771573604061,0.6818181818181818,4.545454545454541,0.7258883248730964,0.8881118881118881
gemini_flash_llama,"gemini_flash,llama_70b",235,random_forest_router,197,22,0.1116751269035533,0.883248730964467,0.5454545454545454,-9.090909090909093,0.883248730964467,0.8850574712643678
gemini_flash_llama,"gemini_flash,llama_70b",235,extra_trees_router,197,22,0.1116751269035533,0.8934010152284264,0.6363636363636364,0.0,0.7918781725888325,0.8846153846153846
gemini_flash_llama,"gemini_flash,llama_70b",235,mlp_router,197,22,0.1116751269035533,0.883248730964467,0.5454545454545454,-9.090909090909093,0.9390862944162437,0.8864864864864865
gemini_flash_llama,"gemini_flash,llama_70b",235,tfidf_logistic_router,197,22,0.1116751269035533,0.8883248730964467,0.5909090909090909,-4.545454545454541,0.8426395939086294,0.8795180722891566
gemini_flash_llama,"gemini_flash,llama_70b",235,tfidf_linear_svm_router,197,22,0.1116751269035533,0.8629441624365483,0.36363636363636365,-27.27272727272727,0.9644670050761421,0.868421052631579
gemini_flash_llama,"gemini_flash,llama_70b",235,tfidf_mlp_router,197,22,0.1116751269035533,0.868020304568528,0.4090909090909091,-22.727272727272723,0.9593908629441624,0.873015873015873
gemini_flash_llama,"gemini_flash,llama_70b",236,always_llama_70b,197,26,0.1319796954314721,0.8883248730964467,0.5769230769230769,0.0,0.0,
gemini_flash_llama,"gemini_flash,llama_70b",236,oracle,197,26,0.1319796954314721,0.9441624365482234,1.0,42.307692307692314,0.9238578680203046,
gemini_flash_llama,"gemini_flash,llama_70b",236,logistic_router,197,26,0.1319796954314721,0.8984771573604061,0.6538461538461539,7.692307692307699,0.7817258883248731,0.8831168831168831
gemini_flash_llama,"gemini_flash,llama_70b",236,linear_svm_router,197,26,0.1319796954314721,0.8883248730964467,0.5769230769230769,0.0,0.7868020304568528,0.864516129032258
gemini_flash_llama,"gemini_flash,llama_70b",236,knn_router,197,26,0.1319796954314721,0.868020304568528,0.4230769230769231,-15.38461538461538,1.0,0.868020304568528
gemini_flash_llama,"gemini_flash,llama_70b",236,decision_tree_router,197,26,0.1319796954314721,0.883248730964467,0.5384615384615384,-3.8461538461538436,0.8121827411167513,0.86875
gemini_flash_llama,"gemini_flash,llama_70b",236,random_forest_router,197,26,0.1319796954314721,0.8934010152284264,0.6153846153846154,3.8461538461538547,0.9187817258883249,0.8839779005524862
gemini_flash_llama,"gemini_flash,llama_70b",236,extra_trees_router,197,26,0.1319796954314721,0.9035532994923858,0.6923076923076923,11.538461538461542,0.7918781725888325,0.8910256410256411
gemini_flash_llama,"gemini_flash,llama_70b",236,mlp_router,197,26,0.1319796954314721,0.883248730964467,0.5384615384615384,-3.8461538461538436,0.9289340101522843,0.8743169398907104
gemini_flash_llama,"gemini_flash,llama_70b",236,tfidf_logistic_router,197,26,0.1319796954314721,0.8934010152284264,0.6153846153846154,3.8461538461538547,0.8426395939086294,0.8855421686746988
gemini_flash_llama,"gemini_flash,llama_70b",236,tfidf_linear_svm_router,197,26,0.1319796954314721,0.883248730964467,0.5384615384615384,-3.8461538461538436,0.934010152284264,0.875
gemini_flash_llama,"gemini_flash,llama_70b",236,tfidf_mlp_router,197,26,0.1319796954314721,0.8781725888324873,0.5,-7.692307692307687,0.9695431472081218,0.8743455497382199
gemini_flash_llama,"gemini_flash,llama_70b",237,always_gemini_flash,197,24,0.1218274111675127,0.8984771573604061,0.5,0.0,0.0,
gemini_flash_llama,"gemini_flash,llama_70b",237,oracle,197,24,0.1218274111675127,0.9593908629441624,1.0,50.0,0.06091370558375635,
gemini_flash_llama,"gemini_flash,llama_70b",237,logistic_router,197,24,0.1218274111675127,0.9035532994923858,0.5416666666666666,4.1666666666666625,0.2182741116751269,0.8604651162790697
gemini_flash_llama,"gemini_flash,llama_70b",237,linear_svm_router,197,24,0.1218274111675127,0.8984771573604061,0.5,0.0,0.17766497461928935,0.8285714285714286
gemini_flash_llama,"gemini_flash,llama_70b",237,knn_router,197,24,0.1218274111675127,0.8984771573604061,0.5,0.0,0.0,
gemini_flash_llama,"gemini_flash,llama_70b",237,decision_tree_router,197,24,0.1218274111675127,0.9289340101522843,0.75,25.0,0.14720812182741116,0.896551724137931
gemini_flash_llama,"gemini_flash,llama_70b",237,random_forest_router,197,24,0.1218274111675127,0.934010152284264,0.7916666666666666,29.166666666666664,0.1319796954314721,0.9615384615384616
gemini_flash_llama,"gemini_flash,llama_70b",237,extra_trees_router,197,24,0.1218274111675127,0.9238578680203046,0.7083333333333334,20.833333333333336,0.2131979695431472,0.9285714285714286
gemini_flash_llama,"gemini_flash,llama_70b",237,mlp_router,197,24,0.1218274111675127,0.9137055837563451,0.625,12.5,0.09137055837563451,0.8888888888888888
gemini_flash_llama,"gemini_flash,llama_70b",237,tfidf_logistic_router,197,24,0.1218274111675127,0.9086294416243654,0.5833333333333334,8.333333333333337,0.17766497461928935,0.8857142857142857
gemini_flash_llama,"gemini_flash,llama_70b",237,tfidf_linear_svm_router,197,24,0.1218274111675127,0.9035532994923858,0.5416666666666666,4.1666666666666625,0.03553299492385787,0.8571428571428571
gemini_flash_llama,"gemini_flash,llama_70b",237,tfidf_mlp_router,197,24,0.1218274111675127,0.8984771573604061,0.5,0.0,0.025380710659898477,0.6
gemini_flash_llama,"gemini_flash,llama_70b",238,always_llama_70b,197,24,0.1218274111675127,0.8984771573604061,0.625,0.0,0.0,
gemini_flash_llama,"gemini_flash,llama_70b",238,oracle,197,24,0.1218274111675127,0.9441624365482234,1.0,37.5,0.9238578680203046,
gemini_flash_llama,"gemini_flash,llama_70b",238,logistic_router,197,24,0.1218274111675127,0.9035532994923858,0.6666666666666666,4.1666666666666625,0.7868020304568528,0.8903225806451613
gemini_flash_llama,"gemini_flash,llama_70b",238,linear_svm_router,197,24,0.1218274111675127,0.883248730964467,0.5,-12.5,0.883248730964467,0.8735632183908046
gemini_flash_llama,"gemini_flash,llama_70b",238,knn_router,197,24,0.1218274111675127,0.868020304568528,0.375,-25.0,1.0,0.868020304568528
gemini_flash_llama,"gemini_flash,llama_70b",238,decision_tree_router,197,24,0.1218274111675127,0.9137055837563451,0.75,12.5,0.7360406091370558,0.9448275862068966
gemini_flash_llama,"gemini_flash,llama_70b",238,random_forest_router,197,24,0.1218274111675127,0.9086294416243654,0.7083333333333334,8.333333333333337,0.8426395939086294,0.9156626506024096
gemini_flash_llama,"gemini_flash,llama_70b",238,extra_trees_router,197,24,0.1218274111675127,0.9137055837563451,0.75,12.5,0.7715736040609137,0.9210526315789473
gemini_flash_llama,"gemini_flash,llama_70b",238,mlp_router,197,24,0.1218274111675127,0.8781725888324873,0.4583333333333333,-16.666666666666668,0.9390862944162437,0.8756756756756757
gemini_flash_llama,"gemini_flash,llama_70b",238,tfidf_logistic_router,197,24,0.1218274111675127,0.8934010152284264,0.5833333333333334,-4.1666666666666625,0.8629441624365483,0.888235294117647
gemini_flash_llama,"gemini_flash,llama_70b",238,tfidf_linear_svm_router,197,24,0.1218274111675127,0.8629441624365483,0.3333333333333333,-29.166666666666668,0.9796954314720813,0.8652849740932642
gemini_flash_llama,"gemini_flash,llama_70b",238,tfidf_mlp_router,197,24,0.1218274111675127,0.868020304568528,0.375,-25.0,0.9898477157360406,0.8666666666666667
gemini_flash_llama,"gemini_flash,llama_70b",239,always_llama_70b,197,20,0.10152284263959391,0.8934010152284264,0.55,0.0,0.0,
gemini_flash_llama,"gemini_flash,llama_70b",239,oracle,197,20,0.10152284263959391,0.9390862944162437,1.0,44.99999999999999,0.9441624365482234,
gemini_flash_llama,"gemini_flash,llama_70b",239,logistic_router,197,20,0.10152284263959391,0.9086294416243654,0.7,14.999999999999991,0.7715736040609137,0.9013157894736842
gemini_flash_llama,"gemini_flash,llama_70b",239,linear_svm_router,197,20,0.10152284263959391,0.8984771573604061,0.6,4.999999999999993,0.8121827411167513,0.8875
gemini_flash_llama,"gemini_flash,llama_70b",239,knn_router,197,20,0.10152284263959391,0.883248730964467,0.45,-10.000000000000004,1.0,0.883248730964467
gemini_flash_llama,"gemini_flash,llama_70b",239,decision_tree_router,197,20,0.10152284263959391,0.9086294416243654,0.7,14.999999999999991,0.6294416243654822,0.9112903225806451
gemini_flash_llama,"gemini_flash,llama_70b",239,random_forest_router,197,20,0.10152284263959391,0.9137055837563451,0.75,19.999999999999996,0.8730964467005076,0.9127906976744186
gemini_flash_llama,"gemini_flash,llama_70b",239,extra_trees_router,197,20,0.10152284263959391,0.9137055837563451,0.75,19.999999999999996,0.8020304568527918,0.9113924050632911
gemini_flash_llama,"gemini_flash,llama_70b",239,mlp_router,197,20,0.10152284263959391,0.8984771573604061,0.6,4.999999999999993,0.9289340101522843,0.8907103825136612
gemini_flash_llama,"gemini_flash,llama_70b",239,tfidf_logistic_router,197,20,0.10152284263959391,0.9035532994923858,0.65,9.999999999999998,0.8578680203045685,0.9053254437869822
gemini_flash_llama,"gemini_flash,llama_70b",239,tfidf_linear_svm_router,197,20,0.10152284263959391,0.8883248730964467,0.5,-5.000000000000004,0.949238578680203,0.893048128342246
gemini_flash_llama,"gemini_flash,llama_70b",239,tfidf_mlp_router,197,20,0.10152284263959391,0.8883248730964467,0.5,-5.000000000000004,0.9949238578680203,0.8877551020408163
gemini_flash_llama,"gemini_flash,llama_70b",240,always_llama_70b,197,25,0.12690355329949238,0.934010152284264,0.56,0.0,0.0,
gemini_flash_llama,"gemini_flash,llama_70b",240,oracle,197,25,0.12690355329949238,0.9898477157360406,1.0,43.99999999999999,0.9289340101522843,
gemini_flash_llama,"gemini_flash,llama_70b",240,logistic_router,197,25,0.12690355329949238,0.9593908629441624,0.76,19.999999999999996,0.7868020304568528,0.9612903225806452
gemini_flash_llama,"gemini_flash,llama_70b",240,linear_svm_router,197,25,0.12690355329949238,0.949238578680203,0.68,12.0,0.8274111675126904,0.950920245398773
gemini_flash_llama,"gemini_flash,llama_70b",240,knn_router,197,25,0.12690355329949238,0.9187817258883249,0.44,-12.000000000000005,1.0,0.9187817258883249
gemini_flash_llama,"gemini_flash,llama_70b",240,decision_tree_router,197,25,0.12690355329949238,0.934010152284264,0.56,0.0,0.8477157360406091,0.9341317365269461
gemini_flash_llama,"gemini_flash,llama_70b",240,random_forest_router,197,25,0.12690355329949238,0.9695431472081218,0.84,27.999999999999993,0.8781725888324873,0.9653179190751445
gemini_flash_llama,"gemini_flash,llama_70b",240,extra_trees_router,197,25,0.12690355329949238,0.9746192893401016,0.88,31.999999999999996,0.7766497461928934,0.9673202614379085
gemini_flash_llama,"gemini_flash,llama_70b",240,mlp_router,197,25,0.12690355329949238,0.9289340101522843,0.52,-4.0000000000000036,0.9543147208121827,0.925531914893617
gemini_flash_llama,"gemini_flash,llama_70b",240,tfidf_logistic_router,197,25,0.12690355329949238,0.9695431472081218,0.84,27.999999999999993,0.8426395939086294,0.963855421686747
gemini_flash_llama,"gemini_flash,llama_70b",240,tfidf_linear_svm_router,197,25,0.12690355329949238,0.934010152284264,0.56,0.0,0.9289340101522843,0.9344262295081968
gemini_flash_llama,"gemini_flash,llama_70b",240,tfidf_mlp_router,197,25,0.12690355329949238,0.934010152284264,0.56,0.0,0.9847715736040609,0.9329896907216495
gemini_flash_llama,"gemini_flash,llama_70b",241,always_llama_70b,197,30,0.15228426395939088,0.868020304568528,0.5333333333333333,0.0,0.0,
gemini_flash_llama,"gemini_flash,llama_70b",241,oracle,197,30,0.15228426395939088,0.9390862944162437,1.0,46.666666666666664,0.9187817258883249,
gemini_flash_llama,"gemini_flash,llama_70b",241,logistic_router,197,30,0.15228426395939088,0.868020304568528,0.5333333333333333,0.0,0.7766497461928934,0.8888888888888888
gemini_flash_llama,"gemini_flash,llama_70b",241,linear_svm_router,197,30,0.15228426395939088,0.868020304568528,0.5333333333333333,0.0,0.8274111675126904,0.8895705521472392
gemini_flash_llama,"gemini_flash,llama_70b",241,knn_router,197,30,0.15228426395939088,0.8578680203045685,0.4666666666666667,-6.666666666666665,1.0,0.8578680203045685
gemini_flash_llama,"gemini_flash,llama_70b",241,decision_tree_router,197,30,0.15228426395939088,0.8934010152284264,0.7,16.666666666666664,0.8730964467005076,0.8895348837209303
gemini_flash_llama,"gemini_flash,llama_70b",241,random_forest_router,197,30,0.15228426395939088,0.8934010152284264,0.7,16.666666666666664,0.8934010152284264,0.8863636363636364
gemini_flash_llama,"gemini_flash,llama_70b",241,extra_trees_router,197,30,0.15228426395939088,0.883248730964467,0.6333333333333333,9.999999999999998,0.7969543147208121,0.8853503184713376
gemini_flash_llama,"gemini_flash,llama_70b",241,mlp_router,197,30,0.15228426395939088,0.8629441624365483,0.5,-3.3333333333333326,0.9746192893401016,0.859375
gemini_flash_llama,"gemini_flash,llama_70b",241,tfidf_logistic_router,197,30,0.15228426395939088,0.868020304568528,0.5333333333333333,0.0,0.8730964467005076,0.877906976744186
gemini_flash_llama,"gemini_flash,llama_70b",241,tfidf_linear_svm_router,197,30,0.15228426395939088,0.8629441624365483,0.5,-3.3333333333333326,0.9847715736040609,0.8608247422680413
gemini_flash_llama,"gemini_flash,llama_70b",241,tfidf_mlp_router,197,30,0.15228426395939088,0.8629441624365483,0.5,-3.3333333333333326,0.9898477157360406,0.8615384615384616
gemini_flash_llama,"gemini_flash,llama_70b",242,always_llama_70b,197,29,0.14720812182741116,0.8984771573604061,0.5862068965517241,0.0,0.0,
gemini_flash_llama,"gemini_flash,llama_70b",242,oracle,197,29,0.14720812182741116,0.9593908629441624,1.0,41.379310344827594,0.9137055837563451,
gemini_flash_llama,"gemini_flash,llama_70b",242,logistic_router,197,29,0.14720812182741116,0.8934010152284264,0.5517241379310345,-3.4482758620689613,0.817258883248731,0.906832298136646
gemini_flash_llama,"gemini_flash,llama_70b",242,linear_svm_router,197,29,0.14720812182741116,0.883248730964467,0.4827586206896552,-10.34482758620689,0.8984771573604061,0.8870056497175142
gemini_flash_llama,"gemini_flash,llama_70b",242,knn_router,197,29,0.14720812182741116,0.8781725888324873,0.4482758620689655,-13.793103448275856,0.9949238578680203,0.8775510204081632
gemini_flash_llama,"gemini_flash,llama_70b",242,decision_tree_router,197,29,0.14720812182741116,0.8781725888324873,0.4482758620689655,-13.793103448275856,0.6954314720812182,0.9051094890510949
gemini_flash_llama,"gemini_flash,llama_70b",242,random_forest_router,197,29,0.14720812182741116,0.8984771573604061,0.5862068965517241,0.0,0.8984771573604061,0.8983050847457628
gemini_flash_llama,"gemini_flash,llama_70b",242,extra_trees_router,197,29,0.14720812182741116,0.9035532994923858,0.6206896551724138,3.4482758620689724,0.8071065989847716,0.89937106918239
gemini_flash_llama,"gemini_flash,llama_70b",242,mlp_router,197,29,0.14720812182741116,0.883248730964467,0.4827586206896552,-10.34482758620689,0.9695431472081218,0.8848167539267016
gemini_flash_llama,"gemini_flash,llama_70b",242,tfidf_logistic_router,197,29,0.14720812182741116,0.8984771573604061,0.5862068965517241,0.0,0.9035532994923858,0.9044943820224719
gemini_flash_llama,"gemini_flash,llama_70b",242,tfidf_linear_svm_router,197,29,0.14720812182741116,0.8781725888324873,0.4482758620689655,-13.793103448275856,0.9796954314720813,0.8756476683937824
gemini_flash_llama,"gemini_flash,llama_70b",242,tfidf_mlp_router,197,29,0.14720812182741116,0.883248730964467,0.4827586206896552,-10.34482758620689,0.9796954314720813,0.8808290155440415
gemini_flash_llama,"gemini_flash,llama_70b",243,always_llama_70b,197,24,0.1218274111675127,0.9086294416243654,0.75,0.0,0.0,
gemini_flash_llama,"gemini_flash,llama_70b",243,oracle,197,24,0.1218274111675127,0.9390862944162437,1.0,25.0,0.9086294416243654,
gemini_flash_llama,"gemini_flash,llama_70b",243,logistic_router,197,24,0.1218274111675127,0.883248730964467,0.5416666666666666,-20.833333333333336,0.8121827411167513,0.875
gemini_flash_llama,"gemini_flash,llama_70b",243,linear_svm_router,197,24,0.1218274111675127,0.8781725888324873,0.5,-25.0,0.8527918781725888,0.875
gemini_flash_llama,"gemini_flash,llama_70b",243,knn_router,197,24,0.1218274111675127,0.8477157360406091,0.25,-50.0,1.0,0.8477157360406091
gemini_flash_llama,"gemini_flash,llama_70b",243,decision_tree_router,197,24,0.1218274111675127,0.8984771573604061,0.6666666666666666,-8.333333333333337,0.8324873096446701,0.9085365853658537
gemini_flash_llama,"gemini_flash,llama_70b",243,random_forest_router,197,24,0.1218274111675127,0.8934010152284264,0.625,-12.5,0.8781725888324873,0.8901734104046243
gemini_flash_llama,"gemini_flash,llama_70b",243,extra_trees_router,197,24,0.1218274111675127,0.9035532994923858,0.7083333333333334,-4.1666666666666625,0.7969543147208121,0.89171974522293
gemini_flash_llama,"gemini_flash,llama_70b",243,mlp_router,197,24,0.1218274111675127,0.8730964467005076,0.4583333333333333,-29.166666666666668,0.934010152284264,0.8695652173913043
gemini_flash_llama,"gemini_flash,llama_70b",243,tfidf_logistic_router,197,24,0.1218274111675127,0.868020304568528,0.4166666666666667,-33.33333333333333,0.8883248730964467,0.8571428571428571
gemini_flash_llama,"gemini_flash,llama_70b",243,tfidf_linear_svm_router,197,24,0.1218274111675127,0.8629441624365483,0.375,-37.5,0.9593908629441624,0.8624338624338624
gemini_flash_llama,"gemini_flash,llama_70b",243,tfidf_mlp_router,197,24,0.1218274111675127,0.8578680203045685,0.3333333333333333,-41.66666666666667,0.9746192893401016,0.859375
gemini_flash_llama,"gemini_flash,llama_70b",244,always_llama_70b,197,21,0.1065989847715736,0.9086294416243654,0.5714285714285714,0.0,0.0,
gemini_flash_llama,"gemini_flash,llama_70b",244,oracle,197,21,0.1065989847715736,0.9543147208121827,1.0,42.85714285714286,0.9390862944162437,
gemini_flash_llama,"gemini_flash,llama_70b",244,logistic_router,197,21,0.1065989847715736,0.9086294416243654,0.5714285714285714,0.0,0.8121827411167513,0.925
gemini_flash_llama,"gemini_flash,llama_70b",244,linear_svm_router,197,21,0.1065989847715736,0.8984771573604061,0.47619047619047616,-9.523809523809524,0.883248730964467,0.9137931034482759
gemini_flash_llama,"gemini_flash,llama_70b",244,knn_router,197,21,0.1065989847715736,0.8934010152284264,0.42857142857142855,-14.285714285714285,1.0,0.8934010152284264
gemini_flash_llama,"gemini_flash,llama_70b",244,decision_tree_router,197,21,0.1065989847715736,0.9137055837563451,0.6190476190476191,4.761904761904767,0.8121827411167513,0.9125
gemini_flash_llama,"gemini_flash,llama_70b",244,random_forest_router,197,21,0.1065989847715736,0.9086294416243654,0.5714285714285714,0.0,0.8781725888324873,0.9132947976878613
gemini_flash_llama,"gemini_flash,llama_70b",244,extra_trees_router,197,21,0.1065989847715736,0.9137055837563451,0.6190476190476191,4.761904761904767,0.7868020304568528,0.9161290322580645
gemini_flash_llama,"gemini_flash,llama_70b",244,mlp_router,197,21,0.1065989847715736,0.8934010152284264,0.42857142857142855,-14.285714285714285,0.9543147208121827,0.8936170212765957
gemini_flash_llama,"gemini_flash,llama_70b",244,tfidf_logistic_router,197,21,0.1065989847715736,0.9086294416243654,0.5714285714285714,0.0,0.868020304568528,0.9181286549707602
gemini_flash_llama,"gemini_flash,llama_70b",244,tfidf_linear_svm_router,197,21,0.1065989847715736,0.8934010152284264,0.42857142857142855,-14.285714285714285,0.9695431472081218,0.900523560209424
gemini_flash_llama,"gemini_flash,llama_70b",244,tfidf_mlp_router,197,21,0.1065989847715736,0.8934010152284264,0.42857142857142855,-14.285714285714285,0.9949238578680203,0.8928571428571429
gemini_flash_llama,"gemini_flash,llama_70b",245,always_llama_70b,197,23,0.116751269035533,0.8984771573604061,0.6521739130434783,0.0,0.0,
gemini_flash_llama,"gemini_flash,llama_70b",245,oracle,197,23,0.116751269035533,0.9390862944162437,1.0,34.78260869565217,0.9238578680203046,
gemini_flash_llama,"gemini_flash,llama_70b",245,logistic_router,197,23,0.116751269035533,0.8883248730964467,0.5652173913043478,-8.695652173913048,0.8020304568527918,0.8924050632911392
gemini_flash_llama,"gemini_flash,llama_70b",245,linear_svm_router,197,23,0.116751269035533,0.8781725888324873,0.4782608695652174,-17.391304347826086,0.868020304568528,0.8771929824561403
gemini_flash_llama,"gemini_flash,llama_70b",245,knn_router,197,23,0.116751269035533,0.8629441624365483,0.34782608695652173,-30.434782608695656,1.0,0.8629441624365483
gemini_flash_llama,"gemini_flash,llama_70b",245,decision_tree_router,197,23,0.116751269035533,0.8934010152284264,0.6086956521739131,-4.347826086956519,0.868020304568528,0.9005847953216374
gemini_flash_llama,"gemini_flash,llama_70b",245,random_forest_router,197,23,0.116751269035533,0.8934010152284264,0.6086956521739131,-4.347826086956519,0.9086294416243654,0.888268156424581
gemini_flash_llama,"gemini_flash,llama_70b",245,extra_trees_router,197,23,0.116751269035533,0.9035532994923858,0.6956521739130435,4.347826086956519,0.7918781725888325,0.8974358974358975
gemini_flash_llama,"gemini_flash,llama_70b",245,mlp_router,197,23,0.116751269035533,0.8730964467005076,0.43478260869565216,-21.73913043478261,0.9695431472081218,0.8691099476439791
gemini_flash_llama,"gemini_flash,llama_70b",245,tfidf_logistic_router,197,23,0.116751269035533,0.8883248730964467,0.5652173913043478,-8.695652173913048,0.8934010152284264,0.8863636363636364
gemini_flash_llama,"gemini_flash,llama_70b",245,tfidf_linear_svm_router,197,23,0.116751269035533,0.8730964467005076,0.43478260869565216,-21.73913043478261,0.9695431472081218,0.8691099476439791
gemini_flash_llama,"gemini_flash,llama_70b",245,tfidf_mlp_router,197,23,0.116751269035533,0.868020304568528,0.391304347826087,-26.08695652173913,0.9898477157360406,0.8666666666666667
gemini_flash_llama,"gemini_flash,llama_70b",246,always_gemini_flash,197,26,0.1319796954314721,0.8781725888324873,0.5769230769230769,0.0,0.0,
gemini_flash_llama,"gemini_flash,llama_70b",246,oracle,197,26,0.1319796954314721,0.934010152284264,1.0,42.307692307692314,0.05583756345177665,
gemini_flash_llama,"gemini_flash,llama_70b",246,logistic_router,197,26,0.1319796954314721,0.8883248730964467,0.6538461538461539,7.692307692307699,0.19796954314720813,0.8974358974358975
gemini_flash_llama,"gemini_flash,llama_70b",246,linear_svm_router,197,26,0.1319796954314721,0.883248730964467,0.6153846153846154,3.8461538461538547,0.15228426395939088,0.9
gemini_flash_llama,"gemini_flash,llama_70b",246,knn_router,197,26,0.1319796954314721,0.8781725888324873,0.5769230769230769,0.0,0.0,
gemini_flash_llama,"gemini_flash,llama_70b",246,decision_tree_router,197,26,0.1319796954314721,0.8629441624365483,0.46153846153846156,-11.538461538461531,0.3197969543147208,0.7619047619047619
gemini_flash_llama,"gemini_flash,llama_70b",246,random_forest_router,197,26,0.1319796954314721,0.9035532994923858,0.7692307692307693,19.23076923076924,0.10152284263959391,0.95
gemini_flash_llama,"gemini_flash,llama_70b",246,extra_trees_router,197,26,0.1319796954314721,0.8984771573604061,0.7307692307692307,15.384615384615385,0.2182741116751269,0.9069767441860465
gemini_flash_llama,"gemini_flash,llama_70b",246,mlp_router,197,26,0.1319796954314721,0.8883248730964467,0.6538461538461539,7.692307692307699,0.06091370558375635,1.0
gemini_flash_llama,"gemini_flash,llama_70b",246,tfidf_logistic_router,197,26,0.1319796954314721,0.9035532994923858,0.7692307692307693,19.23076923076924,0.1065989847715736,0.9523809523809523
gemini_flash_llama,"gemini_flash,llama_70b",246,tfidf_linear_svm_router,197,26,0.1319796954314721,0.883248730964467,0.6153846153846154,3.8461538461538547,0.04060913705583756,1.0
gemini_flash_llama,"gemini_flash,llama_70b",246,tfidf_mlp_router,197,26,0.1319796954314721,0.883248730964467,0.6153846153846154,3.8461538461538547,0.02030456852791878,1.0
gemini_flash_llama,"gemini_flash,llama_70b",247,always_gemini_flash,197,18,0.09137055837563451,0.9238578680203046,0.5,0.0,0.0,
gemini_flash_llama,"gemini_flash,llama_70b",247,oracle,197,18,0.09137055837563451,0.9695431472081218,1.0,50.0,0.04568527918781726,
gemini_flash_llama,"gemini_flash,llama_70b",247,logistic_router,197,18,0.09137055837563451,0.9289340101522843,0.5555555555555556,5.555555555555558,0.16243654822335024,0.875
gemini_flash_llama,"gemini_flash,llama_70b",247,linear_svm_router,197,18,0.09137055837563451,0.9238578680203046,0.5,0.0,0.13705583756345177,0.8518518518518519
gemini_flash_llama,"gemini_flash,llama_70b",247,knn_router,197,18,0.09137055837563451,0.9238578680203046,0.5,0.0,0.0,
gemini_flash_llama,"gemini_flash,llama_70b",247,decision_tree_router,197,18,0.09137055837563451,0.9390862944162437,0.6666666666666666,16.666666666666664,0.13705583756345177,0.8518518518518519
gemini_flash_llama,"gemini_flash,llama_70b",247,random_forest_router,197,18,0.09137055837563451,0.9390862944162437,0.6666666666666666,16.666666666666664,0.15228426395939088,0.9
gemini_flash_llama,"gemini_flash,llama_70b",247,extra_trees_router,197,18,0.09137055837563451,0.934010152284264,0.6111111111111112,11.111111111111116,0.2233502538071066,0.9090909090909091
gemini_flash_llama,"gemini_flash,llama_70b",247,mlp_router,197,18,0.09137055837563451,0.9390862944162437,0.6666666666666666,16.666666666666664,0.09137055837563451,0.8888888888888888
gemini_flash_llama,"gemini_flash,llama_70b",247,tfidf_logistic_router,197,18,0.09137055837563451,0.9238578680203046,0.5,0.0,0.09644670050761421,0.7894736842105263
gemini_flash_llama,"gemini_flash,llama_70b",247,tfidf_linear_svm_router,197,18,0.09137055837563451,0.9137055837563451,0.3888888888888889,-11.11111111111111,0.04568527918781726,0.7777777777777778
gemini_flash_llama,"gemini_flash,llama_70b",247,tfidf_mlp_router,197,18,0.09137055837563451,0.9289340101522843,0.5555555555555556,5.555555555555558,0.015228426395939087,1.0
gemini_flash_llama,"gemini_flash,llama_70b",248,always_llama_70b,197,19,0.09644670050761421,0.9137055837563451,0.631578947368421,0.0,0.0,
gemini_flash_llama,"gemini_flash,llama_70b",248,oracle,197,19,0.09644670050761421,0.949238578680203,1.0,36.8421052631579,0.9390862944162437,
gemini_flash_llama,"gemini_flash,llama_70b",248,logistic_router,197,19,0.09644670050761421,0.9187817258883249,0.6842105263157895,5.263157894736848,0.751269035532995,0.9324324324324325
gemini_flash_llama,"gemini_flash,llama_70b",248,linear_svm_router,197,19,0.09644670050761421,0.9035532994923858,0.5263157894736842,-10.526315789473683,0.8426395939086294,0.9156626506024096
gemini_flash_llama,"gemini_flash,llama_70b",248,knn_router,197,19,0.09644670050761421,0.8934010152284264,0.42105263157894735,-21.052631578947366,0.9949238578680203,0.8928571428571429
gemini_flash_llama,"gemini_flash,llama_70b",248,decision_tree_router,197,19,0.09644670050761421,0.8984771573604061,0.47368421052631576,-15.789473684210526,0.8020304568527918,0.8987341772151899
gemini_flash_llama,"gemini_flash,llama_70b",248,random_forest_router,197,19,0.09644670050761421,0.9086294416243654,0.5789473684210527,-5.263157894736836,0.8984771573604061,0.9209039548022598
gemini_flash_llama,"gemini_flash,llama_70b",248,extra_trees_router,197,19,0.09644670050761421,0.9137055837563451,0.631578947368421,0.0,0.7969543147208121,0.9235668789808917
gemini_flash_llama,"gemini_flash,llama_70b",248,mlp_router,197,19,0.09644670050761421,0.8984771573604061,0.47368421052631576,-15.789473684210526,0.9441624365482234,0.9032258064516129
gemini_flash_llama,"gemini_flash,llama_70b",248,tfidf_logistic_router,197,19,0.09644670050761421,0.9086294416243654,0.5789473684210527,-5.263157894736836,0.8426395939086294,0.9156626506024096
gemini_flash_llama,"gemini_flash,llama_70b",248,tfidf_linear_svm_router,197,19,0.09644670050761421,0.8934010152284264,0.42105263157894735,-21.052631578947366,0.9543147208121827,0.8882978723404256
gemini_flash_llama,"gemini_flash,llama_70b",248,tfidf_mlp_router,197,19,0.09644670050761421,0.8984771573604061,0.47368421052631576,-15.789473684210526,0.9796954314720813,0.8963730569948186
gemini_flash_llama,"gemini_flash,llama_70b",249,always_llama_70b,197,27,0.13705583756345177,0.8730964467005076,0.5925925925925926,0.0,0.0,
gemini_flash_llama,"gemini_flash,llama_70b",249,oracle,197,27,0.13705583756345177,0.9289340101522843,1.0,40.74074074074075,0.9187817258883249,
gemini_flash_llama,"gemini_flash,llama_70b",249,logistic_router,197,27,0.13705583756345177,0.8883248730964467,0.7037037037037037,11.111111111111116,0.817258883248731,0.8881987577639752
gemini_flash_llama,"gemini_flash,llama_70b",249,linear_svm_router,197,27,0.13705583756345177,0.8781725888324873,0.6296296296296297,3.703703703703709,0.8730964467005076,0.8662790697674418
gemini_flash_llama,"gemini_flash,llama_70b",249,knn_router,197,27,0.13705583756345177,0.8477157360406091,0.4074074074074074,-18.51851851851852,1.0,0.8477157360406091
gemini_flash_llama,"gemini_flash,llama_70b",249,decision_tree_router,197,27,0.13705583756345177,0.883248730964467,0.6666666666666666,7.4074074074074066,0.7208121827411168,0.8802816901408451
gemini_flash_llama,"gemini_flash,llama_70b",249,random_forest_router,197,27,0.13705583756345177,0.883248730964467,0.6666666666666666,7.4074074074074066,0.8578680203045685,0.8757396449704142
gemini_flash_llama,"gemini_flash,llama_70b",249,extra_trees_router,197,27,0.13705583756345177,0.8883248730964467,0.7037037037037037,11.111111111111116,0.7969543147208121,0.8789808917197452
gemini_flash_llama,"gemini_flash,llama_70b",249,mlp_router,197,27,0.13705583756345177,0.868020304568528,0.5555555555555556,-3.703703703703698,0.934010152284264,0.8586956521739131
gemini_flash_llama,"gemini_flash,llama_70b",249,tfidf_logistic_router,197,27,0.13705583756345177,0.8781725888324873,0.6296296296296297,3.703703703703709,0.8426395939086294,0.8674698795180723
gemini_flash_llama,"gemini_flash,llama_70b",249,tfidf_linear_svm_router,197,27,0.13705583756345177,0.8527918781725888,0.4444444444444444,-14.814814814814813,0.9593908629441624,0.8518518518518519
gemini_flash_llama,"gemini_flash,llama_70b",249,tfidf_mlp_router,197,27,0.13705583756345177,0.8527918781725888,0.4444444444444444,-14.814814814814813,0.9847715736040609,0.8505154639175257
gemini_flash_llama,"gemini_flash,llama_70b",250,always_gemini_flash,197,18,0.09137055837563451,0.9086294416243654,0.5,0.0,0.0,
gemini_flash_llama,"gemini_flash,llama_70b",250,oracle,197,18,0.09137055837563451,0.9543147208121827,1.0,50.0,0.04568527918781726,
gemini_flash_llama,"gemini_flash,llama_70b",250,logistic_router,197,18,0.09137055837563451,0.9187817258883249,0.6111111111111112,11.111111111111116,0.24873096446700507,0.8367346938775511
gemini_flash_llama,"gemini_flash,llama_70b",250,linear_svm_router,197,18,0.09137055837563451,0.9187817258883249,0.6111111111111112,11.111111111111116,0.20304568527918782,0.85
gemini_flash_llama,"gemini_flash,llama_70b",250,knn_router,197,18,0.09137055837563451,0.9086294416243654,0.5,0.0,0.0,
gemini_flash_llama,"gemini_flash,llama_70b",250,decision_tree_router,197,18,0.09137055837563451,0.934010152284264,0.7777777777777778,27.77777777777778,0.30456852791878175,0.9
gemini_flash_llama,"gemini_flash,llama_70b",250,random_forest_router,197,18,0.09137055837563451,0.934010152284264,0.7777777777777778,27.77777777777778,0.1065989847715736,1.0
gemini_flash_llama,"gemini_flash,llama_70b",250,extra_trees_router,197,18,0.09137055837563451,0.9289340101522843,0.7222222222222222,22.22222222222222,0.2182741116751269,0.8837209302325582
gemini_flash_llama,"gemini_flash,llama_70b",250,mlp_router,197,18,0.09137055837563451,0.9187817258883249,0.6111111111111112,11.111111111111116,0.07106598984771574,0.9285714285714286
gemini_flash_llama,"gemini_flash,llama_70b",250,tfidf_logistic_router,197,18,0.09137055837563451,0.9238578680203046,0.6666666666666666,16.666666666666664,0.15736040609137056,0.9032258064516129
gemini_flash_llama,"gemini_flash,llama_70b",250,tfidf_linear_svm_router,197,18,0.09137055837563451,0.9086294416243654,0.5,0.0,0.04060913705583756,0.75
gemini_flash_llama,"gemini_flash,llama_70b",250,tfidf_mlp_router,197,18,0.09137055837563451,0.9137055837563451,0.5555555555555556,5.555555555555558,0.025380710659898477,1.0
gemini_flash_llama,"gemini_flash,llama_70b",251,always_llama_70b,197,22,0.1116751269035533,0.9086294416243654,0.5454545454545454,0.0,0.0,
gemini_flash_llama,"gemini_flash,llama_70b",251,oracle,197,22,0.1116751269035533,0.9593908629441624,1.0,45.45454545454546,0.9390862944162437,
gemini_flash_llama,"gemini_flash,llama_70b",251,logistic_router,197,22,0.1116751269035533,0.9187817258883249,0.6363636363636364,9.090909090909093,0.7766497461928934,0.9215686274509803
gemini_flash_llama,"gemini_flash,llama_70b",251,linear_svm_router,197,22,0.1116751269035533,0.9035532994923858,0.5,-4.545454545454541,0.8223350253807107,0.9135802469135802
gemini_flash_llama,"gemini_flash,llama_70b",251,knn_router,197,22,0.1116751269035533,0.8984771573604061,0.45454545454545453,-9.090909090909088,1.0,0.8984771573604061
gemini_flash_llama,"gemini_flash,llama_70b",251,decision_tree_router,197,22,0.1116751269035533,0.9137055837563451,0.5909090909090909,4.545454545454552,0.6142131979695431,0.9173553719008265
gemini_flash_llama,"gemini_flash,llama_70b",251,random_forest_router,197,22,0.1116751269035533,0.9289340101522843,0.7272727272727273,18.181818181818187,0.868020304568528,0.9298245614035088
gemini_flash_llama,"gemini_flash,llama_70b",251,extra_trees_router,197,22,0.1116751269035533,0.9238578680203046,0.6818181818181818,13.636363636363635,0.7868020304568528,0.9225806451612903
gemini_flash_llama,"gemini_flash,llama_70b",251,mlp_router,197,22,0.1116751269035533,0.9137055837563451,0.5909090909090909,4.545454545454552,0.9289340101522843,0.912568306010929
gemini_flash_llama,"gemini_flash,llama_70b",251,tfidf_logistic_router,197,22,0.1116751269035533,0.9137055837563451,0.5909090909090909,4.545454545454552,0.8578680203045685,0.9171597633136095
gemini_flash_llama,"gemini_flash,llama_70b",251,tfidf_linear_svm_router,197,22,0.1116751269035533,0.8984771573604061,0.45454545454545453,-9.090909090909088,0.9644670050761421,0.8947368421052632
gemini_flash_llama,"gemini_flash,llama_70b",251,tfidf_mlp_router,197,22,0.1116751269035533,0.8984771573604061,0.45454545454545453,-9.090909090909088,0.9847715736040609,0.9020618556701031
gemini_flash_llama,"gemini_flash,llama_70b",252,always_llama_70b,197,23,0.116751269035533,0.8781725888324873,0.6086956521739131,0.0,0.0,
gemini_flash_llama,"gemini_flash,llama_70b",252,oracle,197,23,0.116751269035533,0.9238578680203046,1.0,39.13043478260869,0.9289340101522843,
gemini_flash_llama,"gemini_flash,llama_70b",252,logistic_router,197,23,0.116751269035533,0.8781725888324873,0.6086956521739131,0.0,0.766497461928934,0.8741721854304636
gemini_flash_llama,"gemini_flash,llama_70b",252,linear_svm_router,197,23,0.116751269035533,0.868020304568528,0.5217391304347826,-8.695652173913048,0.8426395939086294,0.8614457831325302
gemini_flash_llama,"gemini_flash,llama_70b",252,knn_router,197,23,0.116751269035533,0.8527918781725888,0.391304347826087,-21.73913043478261,0.9949238578680203,0.8520408163265306
gemini_flash_llama,"gemini_flash,llama_70b",252,decision_tree_router,197,23,0.116751269035533,0.883248730964467,0.6521739130434783,4.347826086956519,0.7969543147208121,0.8726114649681529
gemini_flash_llama,"gemini_flash,llama_70b",252,random_forest_router,197,23,0.116751269035533,0.8781725888324873,0.6086956521739131,0.0,0.868020304568528,0.8713450292397661
gemini_flash_llama,"gemini_flash,llama_70b",252,extra_trees_router,197,23,0.116751269035533,0.8883248730964467,0.6956521739130435,8.695652173913038,0.7969543147208121,0.8726114649681529
gemini_flash_llama,"gemini_flash,llama_70b",252,mlp_router,197,23,0.116751269035533,0.8629441624365483,0.4782608695652174,-13.043478260869568,0.9289340101522843,0.8524590163934426
gemini_flash_llama,"gemini_flash,llama_70b",252,tfidf_logistic_router,197,23,0.116751269035533,0.8730964467005076,0.5652173913043478,-4.34782608695653,0.8781725888324873,0.8670520231213873
gemini_flash_llama,"gemini_flash,llama_70b",252,tfidf_linear_svm_router,197,23,0.116751269035533,0.8629441624365483,0.4782608695652174,-13.043478260869568,0.9644670050761421,0.8578947368421053
gemini_flash_llama,"gemini_flash,llama_70b",252,tfidf_mlp_router,197,23,0.116751269035533,0.8629441624365483,0.4782608695652174,-13.043478260869568,0.9746192893401016,0.859375
gemini_flash_llama,"gemini_flash,llama_70b",253,always_llama_70b,197,19,0.09644670050761421,0.883248730964467,0.7368421052631579,0.0,0.0,
gemini_flash_llama,"gemini_flash,llama_70b",253,oracle,197,19,0.09644670050761421,0.9086294416243654,1.0,26.315789473684216,0.9289340101522843,
gemini_flash_llama,"gemini_flash,llama_70b",253,logistic_router,197,19,0.09644670050761421,0.8629441624365483,0.5263157894736842,-21.052631578947366,0.8020304568527918,0.8607594936708861
gemini_flash_llama,"gemini_flash,llama_70b",253,linear_svm_router,197,19,0.09644670050761421,0.8527918781725888,0.42105263157894735,-31.57894736842105,0.8426395939086294,0.8433734939759037
gemini_flash_llama,"gemini_flash,llama_70b",253,knn_router,197,19,0.09644670050761421,0.8375634517766497,0.2631578947368421,-47.368421052631575,1.0,0.8375634517766497
gemini_flash_llama,"gemini_flash,llama_70b",253,decision_tree_router,197,19,0.09644670050761421,0.8578680203045685,0.47368421052631576,-26.31578947368421,0.7715736040609137,0.8881578947368421
gemini_flash_llama,"gemini_flash,llama_70b",253,random_forest_router,197,19,0.09644670050761421,0.8629441624365483,0.5263157894736842,-21.052631578947366,0.9137055837563451,0.8722222222222222
gemini_flash_llama,"gemini_flash,llama_70b",253,extra_trees_router,197,19,0.09644670050761421,0.8781725888324873,0.6842105263157895,-5.263157894736836,0.7969543147208121,0.8789808917197452
gemini_flash_llama,"gemini_flash,llama_70b",253,mlp_router,197,19,0.09644670050761421,0.8477157360406091,0.3684210526315789,-36.84210526315789,0.9187817258883249,0.856353591160221
gemini_flash_llama,"gemini_flash,llama_70b",253,tfidf_logistic_router,197,19,0.09644670050761421,0.8578680203045685,0.47368421052631576,-26.31578947368421,0.8781725888324873,0.861271676300578
gemini_flash_llama,"gemini_flash,llama_70b",253,tfidf_linear_svm_router,197,19,0.09644670050761421,0.8426395939086294,0.3157894736842105,-42.10526315789473,0.9543147208121827,0.8457446808510638
gemini_flash_llama,"gemini_flash,llama_70b",253,tfidf_mlp_router,197,19,0.09644670050761421,0.8426395939086294,0.3157894736842105,-42.10526315789473,0.9898477157360406,0.8461538461538461
gemini_flash_llama,"gemini_flash,llama_70b",254,always_llama_70b,197,26,0.1319796954314721,0.8578680203045685,0.6153846153846154,0.0,0.0,
gemini_flash_llama,"gemini_flash,llama_70b",254,oracle,197,26,0.1319796954314721,0.9086294416243654,1.0,38.46153846153846,0.9187817258883249,
gemini_flash_llama,"gemini_flash,llama_70b",254,logistic_router,197,26,0.1319796954314721,0.8426395939086294,0.5,-11.538461538461542,0.7461928934010152,0.8435374149659864
gemini_flash_llama,"gemini_flash,llama_70b",254,linear_svm_router,197,26,0.1319796954314721,0.8274111675126904,0.38461538461538464,-23.076923076923077,0.7715736040609137,0.8289473684210527
gemini_flash_llama,"gemini_flash,llama_70b",254,knn_router,197,26,0.1319796954314721,0.8274111675126904,0.38461538461538464,-23.076923076923077,0.9949238578680203,0.8316326530612245
gemini_flash_llama,"gemini_flash,llama_70b",254,decision_tree_router,197,26,0.1319796954314721,0.8578680203045685,0.6153846153846154,0.0,0.7715736040609137,0.868421052631579
gemini_flash_llama,"gemini_flash,llama_70b",254,random_forest_router,197,26,0.1319796954314721,0.868020304568528,0.6923076923076923,7.692307692307687,0.883248730964467,0.867816091954023
gemini_flash_llama,"gemini_flash,llama_70b",254,extra_trees_router,197,26,0.1319796954314721,0.8730964467005076,0.7307692307692307,11.538461538461531,0.7614213197969543,0.8866666666666667
gemini_flash_llama,"gemini_flash,llama_70b",254,mlp_router,197,26,0.1319796954314721,0.8375634517766497,0.46153846153846156,-15.384615384615385,0.949238578680203,0.8342245989304813
gemini_flash_llama,"gemini_flash,llama_70b",254,tfidf_logistic_router,197,26,0.1319796954314721,0.8477157360406091,0.5384615384615384,-7.692307692307699,0.8781725888324873,0.8497109826589595
gemini_flash_llama,"gemini_flash,llama_70b",254,tfidf_linear_svm_router,197,26,0.1319796954314721,0.8375634517766497,0.46153846153846156,-15.384615384615385,0.9644670050761421,0.8368421052631579
gemini_flash_llama,"gemini_flash,llama_70b",254,tfidf_mlp_router,197,26,0.1319796954314721,0.8324873096446701,0.4230769230769231,-19.230769230769234,0.9898477157360406,0.8358974358974359
gemini_flash_llama,"gemini_flash,llama_70b",255,always_llama_70b,197,21,0.1065989847715736,0.8730964467005076,0.5238095238095238,0.0,0.0,
gemini_flash_llama,"gemini_flash,llama_70b",255,oracle,197,21,0.1065989847715736,0.9238578680203046,1.0,47.61904761904761,0.9441624365482234,
gemini_flash_llama,"gemini_flash,llama_70b",255,logistic_router,197,21,0.1065989847715736,0.8781725888324873,0.5714285714285714,4.761904761904756,0.8020304568527918,0.8924050632911392
gemini_flash_llama,"gemini_flash,llama_70b",255,linear_svm_router,197,21,0.1065989847715736,0.8730964467005076,0.5238095238095238,0.0,0.8121827411167513,0.88125
gemini_flash_llama,"gemini_flash,llama_70b",255,knn_router,197,21,0.1065989847715736,0.868020304568528,0.47619047619047616,-4.761904761904767,1.0,0.868020304568528
gemini_flash_llama,"gemini_flash,llama_70b",255,decision_tree_router,197,21,0.1065989847715736,0.883248730964467,0.6190476190476191,9.523809523809524,0.817258883248731,0.8881987577639752
gemini_flash_llama,"gemini_flash,llama_70b",255,random_forest_router,197,21,0.1065989847715736,0.8934010152284264,0.7142857142857143,19.047619047619047,0.8883248730964467,0.8971428571428571
gemini_flash_llama,"gemini_flash,llama_70b",255,extra_trees_router,197,21,0.1065989847715736,0.8934010152284264,0.7142857142857143,19.047619047619047,0.8071065989847716,0.8867924528301887
gemini_flash_llama,"gemini_flash,llama_70b",255,mlp_router,197,21,0.1065989847715736,0.883248730964467,0.6190476190476191,9.523809523809524,0.9390862944162437,0.8810810810810811
gemini_flash_llama,"gemini_flash,llama_70b",255,tfidf_logistic_router,197,21,0.1065989847715736,0.8730964467005076,0.5238095238095238,0.0,0.883248730964467,0.8793103448275862
gemini_flash_llama,"gemini_flash,llama_70b",255,tfidf_linear_svm_router,197,21,0.1065989847715736,0.8730964467005076,0.5238095238095238,0.0,0.9441624365482234,0.8763440860215054
gemini_flash_llama,"gemini_flash,llama_70b",255,tfidf_mlp_router,197,21,0.1065989847715736,0.8730964467005076,0.5238095238095238,0.0,0.9695431472081218,0.8743455497382199
gemini_flash_llama,"gemini_flash,llama_70b",256,always_llama_70b,197,25,0.12690355329949238,0.883248730964467,0.52,0.0,0.0,
gemini_flash_llama,"gemini_flash,llama_70b",256,oracle,197,25,0.12690355329949238,0.9441624365482234,1.0,48.0,0.934010152284264,
gemini_flash_llama,"gemini_flash,llama_70b",256,logistic_router,197,25,0.12690355329949238,0.8883248730964467,0.56,4.0000000000000036,0.7817258883248731,0.8961038961038961
gemini_flash_llama,"gemini_flash,llama_70b",256,linear_svm_router,197,25,0.12690355329949238,0.8781725888324873,0.48,-4.0000000000000036,0.8020304568527918,0.879746835443038
gemini_flash_llama,"gemini_flash,llama_70b",256,knn_router,197,25,0.12690355329949238,0.8781725888324873,0.48,-4.0000000000000036,1.0,0.8781725888324873
gemini_flash_llama,"gemini_flash,llama_70b",256,decision_tree_router,197,25,0.12690355329949238,0.8781725888324873,0.48,-4.0000000000000036,0.6700507614213198,0.9166666666666666
gemini_flash_llama,"gemini_flash,llama_70b",256,random_forest_router,197,25,0.12690355329949238,0.9086294416243654,0.72,19.999999999999996,0.868020304568528,0.9064327485380117
gemini_flash_llama,"gemini_flash,llama_70b",256,extra_trees_router,197,25,0.12690355329949238,0.9137055837563451,0.76,24.0,0.7817258883248731,0.9285714285714286
gemini_flash_llama,"gemini_flash,llama_70b",256,mlp_router,197,25,0.12690355329949238,0.8934010152284264,0.6,7.9999999999999964,0.9238578680203046,0.8956043956043956
gemini_flash_llama,"gemini_flash,llama_70b",256,tfidf_logistic_router,197,25,0.12690355329949238,0.8883248730964467,0.56,4.0000000000000036,0.8324873096446701,0.8963414634146342
gemini_flash_llama,"gemini_flash,llama_70b",256,tfidf_linear_svm_router,197,25,0.12690355329949238,0.8883248730964467,0.56,4.0000000000000036,0.9593908629441624,0.8835978835978836
gemini_flash_llama,"gemini_flash,llama_70b",256,tfidf_mlp_router,197,25,0.12690355329949238,0.8883248730964467,0.56,4.0000000000000036,0.9847715736040609,0.8865979381443299
gemini_flash_llama,"gemini_flash,llama_70b",257,always_llama_70b,197,21,0.1065989847715736,0.9187817258883249,0.5238095238095238,0.0,0.0,
gemini_flash_llama,"gemini_flash,llama_70b",257,oracle,197,21,0.1065989847715736,0.9695431472081218,1.0,47.61904761904761,0.9441624365482234,
gemini_flash_llama,"gemini_flash,llama_70b",257,logistic_router,197,21,0.1065989847715736,0.9187817258883249,0.5238095238095238,0.0,0.7715736040609137,0.9407894736842105
gemini_flash_llama,"gemini_flash,llama_70b",257,linear_svm_router,197,21,0.1065989847715736,0.9238578680203046,0.5714285714285714,4.761904761904756,0.8274111675126904,0.9386503067484663
gemini_flash_llama,"gemini_flash,llama_70b",257,knn_router,197,21,0.1065989847715736,0.9137055837563451,0.47619047619047616,-4.761904761904767,1.0,0.9137055837563451
gemini_flash_llama,"gemini_flash,llama_70b",257,decision_tree_router,197,21,0.1065989847715736,0.9137055837563451,0.47619047619047616,-4.761904761904767,0.8426395939086294,0.9337349397590361
gemini_flash_llama,"gemini_flash,llama_70b",257,random_forest_router,197,21,0.1065989847715736,0.934010152284264,0.6666666666666666,14.28571428571428,0.8781725888324873,0.9364161849710982
gemini_flash_llama,"gemini_flash,llama_70b",257,extra_trees_router,197,21,0.1065989847715736,0.9289340101522843,0.6190476190476191,9.523809523809524,0.7969543147208121,0.9363057324840764
gemini_flash_llama,"gemini_flash,llama_70b",257,mlp_router,197,21,0.1065989847715736,0.9187817258883249,0.5238095238095238,0.0,0.9441624365482234,0.9193548387096774
gemini_flash_llama,"gemini_flash,llama_70b",257,tfidf_logistic_router,197,21,0.1065989847715736,0.9187817258883249,0.5238095238095238,0.0,0.8781725888324873,0.9364161849710982
gemini_flash_llama,"gemini_flash,llama_70b",257,tfidf_linear_svm_router,197,21,0.1065989847715736,0.9187817258883249,0.5238095238095238,0.0,0.9746192893401016,0.921875
gemini_flash_llama,"gemini_flash,llama_70b",257,tfidf_mlp_router,197,21,0.1065989847715736,0.9137055837563451,0.47619047619047616,-4.761904761904767,0.9898477157360406,0.9128205128205128
gemini_flash_llama,"gemini_flash,llama_70b",258,always_llama_70b,197,23,0.116751269035533,0.8984771573604061,0.5652173913043478,0.0,0.0,
gemini_flash_llama,"gemini_flash,llama_70b",258,oracle,197,23,0.116751269035533,0.949238578680203,1.0,43.47826086956522,0.934010152284264,
gemini_flash_llama,"gemini_flash,llama_70b",258,logistic_router,197,23,0.116751269035533,0.8984771573604061,0.5652173913043478,0.0,0.8223350253807107,0.8950617283950617
gemini_flash_llama,"gemini_flash,llama_70b",258,linear_svm_router,197,23,0.116751269035533,0.883248730964467,0.43478260869565216,-13.043478260869563,0.8730964467005076,0.8895348837209303
gemini_flash_llama,"gemini_flash,llama_70b",258,knn_router,197,23,0.116751269035533,0.883248730964467,0.43478260869565216,-13.043478260869563,1.0,0.883248730964467
gemini_flash_llama,"gemini_flash,llama_70b",258,decision_tree_router,197,23,0.116751269035533,0.8934010152284264,0.5217391304347826,-4.347826086956519,0.7055837563451777,0.9136690647482014
gemini_flash_llama,"gemini_flash,llama_70b",258,random_forest_router,197,23,0.116751269035533,0.9035532994923858,0.6086956521739131,4.34782608695653,0.8883248730964467,0.8971428571428571
gemini_flash_llama,"gemini_flash,llama_70b",258,extra_trees_router,197,23,0.116751269035533,0.9137055837563451,0.6956521739130435,13.043478260869568,0.7969543147208121,0.910828025477707
gemini_flash_llama,"gemini_flash,llama_70b",258,mlp_router,197,23,0.116751269035533,0.883248730964467,0.43478260869565216,-13.043478260869563,0.9441624365482234,0.8817204301075269
gemini_flash_llama,"gemini_flash,llama_70b",258,tfidf_logistic_router,197,23,0.116751269035533,0.9035532994923858,0.6086956521739131,4.34782608695653,0.9137055837563451,0.9
gemini_flash_llama,"gemini_flash,llama_70b",258,tfidf_linear_svm_router,197,23,0.116751269035533,0.8883248730964467,0.4782608695652174,-8.695652173913038,0.9644670050761421,0.8894736842105263
gemini_flash_llama,"gemini_flash,llama_70b",258,tfidf_mlp_router,197,23,0.116751269035533,0.883248730964467,0.43478260869565216,-13.043478260869563,0.9695431472081218,0.8848167539267016
gemini_flash_granite,"gemini_flash,granite_8b",229,always_gemini_flash,197,27,0.13705583756345177,0.868020304568528,0.6666666666666666,0.0,0.0,
gemini_flash_granite,"gemini_flash,granite_8b",229,oracle,197,27,0.13705583756345177,0.9137055837563451,1.0,33.333333333333336,0.04568527918781726,
gemini_flash_granite,"gemini_flash,granite_8b",229,logistic_router,197,27,0.13705583756345177,0.8527918781725888,0.5555555555555556,-11.111111111111105,0.19796954314720813,0.717948717948718
gemini_flash_granite,"gemini_flash,granite_8b",229,linear_svm_router,197,27,0.13705583756345177,0.868020304568528,0.6666666666666666,0.0,0.16243654822335024,0.78125
gemini_flash_granite,"gemini_flash,granite_8b",229,knn_router,197,27,0.13705583756345177,0.868020304568528,0.6666666666666666,0.0,0.0,
gemini_flash_granite,"gemini_flash,granite_8b",229,decision_tree_router,197,27,0.13705583756345177,0.8375634517766497,0.4444444444444444,-22.22222222222222,0.37055837563451777,0.7534246575342466
gemini_flash_granite,"gemini_flash,granite_8b",229,random_forest_router,197,27,0.13705583756345177,0.8730964467005076,0.7037037037037037,3.703703703703709,0.08629441624365482,0.7647058823529411
gemini_flash_granite,"gemini_flash,granite_8b",229,extra_trees_router,197,27,0.13705583756345177,0.868020304568528,0.6666666666666666,0.0,0.233502538071066,0.782608695652174
gemini_flash_granite,"gemini_flash,granite_8b",229,mlp_router,197,27,0.13705583756345177,0.8730964467005076,0.7037037037037037,3.703703703703709,0.01015228426395939,1.0
gemini_flash_granite,"gemini_flash,granite_8b",229,tfidf_logistic_router,197,27,0.13705583756345177,0.8578680203045685,0.5925925925925926,-7.4074074074074066,0.09137055837563451,0.5555555555555556
gemini_flash_granite,"gemini_flash,granite_8b",229,tfidf_linear_svm_router,197,27,0.13705583756345177,0.868020304568528,0.6666666666666666,0.0,0.015228426395939087,0.6666666666666666
gemini_flash_granite,"gemini_flash,granite_8b",229,tfidf_mlp_router,197,27,0.13705583756345177,0.8629441624365483,0.6296296296296297,-3.703703703703698,0.005076142131979695,0.0
gemini_flash_granite,"gemini_flash,granite_8b",230,always_gemini_flash,197,26,0.1319796954314721,0.9035532994923858,0.7692307692307693,0.0,0.0,
gemini_flash_granite,"gemini_flash,granite_8b",230,oracle,197,26,0.1319796954314721,0.934010152284264,1.0,23.076923076923073,0.030456852791878174,
gemini_flash_granite,"gemini_flash,granite_8b",230,logistic_router,197,26,0.1319796954314721,0.8781725888324873,0.5769230769230769,-19.23076923076924,0.25888324873096447,0.7058823529411765
gemini_flash_granite,"gemini_flash,granite_8b",230,linear_svm_router,197,26,0.1319796954314721,0.883248730964467,0.6153846153846154,-15.384615384615385,0.2131979695431472,0.7142857142857143
gemini_flash_granite,"gemini_flash,granite_8b",230,knn_router,197,26,0.1319796954314721,0.9035532994923858,0.7692307692307693,0.0,0.0,
gemini_flash_granite,"gemini_flash,granite_8b",230,decision_tree_router,197,26,0.1319796954314721,0.8883248730964467,0.6538461538461539,-11.538461538461542,0.30456852791878175,0.8
gemini_flash_granite,"gemini_flash,granite_8b",230,random_forest_router,197,26,0.1319796954314721,0.8984771573604061,0.7307692307692307,-3.8461538461538547,0.07614213197969544,0.5333333333333333
gemini_flash_granite,"gemini_flash,granite_8b",230,extra_trees_router,197,26,0.1319796954314721,0.9035532994923858,0.7692307692307693,0.0,0.2182741116751269,0.7674418604651163
gemini_flash_granite,"gemini_flash,granite_8b",230,mlp_router,197,26,0.1319796954314721,0.8984771573604061,0.7307692307692307,-3.8461538461538547,0.04060913705583756,0.625
gemini_flash_granite,"gemini_flash,granite_8b",230,tfidf_logistic_router,197,26,0.1319796954314721,0.8934010152284264,0.6923076923076923,-7.692307692307699,0.16243654822335024,0.75
gemini_flash_granite,"gemini_flash,granite_8b",230,tfidf_linear_svm_router,197,26,0.1319796954314721,0.8934010152284264,0.6923076923076923,-7.692307692307699,0.050761421319796954,0.8
gemini_flash_granite,"gemini_flash,granite_8b",230,tfidf_mlp_router,197,26,0.1319796954314721,0.8984771573604061,0.7307692307692307,-3.8461538461538547,0.025380710659898477,0.8
gemini_flash_granite,"gemini_flash,granite_8b",231,always_gemini_flash,197,19,0.09644670050761421,0.868020304568528,0.5789473684210527,0.0,0.0,
gemini_flash_granite,"gemini_flash,granite_8b",231,oracle,197,19,0.09644670050761421,0.9086294416243654,1.0,42.10526315789473,0.04060913705583756,
gemini_flash_granite,"gemini_flash,granite_8b",231,logistic_router,197,19,0.09644670050761421,0.8629441624365483,0.5263157894736842,-5.263157894736848,0.233502538071066,0.7391304347826086
gemini_flash_granite,"gemini_flash,granite_8b",231,linear_svm_router,197,19,0.09644670050761421,0.8578680203045685,0.47368421052631576,-10.526315789473689,0.14720812182741116,0.7586206896551724
gemini_flash_granite,"gemini_flash,granite_8b",231,knn_router,197,19,0.09644670050761421,0.868020304568528,0.5789473684210527,0.0,0.0,
gemini_flash_granite,"gemini_flash,granite_8b",231,decision_tree_router,197,19,0.09644670050761421,0.8629441624365483,0.5263157894736842,-5.263157894736848,0.19289340101522842,0.6842105263157895
gemini_flash_granite,"gemini_flash,granite_8b",231,random_forest_router,197,19,0.09644670050761421,0.883248730964467,0.7368421052631579,15.78947368421052,0.116751269035533,0.6521739130434783
gemini_flash_granite,"gemini_flash,granite_8b",231,extra_trees_router,197,19,0.09644670050761421,0.8730964467005076,0.631578947368421,5.263157894736836,0.22842639593908629,0.7555555555555555
gemini_flash_granite,"gemini_flash,granite_8b",231,mlp_router,197,19,0.09644670050761421,0.8629441624365483,0.5263157894736842,-5.263157894736848,0.02030456852791878,0.5
gemini_flash_granite,"gemini_flash,granite_8b",231,tfidf_logistic_router,197,19,0.09644670050761421,0.8578680203045685,0.47368421052631576,-10.526315789473689,0.1116751269035533,0.6363636363636364
gemini_flash_granite,"gemini_flash,granite_8b",231,tfidf_linear_svm_router,197,19,0.09644670050761421,0.8629441624365483,0.5263157894736842,-5.263157894736848,0.01015228426395939,0.0
gemini_flash_granite,"gemini_flash,granite_8b",231,tfidf_mlp_router,197,19,0.09644670050761421,0.868020304568528,0.5789473684210527,0.0,0.015228426395939087,0.6666666666666666
gemini_flash_granite,"gemini_flash,granite_8b",232,always_gemini_flash,197,30,0.15228426395939088,0.8883248730964467,0.6,0.0,0.0,
gemini_flash_granite,"gemini_flash,granite_8b",232,oracle,197,30,0.15228426395939088,0.949238578680203,1.0,40.0,0.06091370558375635,
gemini_flash_granite,"gemini_flash,granite_8b",232,logistic_router,197,30,0.15228426395939088,0.8629441624365483,0.43333333333333335,-16.666666666666664,0.23857868020304568,0.7659574468085106
gemini_flash_granite,"gemini_flash,granite_8b",232,linear_svm_router,197,30,0.15228426395939088,0.8629441624365483,0.43333333333333335,-16.666666666666664,0.19796954314720813,0.7435897435897436
gemini_flash_granite,"gemini_flash,granite_8b",232,knn_router,197,30,0.15228426395939088,0.8883248730964467,0.6,0.0,0.0,
gemini_flash_granite,"gemini_flash,granite_8b",232,decision_tree_router,197,30,0.15228426395939088,0.883248730964467,0.5666666666666667,-3.3333333333333326,0.3248730964467005,0.78125
gemini_flash_granite,"gemini_flash,granite_8b",232,random_forest_router,197,30,0.15228426395939088,0.8984771573604061,0.6666666666666666,6.666666666666665,0.04568527918781726,0.8888888888888888
gemini_flash_granite,"gemini_flash,granite_8b",232,extra_trees_router,197,30,0.15228426395939088,0.8934010152284264,0.6333333333333333,3.3333333333333326,0.18781725888324874,0.8108108108108109
gemini_flash_granite,"gemini_flash,granite_8b",232,mlp_router,197,30,0.15228426395939088,0.8730964467005076,0.5,-9.999999999999998,0.04060913705583756,0.5
gemini_flash_granite,"gemini_flash,granite_8b",232,tfidf_logistic_router,197,30,0.15228426395939088,0.868020304568528,0.4666666666666667,-13.33333333333333,0.13705583756345177,0.7407407407407407
gemini_flash_granite,"gemini_flash,granite_8b",232,tfidf_linear_svm_router,197,30,0.15228426395939088,0.8781725888324873,0.5333333333333333,-6.666666666666665,0.030456852791878174,0.6666666666666666
gemini_flash_granite,"gemini_flash,granite_8b",232,tfidf_mlp_router,197,30,0.15228426395939088,0.8883248730964467,0.6,0.0,0.005076142131979695,1.0
gemini_flash_granite,"gemini_flash,granite_8b",233,always_gemini_flash,197,18,0.09137055837563451,0.8883248730964467,0.6666666666666666,0.0,0.0,
gemini_flash_granite,"gemini_flash,granite_8b",233,oracle,197,18,0.09137055837563451,0.9187817258883249,1.0,33.333333333333336,0.030456852791878174,
gemini_flash_granite,"gemini_flash,granite_8b",233,logistic_router,197,18,0.09137055837563451,0.8629441624365483,0.3888888888888889,-27.777777777777775,0.23857868020304568,0.7446808510638298
gemini_flash_granite,"gemini_flash,granite_8b",233,linear_svm_router,197,18,0.09137055837563451,0.8527918781725888,0.2777777777777778,-38.888888888888886,0.19796954314720813,0.7435897435897436
gemini_flash_granite,"gemini_flash,granite_8b",233,knn_router,197,18,0.09137055837563451,0.8883248730964467,0.6666666666666666,0.0,0.0,
gemini_flash_granite,"gemini_flash,granite_8b",233,decision_tree_router,197,18,0.09137055837563451,0.8578680203045685,0.3333333333333333,-33.33333333333333,0.3604060913705584,0.7323943661971831
gemini_flash_granite,"gemini_flash,granite_8b",233,random_forest_router,197,18,0.09137055837563451,0.8984771573604061,0.7777777777777778,11.111111111111116,0.10152284263959391,0.7
gemini_flash_granite,"gemini_flash,granite_8b",233,extra_trees_router,197,18,0.09137055837563451,0.8781725888324873,0.5555555555555556,-11.111111111111105,0.2233502538071066,0.7727272727272727
gemini_flash_granite,"gemini_flash,granite_8b",233,mlp_router,197,18,0.09137055837563451,0.883248730964467,0.6111111111111112,-5.5555555555555465,0.025380710659898477,0.8
gemini_flash_granite,"gemini_flash,granite_8b",233,tfidf_logistic_router,197,18,0.09137055837563451,0.8527918781725888,0.2777777777777778,-38.888888888888886,0.1065989847715736,0.6190476190476191
gemini_flash_granite,"gemini_flash,granite_8b",233,tfidf_linear_svm_router,197,18,0.09137055837563451,0.8781725888324873,0.5555555555555556,-11.111111111111105,0.025380710659898477,0.6
gemini_flash_granite,"gemini_flash,granite_8b",233,tfidf_mlp_router,197,18,0.09137055837563451,0.883248730964467,0.6111111111111112,-5.5555555555555465,0.015228426395939087,0.6666666666666666
gemini_flash_granite,"gemini_flash,granite_8b",234,always_gemini_flash,197,25,0.12690355329949238,0.8527918781725888,0.56,0.0,0.0,
gemini_flash_granite,"gemini_flash,granite_8b",234,oracle,197,25,0.12690355329949238,0.9086294416243654,1.0,43.99999999999999,0.05583756345177665,
gemini_flash_granite,"gemini_flash,granite_8b",234,logistic_router,197,25,0.12690355329949238,0.8375634517766497,0.44,-12.000000000000005,0.233502538071066,0.7391304347826086
gemini_flash_granite,"gemini_flash,granite_8b",234,linear_svm_router,197,25,0.12690355329949238,0.8375634517766497,0.44,-12.000000000000005,0.14213197969543148,0.7857142857142857
gemini_flash_granite,"gemini_flash,granite_8b",234,knn_router,197,25,0.12690355329949238,0.8527918781725888,0.56,0.0,0.0,
gemini_flash_granite,"gemini_flash,granite_8b",234,decision_tree_router,197,25,0.12690355329949238,0.8527918781725888,0.56,0.0,0.233502538071066,0.8043478260869565
gemini_flash_granite,"gemini_flash,granite_8b",234,random_forest_router,197,25,0.12690355329949238,0.8578680203045685,0.6,3.9999999999999925,0.1218274111675127,0.7083333333333334
gemini_flash_granite,"gemini_flash,granite_8b",234,extra_trees_router,197,25,0.12690355329949238,0.8426395939086294,0.48,-8.000000000000007,0.17258883248730963,0.7352941176470589
gemini_flash_granite,"gemini_flash,granite_8b",234,mlp_router,197,25,0.12690355329949238,0.8324873096446701,0.4,-16.000000000000004,0.04060913705583756,0.5
gemini_flash_granite,"gemini_flash,granite_8b",234,tfidf_logistic_router,197,25,0.12690355329949238,0.8375634517766497,0.44,-12.000000000000005,0.08121827411167512,0.625
gemini_flash_granite,"gemini_flash,granite_8b",234,tfidf_linear_svm_router,197,25,0.12690355329949238,0.8375634517766497,0.44,-12.000000000000005,0.030456852791878174,0.3333333333333333
gemini_flash_granite,"gemini_flash,granite_8b",234,tfidf_mlp_router,197,25,0.12690355329949238,0.8527918781725888,0.56,0.0,0.0,
gemini_flash_granite,"gemini_flash,granite_8b",235,always_gemini_flash,197,21,0.1065989847715736,0.8629441624365483,0.5238095238095238,0.0,0.0,
gemini_flash_granite,"gemini_flash,granite_8b",235,oracle,197,21,0.1065989847715736,0.9137055837563451,1.0,47.61904761904761,0.050761421319796954,
gemini_flash_granite,"gemini_flash,granite_8b",235,logistic_router,197,21,0.1065989847715736,0.8730964467005076,0.6190476190476191,9.523809523809524,0.19289340101522842,0.8421052631578947
gemini_flash_granite,"gemini_flash,granite_8b",235,linear_svm_router,197,21,0.1065989847715736,0.8578680203045685,0.47619047619047616,-4.761904761904767,0.15736040609137056,0.8387096774193549
gemini_flash_granite,"gemini_flash,granite_8b",235,knn_router,197,21,0.1065989847715736,0.8629441624365483,0.5238095238095238,0.0,0.0,
gemini_flash_granite,"gemini_flash,granite_8b",235,decision_tree_router,197,21,0.1065989847715736,0.8781725888324873,0.6666666666666666,14.28571428571428,0.15736040609137056,0.8064516129032258
gemini_flash_granite,"gemini_flash,granite_8b",235,random_forest_router,197,21,0.1065989847715736,0.8781725888324873,0.6666666666666666,14.28571428571428,0.12690355329949238,0.8
gemini_flash_granite,"gemini_flash,granite_8b",235,extra_trees_router,197,21,0.1065989847715736,0.8781725888324873,0.6666666666666666,14.28571428571428,0.20812182741116753,0.8292682926829268
gemini_flash_granite,"gemini_flash,granite_8b",235,mlp_router,197,21,0.1065989847715736,0.868020304568528,0.5714285714285714,4.761904761904756,0.03553299492385787,0.8571428571428571
gemini_flash_granite,"gemini_flash,granite_8b",235,tfidf_logistic_router,197,21,0.1065989847715736,0.8629441624365483,0.5238095238095238,0.0,0.10152284263959391,0.75
gemini_flash_granite,"gemini_flash,granite_8b",235,tfidf_linear_svm_router,197,21,0.1065989847715736,0.8578680203045685,0.47619047619047616,-4.761904761904767,0.030456852791878174,0.6666666666666666
gemini_flash_granite,"gemini_flash,granite_8b",235,tfidf_mlp_router,197,21,0.1065989847715736,0.8629441624365483,0.5238095238095238,0.0,0.02030456852791878,0.5
gemini_flash_granite,"gemini_flash,granite_8b",236,always_gemini_flash,197,26,0.1319796954314721,0.868020304568528,0.6538461538461539,0.0,0.0,
gemini_flash_granite,"gemini_flash,granite_8b",236,oracle,197,26,0.1319796954314721,0.9137055837563451,1.0,34.61538461538461,0.04568527918781726,
gemini_flash_granite,"gemini_flash,granite_8b",236,logistic_router,197,26,0.1319796954314721,0.8527918781725888,0.5384615384615384,-11.538461538461542,0.23857868020304568,0.7446808510638298
gemini_flash_granite,"gemini_flash,granite_8b",236,linear_svm_router,197,26,0.1319796954314721,0.8426395939086294,0.46153846153846156,-19.23076923076923,0.19289340101522842,0.7105263157894737
gemini_flash_granite,"gemini_flash,granite_8b",236,knn_router,197,26,0.1319796954314721,0.868020304568528,0.6538461538461539,0.0,0.0,
gemini_flash_granite,"gemini_flash,granite_8b",236,decision_tree_router,197,26,0.1319796954314721,0.8578680203045685,0.5769230769230769,-7.692307692307699,0.18781725888324874,0.7297297297297297
gemini_flash_granite,"gemini_flash,granite_8b",236,random_forest_router,197,26,0.1319796954314721,0.868020304568528,0.6538461538461539,0.0,0.07106598984771574,0.7142857142857143
gemini_flash_granite,"gemini_flash,granite_8b",236,extra_trees_router,197,26,0.1319796954314721,0.8781725888324873,0.7307692307692307,7.692307692307687,0.233502538071066,0.8478260869565217
gemini_flash_granite,"gemini_flash,granite_8b",236,mlp_router,197,26,0.1319796954314721,0.8629441624365483,0.6153846153846154,-3.8461538461538436,0.04568527918781726,0.6666666666666666
gemini_flash_granite,"gemini_flash,granite_8b",236,tfidf_logistic_router,197,26,0.1319796954314721,0.8578680203045685,0.5769230769230769,-7.692307692307699,0.15228426395939088,0.7666666666666667
gemini_flash_granite,"gemini_flash,granite_8b",236,tfidf_linear_svm_router,197,26,0.1319796954314721,0.8629441624365483,0.6153846153846154,-3.8461538461538436,0.025380710659898477,0.6
gemini_flash_granite,"gemini_flash,granite_8b",236,tfidf_mlp_router,197,26,0.1319796954314721,0.868020304568528,0.6538461538461539,0.0,0.030456852791878174,0.6666666666666666
gemini_flash_granite,"gemini_flash,granite_8b",237,always_gemini_flash,197,19,0.09644670050761421,0.8984771573604061,0.7368421052631579,0.0,0.0,
gemini_flash_granite,"gemini_flash,granite_8b",237,oracle,197,19,0.09644670050761421,0.9238578680203046,1.0,26.315789473684216,0.025380710659898477,
gemini_flash_granite,"gemini_flash,granite_8b",237,logistic_router,197,19,0.09644670050761421,0.8781725888324873,0.5263157894736842,-21.052631578947366,0.2182741116751269,0.7209302325581395
gemini_flash_granite,"gemini_flash,granite_8b",237,linear_svm_router,197,19,0.09644670050761421,0.883248730964467,0.5789473684210527,-15.78947368421052,0.13705583756345177,0.7407407407407407
gemini_flash_granite,"gemini_flash,granite_8b",237,knn_router,197,19,0.09644670050761421,0.8984771573604061,0.7368421052631579,0.0,0.0,
gemini_flash_granite,"gemini_flash,granite_8b",237,decision_tree_router,197,19,0.09644670050761421,0.8781725888324873,0.5263157894736842,-21.052631578947366,0.3350253807106599,0.7727272727272727
gemini_flash_granite,"gemini_flash,granite_8b",237,random_forest_router,197,19,0.09644670050761421,0.8984771573604061,0.7368421052631579,0.0,0.1319796954314721,0.6923076923076923
gemini_flash_granite,"gemini_flash,granite_8b",237,extra_trees_router,197,19,0.09644670050761421,0.8934010152284264,0.6842105263157895,-5.263157894736836,0.2131979695431472,0.7619047619047619
gemini_flash_granite,"gemini_flash,granite_8b",237,mlp_router,197,19,0.09644670050761421,0.883248730964467,0.5789473684210527,-15.78947368421052,0.04060913705583756,0.5
gemini_flash_granite,"gemini_flash,granite_8b",237,tfidf_logistic_router,197,19,0.09644670050761421,0.883248730964467,0.5789473684210527,-15.78947368421052,0.10152284263959391,0.7
gemini_flash_granite,"gemini_flash,granite_8b",237,tfidf_linear_svm_router,197,19,0.09644670050761421,0.8934010152284264,0.6842105263157895,-5.263157894736836,0.030456852791878174,0.5
gemini_flash_granite,"gemini_flash,granite_8b",237,tfidf_mlp_router,197,19,0.09644670050761421,0.8984771573604061,0.7368421052631579,0.0,0.01015228426395939,0.5
gemini_flash_granite,"gemini_flash,granite_8b",238,always_gemini_flash,197,33,0.16751269035532995,0.868020304568528,0.6363636363636364,0.0,0.0,
gemini_flash_granite,"gemini_flash,granite_8b",238,oracle,197,33,0.16751269035532995,0.9289340101522843,1.0,36.36363636363637,0.06091370558375635,
gemini_flash_granite,"gemini_flash,granite_8b",238,logistic_router,197,33,0.16751269035532995,0.8730964467005076,0.6666666666666666,3.0303030303030276,0.2639593908629442,0.75
gemini_flash_granite,"gemini_flash,granite_8b",238,linear_svm_router,197,33,0.16751269035532995,0.8629441624365483,0.6060606060606061,-3.0303030303030276,0.15736040609137056,0.7419354838709677
gemini_flash_granite,"gemini_flash,granite_8b",238,knn_router,197,33,0.16751269035532995,0.868020304568528,0.6363636363636364,0.0,0.0,
gemini_flash_granite,"gemini_flash,granite_8b",238,decision_tree_router,197,33,0.16751269035532995,0.8629441624365483,0.6060606060606061,-3.0303030303030276,0.116751269035533,0.6956521739130435
gemini_flash_granite,"gemini_flash,granite_8b",238,random_forest_router,197,33,0.16751269035532995,0.8730964467005076,0.6666666666666666,3.0303030303030276,0.1218274111675127,0.6666666666666666
gemini_flash_granite,"gemini_flash,granite_8b",238,extra_trees_router,197,33,0.16751269035532995,0.8730964467005076,0.6666666666666666,3.0303030303030276,0.2233502538071066,0.7272727272727273
gemini_flash_granite,"gemini_flash,granite_8b",238,mlp_router,197,33,0.16751269035532995,0.8781725888324873,0.696969696969697,6.060606060606066,0.04060913705583756,1.0
gemini_flash_granite,"gemini_flash,granite_8b",238,tfidf_logistic_router,197,33,0.16751269035532995,0.8629441624365483,0.6060606060606061,-3.0303030303030276,0.1319796954314721,0.8076923076923077
gemini_flash_granite,"gemini_flash,granite_8b",238,tfidf_linear_svm_router,197,33,0.16751269035532995,0.868020304568528,0.6363636363636364,0.0,0.0,
gemini_flash_granite,"gemini_flash,granite_8b",238,tfidf_mlp_router,197,33,0.16751269035532995,0.8629441624365483,0.6060606060606061,-3.0303030303030276,0.005076142131979695,0.0
gemini_flash_granite,"gemini_flash,granite_8b",239,always_gemini_flash,197,26,0.1319796954314721,0.883248730964467,0.6923076923076923,0.0,0.0,
gemini_flash_granite,"gemini_flash,granite_8b",239,oracle,197,26,0.1319796954314721,0.9238578680203046,1.0,30.76923076923077,0.04060913705583756,
gemini_flash_granite,"gemini_flash,granite_8b",239,logistic_router,197,26,0.1319796954314721,0.8730964467005076,0.6153846153846154,-7.692307692307687,0.2233502538071066,0.7727272727272727
gemini_flash_granite,"gemini_flash,granite_8b",239,linear_svm_router,197,26,0.1319796954314721,0.868020304568528,0.5769230769230769,-11.538461538461542,0.17258883248730963,0.8235294117647058
gemini_flash_granite,"gemini_flash,granite_8b",239,knn_router,197,26,0.1319796954314721,0.883248730964467,0.6923076923076923,0.0,0.0,
gemini_flash_granite,"gemini_flash,granite_8b",239,decision_tree_router,197,26,0.1319796954314721,0.883248730964467,0.6923076923076923,0.0,0.23857868020304568,0.8297872340425532
gemini_flash_granite,"gemini_flash,granite_8b",239,random_forest_router,197,26,0.1319796954314721,0.883248730964467,0.6923076923076923,0.0,0.16243654822335024,0.75
gemini_flash_granite,"gemini_flash,granite_8b",239,extra_trees_router,197,26,0.1319796954314721,0.883248730964467,0.6923076923076923,0.0,0.233502538071066,0.7608695652173914
gemini_flash_granite,"gemini_flash,granite_8b",239,mlp_router,197,26,0.1319796954314721,0.8781725888324873,0.6538461538461539,-3.8461538461538436,0.025380710659898477,0.6
gemini_flash_granite,"gemini_flash,granite_8b",239,tfidf_logistic_router,197,26,0.1319796954314721,0.868020304568528,0.5769230769230769,-11.538461538461542,0.13705583756345177,0.7407407407407407
gemini_flash_granite,"gemini_flash,granite_8b",239,tfidf_linear_svm_router,197,26,0.1319796954314721,0.883248730964467,0.6923076923076923,0.0,0.030456852791878174,0.8333333333333334
gemini_flash_granite,"gemini_flash,granite_8b",239,tfidf_mlp_router,197,26,0.1319796954314721,0.8883248730964467,0.7307692307692307,3.8461538461538436,0.02030456852791878,0.75
gemini_flash_granite,"gemini_flash,granite_8b",240,always_gemini_flash,197,31,0.15736040609137056,0.9187817258883249,0.6774193548387096,0.0,0.0,
gemini_flash_granite,"gemini_flash,granite_8b",240,oracle,197,31,0.15736040609137056,0.9695431472081218,1.0,32.25806451612904,0.050761421319796954,
gemini_flash_granite,"gemini_flash,granite_8b",240,logistic_router,197,31,0.15736040609137056,0.9187817258883249,0.6774193548387096,0.0,0.20812182741116753,0.8292682926829268
gemini_flash_granite,"gemini_flash,granite_8b",240,linear_svm_router,197,31,0.15736040609137056,0.9035532994923858,0.5806451612903226,-9.677419354838701,0.1218274111675127,0.8333333333333334
gemini_flash_granite,"gemini_flash,granite_8b",240,knn_router,197,31,0.15736040609137056,0.9187817258883249,0.6774193548387096,0.0,0.0,
gemini_flash_granite,"gemini_flash,granite_8b",240,decision_tree_router,197,31,0.15736040609137056,0.9238578680203046,0.7096774193548387,3.2258064516129115,0.3401015228426396,0.835820895522388
gemini_flash_granite,"gemini_flash,granite_8b",240,random_forest_router,197,31,0.15736040609137056,0.934010152284264,0.7741935483870968,9.677419354838712,0.12690355329949238,0.8
gemini_flash_granite,"gemini_flash,granite_8b",240,extra_trees_router,197,31,0.15736040609137056,0.934010152284264,0.7741935483870968,9.677419354838712,0.233502538071066,0.8478260869565217
gemini_flash_granite,"gemini_flash,granite_8b",240,mlp_router,197,31,0.15736040609137056,0.9086294416243654,0.6129032258064516,-6.451612903225801,0.030456852791878174,0.5
gemini_flash_granite,"gemini_flash,granite_8b",240,tfidf_logistic_router,197,31,0.15736040609137056,0.9035532994923858,0.5806451612903226,-9.677419354838701,0.09644670050761421,0.7368421052631579
gemini_flash_granite,"gemini_flash,granite_8b",240,tfidf_linear_svm_router,197,31,0.15736040609137056,0.9137055837563451,0.6451612903225806,-3.2258064516129004,0.025380710659898477,0.8
gemini_flash_granite,"gemini_flash,granite_8b",240,tfidf_mlp_router,197,31,0.15736040609137056,0.9187817258883249,0.6774193548387096,0.0,0.0,
gemini_flash_granite,"gemini_flash,granite_8b",241,always_granite_8b,197,20,0.10152284263959391,0.8781725888324873,0.6,0.0,0.0,
gemini_flash_granite,"gemini_flash,granite_8b",241,oracle,197,20,0.10152284263959391,0.9187817258883249,1.0,40.0,0.9390862944162437,
gemini_flash_granite,"gemini_flash,granite_8b",241,logistic_router,197,20,0.10152284263959391,0.8730964467005076,0.55,-4.999999999999993,0.8274111675126904,0.8834355828220859
gemini_flash_granite,"gemini_flash,granite_8b",241,linear_svm_router,197,20,0.10152284263959391,0.8629441624365483,0.45,-14.999999999999996,0.8781725888324873,0.884393063583815
gemini_flash_granite,"gemini_flash,granite_8b",241,knn_router,197,20,0.10152284263959391,0.8578680203045685,0.4,-19.999999999999996,1.0,0.8578680203045685
gemini_flash_granite,"gemini_flash,granite_8b",241,decision_tree_router,197,20,0.10152284263959391,0.8527918781725888,0.35,-25.0,0.7614213197969543,0.88
gemini_flash_granite,"gemini_flash,granite_8b",241,random_forest_router,197,20,0.10152284263959391,0.8781725888324873,0.6,0.0,0.8934010152284264,0.8863636363636364
gemini_flash_granite,"gemini_flash,granite_8b",241,extra_trees_router,197,20,0.10152284263959391,0.8781725888324873,0.6,0.0,0.8020304568527918,0.8860759493670886
gemini_flash_granite,"gemini_flash,granite_8b",241,mlp_router,197,20,0.10152284263959391,0.868020304568528,0.5,-9.999999999999998,0.9847715736040609,0.865979381443299
gemini_flash_granite,"gemini_flash,granite_8b",241,tfidf_logistic_router,197,20,0.10152284263959391,0.868020304568528,0.5,-9.999999999999998,0.934010152284264,0.875
gemini_flash_granite,"gemini_flash,granite_8b",241,tfidf_linear_svm_router,197,20,0.10152284263959391,0.8578680203045685,0.4,-19.999999999999996,0.9898477157360406,0.8666666666666667
gemini_flash_granite,"gemini_flash,granite_8b",241,tfidf_mlp_router,197,20,0.10152284263959391,0.8578680203045685,0.4,-19.999999999999996,0.9949238578680203,0.8622448979591837
gemini_flash_granite,"gemini_flash,granite_8b",242,always_gemini_flash,197,29,0.14720812182741116,0.8730964467005076,0.6551724137931034,0.0,0.0,
gemini_flash_granite,"gemini_flash,granite_8b",242,oracle,197,29,0.14720812182741116,0.9238578680203046,1.0,34.48275862068966,0.050761421319796954,
gemini_flash_granite,"gemini_flash,granite_8b",242,logistic_router,197,29,0.14720812182741116,0.8629441624365483,0.5862068965517241,-6.896551724137934,0.16751269035532995,0.6666666666666666
gemini_flash_granite,"gemini_flash,granite_8b",242,linear_svm_router,197,29,0.14720812182741116,0.8578680203045685,0.5517241379310345,-10.344827586206895,0.15228426395939088,0.7333333333333333
gemini_flash_granite,"gemini_flash,granite_8b",242,knn_router,197,29,0.14720812182741116,0.8730964467005076,0.6551724137931034,0.0,0.0,
gemini_flash_granite,"gemini_flash,granite_8b",242,decision_tree_router,197,29,0.14720812182741116,0.8426395939086294,0.4482758620689655,-20.68965517241379,0.27918781725888325,0.7090909090909091
gemini_flash_granite,"gemini_flash,granite_8b",242,random_forest_router,197,29,0.14720812182741116,0.8730964467005076,0.6551724137931034,0.0,0.10152284263959391,0.65
gemini_flash_granite,"gemini_flash,granite_8b",242,extra_trees_router,197,29,0.14720812182741116,0.868020304568528,0.6206896551724138,-3.4482758620689613,0.2131979695431472,0.7619047619047619
gemini_flash_granite,"gemini_flash,granite_8b",242,mlp_router,197,29,0.14720812182741116,0.8730964467005076,0.6551724137931034,0.0,0.01015228426395939,0.5
gemini_flash_granite,"gemini_flash,granite_8b",242,tfidf_logistic_router,197,29,0.14720812182741116,0.8629441624365483,0.5862068965517241,-6.896551724137934,0.06091370558375635,0.5
gemini_flash_granite,"gemini_flash,granite_8b",242,tfidf_linear_svm_router,197,29,0.14720812182741116,0.8730964467005076,0.6551724137931034,0.0,0.005076142131979695,1.0
gemini_flash_granite,"gemini_flash,granite_8b",242,tfidf_mlp_router,197,29,0.14720812182741116,0.868020304568528,0.6206896551724138,-3.4482758620689613,0.01015228426395939,0.0
gemini_flash_granite,"gemini_flash,granite_8b",243,always_granite_8b,197,26,0.1319796954314721,0.868020304568528,0.5769230769230769,0.0,0.0,
gemini_flash_granite,"gemini_flash,granite_8b",243,oracle,197,26,0.1319796954314721,0.9238578680203046,1.0,42.307692307692314,0.9238578680203046,
gemini_flash_granite,"gemini_flash,granite_8b",243,logistic_router,197,26,0.1319796954314721,0.8629441624365483,0.5384615384615384,-3.8461538461538436,0.8071065989847716,0.8553459119496856
gemini_flash_granite,"gemini_flash,granite_8b",243,linear_svm_router,197,26,0.1319796954314721,0.8527918781725888,0.46153846153846156,-11.538461538461531,0.8527918781725888,0.8511904761904762
gemini_flash_granite,"gemini_flash,granite_8b",243,knn_router,197,26,0.1319796954314721,0.8477157360406091,0.4230769230769231,-15.38461538461538,1.0,0.8477157360406091
gemini_flash_granite,"gemini_flash,granite_8b",243,decision_tree_router,197,26,0.1319796954314721,0.8629441624365483,0.5384615384615384,-3.8461538461538436,0.7817258883248731,0.8701298701298701
gemini_flash_granite,"gemini_flash,granite_8b",243,random_forest_router,197,26,0.1319796954314721,0.8730964467005076,0.6153846153846154,3.8461538461538547,0.9035532994923858,0.8707865168539326
gemini_flash_granite,"gemini_flash,granite_8b",243,extra_trees_router,197,26,0.1319796954314721,0.883248730964467,0.6923076923076923,11.538461538461542,0.8426395939086294,0.8795180722891566
gemini_flash_granite,"gemini_flash,granite_8b",243,mlp_router,197,26,0.1319796954314721,0.8527918781725888,0.46153846153846156,-11.538461538461531,0.9796954314720813,0.8601036269430051
gemini_flash_granite,"gemini_flash,granite_8b",243,tfidf_logistic_router,197,26,0.1319796954314721,0.8578680203045685,0.5,-7.692307692307687,0.9137055837563451,0.8611111111111112
gemini_flash_granite,"gemini_flash,granite_8b",243,tfidf_linear_svm_router,197,26,0.1319796954314721,0.8477157360406091,0.4230769230769231,-15.38461538461538,0.9898477157360406,0.8461538461538461
gemini_flash_granite,"gemini_flash,granite_8b",243,tfidf_mlp_router,197,26,0.1319796954314721,0.8477157360406091,0.4230769230769231,-15.38461538461538,1.0,0.8477157360406091
gemini_flash_granite,"gemini_flash,granite_8b",244,always_gemini_flash,197,23,0.116751269035533,0.8934010152284264,0.6086956521739131,0.0,0.0,
gemini_flash_granite,"gemini_flash,granite_8b",244,oracle,197,23,0.116751269035533,0.9390862944162437,1.0,39.13043478260869,0.04568527918781726,
gemini_flash_granite,"gemini_flash,granite_8b",244,logistic_router,197,23,0.116751269035533,0.8883248730964467,0.5652173913043478,-4.34782608695653,0.17258883248730963,0.7941176470588235
gemini_flash_granite,"gemini_flash,granite_8b",244,linear_svm_router,197,23,0.116751269035533,0.883248730964467,0.5217391304347826,-8.695652173913048,0.1218274111675127,0.7916666666666666
gemini_flash_granite,"gemini_flash,granite_8b",244,knn_router,197,23,0.116751269035533,0.8934010152284264,0.6086956521739131,0.0,0.0,
gemini_flash_granite,"gemini_flash,granite_8b",244,decision_tree_router,197,23,0.116751269035533,0.8934010152284264,0.6086956521739131,0.0,0.45685279187817257,0.8333333333333334
gemini_flash_granite,"gemini_flash,granite_8b",244,random_forest_router,197,23,0.116751269035533,0.9086294416243654,0.7391304347826086,13.043478260869556,0.09644670050761421,0.8947368421052632
gemini_flash_granite,"gemini_flash,granite_8b",244,extra_trees_router,197,23,0.116751269035533,0.9137055837563451,0.782608695652174,17.391304347826086,0.20812182741116753,0.926829268292683
gemini_flash_granite,"gemini_flash,granite_8b",244,mlp_router,197,23,0.116751269035533,0.8934010152284264,0.6086956521739131,0.0,0.025380710659898477,1.0
gemini_flash_granite,"gemini_flash,granite_8b",244,tfidf_logistic_router,197,23,0.116751269035533,0.883248730964467,0.5217391304347826,-8.695652173913048,0.07106598984771574,0.5714285714285714
gemini_flash_granite,"gemini_flash,granite_8b",244,tfidf_linear_svm_router,197,23,0.116751269035533,0.8934010152284264,0.6086956521739131,0.0,0.01015228426395939,0.5
gemini_flash_granite,"gemini_flash,granite_8b",244,tfidf_mlp_router,197,23,0.116751269035533,0.8934010152284264,0.6086956521739131,0.0,0.005076142131979695,1.0
gemini_flash_granite,"gemini_flash,granite_8b",245,always_gemini_flash,197,29,0.14720812182741116,0.8629441624365483,0.5517241379310345,0.0,0.0,
gemini_flash_granite,"gemini_flash,granite_8b",245,oracle,197,29,0.14720812182741116,0.9289340101522843,1.0,44.827586206896555,0.06598984771573604,
gemini_flash_granite,"gemini_flash,granite_8b",245,logistic_router,197,29,0.14720812182741116,0.8527918781725888,0.4827586206896552,-6.896551724137928,0.18274111675126903,0.7222222222222222
gemini_flash_granite,"gemini_flash,granite_8b",245,linear_svm_router,197,29,0.14720812182741116,0.8527918781725888,0.4827586206896552,-6.896551724137928,0.13705583756345177,0.7407407407407407
gemini_flash_granite,"gemini_flash,granite_8b",245,knn_router,197,29,0.14720812182741116,0.8629441624365483,0.5517241379310345,0.0,0.0,
gemini_flash_granite,"gemini_flash,granite_8b",245,decision_tree_router,197,29,0.14720812182741116,0.8426395939086294,0.41379310344827586,-13.793103448275861,0.29441624365482233,0.7758620689655172
gemini_flash_granite,"gemini_flash,granite_8b",245,random_forest_router,197,29,0.14720812182741116,0.868020304568528,0.5862068965517241,3.4482758620689613,0.08121827411167512,0.75
gemini_flash_granite,"gemini_flash,granite_8b",245,extra_trees_router,197,29,0.14720812182741116,0.868020304568528,0.5862068965517241,3.4482758620689613,0.19796954314720813,0.7692307692307693
gemini_flash_granite,"gemini_flash,granite_8b",245,mlp_router,197,29,0.14720812182741116,0.8730964467005076,0.6206896551724138,6.896551724137934,0.03553299492385787,0.7142857142857143
gemini_flash_granite,"gemini_flash,granite_8b",245,tfidf_logistic_router,197,29,0.14720812182741116,0.8578680203045685,0.5172413793103449,-3.4482758620689613,0.08121827411167512,0.625
gemini_flash_granite,"gemini_flash,granite_8b",245,tfidf_linear_svm_router,197,29,0.14720812182741116,0.8629441624365483,0.5517241379310345,0.0,0.01015228426395939,1.0
gemini_flash_granite,"gemini_flash,granite_8b",245,tfidf_mlp_router,197,29,0.14720812182741116,0.8629441624365483,0.5517241379310345,0.0,0.0,
gemini_flash_granite,"gemini_flash,granite_8b",246,always_gemini_flash,197,27,0.13705583756345177,0.8781725888324873,0.6666666666666666,0.0,0.0,
gemini_flash_granite,"gemini_flash,granite_8b",246,oracle,197,27,0.13705583756345177,0.9238578680203046,1.0,33.333333333333336,0.04568527918781726,
gemini_flash_granite,"gemini_flash,granite_8b",246,logistic_router,197,27,0.13705583756345177,0.8629441624365483,0.5555555555555556,-11.111111111111105,0.16751269035532995,0.7575757575757576
gemini_flash_granite,"gemini_flash,granite_8b",246,linear_svm_router,197,27,0.13705583756345177,0.8578680203045685,0.5185185185185185,-14.814814814814813,0.12690355329949238,0.76
gemini_flash_granite,"gemini_flash,granite_8b",246,knn_router,197,27,0.13705583756345177,0.8781725888324873,0.6666666666666666,0.0,0.0,
gemini_flash_granite,"gemini_flash,granite_8b",246,decision_tree_router,197,27,0.13705583756345177,0.8781725888324873,0.6666666666666666,0.0,0.17258883248730963,0.8529411764705882
gemini_flash_granite,"gemini_flash,granite_8b",246,random_forest_router,197,27,0.13705583756345177,0.8883248730964467,0.7407407407407407,7.4074074074074066,0.09644670050761421,0.7894736842105263
gemini_flash_granite,"gemini_flash,granite_8b",246,extra_trees_router,197,27,0.13705583756345177,0.8730964467005076,0.6296296296296297,-3.703703703703698,0.19796954314720813,0.8205128205128205
gemini_flash_granite,"gemini_flash,granite_8b",246,mlp_router,197,27,0.13705583756345177,0.8730964467005076,0.6296296296296297,-3.703703703703698,0.05583756345177665,0.8181818181818182
gemini_flash_granite,"gemini_flash,granite_8b",246,tfidf_logistic_router,197,27,0.13705583756345177,0.8730964467005076,0.6296296296296297,-3.703703703703698,0.08121827411167512,0.6875
gemini_flash_granite,"gemini_flash,granite_8b",246,tfidf_linear_svm_router,197,27,0.13705583756345177,0.8781725888324873,0.6666666666666666,0.0,0.01015228426395939,0.5
gemini_flash_granite,"gemini_flash,granite_8b",246,tfidf_mlp_router,197,27,0.13705583756345177,0.8781725888324873,0.6666666666666666,0.0,0.01015228426395939,0.5
gemini_flash_granite,"gemini_flash,granite_8b",247,always_gemini_flash,197,19,0.09644670050761421,0.9238578680203046,0.7368421052631579,0.0,0.0,
gemini_flash_granite,"gemini_flash,granite_8b",247,oracle,197,19,0.09644670050761421,0.949238578680203,1.0,26.315789473684216,0.025380710659898477,
gemini_flash_granite,"gemini_flash,granite_8b",247,logistic_router,197,19,0.09644670050761421,0.8934010152284264,0.42105263157894735,-31.57894736842105,0.2182741116751269,0.7441860465116279
gemini_flash_granite,"gemini_flash,granite_8b",247,linear_svm_router,197,19,0.09644670050761421,0.9035532994923858,0.5263157894736842,-21.052631578947366,0.15736040609137056,0.7741935483870968
gemini_flash_granite,"gemini_flash,granite_8b",247,knn_router,197,19,0.09644670050761421,0.9238578680203046,0.7368421052631579,0.0,0.0,
gemini_flash_granite,"gemini_flash,granite_8b",247,decision_tree_router,197,19,0.09644670050761421,0.9086294416243654,0.5789473684210527,-15.78947368421052,0.30456852791878175,0.8
gemini_flash_granite,"gemini_flash,granite_8b",247,random_forest_router,197,19,0.09644670050761421,0.9238578680203046,0.7368421052631579,0.0,0.116751269035533,0.7391304347826086
gemini_flash_granite,"gemini_flash,granite_8b",247,extra_trees_router,197,19,0.09644670050761421,0.9137055837563451,0.631578947368421,-10.526315789473683,0.2182741116751269,0.813953488372093
gemini_flash_granite,"gemini_flash,granite_8b",247,mlp_router,197,19,0.09644670050761421,0.9289340101522843,0.7894736842105263,5.263157894736848,0.04568527918781726,1.0
gemini_flash_granite,"gemini_flash,granite_8b",247,tfidf_logistic_router,197,19,0.09644670050761421,0.9137055837563451,0.631578947368421,-10.526315789473683,0.1116751269035533,0.8181818181818182
gemini_flash_granite,"gemini_flash,granite_8b",247,tfidf_linear_svm_router,197,19,0.09644670050761421,0.9187817258883249,0.6842105263157895,-5.263157894736836,0.03553299492385787,0.8571428571428571
gemini_flash_granite,"gemini_flash,granite_8b",247,tfidf_mlp_router,197,19,0.09644670050761421,0.9238578680203046,0.7368421052631579,0.0,0.01015228426395939,1.0
gemini_flash_granite,"gemini_flash,granite_8b",248,always_gemini_flash,197,24,0.1218274111675127,0.8883248730964467,0.625,0.0,0.0,
gemini_flash_granite,"gemini_flash,granite_8b",248,oracle,197,24,0.1218274111675127,0.934010152284264,1.0,37.5,0.04568527918781726,
gemini_flash_granite,"gemini_flash,granite_8b",248,logistic_router,197,24,0.1218274111675127,0.8984771573604061,0.7083333333333334,8.333333333333337,0.2233502538071066,0.7954545454545454
gemini_flash_granite,"gemini_flash,granite_8b",248,linear_svm_router,197,24,0.1218274111675127,0.8934010152284264,0.6666666666666666,4.1666666666666625,0.1065989847715736,0.8571428571428571
gemini_flash_granite,"gemini_flash,granite_8b",248,knn_router,197,24,0.1218274111675127,0.8883248730964467,0.625,0.0,0.0,
gemini_flash_granite,"gemini_flash,granite_8b",248,decision_tree_router,197,24,0.1218274111675127,0.8781725888324873,0.5416666666666666,-8.333333333333337,0.19796954314720813,0.8717948717948718
gemini_flash_granite,"gemini_flash,granite_8b",248,random_forest_router,197,24,0.1218274111675127,0.8934010152284264,0.6666666666666666,4.1666666666666625,0.09644670050761421,0.631578947368421
gemini_flash_granite,"gemini_flash,granite_8b",248,extra_trees_router,197,24,0.1218274111675127,0.9035532994923858,0.75,12.5,0.2182741116751269,0.813953488372093
gemini_flash_granite,"gemini_flash,granite_8b",248,mlp_router,197,24,0.1218274111675127,0.8934010152284264,0.6666666666666666,4.1666666666666625,0.025380710659898477,0.8
gemini_flash_granite,"gemini_flash,granite_8b",248,tfidf_logistic_router,197,24,0.1218274111675127,0.883248730964467,0.5833333333333334,-4.1666666666666625,0.08121827411167512,0.75
gemini_flash_granite,"gemini_flash,granite_8b",248,tfidf_linear_svm_router,197,24,0.1218274111675127,0.883248730964467,0.5833333333333334,-4.1666666666666625,0.015228426395939087,0.6666666666666666
gemini_flash_granite,"gemini_flash,granite_8b",248,tfidf_mlp_router,197,24,0.1218274111675127,0.883248730964467,0.5833333333333334,-4.1666666666666625,0.01015228426395939,0.0
gemini_flash_granite,"gemini_flash,granite_8b",249,always_gemini_flash,197,27,0.13705583756345177,0.8477157360406091,0.6296296296296297,0.0,0.0,
gemini_flash_granite,"gemini_flash,granite_8b",249,oracle,197,27,0.13705583756345177,0.8984771573604061,1.0,37.03703703703704,0.050761421319796954,
gemini_flash_granite,"gemini_flash,granite_8b",249,logistic_router,197,27,0.13705583756345177,0.8274111675126904,0.48148148148148145,-14.81481481481482,0.2131979695431472,0.6666666666666666
gemini_flash_granite,"gemini_flash,granite_8b",249,linear_svm_router,197,27,0.13705583756345177,0.817258883248731,0.4074074074074074,-22.222222222222225,0.116751269035533,0.6521739130434783
gemini_flash_granite,"gemini_flash,granite_8b",249,knn_router,197,27,0.13705583756345177,0.8477157360406091,0.6296296296296297,0.0,0.0,
gemini_flash_granite,"gemini_flash,granite_8b",249,decision_tree_router,197,27,0.13705583756345177,0.8426395939086294,0.5925925925925926,-3.703703703703709,0.2182741116751269,0.7441860465116279
gemini_flash_granite,"gemini_flash,granite_8b",249,random_forest_router,197,27,0.13705583756345177,0.8527918781725888,0.6666666666666666,3.703703703703698,0.14720812182741116,0.6896551724137931
gemini_flash_granite,"gemini_flash,granite_8b",249,extra_trees_router,197,27,0.13705583756345177,0.8426395939086294,0.5925925925925926,-3.703703703703709,0.2233502538071066,0.7045454545454546
gemini_flash_granite,"gemini_flash,granite_8b",249,mlp_router,197,27,0.13705583756345177,0.8375634517766497,0.5555555555555556,-7.4074074074074066,0.03553299492385787,0.5714285714285714
gemini_flash_granite,"gemini_flash,granite_8b",249,tfidf_logistic_router,197,27,0.13705583756345177,0.8324873096446701,0.5185185185185185,-11.111111111111116,0.10152284263959391,0.6
gemini_flash_granite,"gemini_flash,granite_8b",249,tfidf_linear_svm_router,197,27,0.13705583756345177,0.8375634517766497,0.5555555555555556,-7.4074074074074066,0.030456852791878174,0.6666666666666666
gemini_flash_granite,"gemini_flash,granite_8b",249,tfidf_mlp_router,197,27,0.13705583756345177,0.8477157360406091,0.6296296296296297,0.0,0.0,
gemini_flash_granite,"gemini_flash,granite_8b",250,always_gemini_flash,197,21,0.1065989847715736,0.9086294416243654,0.7619047619047619,0.0,0.0,
gemini_flash_granite,"gemini_flash,granite_8b",250,oracle,197,21,0.1065989847715736,0.934010152284264,1.0,23.809523809523814,0.025380710659898477,
gemini_flash_granite,"gemini_flash,granite_8b",250,logistic_router,197,21,0.1065989847715736,0.8934010152284264,0.6190476190476191,-14.28571428571428,0.2131979695431472,0.7380952380952381
gemini_flash_granite,"gemini_flash,granite_8b",250,linear_svm_router,197,21,0.1065989847715736,0.8883248730964467,0.5714285714285714,-19.047619047619047,0.16243654822335024,0.6875
gemini_flash_granite,"gemini_flash,granite_8b",250,knn_router,197,21,0.1065989847715736,0.9086294416243654,0.7619047619047619,0.0,0.0,
gemini_flash_granite,"gemini_flash,granite_8b",250,decision_tree_router,197,21,0.1065989847715736,0.8883248730964467,0.5714285714285714,-19.047619047619047,0.28426395939086296,0.8392857142857143
gemini_flash_granite,"gemini_flash,granite_8b",250,random_forest_router,197,21,0.1065989847715736,0.9035532994923858,0.7142857142857143,-4.761904761904756,0.116751269035533,0.7391304347826086
gemini_flash_granite,"gemini_flash,granite_8b",250,extra_trees_router,197,21,0.1065989847715736,0.9035532994923858,0.7142857142857143,-4.761904761904756,0.2182741116751269,0.813953488372093
gemini_flash_granite,"gemini_flash,granite_8b",250,mlp_router,197,21,0.1065989847715736,0.9035532994923858,0.7142857142857143,-4.761904761904756,0.03553299492385787,0.7142857142857143
gemini_flash_granite,"gemini_flash,granite_8b",250,tfidf_logistic_router,197,21,0.1065989847715736,0.8984771573604061,0.6666666666666666,-9.523809523809524,0.1319796954314721,0.6923076923076923
gemini_flash_granite,"gemini_flash,granite_8b",250,tfidf_linear_svm_router,197,21,0.1065989847715736,0.9035532994923858,0.7142857142857143,-4.761904761904756,0.025380710659898477,0.4
gemini_flash_granite,"gemini_flash,granite_8b",250,tfidf_mlp_router,197,21,0.1065989847715736,0.9035532994923858,0.7142857142857143,-4.761904761904756,0.01015228426395939,0.0
gemini_flash_granite,"gemini_flash,granite_8b",251,always_gemini_flash,197,21,0.1065989847715736,0.8984771573604061,0.6666666666666666,0.0,0.0,
gemini_flash_granite,"gemini_flash,granite_8b",251,oracle,197,21,0.1065989847715736,0.934010152284264,1.0,33.333333333333336,0.03553299492385787,
gemini_flash_granite,"gemini_flash,granite_8b",251,logistic_router,197,21,0.1065989847715736,0.8883248730964467,0.5714285714285714,-9.523809523809524,0.20304568527918782,0.8
gemini_flash_granite,"gemini_flash,granite_8b",251,linear_svm_router,197,21,0.1065989847715736,0.8934010152284264,0.6190476190476191,-4.761904761904756,0.14213197969543148,0.7857142857142857
gemini_flash_granite,"gemini_flash,granite_8b",251,knn_router,197,21,0.1065989847715736,0.8984771573604061,0.6666666666666666,0.0,0.0,
gemini_flash_granite,"gemini_flash,granite_8b",251,decision_tree_router,197,21,0.1065989847715736,0.883248730964467,0.5238095238095238,-14.28571428571428,0.29441624365482233,0.7931034482758621
gemini_flash_granite,"gemini_flash,granite_8b",251,random_forest_router,197,21,0.1065989847715736,0.8984771573604061,0.6666666666666666,0.0,0.116751269035533,0.6956521739130435
gemini_flash_granite,"gemini_flash,granite_8b",251,extra_trees_router,197,21,0.1065989847715736,0.8934010152284264,0.6190476190476191,-4.761904761904756,0.20812182741116753,0.7804878048780488
gemini_flash_granite,"gemini_flash,granite_8b",251,mlp_router,197,21,0.1065989847715736,0.9086294416243654,0.7619047619047619,9.523809523809524,0.02030456852791878,1.0
gemini_flash_granite,"gemini_flash,granite_8b",251,tfidf_logistic_router,197,21,0.1065989847715736,0.8984771573604061,0.6666666666666666,0.0,0.1116751269035533,0.8181818181818182
gemini_flash_granite,"gemini_flash,granite_8b",251,tfidf_linear_svm_router,197,21,0.1065989847715736,0.8934010152284264,0.6190476190476191,-4.761904761904756,0.01015228426395939,0.5
gemini_flash_granite,"gemini_flash,granite_8b",251,tfidf_mlp_router,197,21,0.1065989847715736,0.8934010152284264,0.6190476190476191,-4.761904761904756,0.005076142131979695,0.0
gemini_flash_granite,"gemini_flash,granite_8b",252,always_gemini_flash,197,35,0.17766497461928935,0.8527918781725888,0.6857142857142857,0.0,0.0,
gemini_flash_granite,"gemini_flash,granite_8b",252,oracle,197,35,0.17766497461928935,0.9086294416243654,1.0,31.428571428571427,0.05583756345177665,
gemini_flash_granite,"gemini_flash,granite_8b",252,logistic_router,197,35,0.17766497461928935,0.8274111675126904,0.5428571428571428,-14.28571428571429,0.19289340101522842,0.631578947368421
gemini_flash_granite,"gemini_flash,granite_8b",252,linear_svm_router,197,35,0.17766497461928935,0.8375634517766497,0.6,-8.571428571428575,0.12690355329949238,0.64
gemini_flash_granite,"gemini_flash,granite_8b",252,knn_router,197,35,0.17766497461928935,0.8527918781725888,0.6857142857142857,0.0,0.0,
gemini_flash_granite,"gemini_flash,granite_8b",252,decision_tree_router,197,35,0.17766497461928935,0.8426395939086294,0.6285714285714286,-5.714285714285716,0.3299492385786802,0.7692307692307693
gemini_flash_granite,"gemini_flash,granite_8b",252,random_forest_router,197,35,0.17766497461928935,0.8527918781725888,0.6857142857142857,0.0,0.14720812182741116,0.7586206896551724
gemini_flash_granite,"gemini_flash,granite_8b",252,extra_trees_router,197,35,0.17766497461928935,0.8527918781725888,0.6857142857142857,0.0,0.20304568527918782,0.775
gemini_flash_granite,"gemini_flash,granite_8b",252,mlp_router,197,35,0.17766497461928935,0.8527918781725888,0.6857142857142857,0.0,0.030456852791878174,0.5
gemini_flash_granite,"gemini_flash,granite_8b",252,tfidf_logistic_router,197,35,0.17766497461928935,0.8426395939086294,0.6285714285714286,-5.714285714285716,0.09137055837563451,0.7222222222222222
gemini_flash_granite,"gemini_flash,granite_8b",252,tfidf_linear_svm_router,197,35,0.17766497461928935,0.8477157360406091,0.6571428571428571,-2.857142857142858,0.015228426395939087,0.6666666666666666
gemini_flash_granite,"gemini_flash,granite_8b",252,tfidf_mlp_router,197,35,0.17766497461928935,0.8426395939086294,0.6285714285714286,-5.714285714285716,0.02030456852791878,0.25
gemini_flash_granite,"gemini_flash,granite_8b",253,always_granite_8b,197,23,0.116751269035533,0.8730964467005076,0.6521739130434783,0.0,0.0,
gemini_flash_granite,"gemini_flash,granite_8b",253,oracle,197,23,0.116751269035533,0.9137055837563451,1.0,34.78260869565217,0.9238578680203046,
gemini_flash_granite,"gemini_flash,granite_8b",253,logistic_router,197,23,0.116751269035533,0.8527918781725888,0.4782608695652174,-17.391304347826086,0.8375634517766497,0.8545454545454545
gemini_flash_granite,"gemini_flash,granite_8b",253,linear_svm_router,197,23,0.116751269035533,0.8477157360406091,0.43478260869565216,-21.73913043478261,0.883248730964467,0.8448275862068966
gemini_flash_granite,"gemini_flash,granite_8b",253,knn_router,197,23,0.116751269035533,0.8375634517766497,0.34782608695652173,-30.434782608695656,1.0,0.8375634517766497
gemini_flash_granite,"gemini_flash,granite_8b",253,decision_tree_router,197,23,0.116751269035533,0.8477157360406091,0.43478260869565216,-21.73913043478261,0.7868020304568528,0.8774193548387097
gemini_flash_granite,"gemini_flash,granite_8b",253,random_forest_router,197,23,0.116751269035533,0.8477157360406091,0.43478260869565216,-21.73913043478261,0.9137055837563451,0.8666666666666667
gemini_flash_granite,"gemini_flash,granite_8b",253,extra_trees_router,197,23,0.116751269035533,0.868020304568528,0.6086956521739131,-4.347826086956519,0.7969543147208121,0.8726114649681529
gemini_flash_granite,"gemini_flash,granite_8b",253,mlp_router,197,23,0.116751269035533,0.8426395939086294,0.391304347826087,-26.08695652173913,0.9695431472081218,0.8481675392670157
gemini_flash_granite,"gemini_flash,granite_8b",253,tfidf_logistic_router,197,23,0.116751269035533,0.8426395939086294,0.391304347826087,-26.08695652173913,0.9289340101522843,0.8469945355191257
gemini_flash_granite,"gemini_flash,granite_8b",253,tfidf_linear_svm_router,197,23,0.116751269035533,0.8375634517766497,0.34782608695652173,-30.434782608695656,0.9898477157360406,0.841025641025641
gemini_flash_granite,"gemini_flash,granite_8b",253,tfidf_mlp_router,197,23,0.116751269035533,0.8375634517766497,0.34782608695652173,-30.434782608695656,0.9898477157360406,0.841025641025641
gemini_flash_granite,"gemini_flash,granite_8b",254,always_gemini_flash,197,31,0.15736040609137056,0.8274111675126904,0.6451612903225806,0.0,0.0,
gemini_flash_granite,"gemini_flash,granite_8b",254,oracle,197,31,0.15736040609137056,0.883248730964467,1.0,35.483870967741936,0.05583756345177665,
gemini_flash_granite,"gemini_flash,granite_8b",254,logistic_router,197,31,0.15736040609137056,0.817258883248731,0.5806451612903226,-6.451612903225801,0.18274111675126903,0.6666666666666666
gemini_flash_granite,"gemini_flash,granite_8b",254,linear_svm_router,197,31,0.15736040609137056,0.8121827411167513,0.5483870967741935,-9.677419354838712,0.13705583756345177,0.7037037037037037
gemini_flash_granite,"gemini_flash,granite_8b",254,knn_router,197,31,0.15736040609137056,0.8274111675126904,0.6451612903225806,0.0,0.005076142131979695,0.0
gemini_flash_granite,"gemini_flash,granite_8b",254,decision_tree_router,197,31,0.15736040609137056,0.8324873096446701,0.6774193548387096,3.2258064516129004,0.30456852791878175,0.8
gemini_flash_granite,"gemini_flash,granite_8b",254,random_forest_router,197,31,0.15736040609137056,0.8477157360406091,0.7741935483870968,12.903225806451612,0.1116751269035533,0.6818181818181818
gemini_flash_granite,"gemini_flash,granite_8b",254,extra_trees_router,197,31,0.15736040609137056,0.8426395939086294,0.7419354838709677,9.677419354838712,0.2436548223350254,0.75
gemini_flash_granite,"gemini_flash,granite_8b",254,mlp_router,197,31,0.15736040609137056,0.8324873096446701,0.6774193548387096,3.2258064516129004,0.015228426395939087,0.6666666666666666
gemini_flash_granite,"gemini_flash,granite_8b",254,tfidf_logistic_router,197,31,0.15736040609137056,0.8223350253807107,0.6129032258064516,-3.2258064516129004,0.08629441624365482,0.6470588235294118
gemini_flash_granite,"gemini_flash,granite_8b",254,tfidf_linear_svm_router,197,31,0.15736040609137056,0.8223350253807107,0.6129032258064516,-3.2258064516129004,0.02030456852791878,0.5
gemini_flash_granite,"gemini_flash,granite_8b",254,tfidf_mlp_router,197,31,0.15736040609137056,0.8274111675126904,0.6451612903225806,0.0,0.01015228426395939,0.5
gemini_flash_granite,"gemini_flash,granite_8b",255,always_granite_8b,197,20,0.10152284263959391,0.8781725888324873,0.55,0.0,0.0,
gemini_flash_granite,"gemini_flash,granite_8b",255,oracle,197,20,0.10152284263959391,0.9238578680203046,1.0,44.99999999999999,0.9441624365482234,
gemini_flash_granite,"gemini_flash,granite_8b",255,logistic_router,197,20,0.10152284263959391,0.8578680203045685,0.35,-20.000000000000007,0.8020304568527918,0.8670886075949367
gemini_flash_granite,"gemini_flash,granite_8b",255,linear_svm_router,197,20,0.10152284263959391,0.8578680203045685,0.35,-20.000000000000007,0.8375634517766497,0.8727272727272727
gemini_flash_granite,"gemini_flash,granite_8b",255,knn_router,197,20,0.10152284263959391,0.868020304568528,0.45,-10.000000000000004,1.0,0.868020304568528
gemini_flash_granite,"gemini_flash,granite_8b",255,decision_tree_router,197,20,0.10152284263959391,0.8781725888324873,0.55,0.0,0.8071065989847716,0.8679245283018868
gemini_flash_granite,"gemini_flash,granite_8b",255,random_forest_router,197,20,0.10152284263959391,0.8781725888324873,0.55,0.0,0.8984771573604061,0.8983050847457628
gemini_flash_granite,"gemini_flash,granite_8b",255,extra_trees_router,197,20,0.10152284263959391,0.8781725888324873,0.55,0.0,0.7969543147208121,0.8980891719745223
gemini_flash_granite,"gemini_flash,granite_8b",255,mlp_router,197,20,0.10152284263959391,0.868020304568528,0.45,-10.000000000000004,0.9796954314720813,0.8704663212435233
gemini_flash_granite,"gemini_flash,granite_8b",255,tfidf_logistic_router,197,20,0.10152284263959391,0.8629441624365483,0.4,-15.000000000000002,0.883248730964467,0.8793103448275862
gemini_flash_granite,"gemini_flash,granite_8b",255,tfidf_linear_svm_router,197,20,0.10152284263959391,0.8730964467005076,0.5,-5.000000000000004,0.9949238578680203,0.8724489795918368
gemini_flash_granite,"gemini_flash,granite_8b",255,tfidf_mlp_router,197,20,0.10152284263959391,0.8629441624365483,0.4,-15.000000000000002,0.9847715736040609,0.8711340206185567
gemini_flash_granite,"gemini_flash,granite_8b",256,always_gemini_flash,197,27,0.13705583756345177,0.8781725888324873,0.5925925925925926,0.0,0.0,
gemini_flash_granite,"gemini_flash,granite_8b",256,oracle,197,27,0.13705583756345177,0.934010152284264,1.0,40.74074074074075,0.05583756345177665,
gemini_flash_granite,"gemini_flash,granite_8b",256,logistic_router,197,27,0.13705583756345177,0.8730964467005076,0.5555555555555556,-3.703703703703698,0.16751269035532995,0.7878787878787878
gemini_flash_granite,"gemini_flash,granite_8b",256,linear_svm_router,197,27,0.13705583756345177,0.8629441624365483,0.48148148148148145,-11.11111111111111,0.12690355329949238,0.72
gemini_flash_granite,"gemini_flash,granite_8b",256,knn_router,197,27,0.13705583756345177,0.8781725888324873,0.5925925925925926,0.0,0.0,
gemini_flash_granite,"gemini_flash,granite_8b",256,decision_tree_router,197,27,0.13705583756345177,0.868020304568528,0.5185185185185185,-7.4074074074074066,0.3197969543147208,0.8412698412698413
gemini_flash_granite,"gemini_flash,granite_8b",256,random_forest_router,197,27,0.13705583756345177,0.883248730964467,0.6296296296296297,3.703703703703709,0.09644670050761421,0.6842105263157895
gemini_flash_granite,"gemini_flash,granite_8b",256,extra_trees_router,197,27,0.13705583756345177,0.8883248730964467,0.6666666666666666,7.4074074074074066,0.19289340101522842,0.7631578947368421
gemini_flash_granite,"gemini_flash,granite_8b",256,mlp_router,197,27,0.13705583756345177,0.883248730964467,0.6296296296296297,3.703703703703709,0.03553299492385787,0.8571428571428571
gemini_flash_granite,"gemini_flash,granite_8b",256,tfidf_logistic_router,197,27,0.13705583756345177,0.8730964467005076,0.5555555555555556,-3.703703703703698,0.07614213197969544,0.6666666666666666
gemini_flash_granite,"gemini_flash,granite_8b",256,tfidf_linear_svm_router,197,27,0.13705583756345177,0.8781725888324873,0.5925925925925926,0.0,0.005076142131979695,1.0
gemini_flash_granite,"gemini_flash,granite_8b",256,tfidf_mlp_router,197,27,0.13705583756345177,0.8781725888324873,0.5925925925925926,0.0,0.005076142131979695,1.0
gemini_flash_granite,"gemini_flash,granite_8b",257,always_gemini_flash,197,23,0.116751269035533,0.9137055837563451,0.6521739130434783,0.0,0.0,
gemini_flash_granite,"gemini_flash,granite_8b",257,oracle,197,23,0.116751269035533,0.9543147208121827,1.0,34.78260869565217,0.04060913705583756,
gemini_flash_granite,"gemini_flash,granite_8b",257,logistic_router,197,23,0.116751269035533,0.9035532994923858,0.5652173913043478,-8.695652173913048,0.17766497461928935,0.7714285714285715
gemini_flash_granite,"gemini_flash,granite_8b",257,linear_svm_router,197,23,0.116751269035533,0.8984771573604061,0.5217391304347826,-13.043478260869568,0.1319796954314721,0.7692307692307693
gemini_flash_granite,"gemini_flash,granite_8b",257,knn_router,197,23,0.116751269035533,0.9137055837563451,0.6521739130434783,0.0,0.0,
gemini_flash_granite,"gemini_flash,granite_8b",257,decision_tree_router,197,23,0.116751269035533,0.8883248730964467,0.43478260869565216,-21.73913043478261,0.4416243654822335,0.7816091954022989
gemini_flash_granite,"gemini_flash,granite_8b",257,random_forest_router,197,23,0.116751269035533,0.9187817258883249,0.6956521739130435,4.347826086956519,0.09644670050761421,0.7894736842105263
gemini_flash_granite,"gemini_flash,granite_8b",257,extra_trees_router,197,23,0.116751269035533,0.9187817258883249,0.6956521739130435,4.347826086956519,0.20304568527918782,0.825
gemini_flash_granite,"gemini_flash,granite_8b",257,mlp_router,197,23,0.116751269035533,0.9137055837563451,0.6521739130434783,0.0,0.030456852791878174,0.8333333333333334
gemini_flash_granite,"gemini_flash,granite_8b",257,tfidf_logistic_router,197,23,0.116751269035533,0.9035532994923858,0.5652173913043478,-8.695652173913048,0.09137055837563451,0.7222222222222222
gemini_flash_granite,"gemini_flash,granite_8b",257,tfidf_linear_svm_router,197,23,0.116751269035533,0.9035532994923858,0.5652173913043478,-8.695652173913048,0.030456852791878174,0.6666666666666666
gemini_flash_granite,"gemini_flash,granite_8b",257,tfidf_mlp_router,197,23,0.116751269035533,0.9086294416243654,0.6086956521739131,-4.347826086956519,0.015228426395939087,0.6666666666666666
gemini_flash_granite,"gemini_flash,granite_8b",258,always_gemini_flash,197,27,0.13705583756345177,0.883248730964467,0.6666666666666666,0.0,0.0,
gemini_flash_granite,"gemini_flash,granite_8b",258,oracle,197,27,0.13705583756345177,0.9289340101522843,1.0,33.333333333333336,0.04568527918781726,
gemini_flash_granite,"gemini_flash,granite_8b",258,logistic_router,197,27,0.13705583756345177,0.8578680203045685,0.48148148148148145,-18.51851851851852,0.20304568527918782,0.75
gemini_flash_granite,"gemini_flash,granite_8b",258,linear_svm_router,197,27,0.13705583756345177,0.8578680203045685,0.48148148148148145,-18.51851851851852,0.18781725888324874,0.7567567567567568
gemini_flash_granite,"gemini_flash,granite_8b",258,knn_router,197,27,0.13705583756345177,0.883248730964467,0.6666666666666666,0.0,0.0,
gemini_flash_granite,"gemini_flash,granite_8b",258,decision_tree_router,197,27,0.13705583756345177,0.8527918781725888,0.4444444444444444,-22.22222222222222,0.40609137055837563,0.7875
gemini_flash_granite,"gemini_flash,granite_8b",258,random_forest_router,197,27,0.13705583756345177,0.8934010152284264,0.7407407407407407,7.4074074074074066,0.116751269035533,0.8260869565217391
gemini_flash_granite,"gemini_flash,granite_8b",258,extra_trees_router,197,27,0.13705583756345177,0.8883248730964467,0.7037037037037037,3.703703703703709,0.233502538071066,0.8043478260869565
gemini_flash_granite,"gemini_flash,granite_8b",258,mlp_router,197,27,0.13705583756345177,0.8781725888324873,0.6296296296296297,-3.703703703703698,0.03553299492385787,0.7142857142857143
gemini_flash_granite,"gemini_flash,granite_8b",258,tfidf_logistic_router,197,27,0.13705583756345177,0.868020304568528,0.5555555555555556,-11.111111111111105,0.09137055837563451,0.6666666666666666
gemini_flash_granite,"gemini_flash,granite_8b",258,tfidf_linear_svm_router,197,27,0.13705583756345177,0.8781725888324873,0.6296296296296297,-3.703703703703698,0.01015228426395939,0.5
gemini_flash_granite,"gemini_flash,granite_8b",258,tfidf_mlp_router,197,27,0.13705583756345177,0.8781725888324873,0.6296296296296297,-3.703703703703698,0.01015228426395939,0.5
llama_granite,"llama_70b,granite_8b",229,always_llama_70b,197,25,0.12690355329949238,0.8781725888324873,0.72,0.0,0.0,
llama_granite,"llama_70b,granite_8b",229,oracle,197,25,0.12690355329949238,0.9137055837563451,1.0,28.000000000000004,0.03553299492385787,
llama_granite,"llama_70b,granite_8b",229,logistic_router,197,25,0.12690355329949238,0.8730964467005076,0.68,-3.9999999999999925,0.18781725888324874,0.7297297297297297
llama_granite,"llama_70b,granite_8b",229,linear_svm_router,197,25,0.12690355329949238,0.8781725888324873,0.72,0.0,0.16751269035532995,0.696969696969697
llama_granite,"llama_70b,granite_8b",229,knn_router,197,25,0.12690355329949238,0.8781725888324873,0.72,0.0,0.0,
llama_granite,"llama_70b,granite_8b",229,decision_tree_router,197,25,0.12690355329949238,0.8578680203045685,0.56,-15.999999999999993,0.19289340101522842,0.7105263157894737
llama_granite,"llama_70b,granite_8b",229,random_forest_router,197,25,0.12690355329949238,0.8730964467005076,0.68,-3.9999999999999925,0.18781725888324874,0.7297297297297297
llama_granite,"llama_70b,granite_8b",229,extra_trees_router,197,25,0.12690355329949238,0.868020304568528,0.64,-7.9999999999999964,0.18781725888324874,0.6756756756756757
llama_granite,"llama_70b,granite_8b",229,mlp_router,197,25,0.12690355329949238,0.883248730964467,0.76,4.0000000000000036,0.030456852791878174,0.8333333333333334
llama_granite,"llama_70b,granite_8b",229,tfidf_logistic_router,197,25,0.12690355329949238,0.8730964467005076,0.68,-3.9999999999999925,0.14213197969543148,0.6785714285714286
llama_granite,"llama_70b,granite_8b",229,tfidf_linear_svm_router,197,25,0.12690355329949238,0.8730964467005076,0.68,-3.9999999999999925,0.025380710659898477,0.6
llama_granite,"llama_70b,granite_8b",229,tfidf_mlp_router,197,25,0.12690355329949238,0.8781725888324873,0.72,0.0,0.005076142131979695,1.0
llama_granite,"llama_70b,granite_8b",230,always_llama_70b,197,39,0.19796954314720813,0.9187817258883249,0.717948717948718,0.0,0.0,
llama_granite,"llama_70b,granite_8b",230,oracle,197,39,0.19796954314720813,0.9746192893401016,1.0,28.205128205128204,0.05583756345177665,
llama_granite,"llama_70b,granite_8b",230,logistic_router,197,39,0.19796954314720813,0.9137055837563451,0.6923076923076923,-2.564102564102566,0.16243654822335024,0.75
llama_granite,"llama_70b,granite_8b",230,linear_svm_router,197,39,0.19796954314720813,0.9086294416243654,0.6666666666666666,-5.128205128205132,0.1319796954314721,0.7307692307692307
llama_granite,"llama_70b,granite_8b",230,knn_router,197,39,0.19796954314720813,0.9187817258883249,0.717948717948718,0.0,0.0,
llama_granite,"llama_70b,granite_8b",230,decision_tree_router,197,39,0.19796954314720813,0.9137055837563451,0.6923076923076923,-2.564102564102566,0.18274111675126903,0.8055555555555556
llama_granite,"llama_70b,granite_8b",230,random_forest_router,197,39,0.19796954314720813,0.9137055837563451,0.6923076923076923,-2.564102564102566,0.14213197969543148,0.75
llama_granite,"llama_70b,granite_8b",230,extra_trees_router,197,39,0.19796954314720813,0.9035532994923858,0.6410256410256411,-7.692307692307687,0.16243654822335024,0.6875
llama_granite,"llama_70b,granite_8b",230,mlp_router,197,39,0.19796954314720813,0.9187817258883249,0.717948717948718,0.0,0.005076142131979695,1.0
llama_granite,"llama_70b,granite_8b",230,tfidf_logistic_router,197,39,0.19796954314720813,0.9035532994923858,0.6410256410256411,-7.692307692307687,0.1319796954314721,0.7307692307692307
llama_granite,"llama_70b,granite_8b",230,tfidf_linear_svm_router,197,39,0.19796954314720813,0.9137055837563451,0.6923076923076923,-2.564102564102566,0.06091370558375635,0.75
llama_granite,"llama_70b,granite_8b",230,tfidf_mlp_router,197,39,0.19796954314720813,0.9187817258883249,0.717948717948718,0.0,0.03553299492385787,0.5714285714285714
llama_granite,"llama_70b,granite_8b",231,always_llama_70b,197,25,0.12690355329949238,0.9289340101522843,0.8,0.0,0.0,
llama_granite,"llama_70b,granite_8b",231,oracle,197,25,0.12690355329949238,0.9543147208121827,1.0,19.999999999999996,0.025380710659898477,
llama_granite,"llama_70b,granite_8b",231,logistic_router,197,25,0.12690355329949238,0.9289340101522843,0.8,0.0,0.13705583756345177,0.8888888888888888
llama_granite,"llama_70b,granite_8b",231,linear_svm_router,197,25,0.12690355329949238,0.934010152284264,0.84,3.9999999999999925,0.1218274111675127,0.9583333333333334
llama_granite,"llama_70b,granite_8b",231,knn_router,197,25,0.12690355329949238,0.9289340101522843,0.8,0.0,0.0,
llama_granite,"llama_70b,granite_8b",231,decision_tree_router,197,25,0.12690355329949238,0.9187817258883249,0.72,-8.000000000000007,0.2436548223350254,0.8333333333333334
llama_granite,"llama_70b,granite_8b",231,random_forest_router,197,25,0.12690355329949238,0.9187817258883249,0.72,-8.000000000000007,0.16243654822335024,0.84375
llama_granite,"llama_70b,granite_8b",231,extra_trees_router,197,25,0.12690355329949238,0.9238578680203046,0.76,-4.0000000000000036,0.12690355329949238,0.84
llama_granite,"llama_70b,granite_8b",231,mlp_router,197,25,0.12690355329949238,0.9289340101522843,0.8,0.0,0.02030456852791878,1.0
llama_granite,"llama_70b,granite_8b",231,tfidf_logistic_router,197,25,0.12690355329949238,0.9289340101522843,0.8,0.0,0.1116751269035533,0.9090909090909091
llama_granite,"llama_70b,granite_8b",231,tfidf_linear_svm_router,197,25,0.12690355329949238,0.9289340101522843,0.8,0.0,0.06091370558375635,1.0
llama_granite,"llama_70b,granite_8b",231,tfidf_mlp_router,197,25,0.12690355329949238,0.9289340101522843,0.8,0.0,0.005076142131979695,1.0
llama_granite,"llama_70b,granite_8b",232,always_llama_70b,197,25,0.12690355329949238,0.9035532994923858,0.68,0.0,0.0,
llama_granite,"llama_70b,granite_8b",232,oracle,197,25,0.12690355329949238,0.9441624365482234,1.0,31.999999999999996,0.04060913705583756,
llama_granite,"llama_70b,granite_8b",232,logistic_router,197,25,0.12690355329949238,0.8883248730964467,0.56,-12.0,0.18274111675126903,0.6111111111111112
llama_granite,"llama_70b,granite_8b",232,linear_svm_router,197,25,0.12690355329949238,0.8934010152284264,0.6,-8.000000000000007,0.16243654822335024,0.625
llama_granite,"llama_70b,granite_8b",232,knn_router,197,25,0.12690355329949238,0.9035532994923858,0.68,0.0,0.0,
llama_granite,"llama_70b,granite_8b",232,decision_tree_router,197,25,0.12690355329949238,0.8730964467005076,0.44,-24.000000000000004,0.22842639593908629,0.6666666666666666
llama_granite,"llama_70b,granite_8b",232,random_forest_router,197,25,0.12690355329949238,0.8883248730964467,0.56,-12.0,0.12690355329949238,0.68
llama_granite,"llama_70b,granite_8b",232,extra_trees_router,197,25,0.12690355329949238,0.8730964467005076,0.44,-24.000000000000004,0.18274111675126903,0.5833333333333334
llama_granite,"llama_70b,granite_8b",232,mlp_router,197,25,0.12690355329949238,0.8984771573604061,0.64,-4.0000000000000036,0.03553299492385787,0.42857142857142855
llama_granite,"llama_70b,granite_8b",232,tfidf_logistic_router,197,25,0.12690355329949238,0.9035532994923858,0.68,0.0,0.13705583756345177,0.6666666666666666
llama_granite,"llama_70b,granite_8b",232,tfidf_linear_svm_router,197,25,0.12690355329949238,0.8984771573604061,0.64,-4.0000000000000036,0.04568527918781726,0.6666666666666666
llama_granite,"llama_70b,granite_8b",232,tfidf_mlp_router,197,25,0.12690355329949238,0.9035532994923858,0.68,0.0,0.005076142131979695,1.0
llama_granite,"llama_70b,granite_8b",233,always_llama_70b,197,26,0.1319796954314721,0.8984771573604061,0.6538461538461539,0.0,0.0,
llama_granite,"llama_70b,granite_8b",233,oracle,197,26,0.1319796954314721,0.9441624365482234,1.0,34.61538461538461,0.04568527918781726,
llama_granite,"llama_70b,granite_8b",233,logistic_router,197,26,0.1319796954314721,0.9238578680203046,0.8461538461538461,19.23076923076923,0.24873096446700507,0.8163265306122449
llama_granite,"llama_70b,granite_8b",233,linear_svm_router,197,26,0.1319796954314721,0.9187817258883249,0.8076923076923077,15.384615384615385,0.2182741116751269,0.7906976744186046
llama_granite,"llama_70b,granite_8b",233,knn_router,197,26,0.1319796954314721,0.8984771573604061,0.6538461538461539,0.0,0.0,
llama_granite,"llama_70b,granite_8b",233,decision_tree_router,197,26,0.1319796954314721,0.8984771573604061,0.6538461538461539,0.0,0.2182741116751269,0.7209302325581395
llama_granite,"llama_70b,granite_8b",233,random_forest_router,197,26,0.1319796954314721,0.9035532994923858,0.6923076923076923,3.8461538461538436,0.14213197969543148,0.7857142857142857
llama_granite,"llama_70b,granite_8b",233,extra_trees_router,197,26,0.1319796954314721,0.9137055837563451,0.7692307692307693,11.538461538461542,0.20812182741116753,0.7560975609756098
llama_granite,"llama_70b,granite_8b",233,mlp_router,197,26,0.1319796954314721,0.8984771573604061,0.6538461538461539,0.0,0.025380710659898477,0.8
llama_granite,"llama_70b,granite_8b",233,tfidf_logistic_router,197,26,0.1319796954314721,0.9238578680203046,0.8461538461538461,19.23076923076923,0.17258883248730963,0.8235294117647058
llama_granite,"llama_70b,granite_8b",233,tfidf_linear_svm_router,197,26,0.1319796954314721,0.9035532994923858,0.6923076923076923,3.8461538461538436,0.02030456852791878,1.0
llama_granite,"llama_70b,granite_8b",233,tfidf_mlp_router,197,26,0.1319796954314721,0.8984771573604061,0.6538461538461539,0.0,0.005076142131979695,1.0
llama_granite,"llama_70b,granite_8b",234,always_llama_70b,197,34,0.17258883248730963,0.8578680203045685,0.5588235294117647,0.0,0.0,
llama_granite,"llama_70b,granite_8b",234,oracle,197,34,0.17258883248730963,0.934010152284264,1.0,44.11764705882353,0.07614213197969544,
llama_granite,"llama_70b,granite_8b",234,logistic_router,197,34,0.17258883248730963,0.8781725888324873,0.6764705882352942,11.764705882352944,0.15228426395939088,0.8
llama_granite,"llama_70b,granite_8b",234,linear_svm_router,197,34,0.17258883248730963,0.883248730964467,0.7058823529411765,14.70588235294118,0.1218274111675127,0.7916666666666666
llama_granite,"llama_70b,granite_8b",234,knn_router,197,34,0.17258883248730963,0.8578680203045685,0.5588235294117647,0.0,0.0,
llama_granite,"llama_70b,granite_8b",234,decision_tree_router,197,34,0.17258883248730963,0.8934010152284264,0.7647058823529411,20.58823529411764,0.25888324873096447,0.7843137254901961
llama_granite,"llama_70b,granite_8b",234,random_forest_router,197,34,0.17258883248730963,0.8730964467005076,0.6470588235294118,8.823529411764708,0.05583756345177665,0.8181818181818182
llama_granite,"llama_70b,granite_8b",234,extra_trees_router,197,34,0.17258883248730963,0.8781725888324873,0.6764705882352942,11.764705882352944,0.116751269035533,0.782608695652174
llama_granite,"llama_70b,granite_8b",234,mlp_router,197,34,0.17258883248730963,0.8629441624365483,0.5882352941176471,2.941176470588236,0.005076142131979695,1.0
llama_granite,"llama_70b,granite_8b",234,tfidf_logistic_router,197,34,0.17258883248730963,0.8730964467005076,0.6470588235294118,8.823529411764708,0.09137055837563451,0.7777777777777778
llama_granite,"llama_70b,granite_8b",234,tfidf_linear_svm_router,197,34,0.17258883248730963,0.8578680203045685,0.5588235294117647,0.0,0.015228426395939087,0.6666666666666666
llama_granite,"llama_70b,granite_8b",234,tfidf_mlp_router,197,34,0.17258883248730963,0.8629441624365483,0.5882352941176471,2.941176470588236,0.01015228426395939,1.0
llama_granite,"llama_70b,granite_8b",235,always_llama_70b,197,29,0.14720812182741116,0.8934010152284264,0.6206896551724138,0.0,0.0,
llama_granite,"llama_70b,granite_8b",235,oracle,197,29,0.14720812182741116,0.949238578680203,1.0,37.93103448275862,0.05583756345177665,
llama_granite,"llama_70b,granite_8b",235,logistic_router,197,29,0.14720812182741116,0.8883248730964467,0.5862068965517241,-3.4482758620689724,0.16243654822335024,0.75
llama_granite,"llama_70b,granite_8b",235,linear_svm_router,197,29,0.14720812182741116,0.8883248730964467,0.5862068965517241,-3.4482758620689724,0.15228426395939088,0.7666666666666667
llama_granite,"llama_70b,granite_8b",235,knn_router,197,29,0.14720812182741116,0.8934010152284264,0.6206896551724138,0.0,0.0,
llama_granite,"llama_70b,granite_8b",235,decision_tree_router,197,29,0.14720812182741116,0.8934010152284264,0.6206896551724138,0.0,0.19796954314720813,0.8205128205128205
llama_granite,"llama_70b,granite_8b",235,random_forest_router,197,29,0.14720812182741116,0.883248730964467,0.5517241379310345,-6.896551724137934,0.17766497461928935,0.8
llama_granite,"llama_70b,granite_8b",235,extra_trees_router,197,29,0.14720812182741116,0.8883248730964467,0.5862068965517241,-3.4482758620689724,0.18274111675126903,0.7777777777777778
llama_granite,"llama_70b,granite_8b",235,mlp_router,197,29,0.14720812182741116,0.8934010152284264,0.6206896551724138,0.0,0.030456852791878174,0.6666666666666666
llama_granite,"llama_70b,granite_8b",235,tfidf_logistic_router,197,29,0.14720812182741116,0.8883248730964467,0.5862068965517241,-3.4482758620689724,0.12690355329949238,0.76
llama_granite,"llama_70b,granite_8b",235,tfidf_linear_svm_router,197,29,0.14720812182741116,0.8883248730964467,0.5862068965517241,-3.4482758620689724,0.03553299492385787,0.7142857142857143
llama_granite,"llama_70b,granite_8b",235,tfidf_mlp_router,197,29,0.14720812182741116,0.8984771573604061,0.6551724137931034,3.4482758620689613,0.005076142131979695,1.0
llama_granite,"llama_70b,granite_8b",236,always_llama_70b,197,28,0.14213197969543148,0.8883248730964467,0.7142857142857143,0.0,0.0,
llama_granite,"llama_70b,granite_8b",236,oracle,197,28,0.14213197969543148,0.9289340101522843,1.0,28.57142857142857,0.04060913705583756,
llama_granite,"llama_70b,granite_8b",236,logistic_router,197,28,0.14213197969543148,0.8934010152284264,0.75,3.57142857142857,0.22842639593908629,0.7555555555555555
llama_granite,"llama_70b,granite_8b",236,linear_svm_router,197,28,0.14213197969543148,0.9035532994923858,0.8214285714285714,10.71428571428571,0.17766497461928935,0.8
llama_granite,"llama_70b,granite_8b",236,knn_router,197,28,0.14213197969543148,0.8883248730964467,0.7142857142857143,0.0,0.0,
llama_granite,"llama_70b,granite_8b",236,decision_tree_router,197,28,0.14213197969543148,0.883248730964467,0.6785714285714286,-3.57142857142857,0.14213197969543148,0.75
llama_granite,"llama_70b,granite_8b",236,random_forest_router,197,28,0.14213197969543148,0.883248730964467,0.6785714285714286,-3.57142857142857,0.19796954314720813,0.717948717948718
llama_granite,"llama_70b,granite_8b",236,extra_trees_router,197,28,0.14213197969543148,0.883248730964467,0.6785714285714286,-3.57142857142857,0.19796954314720813,0.717948717948718
llama_granite,"llama_70b,granite_8b",236,mlp_router,197,28,0.14213197969543148,0.8883248730964467,0.7142857142857143,0.0,0.015228426395939087,1.0
llama_granite,"llama_70b,granite_8b",236,tfidf_logistic_router,197,28,0.14213197969543148,0.8883248730964467,0.7142857142857143,0.0,0.1319796954314721,0.7307692307692307
llama_granite,"llama_70b,granite_8b",236,tfidf_linear_svm_router,197,28,0.14213197969543148,0.883248730964467,0.6785714285714286,-3.57142857142857,0.030456852791878174,0.8333333333333334
llama_granite,"llama_70b,granite_8b",236,tfidf_mlp_router,197,28,0.14213197969543148,0.8883248730964467,0.7142857142857143,0.0,0.015228426395939087,1.0
llama_granite,"llama_70b,granite_8b",237,always_llama_70b,197,35,0.17766497461928935,0.8984771573604061,0.6285714285714286,0.0,0.0,
llama_granite,"llama_70b,granite_8b",237,oracle,197,35,0.17766497461928935,0.9644670050761421,1.0,37.142857142857146,0.06598984771573604,
llama_granite,"llama_70b,granite_8b",237,logistic_router,197,35,0.17766497461928935,0.9035532994923858,0.6571428571428571,2.857142857142858,0.16751269035532995,0.8181818181818182
llama_granite,"llama_70b,granite_8b",237,linear_svm_router,197,35,0.17766497461928935,0.9137055837563451,0.7142857142857143,8.571428571428575,0.13705583756345177,0.8888888888888888
llama_granite,"llama_70b,granite_8b",237,knn_router,197,35,0.17766497461928935,0.8984771573604061,0.6285714285714286,0.0,0.0,
llama_granite,"llama_70b,granite_8b",237,decision_tree_router,197,35,0.17766497461928935,0.9187817258883249,0.7428571428571429,11.428571428571432,0.2131979695431472,0.8809523809523809
llama_granite,"llama_70b,granite_8b",237,random_forest_router,197,35,0.17766497461928935,0.9035532994923858,0.6571428571428571,2.857142857142858,0.13705583756345177,0.8518518518518519
llama_granite,"llama_70b,granite_8b",237,extra_trees_router,197,35,0.17766497461928935,0.9137055837563451,0.7142857142857143,8.571428571428575,0.16751269035532995,0.8181818181818182
llama_granite,"llama_70b,granite_8b",237,mlp_router,197,35,0.17766497461928935,0.8934010152284264,0.6,-2.857142857142858,0.02030456852791878,0.5
llama_granite,"llama_70b,granite_8b",237,tfidf_logistic_router,197,35,0.17766497461928935,0.9035532994923858,0.6571428571428571,2.857142857142858,0.1116751269035533,0.8636363636363636
llama_granite,"llama_70b,granite_8b",237,tfidf_linear_svm_router,197,35,0.17766497461928935,0.9035532994923858,0.6571428571428571,2.857142857142858,0.015228426395939087,1.0
llama_granite,"llama_70b,granite_8b",237,tfidf_mlp_router,197,35,0.17766497461928935,0.8984771573604061,0.6285714285714286,0.0,0.01015228426395939,1.0
llama_granite,"llama_70b,granite_8b",238,always_llama_70b,197,31,0.15736040609137056,0.8984771573604061,0.7419354838709677,0.0,0.0,
llama_granite,"llama_70b,granite_8b",238,oracle,197,31,0.15736040609137056,0.9390862944162437,1.0,25.806451612903224,0.04060913705583756,
llama_granite,"llama_70b,granite_8b",238,logistic_router,197,31,0.15736040609137056,0.9187817258883249,0.8709677419354839,12.903225806451612,0.16751269035532995,0.8484848484848485
llama_granite,"llama_70b,granite_8b",238,linear_svm_router,197,31,0.15736040609137056,0.9137055837563451,0.8387096774193549,9.677419354838712,0.16243654822335024,0.78125
llama_granite,"llama_70b,granite_8b",238,knn_router,197,31,0.15736040609137056,0.8984771573604061,0.7419354838709677,0.0,0.0,
llama_granite,"llama_70b,granite_8b",238,decision_tree_router,197,31,0.15736040609137056,0.8883248730964467,0.6774193548387096,-6.451612903225811,0.19289340101522842,0.8157894736842105
llama_granite,"llama_70b,granite_8b",238,random_forest_router,197,31,0.15736040609137056,0.9137055837563451,0.8387096774193549,9.677419354838712,0.1319796954314721,0.8461538461538461
llama_granite,"llama_70b,granite_8b",238,extra_trees_router,197,31,0.15736040609137056,0.8934010152284264,0.7096774193548387,-3.2258064516129004,0.16243654822335024,0.71875
llama_granite,"llama_70b,granite_8b",238,mlp_router,197,31,0.15736040609137056,0.9035532994923858,0.7741935483870968,3.2258064516129004,0.02030456852791878,1.0
llama_granite,"llama_70b,granite_8b",238,tfidf_logistic_router,197,31,0.15736040609137056,0.9137055837563451,0.8387096774193549,9.677419354838712,0.10152284263959391,0.8
llama_granite,"llama_70b,granite_8b",238,tfidf_linear_svm_router,197,31,0.15736040609137056,0.9035532994923858,0.7741935483870968,3.2258064516129004,0.02030456852791878,1.0
llama_granite,"llama_70b,granite_8b",238,tfidf_mlp_router,197,31,0.15736040609137056,0.8984771573604061,0.7419354838709677,0.0,0.0,
llama_granite,"llama_70b,granite_8b",239,always_llama_70b,197,30,0.15228426395939088,0.8934010152284264,0.7,0.0,0.0,
llama_granite,"llama_70b,granite_8b",239,oracle,197,30,0.15228426395939088,0.9390862944162437,1.0,30.000000000000004,0.04568527918781726,
llama_granite,"llama_70b,granite_8b",239,logistic_router,197,30,0.15228426395939088,0.8883248730964467,0.6666666666666666,-3.3333333333333326,0.17766497461928935,0.7714285714285715
llama_granite,"llama_70b,granite_8b",239,linear_svm_router,197,30,0.15228426395939088,0.883248730964467,0.6333333333333333,-6.666666666666665,0.16243654822335024,0.78125
llama_granite,"llama_70b,granite_8b",239,knn_router,197,30,0.15228426395939088,0.8934010152284264,0.7,0.0,0.0,
llama_granite,"llama_70b,granite_8b",239,decision_tree_router,197,30,0.15228426395939088,0.9086294416243654,0.8,10.000000000000009,0.19289340101522842,0.7894736842105263
llama_granite,"llama_70b,granite_8b",239,random_forest_router,197,30,0.15228426395939088,0.8984771573604061,0.7333333333333333,3.3333333333333326,0.13705583756345177,0.7777777777777778
llama_granite,"llama_70b,granite_8b",239,extra_trees_router,197,30,0.15228426395939088,0.9035532994923858,0.7666666666666667,6.666666666666677,0.16243654822335024,0.8125
llama_granite,"llama_70b,granite_8b",239,mlp_router,197,30,0.15228426395939088,0.8934010152284264,0.7,0.0,0.030456852791878174,0.8333333333333334
llama_granite,"llama_70b,granite_8b",239,tfidf_logistic_router,197,30,0.15228426395939088,0.8883248730964467,0.6666666666666666,-3.3333333333333326,0.1319796954314721,0.7692307692307693
llama_granite,"llama_70b,granite_8b",239,tfidf_linear_svm_router,197,30,0.15228426395939088,0.8730964467005076,0.5666666666666667,-13.33333333333333,0.04568527918781726,0.3333333333333333
llama_granite,"llama_70b,granite_8b",239,tfidf_mlp_router,197,30,0.15228426395939088,0.8934010152284264,0.7,0.0,0.015228426395939087,0.6666666666666666
llama_granite,"llama_70b,granite_8b",240,always_llama_70b,197,34,0.17258883248730963,0.934010152284264,0.7058823529411765,0.0,0.0,
llama_granite,"llama_70b,granite_8b",240,oracle,197,34,0.17258883248730963,0.9847715736040609,1.0,29.411764705882348,0.050761421319796954,
llama_granite,"llama_70b,granite_8b",240,logistic_router,197,34,0.17258883248730963,0.9441624365482234,0.7647058823529411,5.88235294117646,0.16751269035532995,0.8787878787878788
llama_granite,"llama_70b,granite_8b",240,linear_svm_router,197,34,0.17258883248730963,0.9390862944162437,0.7352941176470589,2.941176470588236,0.15228426395939088,0.8666666666666667
llama_granite,"llama_70b,granite_8b",240,knn_router,197,34,0.17258883248730963,0.934010152284264,0.7058823529411765,0.0,0.0,
llama_granite,"llama_70b,granite_8b",240,decision_tree_router,197,34,0.17258883248730963,0.9035532994923858,0.5294117647058824,-17.647058823529417,0.3604060913705584,0.8169014084507042
llama_granite,"llama_70b,granite_8b",240,random_forest_router,197,34,0.17258883248730963,0.934010152284264,0.7058823529411765,0.0,0.116751269035533,0.8260869565217391
llama_granite,"llama_70b,granite_8b",240,extra_trees_router,197,34,0.17258883248730963,0.934010152284264,0.7058823529411765,0.0,0.14720812182741116,0.7931034482758621
llama_granite,"llama_70b,granite_8b",240,mlp_router,197,34,0.17258883248730963,0.9390862944162437,0.7352941176470589,2.941176470588236,0.01015228426395939,1.0
llama_granite,"llama_70b,granite_8b",240,tfidf_logistic_router,197,34,0.17258883248730963,0.934010152284264,0.7058823529411765,0.0,0.09137055837563451,0.8888888888888888
llama_granite,"llama_70b,granite_8b",240,tfidf_linear_svm_router,197,34,0.17258883248730963,0.9390862944162437,0.7352941176470589,2.941176470588236,0.030456852791878174,1.0
llama_granite,"llama_70b,granite_8b",240,tfidf_mlp_router,197,34,0.17258883248730963,0.934010152284264,0.7058823529411765,0.0,0.0,
llama_granite,"llama_70b,granite_8b",241,always_granite_8b,197,24,0.1218274111675127,0.8781725888324873,0.5416666666666666,0.0,0.0,
llama_granite,"llama_70b,granite_8b",241,oracle,197,24,0.1218274111675127,0.934010152284264,1.0,45.833333333333336,0.934010152284264,
llama_granite,"llama_70b,granite_8b",241,logistic_router,197,24,0.1218274111675127,0.8730964467005076,0.5,-4.1666666666666625,0.868020304568528,0.8830409356725146
llama_granite,"llama_70b,granite_8b",241,linear_svm_router,197,24,0.1218274111675127,0.8781725888324873,0.5416666666666666,0.0,0.8730964467005076,0.8895348837209303
llama_granite,"llama_70b,granite_8b",241,knn_router,197,24,0.1218274111675127,0.868020304568528,0.4583333333333333,-8.333333333333332,1.0,0.868020304568528
llama_granite,"llama_70b,granite_8b",241,decision_tree_router,197,24,0.1218274111675127,0.868020304568528,0.4583333333333333,-8.333333333333332,0.868020304568528,0.8830409356725146
llama_granite,"llama_70b,granite_8b",241,random_forest_router,197,24,0.1218274111675127,0.8730964467005076,0.5,-4.1666666666666625,0.8984771573604061,0.8813559322033898
llama_granite,"llama_70b,granite_8b",241,extra_trees_router,197,24,0.1218274111675127,0.8781725888324873,0.5416666666666666,0.0,0.8375634517766497,0.8909090909090909
llama_granite,"llama_70b,granite_8b",241,mlp_router,197,24,0.1218274111675127,0.868020304568528,0.4583333333333333,-8.333333333333332,0.9847715736040609,0.8711340206185567
llama_granite,"llama_70b,granite_8b",241,tfidf_logistic_router,197,24,0.1218274111675127,0.868020304568528,0.4583333333333333,-8.333333333333332,0.9137055837563451,0.8777777777777778
llama_granite,"llama_70b,granite_8b",241,tfidf_linear_svm_router,197,24,0.1218274111675127,0.868020304568528,0.4583333333333333,-8.333333333333332,0.9847715736040609,0.8711340206185567
llama_granite,"llama_70b,granite_8b",241,tfidf_mlp_router,197,24,0.1218274111675127,0.868020304568528,0.4583333333333333,-8.333333333333332,1.0,0.868020304568528
llama_granite,"llama_70b,granite_8b",242,always_llama_70b,197,28,0.14213197969543148,0.8984771573604061,0.75,0.0,0.0,
llama_granite,"llama_70b,granite_8b",242,oracle,197,28,0.14213197969543148,0.934010152284264,1.0,25.0,0.03553299492385787,
llama_granite,"llama_70b,granite_8b",242,logistic_router,197,28,0.14213197969543148,0.8781725888324873,0.6071428571428571,-14.28571428571429,0.18781725888324874,0.6756756756756757
llama_granite,"llama_70b,granite_8b",242,linear_svm_router,197,28,0.14213197969543148,0.8781725888324873,0.6071428571428571,-14.28571428571429,0.18781725888324874,0.6756756756756757
llama_granite,"llama_70b,granite_8b",242,knn_router,197,28,0.14213197969543148,0.8984771573604061,0.75,0.0,0.0,
llama_granite,"llama_70b,granite_8b",242,decision_tree_router,197,28,0.14213197969543148,0.883248730964467,0.6428571428571429,-10.71428571428571,0.18781725888324874,0.7567567567567568
llama_granite,"llama_70b,granite_8b",242,random_forest_router,197,28,0.14213197969543148,0.8781725888324873,0.6071428571428571,-14.28571428571429,0.19289340101522842,0.6842105263157895
llama_granite,"llama_70b,granite_8b",242,extra_trees_router,197,28,0.14213197969543148,0.8730964467005076,0.5714285714285714,-17.85714285714286,0.2131979695431472,0.6428571428571429
llama_granite,"llama_70b,granite_8b",242,mlp_router,197,28,0.14213197969543148,0.8934010152284264,0.7142857142857143,-3.57142857142857,0.04568527918781726,0.7777777777777778
llama_granite,"llama_70b,granite_8b",242,tfidf_logistic_router,197,28,0.14213197969543148,0.883248730964467,0.6428571428571429,-10.71428571428571,0.16243654822335024,0.6875
llama_granite,"llama_70b,granite_8b",242,tfidf_linear_svm_router,197,28,0.14213197969543148,0.8934010152284264,0.7142857142857143,-3.57142857142857,0.04060913705583756,0.75
llama_granite,"llama_70b,granite_8b",242,tfidf_mlp_router,197,28,0.14213197969543148,0.8984771573604061,0.75,0.0,0.01015228426395939,1.0
llama_granite,"llama_70b,granite_8b",243,always_llama_70b,197,26,0.1319796954314721,0.9086294416243654,0.6538461538461539,0.0,0.0,
llama_granite,"llama_70b,granite_8b",243,oracle,197,26,0.1319796954314721,0.9543147208121827,1.0,34.61538461538461,0.04568527918781726,
llama_granite,"llama_70b,granite_8b",243,logistic_router,197,26,0.1319796954314721,0.9238578680203046,0.7692307692307693,11.538461538461542,0.17258883248730963,0.8529411764705882
llama_granite,"llama_70b,granite_8b",243,linear_svm_router,197,26,0.1319796954314721,0.9289340101522843,0.8076923076923077,15.384615384615385,0.17766497461928935,0.8857142857142857
llama_granite,"llama_70b,granite_8b",243,knn_router,197,26,0.1319796954314721,0.9086294416243654,0.6538461538461539,0.0,0.0,
llama_granite,"llama_70b,granite_8b",243,decision_tree_router,197,26,0.1319796954314721,0.9187817258883249,0.7307692307692307,7.692307692307687,0.25380710659898476,0.82
llama_granite,"llama_70b,granite_8b",243,random_forest_router,197,26,0.1319796954314721,0.9187817258883249,0.7307692307692307,7.692307692307687,0.16243654822335024,0.78125
llama_granite,"llama_70b,granite_8b",243,extra_trees_router,197,26,0.1319796954314721,0.9137055837563451,0.6923076923076923,3.8461538461538436,0.17766497461928935,0.7714285714285715
llama_granite,"llama_70b,granite_8b",243,mlp_router,197,26,0.1319796954314721,0.9035532994923858,0.6153846153846154,-3.8461538461538436,0.015228426395939087,0.6666666666666666
llama_granite,"llama_70b,granite_8b",243,tfidf_logistic_router,197,26,0.1319796954314721,0.9086294416243654,0.6538461538461539,0.0,0.1065989847715736,0.7619047619047619
llama_granite,"llama_70b,granite_8b",243,tfidf_linear_svm_router,197,26,0.1319796954314721,0.9086294416243654,0.6538461538461539,0.0,0.015228426395939087,1.0
llama_granite,"llama_70b,granite_8b",243,tfidf_mlp_router,197,26,0.1319796954314721,0.9086294416243654,0.6538461538461539,0.0,0.005076142131979695,1.0
llama_granite,"llama_70b,granite_8b",244,always_llama_70b,197,24,0.1218274111675127,0.9086294416243654,0.6666666666666666,0.0,0.0,
llama_granite,"llama_70b,granite_8b",244,oracle,197,24,0.1218274111675127,0.949238578680203,1.0,33.333333333333336,0.04060913705583756,
llama_granite,"llama_70b,granite_8b",244,logistic_router,197,24,0.1218274111675127,0.8934010152284264,0.5416666666666666,-12.5,0.18274111675126903,0.6944444444444444
llama_granite,"llama_70b,granite_8b",244,linear_svm_router,197,24,0.1218274111675127,0.8883248730964467,0.5,-16.666666666666664,0.14720812182741116,0.6896551724137931
llama_granite,"llama_70b,granite_8b",244,knn_router,197,24,0.1218274111675127,0.9086294416243654,0.6666666666666666,0.0,0.0,
llama_granite,"llama_70b,granite_8b",244,decision_tree_router,197,24,0.1218274111675127,0.9086294416243654,0.6666666666666666,0.0,0.12690355329949238,0.84
llama_granite,"llama_70b,granite_8b",244,random_forest_router,197,24,0.1218274111675127,0.9035532994923858,0.625,-4.1666666666666625,0.12690355329949238,0.68
llama_granite,"llama_70b,granite_8b",244,extra_trees_router,197,24,0.1218274111675127,0.9086294416243654,0.6666666666666666,0.0,0.16243654822335024,0.75
llama_granite,"llama_70b,granite_8b",244,mlp_router,197,24,0.1218274111675127,0.9086294416243654,0.6666666666666666,0.0,0.005076142131979695,0.0
llama_granite,"llama_70b,granite_8b",244,tfidf_logistic_router,197,24,0.1218274111675127,0.9035532994923858,0.625,-4.1666666666666625,0.1218274111675127,0.6666666666666666
llama_granite,"llama_70b,granite_8b",244,tfidf_linear_svm_router,197,24,0.1218274111675127,0.9086294416243654,0.6666666666666666,0.0,0.03553299492385787,0.7142857142857143
llama_granite,"llama_70b,granite_8b",244,tfidf_mlp_router,197,24,0.1218274111675127,0.9137055837563451,0.7083333333333334,4.166666666666674,0.01015228426395939,1.0
llama_granite,"llama_70b,granite_8b",245,always_llama_70b,197,28,0.14213197969543148,0.8984771573604061,0.6785714285714286,0.0,0.0,
llama_granite,"llama_70b,granite_8b",245,oracle,197,28,0.14213197969543148,0.9441624365482234,1.0,32.14285714285714,0.04568527918781726,
llama_granite,"llama_70b,granite_8b",245,logistic_router,197,28,0.14213197969543148,0.9035532994923858,0.7142857142857143,3.57142857142857,0.19796954314720813,0.8461538461538461
llama_granite,"llama_70b,granite_8b",245,linear_svm_router,197,28,0.14213197969543148,0.9035532994923858,0.7142857142857143,3.57142857142857,0.14720812182741116,0.8620689655172413
llama_granite,"llama_70b,granite_8b",245,knn_router,197,28,0.14213197969543148,0.8984771573604061,0.6785714285714286,0.0,0.0,
llama_granite,"llama_70b,granite_8b",245,decision_tree_router,197,28,0.14213197969543148,0.8984771573604061,0.6785714285714286,0.0,0.14720812182741116,0.8275862068965517
llama_granite,"llama_70b,granite_8b",245,random_forest_router,197,28,0.14213197969543148,0.9035532994923858,0.7142857142857143,3.57142857142857,0.18274111675126903,0.8333333333333334
llama_granite,"llama_70b,granite_8b",245,extra_trees_router,197,28,0.14213197969543148,0.9035532994923858,0.7142857142857143,3.57142857142857,0.17258883248730963,0.8235294117647058
llama_granite,"llama_70b,granite_8b",245,mlp_router,197,28,0.14213197969543148,0.8934010152284264,0.6428571428571429,-3.57142857142857,0.05583756345177665,0.7272727272727273
llama_granite,"llama_70b,granite_8b",245,tfidf_logistic_router,197,28,0.14213197969543148,0.9035532994923858,0.7142857142857143,3.57142857142857,0.14720812182741116,0.8275862068965517
llama_granite,"llama_70b,granite_8b",245,tfidf_linear_svm_router,197,28,0.14213197969543148,0.8934010152284264,0.6428571428571429,-3.57142857142857,0.04060913705583756,0.75
llama_granite,"llama_70b,granite_8b",245,tfidf_mlp_router,197,28,0.14213197969543148,0.8934010152284264,0.6428571428571429,-3.57142857142857,0.015228426395939087,0.6666666666666666
llama_granite,"llama_70b,granite_8b",246,always_llama_70b,197,33,0.16751269035532995,0.8578680203045685,0.5757575757575758,0.0,0.0,
llama_granite,"llama_70b,granite_8b",246,oracle,197,33,0.16751269035532995,0.9289340101522843,1.0,42.42424242424242,0.07106598984771574,
llama_granite,"llama_70b,granite_8b",246,logistic_router,197,33,0.16751269035532995,0.8477157360406091,0.5151515151515151,-6.060606060606066,0.15736040609137056,0.7096774193548387
llama_granite,"llama_70b,granite_8b",246,linear_svm_router,197,33,0.16751269035532995,0.8527918781725888,0.5454545454545454,-3.0303030303030387,0.116751269035533,0.6521739130434783
llama_granite,"llama_70b,granite_8b",246,knn_router,197,33,0.16751269035532995,0.8578680203045685,0.5757575757575758,0.0,0.0,
llama_granite,"llama_70b,granite_8b",246,decision_tree_router,197,33,0.16751269035532995,0.8477157360406091,0.5151515151515151,-6.060606060606066,0.2131979695431472,0.7380952380952381
llama_granite,"llama_70b,granite_8b",246,random_forest_router,197,33,0.16751269035532995,0.8578680203045685,0.5757575757575758,0.0,0.10152284263959391,0.75
llama_granite,"llama_70b,granite_8b",246,extra_trees_router,197,33,0.16751269035532995,0.8578680203045685,0.5757575757575758,0.0,0.1319796954314721,0.6923076923076923
llama_granite,"llama_70b,granite_8b",246,mlp_router,197,33,0.16751269035532995,0.8578680203045685,0.5757575757575758,0.0,0.02030456852791878,0.5
llama_granite,"llama_70b,granite_8b",246,tfidf_logistic_router,197,33,0.16751269035532995,0.8477157360406091,0.5151515151515151,-6.060606060606066,0.1065989847715736,0.6666666666666666
llama_granite,"llama_70b,granite_8b",246,tfidf_linear_svm_router,197,33,0.16751269035532995,0.8629441624365483,0.6060606060606061,3.0303030303030276,0.015228426395939087,1.0
llama_granite,"llama_70b,granite_8b",246,tfidf_mlp_router,197,33,0.16751269035532995,0.8629441624365483,0.6060606060606061,3.0303030303030276,0.005076142131979695,1.0
llama_granite,"llama_70b,granite_8b",247,always_llama_70b,197,19,0.09644670050761421,0.9238578680203046,0.7368421052631579,0.0,0.0,
llama_granite,"llama_70b,granite_8b",247,oracle,197,19,0.09644670050761421,0.949238578680203,1.0,26.315789473684216,0.025380710659898477,
llama_granite,"llama_70b,granite_8b",247,logistic_router,197,19,0.09644670050761421,0.9238578680203046,0.7368421052631579,0.0,0.18781725888324874,0.8378378378378378
llama_granite,"llama_70b,granite_8b",247,linear_svm_router,197,19,0.09644670050761421,0.9238578680203046,0.7368421052631579,0.0,0.16751269035532995,0.8181818181818182
llama_granite,"llama_70b,granite_8b",247,knn_router,197,19,0.09644670050761421,0.9238578680203046,0.7368421052631579,0.0,0.0,
llama_granite,"llama_70b,granite_8b",247,decision_tree_router,197,19,0.09644670050761421,0.9137055837563451,0.631578947368421,-10.526315789473683,0.13705583756345177,0.8148148148148148
llama_granite,"llama_70b,granite_8b",247,random_forest_router,197,19,0.09644670050761421,0.9086294416243654,0.5789473684210527,-15.78947368421052,0.15228426395939088,0.8
llama_granite,"llama_70b,granite_8b",247,extra_trees_router,197,19,0.09644670050761421,0.9137055837563451,0.631578947368421,-10.526315789473683,0.17766497461928935,0.8
llama_granite,"llama_70b,granite_8b",247,mlp_router,197,19,0.09644670050761421,0.9238578680203046,0.7368421052631579,0.0,0.015228426395939087,1.0
llama_granite,"llama_70b,granite_8b",247,tfidf_logistic_router,197,19,0.09644670050761421,0.9137055837563451,0.631578947368421,-10.526315789473683,0.1319796954314721,0.8076923076923077
llama_granite,"llama_70b,granite_8b",247,tfidf_linear_svm_router,197,19,0.09644670050761421,0.9187817258883249,0.6842105263157895,-5.263157894736836,0.025380710659898477,0.6
llama_granite,"llama_70b,granite_8b",247,tfidf_mlp_router,197,19,0.09644670050761421,0.9187817258883249,0.6842105263157895,-5.263157894736836,0.015228426395939087,0.6666666666666666
llama_granite,"llama_70b,granite_8b",248,always_llama_70b,197,23,0.116751269035533,0.9137055837563451,0.7391304347826086,0.0,0.0,
llama_granite,"llama_70b,granite_8b",248,oracle,197,23,0.116751269035533,0.9441624365482234,1.0,26.086956521739136,0.030456852791878174,
llama_granite,"llama_70b,granite_8b",248,logistic_router,197,23,0.116751269035533,0.8984771573604061,0.6086956521739131,-13.043478260869556,0.18781725888324874,0.7567567567567568
llama_granite,"llama_70b,granite_8b",248,linear_svm_router,197,23,0.116751269035533,0.8883248730964467,0.5217391304347826,-21.739130434782606,0.15228426395939088,0.7
llama_granite,"llama_70b,granite_8b",248,knn_router,197,23,0.116751269035533,0.9137055837563451,0.7391304347826086,0.0,0.0,
llama_granite,"llama_70b,granite_8b",248,decision_tree_router,197,23,0.116751269035533,0.8934010152284264,0.5652173913043478,-17.391304347826086,0.27918781725888325,0.8363636363636363
llama_granite,"llama_70b,granite_8b",248,random_forest_router,197,23,0.116751269035533,0.8984771573604061,0.6086956521739131,-13.043478260869556,0.17766497461928935,0.7714285714285715
llama_granite,"llama_70b,granite_8b",248,extra_trees_router,197,23,0.116751269035533,0.8984771573604061,0.6086956521739131,-13.043478260869556,0.17258883248730963,0.7647058823529411
llama_granite,"llama_70b,granite_8b",248,mlp_router,197,23,0.116751269035533,0.9086294416243654,0.6956521739130435,-4.347826086956519,0.015228426395939087,0.3333333333333333
llama_granite,"llama_70b,granite_8b",248,tfidf_logistic_router,197,23,0.116751269035533,0.8984771573604061,0.6086956521739131,-13.043478260869556,0.15228426395939088,0.7333333333333333
llama_granite,"llama_70b,granite_8b",248,tfidf_linear_svm_router,197,23,0.116751269035533,0.8984771573604061,0.6086956521739131,-13.043478260869556,0.050761421319796954,0.6
llama_granite,"llama_70b,granite_8b",248,tfidf_mlp_router,197,23,0.116751269035533,0.9137055837563451,0.7391304347826086,0.0,0.01015228426395939,1.0
llama_granite,"llama_70b,granite_8b",249,always_llama_70b,197,32,0.16243654822335024,0.8730964467005076,0.6875,0.0,0.0,
llama_granite,"llama_70b,granite_8b",249,oracle,197,32,0.16243654822335024,0.9238578680203046,1.0,31.25,0.050761421319796954,
llama_granite,"llama_70b,granite_8b",249,logistic_router,197,32,0.16243654822335024,0.8781725888324873,0.71875,3.125,0.17766497461928935,0.7142857142857143
llama_granite,"llama_70b,granite_8b",249,linear_svm_router,197,32,0.16243654822335024,0.8730964467005076,0.6875,0.0,0.13705583756345177,0.7407407407407407
llama_granite,"llama_70b,granite_8b",249,knn_router,197,32,0.16243654822335024,0.8730964467005076,0.6875,0.0,0.0,
llama_granite,"llama_70b,granite_8b",249,decision_tree_router,197,32,0.16243654822335024,0.868020304568528,0.65625,-3.125,0.22842639593908629,0.7111111111111111
llama_granite,"llama_70b,granite_8b",249,random_forest_router,197,32,0.16243654822335024,0.8730964467005076,0.6875,0.0,0.14213197969543148,0.6785714285714286
llama_granite,"llama_70b,granite_8b",249,extra_trees_router,197,32,0.16243654822335024,0.8730964467005076,0.6875,0.0,0.15228426395939088,0.6666666666666666
llama_granite,"llama_70b,granite_8b",249,mlp_router,197,32,0.16243654822335024,0.8730964467005076,0.6875,0.0,0.005076142131979695,0.0
llama_granite,"llama_70b,granite_8b",249,tfidf_logistic_router,197,32,0.16243654822335024,0.8730964467005076,0.6875,0.0,0.13705583756345177,0.7407407407407407
llama_granite,"llama_70b,granite_8b",249,tfidf_linear_svm_router,197,32,0.16243654822335024,0.868020304568528,0.65625,-3.125,0.030456852791878174,0.5
llama_granite,"llama_70b,granite_8b",249,tfidf_mlp_router,197,32,0.16243654822335024,0.8730964467005076,0.6875,0.0,0.01015228426395939,0.5
llama_granite,"llama_70b,granite_8b",250,always_llama_70b,197,27,0.13705583756345177,0.9086294416243654,0.7037037037037037,0.0,0.0,
llama_granite,"llama_70b,granite_8b",250,oracle,197,27,0.13705583756345177,0.949238578680203,1.0,29.629629629629626,0.04060913705583756,
llama_granite,"llama_70b,granite_8b",250,logistic_router,197,27,0.13705583756345177,0.9035532994923858,0.6666666666666666,-3.703703703703709,0.12690355329949238,0.8
llama_granite,"llama_70b,granite_8b",250,linear_svm_router,197,27,0.13705583756345177,0.9035532994923858,0.6666666666666666,-3.703703703703709,0.10152284263959391,0.8
llama_granite,"llama_70b,granite_8b",250,knn_router,197,27,0.13705583756345177,0.9086294416243654,0.7037037037037037,0.0,0.0,
llama_granite,"llama_70b,granite_8b",250,decision_tree_router,197,27,0.13705583756345177,0.8984771573604061,0.6296296296296297,-7.4074074074074066,0.20304568527918782,0.8
llama_granite,"llama_70b,granite_8b",250,random_forest_router,197,27,0.13705583756345177,0.9086294416243654,0.7037037037037037,0.0,0.16751269035532995,0.8484848484848485
llama_granite,"llama_70b,granite_8b",250,extra_trees_router,197,27,0.13705583756345177,0.9086294416243654,0.7037037037037037,0.0,0.18274111675126903,0.8055555555555556
llama_granite,"llama_70b,granite_8b",250,mlp_router,197,27,0.13705583756345177,0.8984771573604061,0.6296296296296297,-7.4074074074074066,0.015228426395939087,0.3333333333333333
llama_granite,"llama_70b,granite_8b",250,tfidf_logistic_router,197,27,0.13705583756345177,0.9086294416243654,0.7037037037037037,0.0,0.09644670050761421,0.8421052631578947
llama_granite,"llama_70b,granite_8b",250,tfidf_linear_svm_router,197,27,0.13705583756345177,0.8984771573604061,0.6296296296296297,-7.4074074074074066,0.030456852791878174,0.6666666666666666
llama_granite,"llama_70b,granite_8b",250,tfidf_mlp_router,197,27,0.13705583756345177,0.9086294416243654,0.7037037037037037,0.0,0.01015228426395939,1.0
llama_granite,"llama_70b,granite_8b",251,always_llama_70b,197,29,0.14720812182741116,0.9086294416243654,0.6551724137931034,0.0,0.0,
llama_granite,"llama_70b,granite_8b",251,oracle,197,29,0.14720812182741116,0.9593908629441624,1.0,34.48275862068966,0.050761421319796954,
llama_granite,"llama_70b,granite_8b",251,logistic_router,197,29,0.14720812182741116,0.8934010152284264,0.5517241379310345,-10.344827586206895,0.16751269035532995,0.7272727272727273
llama_granite,"llama_70b,granite_8b",251,linear_svm_router,197,29,0.14720812182741116,0.8883248730964467,0.5172413793103449,-13.793103448275856,0.15228426395939088,0.7
llama_granite,"llama_70b,granite_8b",251,knn_router,197,29,0.14720812182741116,0.9086294416243654,0.6551724137931034,0.0,0.0,
llama_granite,"llama_70b,granite_8b",251,decision_tree_router,197,29,0.14720812182741116,0.8934010152284264,0.5517241379310345,-10.344827586206895,0.2639593908629442,0.7884615384615384
llama_granite,"llama_70b,granite_8b",251,random_forest_router,197,29,0.14720812182741116,0.9035532994923858,0.6206896551724138,-3.4482758620689613,0.17258883248730963,0.7941176470588235
llama_granite,"llama_70b,granite_8b",251,extra_trees_router,197,29,0.14720812182741116,0.8984771573604061,0.5862068965517241,-6.896551724137934,0.20304568527918782,0.775
llama_granite,"llama_70b,granite_8b",251,mlp_router,197,29,0.14720812182741116,0.9035532994923858,0.6206896551724138,-3.4482758620689613,0.025380710659898477,0.8
llama_granite,"llama_70b,granite_8b",251,tfidf_logistic_router,197,29,0.14720812182741116,0.8984771573604061,0.5862068965517241,-6.896551724137934,0.12690355329949238,0.72
llama_granite,"llama_70b,granite_8b",251,tfidf_linear_svm_router,197,29,0.14720812182741116,0.9086294416243654,0.6551724137931034,0.0,0.030456852791878174,0.8333333333333334
llama_granite,"llama_70b,granite_8b",251,tfidf_mlp_router,197,29,0.14720812182741116,0.9086294416243654,0.6551724137931034,0.0,0.01015228426395939,0.5
llama_granite,"llama_70b,granite_8b",252,always_llama_70b,197,34,0.17258883248730963,0.8781725888324873,0.7647058823529411,0.0,0.0,
llama_granite,"llama_70b,granite_8b",252,oracle,197,34,0.17258883248730963,0.9187817258883249,1.0,23.529411764705888,0.04060913705583756,
llama_granite,"llama_70b,granite_8b",252,logistic_router,197,34,0.17258883248730963,0.8578680203045685,0.6470588235294118,-11.764705882352933,0.17766497461928935,0.5714285714285714
llama_granite,"llama_70b,granite_8b",252,linear_svm_router,197,34,0.17258883248730963,0.868020304568528,0.7058823529411765,-5.88235294117646,0.14720812182741116,0.5862068965517241
llama_granite,"llama_70b,granite_8b",252,knn_router,197,34,0.17258883248730963,0.8781725888324873,0.7647058823529411,0.0,0.0,
llama_granite,"llama_70b,granite_8b",252,decision_tree_router,197,34,0.17258883248730963,0.8527918781725888,0.6176470588235294,-14.705882352941169,0.1218274111675127,0.5833333333333334
llama_granite,"llama_70b,granite_8b",252,random_forest_router,197,34,0.17258883248730963,0.8578680203045685,0.6470588235294118,-11.764705882352933,0.13705583756345177,0.5925925925925926
llama_granite,"llama_70b,granite_8b",252,extra_trees_router,197,34,0.17258883248730963,0.8629441624365483,0.6764705882352942,-8.823529411764696,0.16751269035532995,0.6363636363636364
llama_granite,"llama_70b,granite_8b",252,mlp_router,197,34,0.17258883248730963,0.868020304568528,0.7058823529411765,-5.88235294117646,0.015228426395939087,0.3333333333333333
llama_granite,"llama_70b,granite_8b",252,tfidf_logistic_router,197,34,0.17258883248730963,0.8730964467005076,0.7352941176470589,-2.941176470588225,0.116751269035533,0.6521739130434783
llama_granite,"llama_70b,granite_8b",252,tfidf_linear_svm_router,197,34,0.17258883248730963,0.8781725888324873,0.7647058823529411,0.0,0.015228426395939087,1.0
llama_granite,"llama_70b,granite_8b",252,tfidf_mlp_router,197,34,0.17258883248730963,0.8781725888324873,0.7647058823529411,0.0,0.005076142131979695,1.0
llama_granite,"llama_70b,granite_8b",253,always_llama_70b,197,24,0.1218274111675127,0.883248730964467,0.5416666666666666,0.0,0.0,
llama_granite,"llama_70b,granite_8b",253,oracle,197,24,0.1218274111675127,0.9390862944162437,1.0,45.833333333333336,0.05583756345177665,
llama_granite,"llama_70b,granite_8b",253,logistic_router,197,24,0.1218274111675127,0.8984771573604061,0.6666666666666666,12.5,0.14213197969543148,0.8571428571428571
llama_granite,"llama_70b,granite_8b",253,linear_svm_router,197,24,0.1218274111675127,0.8883248730964467,0.5833333333333334,4.166666666666674,0.12690355329949238,0.84
llama_granite,"llama_70b,granite_8b",253,knn_router,197,24,0.1218274111675127,0.883248730964467,0.5416666666666666,0.0,0.0,
llama_granite,"llama_70b,granite_8b",253,decision_tree_router,197,24,0.1218274111675127,0.8883248730964467,0.5833333333333334,4.166666666666674,0.16243654822335024,0.8125
llama_granite,"llama_70b,granite_8b",253,random_forest_router,197,24,0.1218274111675127,0.8730964467005076,0.4583333333333333,-8.333333333333332,0.16243654822335024,0.78125
llama_granite,"llama_70b,granite_8b",253,extra_trees_router,197,24,0.1218274111675127,0.883248730964467,0.5416666666666666,0.0,0.17766497461928935,0.7714285714285715
llama_granite,"llama_70b,granite_8b",253,mlp_router,197,24,0.1218274111675127,0.883248730964467,0.5416666666666666,0.0,0.015228426395939087,1.0
llama_granite,"llama_70b,granite_8b",253,tfidf_logistic_router,197,24,0.1218274111675127,0.883248730964467,0.5416666666666666,0.0,0.1116751269035533,0.8181818181818182
llama_granite,"llama_70b,granite_8b",253,tfidf_linear_svm_router,197,24,0.1218274111675127,0.8781725888324873,0.5,-4.1666666666666625,0.04568527918781726,0.7777777777777778
llama_granite,"llama_70b,granite_8b",253,tfidf_mlp_router,197,24,0.1218274111675127,0.883248730964467,0.5416666666666666,0.0,0.01015228426395939,1.0
llama_granite,"llama_70b,granite_8b",254,always_llama_70b,197,37,0.18781725888324874,0.8578680203045685,0.7027027027027027,0.0,0.0,
llama_granite,"llama_70b,granite_8b",254,oracle,197,37,0.18781725888324874,0.9137055837563451,1.0,29.729729729729726,0.05583756345177665,
llama_granite,"llama_70b,granite_8b",254,logistic_router,197,37,0.18781725888324874,0.868020304568528,0.7567567567567568,5.405405405405405,0.15736040609137056,0.7419354838709677
llama_granite,"llama_70b,granite_8b",254,linear_svm_router,197,37,0.18781725888324874,0.8781725888324873,0.8108108108108109,10.81081081081081,0.1319796954314721,0.7692307692307693
llama_granite,"llama_70b,granite_8b",254,knn_router,197,37,0.18781725888324874,0.8578680203045685,0.7027027027027027,0.0,0.0,
llama_granite,"llama_70b,granite_8b",254,decision_tree_router,197,37,0.18781725888324874,0.8730964467005076,0.7837837837837838,8.108108108108103,0.17766497461928935,0.8
llama_granite,"llama_70b,granite_8b",254,random_forest_router,197,37,0.18781725888324874,0.8527918781725888,0.6756756756756757,-2.7027027027027084,0.10152284263959391,0.7
llama_granite,"llama_70b,granite_8b",254,extra_trees_router,197,37,0.18781725888324874,0.8629441624365483,0.7297297297297297,2.7027027027026973,0.15228426395939088,0.7666666666666667
llama_granite,"llama_70b,granite_8b",254,mlp_router,197,37,0.18781725888324874,0.8578680203045685,0.7027027027027027,0.0,0.0,
llama_granite,"llama_70b,granite_8b",254,tfidf_logistic_router,197,37,0.18781725888324874,0.8629441624365483,0.7297297297297297,2.7027027027026973,0.09644670050761421,0.7894736842105263
llama_granite,"llama_70b,granite_8b",254,tfidf_linear_svm_router,197,37,0.18781725888324874,0.8477157360406091,0.6486486486486487,-5.405405405405405,0.04060913705583756,0.625
llama_granite,"llama_70b,granite_8b",254,tfidf_mlp_router,197,37,0.18781725888324874,0.8527918781725888,0.6756756756756757,-2.7027027027027084,0.01015228426395939,0.5
llama_granite,"llama_70b,granite_8b",255,always_granite_8b,197,23,0.116751269035533,0.8781725888324873,0.5217391304347826,0.0,0.0,
llama_granite,"llama_70b,granite_8b",255,oracle,197,23,0.116751269035533,0.934010152284264,1.0,47.82608695652174,0.9390862944162437,
llama_granite,"llama_70b,granite_8b",255,logistic_router,197,23,0.116751269035533,0.8934010152284264,0.6521739130434783,13.043478260869568,0.8121827411167513,0.9125
llama_granite,"llama_70b,granite_8b",255,linear_svm_router,197,23,0.116751269035533,0.8883248730964467,0.6086956521739131,8.695652173913048,0.8527918781725888,0.9047619047619048
llama_granite,"llama_70b,granite_8b",255,knn_router,197,23,0.116751269035533,0.8730964467005076,0.4782608695652174,-4.347826086956519,1.0,0.8730964467005076
llama_granite,"llama_70b,granite_8b",255,decision_tree_router,197,23,0.116751269035533,0.8781725888324873,0.5217391304347826,0.0,0.7766497461928934,0.8954248366013072
llama_granite,"llama_70b,granite_8b",255,random_forest_router,197,23,0.116751269035533,0.8730964467005076,0.4782608695652174,-4.347826086956519,0.8934010152284264,0.8863636363636364
llama_granite,"llama_70b,granite_8b",255,extra_trees_router,197,23,0.116751269035533,0.8934010152284264,0.6521739130434783,13.043478260869568,0.8527918781725888,0.9107142857142857
llama_granite,"llama_70b,granite_8b",255,mlp_router,197,23,0.116751269035533,0.8730964467005076,0.4782608695652174,-4.347826086956519,0.9949238578680203,0.8724489795918368
llama_granite,"llama_70b,granite_8b",255,tfidf_logistic_router,197,23,0.116751269035533,0.8883248730964467,0.6086956521739131,8.695652173913048,0.8730964467005076,0.8895348837209303
llama_granite,"llama_70b,granite_8b",255,tfidf_linear_svm_router,197,23,0.116751269035533,0.868020304568528,0.43478260869565216,-8.695652173913043,0.9593908629441624,0.873015873015873
llama_granite,"llama_70b,granite_8b",255,tfidf_mlp_router,197,23,0.116751269035533,0.8781725888324873,0.5217391304347826,0.0,0.9949238578680203,0.8775510204081632
llama_granite,"llama_70b,granite_8b",256,always_llama_70b,197,36,0.18274111675126903,0.883248730964467,0.5833333333333334,0.0,0.0,
llama_granite,"llama_70b,granite_8b",256,oracle,197,36,0.18274111675126903,0.9593908629441624,1.0,41.666666666666664,0.07614213197969544,
llama_granite,"llama_70b,granite_8b",256,logistic_router,197,36,0.18274111675126903,0.8883248730964467,0.6111111111111112,2.777777777777779,0.1218274111675127,0.8333333333333334
llama_granite,"llama_70b,granite_8b",256,linear_svm_router,197,36,0.18274111675126903,0.8883248730964467,0.6111111111111112,2.777777777777779,0.1116751269035533,0.8181818181818182
llama_granite,"llama_70b,granite_8b",256,knn_router,197,36,0.18274111675126903,0.883248730964467,0.5833333333333334,0.0,0.0,
llama_granite,"llama_70b,granite_8b",256,decision_tree_router,197,36,0.18274111675126903,0.883248730964467,0.5833333333333334,0.0,0.19289340101522842,0.8157894736842105
llama_granite,"llama_70b,granite_8b",256,random_forest_router,197,36,0.18274111675126903,0.868020304568528,0.5,-8.333333333333337,0.14720812182741116,0.7586206896551724
llama_granite,"llama_70b,granite_8b",256,extra_trees_router,197,36,0.18274111675126903,0.8883248730964467,0.6111111111111112,2.777777777777779,0.18274111675126903,0.8055555555555556
llama_granite,"llama_70b,granite_8b",256,mlp_router,197,36,0.18274111675126903,0.883248730964467,0.5833333333333334,0.0,0.0,
llama_granite,"llama_70b,granite_8b",256,tfidf_logistic_router,197,36,0.18274111675126903,0.8781725888324873,0.5555555555555556,-2.777777777777779,0.08629441624365482,0.8235294117647058
llama_granite,"llama_70b,granite_8b",256,tfidf_linear_svm_router,197,36,0.18274111675126903,0.8781725888324873,0.5555555555555556,-2.777777777777779,0.04060913705583756,0.75
llama_granite,"llama_70b,granite_8b",256,tfidf_mlp_router,197,36,0.18274111675126903,0.883248730964467,0.5833333333333334,0.0,0.005076142131979695,1.0
llama_granite,"llama_70b,granite_8b",257,always_llama_70b,197,22,0.1116751269035533,0.9187817258883249,0.6818181818181818,0.0,0.0,
llama_granite,"llama_70b,granite_8b",257,oracle,197,22,0.1116751269035533,0.9543147208121827,1.0,31.818181818181824,0.03553299492385787,
llama_granite,"llama_70b,granite_8b",257,logistic_router,197,22,0.1116751269035533,0.9187817258883249,0.6818181818181818,0.0,0.18274111675126903,0.8611111111111112
llama_granite,"llama_70b,granite_8b",257,linear_svm_router,197,22,0.1116751269035533,0.9289340101522843,0.7727272727272727,9.090909090909093,0.12690355329949238,0.92
llama_granite,"llama_70b,granite_8b",257,knn_router,197,22,0.1116751269035533,0.9187817258883249,0.6818181818181818,0.0,0.0,
llama_granite,"llama_70b,granite_8b",257,decision_tree_router,197,22,0.1116751269035533,0.9238578680203046,0.7272727272727273,4.545454545454552,0.1218274111675127,0.9166666666666666
llama_granite,"llama_70b,granite_8b",257,random_forest_router,197,22,0.1116751269035533,0.9035532994923858,0.5454545454545454,-13.636363636363635,0.15736040609137056,0.8387096774193549
llama_granite,"llama_70b,granite_8b",257,extra_trees_router,197,22,0.1116751269035533,0.9187817258883249,0.6818181818181818,0.0,0.15736040609137056,0.8387096774193549
llama_granite,"llama_70b,granite_8b",257,mlp_router,197,22,0.1116751269035533,0.9187817258883249,0.6818181818181818,0.0,0.015228426395939087,0.6666666666666666
llama_granite,"llama_70b,granite_8b",257,tfidf_logistic_router,197,22,0.1116751269035533,0.9238578680203046,0.7272727272727273,4.545454545454552,0.12690355329949238,0.92
llama_granite,"llama_70b,granite_8b",257,tfidf_linear_svm_router,197,22,0.1116751269035533,0.9187817258883249,0.6818181818181818,0.0,0.04060913705583756,0.875
llama_granite,"llama_70b,granite_8b",257,tfidf_mlp_router,197,22,0.1116751269035533,0.9187817258883249,0.6818181818181818,0.0,0.025380710659898477,0.8
llama_granite,"llama_70b,granite_8b",258,always_llama_70b,197,26,0.1319796954314721,0.8984771573604061,0.7307692307692307,0.0,0.0,
llama_granite,"llama_70b,granite_8b",258,oracle,197,26,0.1319796954314721,0.934010152284264,1.0,26.923076923076927,0.03553299492385787,
llama_granite,"llama_70b,granite_8b",258,logistic_router,197,26,0.1319796954314721,0.8883248730964467,0.6538461538461539,-7.692307692307687,0.19289340101522842,0.7368421052631579
llama_granite,"llama_70b,granite_8b",258,linear_svm_router,197,26,0.1319796954314721,0.8984771573604061,0.7307692307692307,0.0,0.17766497461928935,0.8
llama_granite,"llama_70b,granite_8b",258,knn_router,197,26,0.1319796954314721,0.8984771573604061,0.7307692307692307,0.0,0.0,
llama_granite,"llama_70b,granite_8b",258,decision_tree_router,197,26,0.1319796954314721,0.8730964467005076,0.5384615384615384,-19.23076923076923,0.27411167512690354,0.7407407407407407
llama_granite,"llama_70b,granite_8b",258,random_forest_router,197,26,0.1319796954314721,0.883248730964467,0.6153846153846154,-11.538461538461531,0.18274111675126903,0.7222222222222222
llama_granite,"llama_70b,granite_8b",258,extra_trees_router,197,26,0.1319796954314721,0.883248730964467,0.6153846153846154,-11.538461538461531,0.18274111675126903,0.6944444444444444
llama_granite,"llama_70b,granite_8b",258,mlp_router,197,26,0.1319796954314721,0.8934010152284264,0.6923076923076923,-3.8461538461538436,0.01015228426395939,0.5
llama_granite,"llama_70b,granite_8b",258,tfidf_logistic_router,197,26,0.1319796954314721,0.8883248730964467,0.6538461538461539,-7.692307692307687,0.17258883248730963,0.7352941176470589
llama_granite,"llama_70b,granite_8b",258,tfidf_linear_svm_router,197,26,0.1319796954314721,0.8984771573604061,0.7307692307692307,0.0,0.06598984771573604,0.7692307692307693
llama_granite,"llama_70b,granite_8b",258,tfidf_mlp_router,197,26,0.1319796954314721,0.8984771573604061,0.7307692307692307,0.0,0.025380710659898477,0.8
llama_deepseek,"llama_70b,deepseek_v3",229,always_deepseek_v3,197,13,0.06598984771573604,0.9137055837563451,0.7692307692307693,0.0,0.0,
llama_deepseek,"llama_70b,deepseek_v3",229,oracle,197,13,0.06598984771573604,0.9289340101522843,1.0,23.076923076923073,0.949238578680203,
llama_deepseek,"llama_70b,deepseek_v3",229,logistic_router,197,13,0.06598984771573604,0.8984771573604061,0.5384615384615384,-23.076923076923084,0.7715736040609137,0.9013157894736842
llama_deepseek,"llama_70b,deepseek_v3",229,linear_svm_router,197,13,0.06598984771573604,0.8984771573604061,0.5384615384615384,-23.076923076923084,0.7766497461928934,0.9019607843137255
llama_deepseek,"llama_70b,deepseek_v3",229,knn_router,197,13,0.06598984771573604,0.8781725888324873,0.23076923076923078,-53.846153846153854,1.0,0.8781725888324873
llama_deepseek,"llama_70b,deepseek_v3",229,decision_tree_router,197,13,0.06598984771573604,0.9035532994923858,0.6153846153846154,-15.384615384615385,0.7208121827411168,0.9084507042253521
llama_deepseek,"llama_70b,deepseek_v3",229,random_forest_router,197,13,0.06598984771573604,0.8934010152284264,0.46153846153846156,-30.76923076923077,0.8375634517766497,0.9090909090909091
llama_deepseek,"llama_70b,deepseek_v3",229,extra_trees_router,197,13,0.06598984771573604,0.8934010152284264,0.46153846153846156,-30.76923076923077,0.8426395939086294,0.9096385542168675
llama_deepseek,"llama_70b,deepseek_v3",229,mlp_router,197,13,0.06598984771573604,0.8781725888324873,0.23076923076923078,-53.846153846153854,0.9543147208121827,0.8723404255319149
llama_deepseek,"llama_70b,deepseek_v3",229,tfidf_logistic_router,197,13,0.06598984771573604,0.8883248730964467,0.38461538461538464,-38.46153846153847,0.8477157360406091,0.8982035928143712
llama_deepseek,"llama_70b,deepseek_v3",229,tfidf_linear_svm_router,197,13,0.06598984771573604,0.8781725888324873,0.23076923076923078,-53.846153846153854,0.9543147208121827,0.8723404255319149
llama_deepseek,"llama_70b,deepseek_v3",229,tfidf_mlp_router,197,13,0.06598984771573604,0.8781725888324873,0.23076923076923078,-53.846153846153854,0.9796954314720813,0.8756476683937824
llama_deepseek,"llama_70b,deepseek_v3",230,always_deepseek_v3,197,16,0.08121827411167512,0.9289340101522843,0.5625,0.0,0.0,
llama_deepseek,"llama_70b,deepseek_v3",230,oracle,197,16,0.08121827411167512,0.9644670050761421,1.0,43.75,0.9543147208121827,
llama_deepseek,"llama_70b,deepseek_v3",230,logistic_router,197,16,0.08121827411167512,0.934010152284264,0.625,6.25,0.7766497461928934,0.954248366013072
llama_deepseek,"llama_70b,deepseek_v3",230,linear_svm_router,197,16,0.08121827411167512,0.9390862944162437,0.6875,12.5,0.7766497461928934,0.954248366013072
llama_deepseek,"llama_70b,deepseek_v3",230,knn_router,197,16,0.08121827411167512,0.9187817258883249,0.4375,-12.5,1.0,0.9187817258883249
llama_deepseek,"llama_70b,deepseek_v3",230,decision_tree_router,197,16,0.08121827411167512,0.9238578680203046,0.5,-6.25,0.7360406091370558,0.9379310344827586
llama_deepseek,"llama_70b,deepseek_v3",230,random_forest_router,197,16,0.08121827411167512,0.9289340101522843,0.5625,0.0,0.8984771573604061,0.9378531073446328
llama_deepseek,"llama_70b,deepseek_v3",230,extra_trees_router,197,16,0.08121827411167512,0.9289340101522843,0.5625,0.0,0.8578680203045685,0.9467455621301775
llama_deepseek,"llama_70b,deepseek_v3",230,mlp_router,197,16,0.08121827411167512,0.9187817258883249,0.4375,-12.5,0.9796954314720813,0.917098445595855
llama_deepseek,"llama_70b,deepseek_v3",230,tfidf_logistic_router,197,16,0.08121827411167512,0.9390862944162437,0.6875,12.5,0.8629441624365483,0.9470588235294117
llama_deepseek,"llama_70b,deepseek_v3",230,tfidf_linear_svm_router,197,16,0.08121827411167512,0.9187817258883249,0.4375,-12.5,0.9644670050761421,0.9210526315789473
llama_deepseek,"llama_70b,deepseek_v3",230,tfidf_mlp_router,197,16,0.08121827411167512,0.9187817258883249,0.4375,-12.5,0.9796954314720813,0.9222797927461139
llama_deepseek,"llama_70b,deepseek_v3",231,always_llama_70b,197,20,0.10152284263959391,0.9289340101522843,0.65,0.0,0.0,
llama_deepseek,"llama_70b,deepseek_v3",231,oracle,197,20,0.10152284263959391,0.9644670050761421,1.0,35.0,0.03553299492385787,
llama_deepseek,"llama_70b,deepseek_v3",231,logistic_router,197,20,0.10152284263959391,0.9187817258883249,0.55,-9.999999999999998,0.19289340101522842,0.8421052631578947
llama_deepseek,"llama_70b,deepseek_v3",231,linear_svm_router,197,20,0.10152284263959391,0.9238578680203046,0.6,-5.000000000000004,0.17766497461928935,0.9142857142857143
llama_deepseek,"llama_70b,deepseek_v3",231,knn_router,197,20,0.10152284263959391,0.9289340101522843,0.65,0.0,0.0,
llama_deepseek,"llama_70b,deepseek_v3",231,decision_tree_router,197,20,0.10152284263959391,0.9289340101522843,0.65,0.0,0.25380710659898476,0.92
llama_deepseek,"llama_70b,deepseek_v3",231,random_forest_router,197,20,0.10152284263959391,0.9137055837563451,0.5,-15.000000000000002,0.12690355329949238,0.84
llama_deepseek,"llama_70b,deepseek_v3",231,extra_trees_router,197,20,0.10152284263959391,0.9238578680203046,0.6,-5.000000000000004,0.1218274111675127,0.8333333333333334
llama_deepseek,"llama_70b,deepseek_v3",231,mlp_router,197,20,0.10152284263959391,0.9289340101522843,0.65,0.0,0.025380710659898477,0.8
llama_deepseek,"llama_70b,deepseek_v3",231,tfidf_logistic_router,197,20,0.10152284263959391,0.9187817258883249,0.55,-9.999999999999998,0.12690355329949238,0.84
llama_deepseek,"llama_70b,deepseek_v3",231,tfidf_linear_svm_router,197,20,0.10152284263959391,0.9187817258883249,0.55,-9.999999999999998,0.050761421319796954,0.7
llama_deepseek,"llama_70b,deepseek_v3",231,tfidf_mlp_router,197,20,0.10152284263959391,0.9238578680203046,0.6,-5.000000000000004,0.015228426395939087,0.6666666666666666
llama_deepseek,"llama_70b,deepseek_v3",232,always_llama_70b,197,20,0.10152284263959391,0.9035532994923858,0.55,0.0,0.0,
llama_deepseek,"llama_70b,deepseek_v3",232,oracle,197,20,0.10152284263959391,0.949238578680203,1.0,44.99999999999999,0.04568527918781726,
llama_deepseek,"llama_70b,deepseek_v3",232,logistic_router,197,20,0.10152284263959391,0.8984771573604061,0.5,-5.000000000000004,0.2131979695431472,0.7619047619047619
llama_deepseek,"llama_70b,deepseek_v3",232,linear_svm_router,197,20,0.10152284263959391,0.9086294416243654,0.6,4.999999999999993,0.2182741116751269,0.7906976744186046
llama_deepseek,"llama_70b,deepseek_v3",232,knn_router,197,20,0.10152284263959391,0.9035532994923858,0.55,0.0,0.0,
llama_deepseek,"llama_70b,deepseek_v3",232,decision_tree_router,197,20,0.10152284263959391,0.9035532994923858,0.55,0.0,0.18274111675126903,0.8611111111111112
llama_deepseek,"llama_70b,deepseek_v3",232,random_forest_router,197,20,0.10152284263959391,0.8984771573604061,0.5,-5.000000000000004,0.15228426395939088,0.7333333333333333
llama_deepseek,"llama_70b,deepseek_v3",232,extra_trees_router,197,20,0.10152284263959391,0.8883248730964467,0.4,-15.000000000000002,0.16243654822335024,0.65625
llama_deepseek,"llama_70b,deepseek_v3",232,mlp_router,197,20,0.10152284263959391,0.9035532994923858,0.55,0.0,0.050761421319796954,0.8
llama_deepseek,"llama_70b,deepseek_v3",232,tfidf_logistic_router,197,20,0.10152284263959391,0.8984771573604061,0.5,-5.000000000000004,0.15228426395939088,0.7333333333333333
llama_deepseek,"llama_70b,deepseek_v3",232,tfidf_linear_svm_router,197,20,0.10152284263959391,0.9035532994923858,0.55,0.0,0.04568527918781726,0.8888888888888888
llama_deepseek,"llama_70b,deepseek_v3",232,tfidf_mlp_router,197,20,0.10152284263959391,0.8984771573604061,0.5,-5.000000000000004,0.015228426395939087,0.6666666666666666
llama_deepseek,"llama_70b,deepseek_v3",233,always_deepseek_v3,197,17,0.08629441624365482,0.9137055837563451,0.5882352941176471,0.0,0.0,
llama_deepseek,"llama_70b,deepseek_v3",233,oracle,197,17,0.08629441624365482,0.949238578680203,1.0,41.17647058823529,0.949238578680203,
llama_deepseek,"llama_70b,deepseek_v3",233,logistic_router,197,17,0.08629441624365482,0.9238578680203046,0.7058823529411765,11.764705882352944,0.7208121827411168,0.9436619718309859
llama_deepseek,"llama_70b,deepseek_v3",233,linear_svm_router,197,17,0.08629441624365482,0.9238578680203046,0.7058823529411765,11.764705882352944,0.7461928934010152,0.9387755102040817
llama_deepseek,"llama_70b,deepseek_v3",233,knn_router,197,17,0.08629441624365482,0.8984771573604061,0.4117647058823529,-17.647058823529417,1.0,0.8984771573604061
llama_deepseek,"llama_70b,deepseek_v3",233,decision_tree_router,197,17,0.08629441624365482,0.9086294416243654,0.5294117647058824,-5.882352941176472,0.7309644670050761,0.9097222222222222
llama_deepseek,"llama_70b,deepseek_v3",233,random_forest_router,197,17,0.08629441624365482,0.9137055837563451,0.5882352941176471,0.0,0.8781725888324873,0.9248554913294798
llama_deepseek,"llama_70b,deepseek_v3",233,extra_trees_router,197,17,0.08629441624365482,0.9137055837563451,0.5882352941176471,0.0,0.817258883248731,0.9440993788819876
llama_deepseek,"llama_70b,deepseek_v3",233,mlp_router,197,17,0.08629441624365482,0.9086294416243654,0.5294117647058824,-5.882352941176472,0.9644670050761421,0.9157894736842105
llama_deepseek,"llama_70b,deepseek_v3",233,tfidf_logistic_router,197,17,0.08629441624365482,0.9238578680203046,0.7058823529411765,11.764705882352944,0.8121827411167513,0.93125
llama_deepseek,"llama_70b,deepseek_v3",233,tfidf_linear_svm_router,197,17,0.08629441624365482,0.9035532994923858,0.47058823529411764,-11.764705882352944,0.9695431472081218,0.9057591623036649
llama_deepseek,"llama_70b,deepseek_v3",233,tfidf_mlp_router,197,17,0.08629441624365482,0.8984771573604061,0.4117647058823529,-17.647058823529417,0.9898477157360406,0.9025641025641026
llama_deepseek,"llama_70b,deepseek_v3",234,always_deepseek_v3,197,25,0.12690355329949238,0.883248730964467,0.6,0.0,0.0,
llama_deepseek,"llama_70b,deepseek_v3",234,oracle,197,25,0.12690355329949238,0.934010152284264,1.0,40.0,0.9238578680203046,
llama_deepseek,"llama_70b,deepseek_v3",234,logistic_router,197,25,0.12690355329949238,0.8883248730964467,0.64,4.0000000000000036,0.8274111675126904,0.8957055214723927
llama_deepseek,"llama_70b,deepseek_v3",234,linear_svm_router,197,25,0.12690355329949238,0.883248730964467,0.6,0.0,0.8527918781725888,0.8988095238095238
llama_deepseek,"llama_70b,deepseek_v3",234,knn_router,197,25,0.12690355329949238,0.8578680203045685,0.4,-19.999999999999996,1.0,0.8578680203045685
llama_deepseek,"llama_70b,deepseek_v3",234,decision_tree_router,197,25,0.12690355329949238,0.883248730964467,0.6,0.0,0.7918781725888325,0.8974358974358975
llama_deepseek,"llama_70b,deepseek_v3",234,random_forest_router,197,25,0.12690355329949238,0.8730964467005076,0.52,-7.9999999999999964,0.9644670050761421,0.8789473684210526
llama_deepseek,"llama_70b,deepseek_v3",234,extra_trees_router,197,25,0.12690355329949238,0.883248730964467,0.6,0.0,0.8629441624365483,0.8941176470588236
llama_deepseek,"llama_70b,deepseek_v3",234,mlp_router,197,25,0.12690355329949238,0.8629441624365483,0.44,-15.999999999999998,0.9898477157360406,0.8615384615384616
llama_deepseek,"llama_70b,deepseek_v3",234,tfidf_logistic_router,197,25,0.12690355329949238,0.8883248730964467,0.64,4.0000000000000036,0.8984771573604061,0.8983050847457628
llama_deepseek,"llama_70b,deepseek_v3",234,tfidf_linear_svm_router,197,25,0.12690355329949238,0.8629441624365483,0.44,-15.999999999999998,0.9847715736040609,0.8608247422680413
llama_deepseek,"llama_70b,deepseek_v3",234,tfidf_mlp_router,197,25,0.12690355329949238,0.8629441624365483,0.44,-15.999999999999998,0.9898477157360406,0.8615384615384616
llama_deepseek,"llama_70b,deepseek_v3",235,always_deepseek_v3,197,18,0.09137055837563451,0.9137055837563451,0.6111111111111112,0.0,0.0,
llama_deepseek,"llama_70b,deepseek_v3",235,oracle,197,18,0.09137055837563451,0.949238578680203,1.0,38.888888888888886,0.9441624365482234,
llama_deepseek,"llama_70b,deepseek_v3",235,logistic_router,197,18,0.09137055837563451,0.9086294416243654,0.5555555555555556,-5.555555555555558,0.7614213197969543,0.9133333333333333
llama_deepseek,"llama_70b,deepseek_v3",235,linear_svm_router,197,18,0.09137055837563451,0.9187817258883249,0.6666666666666666,5.5555555555555465,0.766497461928934,0.9139072847682119
llama_deepseek,"llama_70b,deepseek_v3",235,knn_router,197,18,0.09137055837563451,0.8934010152284264,0.3888888888888889,-22.222222222222225,1.0,0.8934010152284264
llama_deepseek,"llama_70b,deepseek_v3",235,decision_tree_router,197,18,0.09137055837563451,0.8883248730964467,0.3333333333333333,-27.777777777777786,0.8324873096446701,0.8963414634146342
llama_deepseek,"llama_70b,deepseek_v3",235,random_forest_router,197,18,0.09137055837563451,0.8934010152284264,0.3888888888888889,-22.222222222222225,0.8578680203045685,0.8994082840236687
llama_deepseek,"llama_70b,deepseek_v3",235,extra_trees_router,197,18,0.09137055837563451,0.9137055837563451,0.6111111111111112,0.0,0.8324873096446701,0.9207317073170732
llama_deepseek,"llama_70b,deepseek_v3",235,mlp_router,197,18,0.09137055837563451,0.8984771573604061,0.4444444444444444,-16.666666666666675,0.9441624365482234,0.8978494623655914
llama_deepseek,"llama_70b,deepseek_v3",235,tfidf_logistic_router,197,18,0.09137055837563451,0.9086294416243654,0.5555555555555556,-5.555555555555558,0.8527918781725888,0.9107142857142857
llama_deepseek,"llama_70b,deepseek_v3",235,tfidf_linear_svm_router,197,18,0.09137055837563451,0.8984771573604061,0.4444444444444444,-16.666666666666675,0.9543147208121827,0.8936170212765957
llama_deepseek,"llama_70b,deepseek_v3",235,tfidf_mlp_router,197,18,0.09137055837563451,0.8934010152284264,0.3888888888888889,-22.222222222222225,1.0,0.8934010152284264
llama_deepseek,"llama_70b,deepseek_v3",236,always_deepseek_v3,197,15,0.07614213197969544,0.9035532994923858,0.6,0.0,0.0,
llama_deepseek,"llama_70b,deepseek_v3",236,oracle,197,15,0.07614213197969544,0.934010152284264,1.0,40.0,0.9543147208121827,
llama_deepseek,"llama_70b,deepseek_v3",236,logistic_router,197,15,0.07614213197969544,0.8984771573604061,0.5333333333333333,-6.666666666666665,0.7614213197969543,0.92
llama_deepseek,"llama_70b,deepseek_v3",236,linear_svm_router,197,15,0.07614213197969544,0.9035532994923858,0.6,0.0,0.7868020304568528,0.9161290322580645
llama_deepseek,"llama_70b,deepseek_v3",236,knn_router,197,15,0.07614213197969544,0.8883248730964467,0.4,-19.999999999999996,1.0,0.8883248730964467
llama_deepseek,"llama_70b,deepseek_v3",236,decision_tree_router,197,15,0.07614213197969544,0.8984771573604061,0.5333333333333333,-6.666666666666665,0.7614213197969543,0.9266666666666666
llama_deepseek,"llama_70b,deepseek_v3",236,random_forest_router,197,15,0.07614213197969544,0.8984771573604061,0.5333333333333333,-6.666666666666665,0.8274111675126904,0.9263803680981595
llama_deepseek,"llama_70b,deepseek_v3",236,extra_trees_router,197,15,0.07614213197969544,0.8984771573604061,0.5333333333333333,-6.666666666666665,0.817258883248731,0.9316770186335404
llama_deepseek,"llama_70b,deepseek_v3",236,mlp_router,197,15,0.07614213197969544,0.8934010152284264,0.4666666666666667,-13.33333333333333,0.949238578680203,0.8877005347593583
llama_deepseek,"llama_70b,deepseek_v3",236,tfidf_logistic_router,197,15,0.07614213197969544,0.8934010152284264,0.4666666666666667,-13.33333333333333,0.8426395939086294,0.9096385542168675
llama_deepseek,"llama_70b,deepseek_v3",236,tfidf_linear_svm_router,197,15,0.07614213197969544,0.8883248730964467,0.4,-19.999999999999996,0.9543147208121827,0.8829787234042553
llama_deepseek,"llama_70b,deepseek_v3",236,tfidf_mlp_router,197,15,0.07614213197969544,0.8883248730964467,0.4,-19.999999999999996,0.9847715736040609,0.8865979381443299
llama_deepseek,"llama_70b,deepseek_v3",237,always_llama_70b,197,23,0.116751269035533,0.8984771573604061,0.5217391304347826,0.0,0.0,
llama_deepseek,"llama_70b,deepseek_v3",237,oracle,197,23,0.116751269035533,0.9543147208121827,1.0,47.82608695652174,0.05583756345177665,
llama_deepseek,"llama_70b,deepseek_v3",237,logistic_router,197,23,0.116751269035533,0.9035532994923858,0.5652173913043478,4.347826086956519,0.20812182741116753,0.8292682926829268
llama_deepseek,"llama_70b,deepseek_v3",237,linear_svm_router,197,23,0.116751269035533,0.8984771573604061,0.5217391304347826,0.0,0.16751269035532995,0.8181818181818182
llama_deepseek,"llama_70b,deepseek_v3",237,knn_router,197,23,0.116751269035533,0.8984771573604061,0.5217391304347826,0.0,0.005076142131979695,1.0
llama_deepseek,"llama_70b,deepseek_v3",237,decision_tree_router,197,23,0.116751269035533,0.8883248730964467,0.43478260869565216,-8.695652173913043,0.25888324873096447,0.8627450980392157
llama_deepseek,"llama_70b,deepseek_v3",237,random_forest_router,197,23,0.116751269035533,0.8984771573604061,0.5217391304347826,0.0,0.1319796954314721,0.7307692307692307
llama_deepseek,"llama_70b,deepseek_v3",237,extra_trees_router,197,23,0.116751269035533,0.9035532994923858,0.5652173913043478,4.347826086956519,0.17766497461928935,0.7714285714285715
llama_deepseek,"llama_70b,deepseek_v3",237,mlp_router,197,23,0.116751269035533,0.8984771573604061,0.5217391304347826,0.0,0.04060913705583756,0.875
llama_deepseek,"llama_70b,deepseek_v3",237,tfidf_logistic_router,197,23,0.116751269035533,0.8984771573604061,0.5217391304347826,0.0,0.13705583756345177,0.8148148148148148
llama_deepseek,"llama_70b,deepseek_v3",237,tfidf_linear_svm_router,197,23,0.116751269035533,0.8984771573604061,0.5217391304347826,0.0,0.015228426395939087,0.6666666666666666
llama_deepseek,"llama_70b,deepseek_v3",237,tfidf_mlp_router,197,23,0.116751269035533,0.8984771573604061,0.5217391304347826,0.0,0.01015228426395939,1.0
llama_deepseek,"llama_70b,deepseek_v3",238,always_deepseek_v3,197,16,0.08121827411167512,0.9086294416243654,0.5625,0.0,0.0,
llama_deepseek,"llama_70b,deepseek_v3",238,oracle,197,16,0.08121827411167512,0.9441624365482234,1.0,43.75,0.9543147208121827,
llama_deepseek,"llama_70b,deepseek_v3",238,logistic_router,197,16,0.08121827411167512,0.8934010152284264,0.375,-18.75,0.7918781725888325,0.9294871794871795
llama_deepseek,"llama_70b,deepseek_v3",238,linear_svm_router,197,16,0.08121827411167512,0.9035532994923858,0.5,-6.25,0.8477157360406091,0.9281437125748503
llama_deepseek,"llama_70b,deepseek_v3",238,knn_router,197,16,0.08121827411167512,0.8984771573604061,0.4375,-12.5,1.0,0.8984771573604061
llama_deepseek,"llama_70b,deepseek_v3",238,decision_tree_router,197,16,0.08121827411167512,0.9035532994923858,0.5,-6.25,0.7715736040609137,0.9276315789473685
llama_deepseek,"llama_70b,deepseek_v3",238,random_forest_router,197,16,0.08121827411167512,0.8984771573604061,0.4375,-12.5,0.8477157360406091,0.9221556886227545
llama_deepseek,"llama_70b,deepseek_v3",238,extra_trees_router,197,16,0.08121827411167512,0.8934010152284264,0.375,-18.75,0.8426395939086294,0.9337349397590361
llama_deepseek,"llama_70b,deepseek_v3",238,mlp_router,197,16,0.08121827411167512,0.9035532994923858,0.5,-6.25,0.9644670050761421,0.9105263157894737
llama_deepseek,"llama_70b,deepseek_v3",238,tfidf_logistic_router,197,16,0.08121827411167512,0.9035532994923858,0.5,-6.25,0.9035532994923858,0.9157303370786517
llama_deepseek,"llama_70b,deepseek_v3",238,tfidf_linear_svm_router,197,16,0.08121827411167512,0.8934010152284264,0.375,-18.75,0.9695431472081218,0.8952879581151832
llama_deepseek,"llama_70b,deepseek_v3",238,tfidf_mlp_router,197,16,0.08121827411167512,0.8984771573604061,0.4375,-12.5,0.9949238578680203,0.8979591836734694
llama_deepseek,"llama_70b,deepseek_v3",239,always_deepseek_v3,197,18,0.09137055837563451,0.9035532994923858,0.5555555555555556,0.0,0.0,
llama_deepseek,"llama_70b,deepseek_v3",239,oracle,197,18,0.09137055837563451,0.9441624365482234,1.0,44.44444444444444,0.949238578680203,
llama_deepseek,"llama_70b,deepseek_v3",239,logistic_router,197,18,0.09137055837563451,0.9137055837563451,0.6666666666666666,11.111111111111105,0.7715736040609137,0.9078947368421053
llama_deepseek,"llama_70b,deepseek_v3",239,linear_svm_router,197,18,0.09137055837563451,0.9035532994923858,0.5555555555555556,0.0,0.7969543147208121,0.89171974522293
llama_deepseek,"llama_70b,deepseek_v3",239,knn_router,197,18,0.09137055837563451,0.8934010152284264,0.4444444444444444,-11.111111111111116,1.0,0.8934010152284264
llama_deepseek,"llama_70b,deepseek_v3",239,decision_tree_router,197,18,0.09137055837563451,0.9137055837563451,0.6666666666666666,11.111111111111105,0.7766497461928934,0.9019607843137255
llama_deepseek,"llama_70b,deepseek_v3",239,random_forest_router,197,18,0.09137055837563451,0.9137055837563451,0.6666666666666666,11.111111111111105,0.883248730964467,0.9080459770114943
llama_deepseek,"llama_70b,deepseek_v3",239,extra_trees_router,197,18,0.09137055837563451,0.9137055837563451,0.6666666666666666,11.111111111111105,0.8071065989847716,0.9182389937106918
llama_deepseek,"llama_70b,deepseek_v3",239,mlp_router,197,18,0.09137055837563451,0.8934010152284264,0.4444444444444444,-11.111111111111116,0.9390862944162437,0.8918918918918919
llama_deepseek,"llama_70b,deepseek_v3",239,tfidf_logistic_router,197,18,0.09137055837563451,0.8984771573604061,0.5,-5.555555555555558,0.8324873096446701,0.8963414634146342
llama_deepseek,"llama_70b,deepseek_v3",239,tfidf_linear_svm_router,197,18,0.09137055837563451,0.8883248730964467,0.3888888888888889,-16.666666666666668,0.9644670050761421,0.8894736842105263
llama_deepseek,"llama_70b,deepseek_v3",239,tfidf_mlp_router,197,18,0.09137055837563451,0.8934010152284264,0.4444444444444444,-11.111111111111116,0.9949238578680203,0.8928571428571429
llama_deepseek,"llama_70b,deepseek_v3",240,always_deepseek_v3,197,20,0.10152284263959391,0.9644670050761421,0.65,0.0,0.0,
llama_deepseek,"llama_70b,deepseek_v3",240,oracle,197,20,0.10152284263959391,1.0,1.0,35.0,0.934010152284264,
llama_deepseek,"llama_70b,deepseek_v3",240,logistic_router,197,20,0.10152284263959391,0.9543147208121827,0.55,-9.999999999999998,0.766497461928934,0.9470198675496688
llama_deepseek,"llama_70b,deepseek_v3",240,linear_svm_router,197,20,0.10152284263959391,0.9644670050761421,0.65,0.0,0.7868020304568528,0.9612903225806452
llama_deepseek,"llama_70b,deepseek_v3",240,knn_router,197,20,0.10152284263959391,0.934010152284264,0.35,-30.000000000000004,1.0,0.934010152284264
llama_deepseek,"llama_70b,deepseek_v3",240,decision_tree_router,197,20,0.10152284263959391,0.9289340101522843,0.3,-35.0,0.7055837563451777,0.9280575539568345
llama_deepseek,"llama_70b,deepseek_v3",240,random_forest_router,197,20,0.10152284263959391,0.9441624365482234,0.45,-20.0,0.8730964467005076,0.9476744186046512
llama_deepseek,"llama_70b,deepseek_v3",240,extra_trees_router,197,20,0.10152284263959391,0.9593908629441624,0.6,-5.000000000000004,0.817258883248731,0.9627329192546584
llama_deepseek,"llama_70b,deepseek_v3",240,mlp_router,197,20,0.10152284263959391,0.9390862944162437,0.4,-25.0,0.949238578680203,0.9358288770053476
llama_deepseek,"llama_70b,deepseek_v3",240,tfidf_logistic_router,197,20,0.10152284263959391,0.9543147208121827,0.55,-9.999999999999998,0.8730964467005076,0.9476744186046512
llama_deepseek,"llama_70b,deepseek_v3",240,tfidf_linear_svm_router,197,20,0.10152284263959391,0.9441624365482234,0.45,-20.0,0.9695431472081218,0.9424083769633508
llama_deepseek,"llama_70b,deepseek_v3",240,tfidf_mlp_router,197,20,0.10152284263959391,0.9390862944162437,0.4,-25.0,0.9796954314720813,0.9378238341968912
llama_deepseek,"llama_70b,deepseek_v3",241,always_deepseek_v3,197,21,0.1065989847715736,0.8934010152284264,0.6190476190476191,0.0,0.0,
llama_deepseek,"llama_70b,deepseek_v3",241,oracle,197,21,0.1065989847715736,0.934010152284264,1.0,38.095238095238095,0.934010152284264,
llama_deepseek,"llama_70b,deepseek_v3",241,logistic_router,197,21,0.1065989847715736,0.8781725888324873,0.47619047619047616,-14.28571428571429,0.7766497461928934,0.8888888888888888
llama_deepseek,"llama_70b,deepseek_v3",241,linear_svm_router,197,21,0.1065989847715736,0.883248730964467,0.5238095238095238,-9.523809523809524,0.8121827411167513,0.9
llama_deepseek,"llama_70b,deepseek_v3",241,knn_router,197,21,0.1065989847715736,0.868020304568528,0.38095238095238093,-23.809523809523814,1.0,0.868020304568528
llama_deepseek,"llama_70b,deepseek_v3",241,decision_tree_router,197,21,0.1065989847715736,0.8883248730964467,0.5714285714285714,-4.761904761904767,0.7411167512690355,0.8835616438356164
llama_deepseek,"llama_70b,deepseek_v3",241,random_forest_router,197,21,0.1065989847715736,0.8730964467005076,0.42857142857142855,-19.04761904761905,0.8883248730964467,0.8857142857142857
llama_deepseek,"llama_70b,deepseek_v3",241,extra_trees_router,197,21,0.1065989847715736,0.8730964467005076,0.42857142857142855,-19.04761904761905,0.8274111675126904,0.9079754601226994
llama_deepseek,"llama_70b,deepseek_v3",241,mlp_router,197,21,0.1065989847715736,0.8730964467005076,0.42857142857142855,-19.04761904761905,0.9796954314720813,0.8704663212435233
llama_deepseek,"llama_70b,deepseek_v3",241,tfidf_logistic_router,197,21,0.1065989847715736,0.868020304568528,0.38095238095238093,-23.809523809523814,0.8883248730964467,0.8857142857142857
llama_deepseek,"llama_70b,deepseek_v3",241,tfidf_linear_svm_router,197,21,0.1065989847715736,0.8629441624365483,0.3333333333333333,-28.571428571428577,0.9746192893401016,0.8645833333333334
llama_deepseek,"llama_70b,deepseek_v3",241,tfidf_mlp_router,197,21,0.1065989847715736,0.868020304568528,0.38095238095238093,-23.809523809523814,0.9847715736040609,0.865979381443299
llama_deepseek,"llama_70b,deepseek_v3",242,always_deepseek_v3,197,20,0.10152284263959391,0.9187817258883249,0.6,0.0,0.0,
llama_deepseek,"llama_70b,deepseek_v3",242,oracle,197,20,0.10152284263959391,0.9593908629441624,1.0,40.0,0.9390862944162437,
llama_deepseek,"llama_70b,deepseek_v3",242,logistic_router,197,20,0.10152284263959391,0.9035532994923858,0.45,-14.999999999999996,0.7715736040609137,0.9210526315789473
llama_deepseek,"llama_70b,deepseek_v3",242,linear_svm_router,197,20,0.10152284263959391,0.9137055837563451,0.55,-4.999999999999993,0.7969543147208121,0.9299363057324841
llama_deepseek,"llama_70b,deepseek_v3",242,knn_router,197,20,0.10152284263959391,0.8984771573604061,0.4,-19.999999999999996,1.0,0.8984771573604061
llama_deepseek,"llama_70b,deepseek_v3",242,decision_tree_router,197,20,0.10152284263959391,0.9137055837563451,0.55,-4.999999999999993,0.8020304568527918,0.930379746835443
llama_deepseek,"llama_70b,deepseek_v3",242,random_forest_router,197,20,0.10152284263959391,0.9086294416243654,0.5,-9.999999999999998,0.8121827411167513,0.93125
llama_deepseek,"llama_70b,deepseek_v3",242,extra_trees_router,197,20,0.10152284263959391,0.9086294416243654,0.5,-9.999999999999998,0.8020304568527918,0.930379746835443
llama_deepseek,"llama_70b,deepseek_v3",242,mlp_router,197,20,0.10152284263959391,0.9086294416243654,0.5,-9.999999999999998,0.9593908629441624,0.9047619047619048
llama_deepseek,"llama_70b,deepseek_v3",242,tfidf_logistic_router,197,20,0.10152284263959391,0.9035532994923858,0.45,-14.999999999999996,0.8324873096446701,0.9207317073170732
llama_deepseek,"llama_70b,deepseek_v3",242,tfidf_linear_svm_router,197,20,0.10152284263959391,0.9086294416243654,0.5,-9.999999999999998,0.9644670050761421,0.9052631578947369
llama_deepseek,"llama_70b,deepseek_v3",242,tfidf_mlp_router,197,20,0.10152284263959391,0.8934010152284264,0.35,-25.0,0.9746192893401016,0.8958333333333334
llama_deepseek,"llama_70b,deepseek_v3",243,always_llama_70b,197,19,0.09644670050761421,0.9086294416243654,0.5789473684210527,0.0,0.0,
llama_deepseek,"llama_70b,deepseek_v3",243,oracle,197,19,0.09644670050761421,0.949238578680203,1.0,42.10526315789473,0.04060913705583756,
llama_deepseek,"llama_70b,deepseek_v3",243,logistic_router,197,19,0.09644670050761421,0.9289340101522843,0.7894736842105263,21.052631578947366,0.2436548223350254,0.8541666666666666
llama_deepseek,"llama_70b,deepseek_v3",243,linear_svm_router,197,19,0.09644670050761421,0.9289340101522843,0.7894736842105263,21.052631578947366,0.233502538071066,0.8478260869565217
llama_deepseek,"llama_70b,deepseek_v3",243,knn_router,197,19,0.09644670050761421,0.9086294416243654,0.5789473684210527,0.0,0.0,
llama_deepseek,"llama_70b,deepseek_v3",243,decision_tree_router,197,19,0.09644670050761421,0.9238578680203046,0.7368421052631579,15.78947368421052,0.24873096446700507,0.8571428571428571
llama_deepseek,"llama_70b,deepseek_v3",243,random_forest_router,197,19,0.09644670050761421,0.9187817258883249,0.6842105263157895,10.526315789473683,0.10152284263959391,0.8
llama_deepseek,"llama_70b,deepseek_v3",243,extra_trees_router,197,19,0.09644670050761421,0.9187817258883249,0.6842105263157895,10.526315789473683,0.15736040609137056,0.7741935483870968
llama_deepseek,"llama_70b,deepseek_v3",243,mlp_router,197,19,0.09644670050761421,0.9187817258883249,0.6842105263157895,10.526315789473683,0.06091370558375635,1.0
llama_deepseek,"llama_70b,deepseek_v3",243,tfidf_logistic_router,197,19,0.09644670050761421,0.9289340101522843,0.7894736842105263,21.052631578947366,0.17258883248730963,0.8529411764705882
llama_deepseek,"llama_70b,deepseek_v3",243,tfidf_linear_svm_router,197,19,0.09644670050761421,0.9187817258883249,0.6842105263157895,10.526315789473683,0.04060913705583756,1.0
llama_deepseek,"llama_70b,deepseek_v3",243,tfidf_mlp_router,197,19,0.09644670050761421,0.9086294416243654,0.5789473684210527,0.0,0.015228426395939087,1.0
llama_deepseek,"llama_70b,deepseek_v3",244,always_llama_70b,197,18,0.09137055837563451,0.9086294416243654,0.5555555555555556,0.0,0.0,
llama_deepseek,"llama_70b,deepseek_v3",244,oracle,197,18,0.09137055837563451,0.949238578680203,1.0,44.44444444444444,0.04060913705583756,
llama_deepseek,"llama_70b,deepseek_v3",244,logistic_router,197,18,0.09137055837563451,0.8934010152284264,0.3888888888888889,-16.666666666666668,0.2436548223350254,0.75
llama_deepseek,"llama_70b,deepseek_v3",244,linear_svm_router,197,18,0.09137055837563451,0.8934010152284264,0.3888888888888889,-16.666666666666668,0.20812182741116753,0.7804878048780488
llama_deepseek,"llama_70b,deepseek_v3",244,knn_router,197,18,0.09137055837563451,0.9086294416243654,0.5555555555555556,0.0,0.0,
llama_deepseek,"llama_70b,deepseek_v3",244,decision_tree_router,197,18,0.09137055837563451,0.8984771573604061,0.4444444444444444,-11.111111111111116,0.26903553299492383,0.8113207547169812
llama_deepseek,"llama_70b,deepseek_v3",244,random_forest_router,197,18,0.09137055837563451,0.883248730964467,0.2777777777777778,-27.77777777777778,0.14720812182741116,0.5862068965517241
llama_deepseek,"llama_70b,deepseek_v3",244,extra_trees_router,197,18,0.09137055837563451,0.8934010152284264,0.3888888888888889,-16.666666666666668,0.15736040609137056,0.6451612903225806
llama_deepseek,"llama_70b,deepseek_v3",244,mlp_router,197,18,0.09137055837563451,0.9035532994923858,0.5,-5.555555555555558,0.025380710659898477,0.8
llama_deepseek,"llama_70b,deepseek_v3",244,tfidf_logistic_router,197,18,0.09137055837563451,0.8934010152284264,0.3888888888888889,-16.666666666666668,0.14213197969543148,0.6428571428571429
llama_deepseek,"llama_70b,deepseek_v3",244,tfidf_linear_svm_router,197,18,0.09137055837563451,0.9086294416243654,0.5555555555555556,0.0,0.03553299492385787,0.7142857142857143
llama_deepseek,"llama_70b,deepseek_v3",244,tfidf_mlp_router,197,18,0.09137055837563451,0.9137055837563451,0.6111111111111112,5.555555555555558,0.01015228426395939,1.0
llama_deepseek,"llama_70b,deepseek_v3",245,always_deepseek_v3,197,19,0.09644670050761421,0.9137055837563451,0.5789473684210527,0.0,0.0,
llama_deepseek,"llama_70b,deepseek_v3",245,oracle,197,19,0.09644670050761421,0.9543147208121827,1.0,42.10526315789473,0.9441624365482234,
llama_deepseek,"llama_70b,deepseek_v3",245,logistic_router,197,19,0.09644670050761421,0.9035532994923858,0.47368421052631576,-10.526315789473689,0.7715736040609137,0.9210526315789473
llama_deepseek,"llama_70b,deepseek_v3",245,linear_svm_router,197,19,0.09644670050761421,0.8984771573604061,0.42105263157894735,-15.789473684210531,0.7969543147208121,0.9171974522292994
llama_deepseek,"llama_70b,deepseek_v3",245,knn_router,197,19,0.09644670050761421,0.8984771573604061,0.42105263157894735,-15.789473684210531,1.0,0.8984771573604061
llama_deepseek,"llama_70b,deepseek_v3",245,decision_tree_router,197,19,0.09644670050761421,0.9035532994923858,0.47368421052631576,-10.526315789473689,0.7461928934010152,0.9115646258503401
llama_deepseek,"llama_70b,deepseek_v3",245,random_forest_router,197,19,0.09644670050761421,0.8984771573604061,0.42105263157894735,-15.789473684210531,0.8426395939086294,0.9156626506024096
llama_deepseek,"llama_70b,deepseek_v3",245,extra_trees_router,197,19,0.09644670050761421,0.9086294416243654,0.5263157894736842,-5.263157894736848,0.8324873096446701,0.9329268292682927
llama_deepseek,"llama_70b,deepseek_v3",245,mlp_router,197,19,0.09644670050761421,0.9035532994923858,0.47368421052631576,-10.526315789473689,0.934010152284264,0.9021739130434783
llama_deepseek,"llama_70b,deepseek_v3",245,tfidf_logistic_router,197,19,0.09644670050761421,0.9035532994923858,0.47368421052631576,-10.526315789473689,0.8121827411167513,0.925
llama_deepseek,"llama_70b,deepseek_v3",245,tfidf_linear_svm_router,197,19,0.09644670050761421,0.9035532994923858,0.47368421052631576,-10.526315789473689,0.949238578680203,0.8983957219251337
llama_deepseek,"llama_70b,deepseek_v3",245,tfidf_mlp_router,197,19,0.09644670050761421,0.8984771573604061,0.42105263157894735,-15.789473684210531,0.9898477157360406,0.8974358974358975
llama_deepseek,"llama_70b,deepseek_v3",246,always_deepseek_v3,197,25,0.12690355329949238,0.8934010152284264,0.64,0.0,0.0,
llama_deepseek,"llama_70b,deepseek_v3",246,oracle,197,25,0.12690355329949238,0.9390862944162437,1.0,36.0,0.9187817258883249,
llama_deepseek,"llama_70b,deepseek_v3",246,logistic_router,197,25,0.12690355329949238,0.868020304568528,0.44,-20.0,0.8527918781725888,0.8690476190476191
llama_deepseek,"llama_70b,deepseek_v3",246,linear_svm_router,197,25,0.12690355329949238,0.8730964467005076,0.48,-16.000000000000004,0.8578680203045685,0.8816568047337278
llama_deepseek,"llama_70b,deepseek_v3",246,knn_router,197,25,0.12690355329949238,0.8578680203045685,0.36,-28.000000000000004,1.0,0.8578680203045685
llama_deepseek,"llama_70b,deepseek_v3",246,decision_tree_router,197,25,0.12690355329949238,0.8578680203045685,0.36,-28.000000000000004,0.8020304568527918,0.879746835443038
llama_deepseek,"llama_70b,deepseek_v3",246,random_forest_router,197,25,0.12690355329949238,0.8629441624365483,0.4,-24.0,0.8984771573604061,0.8700564971751412
llama_deepseek,"llama_70b,deepseek_v3",246,extra_trees_router,197,25,0.12690355329949238,0.8629441624365483,0.4,-24.0,0.8578680203045685,0.8875739644970414
llama_deepseek,"llama_70b,deepseek_v3",246,mlp_router,197,25,0.12690355329949238,0.8629441624365483,0.4,-24.0,0.9746192893401016,0.8645833333333334
llama_deepseek,"llama_70b,deepseek_v3",246,tfidf_logistic_router,197,25,0.12690355329949238,0.8578680203045685,0.36,-28.000000000000004,0.9035532994923858,0.8651685393258427
llama_deepseek,"llama_70b,deepseek_v3",246,tfidf_linear_svm_router,197,25,0.12690355329949238,0.8629441624365483,0.4,-24.0,0.9796954314720813,0.8601036269430051
llama_deepseek,"llama_70b,deepseek_v3",246,tfidf_mlp_router,197,25,0.12690355329949238,0.8629441624365483,0.4,-24.0,0.9898477157360406,0.8615384615384616
llama_deepseek,"llama_70b,deepseek_v3",247,always_deepseek_v3,197,13,0.06598984771573604,0.9289340101522843,0.5384615384615384,0.0,0.0,
llama_deepseek,"llama_70b,deepseek_v3",247,oracle,197,13,0.06598984771573604,0.9593908629441624,1.0,46.15384615384615,0.9644670050761421,
llama_deepseek,"llama_70b,deepseek_v3",247,logistic_router,197,13,0.06598984771573604,0.9289340101522843,0.5384615384615384,0.0,0.7868020304568528,0.9419354838709677
llama_deepseek,"llama_70b,deepseek_v3",247,linear_svm_router,197,13,0.06598984771573604,0.9289340101522843,0.5384615384615384,0.0,0.7868020304568528,0.9354838709677419
llama_deepseek,"llama_70b,deepseek_v3",247,knn_router,197,13,0.06598984771573604,0.9238578680203046,0.46153846153846156,-7.692307692307687,1.0,0.9238578680203046
llama_deepseek,"llama_70b,deepseek_v3",247,decision_tree_router,197,13,0.06598984771573604,0.934010152284264,0.6153846153846154,7.692307692307699,0.7258883248730964,0.951048951048951
llama_deepseek,"llama_70b,deepseek_v3",247,random_forest_router,197,13,0.06598984771573604,0.9187817258883249,0.38461538461538464,-15.38461538461538,0.8477157360406091,0.9281437125748503
llama_deepseek,"llama_70b,deepseek_v3",247,extra_trees_router,197,13,0.06598984771573604,0.9289340101522843,0.5384615384615384,0.0,0.8223350253807107,0.9382716049382716
llama_deepseek,"llama_70b,deepseek_v3",247,mlp_router,197,13,0.06598984771573604,0.9238578680203046,0.46153846153846156,-7.692307692307687,0.9695431472081218,0.9267015706806283
llama_deepseek,"llama_70b,deepseek_v3",247,tfidf_logistic_router,197,13,0.06598984771573604,0.9137055837563451,0.3076923076923077,-23.076923076923073,0.8883248730964467,0.9257142857142857
llama_deepseek,"llama_70b,deepseek_v3",247,tfidf_linear_svm_router,197,13,0.06598984771573604,0.9238578680203046,0.46153846153846156,-7.692307692307687,0.9746192893401016,0.9270833333333334
llama_deepseek,"llama_70b,deepseek_v3",247,tfidf_mlp_router,197,13,0.06598984771573604,0.9238578680203046,0.46153846153846156,-7.692307692307687,0.9847715736040609,0.9278350515463918
llama_deepseek,"llama_70b,deepseek_v3",248,always_llama_70b,197,18,0.09137055837563451,0.9137055837563451,0.6111111111111112,0.0,0.0,
llama_deepseek,"llama_70b,deepseek_v3",248,oracle,197,18,0.09137055837563451,0.949238578680203,1.0,38.888888888888886,0.03553299492385787,
llama_deepseek,"llama_70b,deepseek_v3",248,logistic_router,197,18,0.09137055837563451,0.9137055837563451,0.6111111111111112,0.0,0.25888324873096447,0.8235294117647058
llama_deepseek,"llama_70b,deepseek_v3",248,linear_svm_router,197,18,0.09137055837563451,0.9187817258883249,0.6666666666666666,5.5555555555555465,0.22842639593908629,0.8222222222222222
llama_deepseek,"llama_70b,deepseek_v3",248,knn_router,197,18,0.09137055837563451,0.9137055837563451,0.6111111111111112,0.0,0.0,
llama_deepseek,"llama_70b,deepseek_v3",248,decision_tree_router,197,18,0.09137055837563451,0.9187817258883249,0.6666666666666666,5.5555555555555465,0.25380710659898476,0.86
llama_deepseek,"llama_70b,deepseek_v3",248,random_forest_router,197,18,0.09137055837563451,0.9086294416243654,0.5555555555555556,-5.555555555555558,0.15228426395939088,0.8
llama_deepseek,"llama_70b,deepseek_v3",248,extra_trees_router,197,18,0.09137055837563451,0.9035532994923858,0.5,-11.111111111111116,0.18781725888324874,0.7837837837837838
llama_deepseek,"llama_70b,deepseek_v3",248,mlp_router,197,18,0.09137055837563451,0.9187817258883249,0.6666666666666666,5.5555555555555465,0.050761421319796954,0.8
llama_deepseek,"llama_70b,deepseek_v3",248,tfidf_logistic_router,197,18,0.09137055837563451,0.9137055837563451,0.6111111111111112,0.0,0.18781725888324874,0.8108108108108109
llama_deepseek,"llama_70b,deepseek_v3",248,tfidf_linear_svm_router,197,18,0.09137055837563451,0.9187817258883249,0.6666666666666666,5.5555555555555465,0.05583756345177665,0.9090909090909091
llama_deepseek,"llama_70b,deepseek_v3",248,tfidf_mlp_router,197,18,0.09137055837563451,0.9086294416243654,0.5555555555555556,-5.555555555555558,0.025380710659898477,0.8
llama_deepseek,"llama_70b,deepseek_v3",249,always_llama_70b,197,25,0.12690355329949238,0.8730964467005076,0.56,0.0,0.0,
llama_deepseek,"llama_70b,deepseek_v3",249,oracle,197,25,0.12690355329949238,0.9289340101522843,1.0,43.99999999999999,0.05583756345177665,
llama_deepseek,"llama_70b,deepseek_v3",249,logistic_router,197,25,0.12690355329949238,0.8883248730964467,0.68,12.0,0.20812182741116753,0.7560975609756098
llama_deepseek,"llama_70b,deepseek_v3",249,linear_svm_router,197,25,0.12690355329949238,0.8730964467005076,0.56,0.0,0.16243654822335024,0.75
llama_deepseek,"llama_70b,deepseek_v3",249,knn_router,197,25,0.12690355329949238,0.8730964467005076,0.56,0.0,0.0,
llama_deepseek,"llama_70b,deepseek_v3",249,decision_tree_router,197,25,0.12690355329949238,0.8883248730964467,0.68,12.0,0.41116751269035534,0.8271604938271605
llama_deepseek,"llama_70b,deepseek_v3",249,random_forest_router,197,25,0.12690355329949238,0.8730964467005076,0.56,0.0,0.116751269035533,0.6521739130434783
llama_deepseek,"llama_70b,deepseek_v3",249,extra_trees_router,197,25,0.12690355329949238,0.8730964467005076,0.56,0.0,0.14720812182741116,0.6551724137931034
llama_deepseek,"llama_70b,deepseek_v3",249,mlp_router,197,25,0.12690355329949238,0.8781725888324873,0.6,3.9999999999999925,0.030456852791878174,0.8333333333333334
llama_deepseek,"llama_70b,deepseek_v3",249,tfidf_logistic_router,197,25,0.12690355329949238,0.8730964467005076,0.56,0.0,0.14213197969543148,0.75
llama_deepseek,"llama_70b,deepseek_v3",249,tfidf_linear_svm_router,197,25,0.12690355329949238,0.8730964467005076,0.56,0.0,0.03553299492385787,0.8571428571428571
llama_deepseek,"llama_70b,deepseek_v3",249,tfidf_mlp_router,197,25,0.12690355329949238,0.868020304568528,0.52,-4.0000000000000036,0.01015228426395939,0.5
llama_deepseek,"llama_70b,deepseek_v3",250,always_deepseek_v3,197,17,0.08629441624365482,0.934010152284264,0.6470588235294118,0.0,0.0,
llama_deepseek,"llama_70b,deepseek_v3",250,oracle,197,17,0.08629441624365482,0.9644670050761421,1.0,35.29411764705882,0.9441624365482234,
llama_deepseek,"llama_70b,deepseek_v3",250,logistic_router,197,17,0.08629441624365482,0.9086294416243654,0.35294117647058826,-29.411764705882355,0.8324873096446701,0.9085365853658537
llama_deepseek,"llama_70b,deepseek_v3",250,linear_svm_router,197,17,0.08629441624365482,0.9137055837563451,0.4117647058823529,-23.529411764705888,0.883248730964467,0.9080459770114943
llama_deepseek,"llama_70b,deepseek_v3",250,knn_router,197,17,0.08629441624365482,0.9086294416243654,0.35294117647058826,-29.411764705882355,1.0,0.9086294416243654
llama_deepseek,"llama_70b,deepseek_v3",250,decision_tree_router,197,17,0.08629441624365482,0.9086294416243654,0.35294117647058826,-29.411764705882355,0.8426395939086294,0.9216867469879518
llama_deepseek,"llama_70b,deepseek_v3",250,random_forest_router,197,17,0.08629441624365482,0.9086294416243654,0.35294117647058826,-29.411764705882355,0.8629441624365483,0.9176470588235294
llama_deepseek,"llama_70b,deepseek_v3",250,extra_trees_router,197,17,0.08629441624365482,0.9187817258883249,0.47058823529411764,-17.647058823529417,0.8324873096446701,0.9329268292682927
llama_deepseek,"llama_70b,deepseek_v3",250,mlp_router,197,17,0.08629441624365482,0.9035532994923858,0.29411764705882354,-35.294117647058826,0.9644670050761421,0.9052631578947369
llama_deepseek,"llama_70b,deepseek_v3",250,tfidf_logistic_router,197,17,0.08629441624365482,0.9086294416243654,0.35294117647058826,-29.411764705882355,0.8883248730964467,0.9085714285714286
llama_deepseek,"llama_70b,deepseek_v3",250,tfidf_linear_svm_router,197,17,0.08629441624365482,0.9035532994923858,0.29411764705882354,-35.294117647058826,0.949238578680203,0.9037433155080213
llama_deepseek,"llama_70b,deepseek_v3",250,tfidf_mlp_router,197,17,0.08629441624365482,0.9086294416243654,0.35294117647058826,-29.411764705882355,0.9847715736040609,0.9072164948453608
llama_deepseek,"llama_70b,deepseek_v3",251,always_deepseek_v3,197,23,0.116751269035533,0.9137055837563451,0.5217391304347826,0.0,0.0,
llama_deepseek,"llama_70b,deepseek_v3",251,oracle,197,23,0.116751269035533,0.9695431472081218,1.0,47.82608695652174,0.9390862944162437,
llama_deepseek,"llama_70b,deepseek_v3",251,logistic_router,197,23,0.116751269035533,0.9137055837563451,0.5217391304347826,0.0,0.7817258883248731,0.922077922077922
llama_deepseek,"llama_70b,deepseek_v3",251,linear_svm_router,197,23,0.116751269035533,0.9086294416243654,0.4782608695652174,-4.347826086956519,0.8324873096446701,0.9146341463414634
llama_deepseek,"llama_70b,deepseek_v3",251,knn_router,197,23,0.116751269035533,0.9086294416243654,0.4782608695652174,-4.347826086956519,1.0,0.9086294416243654
llama_deepseek,"llama_70b,deepseek_v3",251,decision_tree_router,197,23,0.116751269035533,0.9035532994923858,0.43478260869565216,-8.695652173913043,0.8984771573604061,0.9096045197740112
llama_deepseek,"llama_70b,deepseek_v3",251,random_forest_router,197,23,0.116751269035533,0.9137055837563451,0.5217391304347826,0.0,0.8375634517766497,0.9272727272727272
llama_deepseek,"llama_70b,deepseek_v3",251,extra_trees_router,197,23,0.116751269035533,0.9086294416243654,0.4782608695652174,-4.347826086956519,0.8324873096446701,0.926829268292683
llama_deepseek,"llama_70b,deepseek_v3",251,mlp_router,197,23,0.116751269035533,0.9086294416243654,0.4782608695652174,-4.347826086956519,0.9390862944162437,0.9081081081081082
llama_deepseek,"llama_70b,deepseek_v3",251,tfidf_logistic_router,197,23,0.116751269035533,0.9137055837563451,0.5217391304347826,0.0,0.883248730964467,0.9195402298850575
llama_deepseek,"llama_70b,deepseek_v3",251,tfidf_linear_svm_router,197,23,0.116751269035533,0.9137055837563451,0.5217391304347826,0.0,0.9543147208121827,0.9095744680851063
llama_deepseek,"llama_70b,deepseek_v3",251,tfidf_mlp_router,197,23,0.116751269035533,0.9137055837563451,0.5217391304347826,0.0,0.9898477157360406,0.9128205128205128
llama_deepseek,"llama_70b,deepseek_v3",252,always_deepseek_v3,197,20,0.10152284263959391,0.8883248730964467,0.55,0.0,0.0,
llama_deepseek,"llama_70b,deepseek_v3",252,oracle,197,20,0.10152284263959391,0.934010152284264,1.0,44.99999999999999,0.9441624365482234,
llama_deepseek,"llama_70b,deepseek_v3",252,logistic_router,197,20,0.10152284263959391,0.883248730964467,0.5,-5.000000000000004,0.8375634517766497,0.9212121212121213
llama_deepseek,"llama_70b,deepseek_v3",252,linear_svm_router,197,20,0.10152284263959391,0.883248730964467,0.5,-5.000000000000004,0.8527918781725888,0.9166666666666666
llama_deepseek,"llama_70b,deepseek_v3",252,knn_router,197,20,0.10152284263959391,0.8781725888324873,0.45,-10.000000000000004,1.0,0.8781725888324873
llama_deepseek,"llama_70b,deepseek_v3",252,decision_tree_router,197,20,0.10152284263959391,0.8730964467005076,0.4,-15.000000000000002,0.6548223350253807,0.8914728682170543
llama_deepseek,"llama_70b,deepseek_v3",252,random_forest_router,197,20,0.10152284263959391,0.8629441624365483,0.3,-25.000000000000007,0.8578680203045685,0.8994082840236687
llama_deepseek,"llama_70b,deepseek_v3",252,extra_trees_router,197,20,0.10152284263959391,0.868020304568528,0.35,-20.000000000000007,0.8477157360406091,0.9041916167664671
llama_deepseek,"llama_70b,deepseek_v3",252,mlp_router,197,20,0.10152284263959391,0.868020304568528,0.35,-20.000000000000007,0.9695431472081218,0.8743455497382199
llama_deepseek,"llama_70b,deepseek_v3",252,tfidf_logistic_router,197,20,0.10152284263959391,0.8730964467005076,0.4,-15.000000000000002,0.883248730964467,0.896551724137931
llama_deepseek,"llama_70b,deepseek_v3",252,tfidf_linear_svm_router,197,20,0.10152284263959391,0.8781725888324873,0.45,-10.000000000000004,0.9898477157360406,0.8769230769230769
llama_deepseek,"llama_70b,deepseek_v3",252,tfidf_mlp_router,197,20,0.10152284263959391,0.8781725888324873,0.45,-10.000000000000004,0.9898477157360406,0.8769230769230769
llama_deepseek,"llama_70b,deepseek_v3",253,always_deepseek_v3,197,20,0.10152284263959391,0.9238578680203046,0.7,0.0,0.0,
llama_deepseek,"llama_70b,deepseek_v3",253,oracle,197,20,0.10152284263959391,0.9543147208121827,1.0,30.000000000000004,0.9289340101522843,
llama_deepseek,"llama_70b,deepseek_v3",253,logistic_router,197,20,0.10152284263959391,0.9035532994923858,0.5,-19.999999999999996,0.8527918781725888,0.9047619047619048
llama_deepseek,"llama_70b,deepseek_v3",253,linear_svm_router,197,20,0.10152284263959391,0.9086294416243654,0.55,-14.999999999999991,0.8477157360406091,0.9101796407185628
llama_deepseek,"llama_70b,deepseek_v3",253,knn_router,197,20,0.10152284263959391,0.883248730964467,0.3,-40.0,1.0,0.883248730964467
llama_deepseek,"llama_70b,deepseek_v3",253,decision_tree_router,197,20,0.10152284263959391,0.9035532994923858,0.5,-19.999999999999996,0.7868020304568528,0.896774193548387
llama_deepseek,"llama_70b,deepseek_v3",253,random_forest_router,197,20,0.10152284263959391,0.8883248730964467,0.35,-35.0,0.883248730964467,0.8908045977011494
llama_deepseek,"llama_70b,deepseek_v3",253,extra_trees_router,197,20,0.10152284263959391,0.8984771573604061,0.45,-24.999999999999993,0.8578680203045685,0.9053254437869822
llama_deepseek,"llama_70b,deepseek_v3",253,mlp_router,197,20,0.10152284263959391,0.8883248730964467,0.35,-35.0,0.9796954314720813,0.8860103626943006
llama_deepseek,"llama_70b,deepseek_v3",253,tfidf_logistic_router,197,20,0.10152284263959391,0.8934010152284264,0.4,-29.999999999999993,0.8934010152284264,0.8977272727272727
llama_deepseek,"llama_70b,deepseek_v3",253,tfidf_linear_svm_router,197,20,0.10152284263959391,0.8883248730964467,0.35,-35.0,0.9593908629441624,0.8888888888888888
llama_deepseek,"llama_70b,deepseek_v3",253,tfidf_mlp_router,197,20,0.10152284263959391,0.883248730964467,0.3,-40.0,0.9949238578680203,0.8826530612244898
llama_deepseek,"llama_70b,deepseek_v3",254,always_deepseek_v3,197,26,0.1319796954314721,0.8781725888324873,0.5769230769230769,0.0,0.0,
llama_deepseek,"llama_70b,deepseek_v3",254,oracle,197,26,0.1319796954314721,0.934010152284264,1.0,42.307692307692314,0.9238578680203046,
llama_deepseek,"llama_70b,deepseek_v3",254,logistic_router,197,26,0.1319796954314721,0.868020304568528,0.5,-7.692307692307687,0.7918781725888325,0.8717948717948718
llama_deepseek,"llama_70b,deepseek_v3",254,linear_svm_router,197,26,0.1319796954314721,0.8730964467005076,0.5384615384615384,-3.8461538461538436,0.8730964467005076,0.8837209302325582
llama_deepseek,"llama_70b,deepseek_v3",254,knn_router,197,26,0.1319796954314721,0.8578680203045685,0.4230769230769231,-15.38461538461538,1.0,0.8578680203045685
llama_deepseek,"llama_70b,deepseek_v3",254,decision_tree_router,197,26,0.1319796954314721,0.8578680203045685,0.4230769230769231,-15.38461538461538,0.7309644670050761,0.8680555555555556
llama_deepseek,"llama_70b,deepseek_v3",254,random_forest_router,197,26,0.1319796954314721,0.8578680203045685,0.4230769230769231,-15.38461538461538,0.9137055837563451,0.8611111111111112
llama_deepseek,"llama_70b,deepseek_v3",254,extra_trees_router,197,26,0.1319796954314721,0.8527918781725888,0.38461538461538464,-19.230769230769223,0.8629441624365483,0.8705882352941177
llama_deepseek,"llama_70b,deepseek_v3",254,mlp_router,197,26,0.1319796954314721,0.8629441624365483,0.46153846153846156,-11.538461538461531,0.9847715736040609,0.865979381443299
llama_deepseek,"llama_70b,deepseek_v3",254,tfidf_logistic_router,197,26,0.1319796954314721,0.8527918781725888,0.38461538461538464,-19.230769230769223,0.868020304568528,0.8596491228070176
llama_deepseek,"llama_70b,deepseek_v3",254,tfidf_linear_svm_router,197,26,0.1319796954314721,0.8527918781725888,0.38461538461538464,-19.230769230769223,0.9644670050761421,0.8578947368421053
llama_deepseek,"llama_70b,deepseek_v3",254,tfidf_mlp_router,197,26,0.1319796954314721,0.8527918781725888,0.38461538461538464,-19.230769230769223,0.9898477157360406,0.8564102564102564
llama_deepseek,"llama_70b,deepseek_v3",255,always_deepseek_v3,197,16,0.08121827411167512,0.9137055837563451,0.75,0.0,0.0,
llama_deepseek,"llama_70b,deepseek_v3",255,oracle,197,16,0.08121827411167512,0.934010152284264,1.0,25.0,0.9390862944162437,
llama_deepseek,"llama_70b,deepseek_v3",255,logistic_router,197,16,0.08121827411167512,0.8984771573604061,0.5625,-18.75,0.7461928934010152,0.9251700680272109
llama_deepseek,"llama_70b,deepseek_v3",255,linear_svm_router,197,16,0.08121827411167512,0.8984771573604061,0.5625,-18.75,0.766497461928934,0.9205298013245033
llama_deepseek,"llama_70b,deepseek_v3",255,knn_router,197,16,0.08121827411167512,0.8730964467005076,0.25,-50.0,1.0,0.8730964467005076
llama_deepseek,"llama_70b,deepseek_v3",255,decision_tree_router,197,16,0.08121827411167512,0.8781725888324873,0.3125,-43.75,0.7868020304568528,0.8709677419354839
llama_deepseek,"llama_70b,deepseek_v3",255,random_forest_router,197,16,0.08121827411167512,0.8934010152284264,0.5,-25.0,0.8578680203045685,0.9053254437869822
llama_deepseek,"llama_70b,deepseek_v3",255,extra_trees_router,197,16,0.08121827411167512,0.8984771573604061,0.5625,-18.75,0.8324873096446701,0.9207317073170732
llama_deepseek,"llama_70b,deepseek_v3",255,mlp_router,197,16,0.08121827411167512,0.8781725888324873,0.3125,-43.75,0.9644670050761421,0.8842105263157894
llama_deepseek,"llama_70b,deepseek_v3",255,tfidf_logistic_router,197,16,0.08121827411167512,0.8984771573604061,0.5625,-18.75,0.8223350253807107,0.9074074074074074
llama_deepseek,"llama_70b,deepseek_v3",255,tfidf_linear_svm_router,197,16,0.08121827411167512,0.8781725888324873,0.3125,-43.75,0.9289340101522843,0.8797814207650273
llama_deepseek,"llama_70b,deepseek_v3",255,tfidf_mlp_router,197,16,0.08121827411167512,0.8781725888324873,0.3125,-43.75,0.9847715736040609,0.8762886597938144
llama_deepseek,"llama_70b,deepseek_v3",256,always_deepseek_v3,197,22,0.1116751269035533,0.9137055837563451,0.6363636363636364,0.0,0.0,
llama_deepseek,"llama_70b,deepseek_v3",256,oracle,197,22,0.1116751269035533,0.9543147208121827,1.0,36.36363636363637,0.9289340101522843,
llama_deepseek,"llama_70b,deepseek_v3",256,logistic_router,197,22,0.1116751269035533,0.9086294416243654,0.5909090909090909,-4.545454545454541,0.766497461928934,0.9205298013245033
llama_deepseek,"llama_70b,deepseek_v3",256,linear_svm_router,197,22,0.1116751269035533,0.9035532994923858,0.5454545454545454,-9.090909090909093,0.7969543147208121,0.9171974522292994
llama_deepseek,"llama_70b,deepseek_v3",256,knn_router,197,22,0.1116751269035533,0.883248730964467,0.36363636363636365,-27.27272727272727,1.0,0.883248730964467
llama_deepseek,"llama_70b,deepseek_v3",256,decision_tree_router,197,22,0.1116751269035533,0.9035532994923858,0.5454545454545454,-9.090909090909093,0.817258883248731,0.9006211180124224
llama_deepseek,"llama_70b,deepseek_v3",256,random_forest_router,197,22,0.1116751269035533,0.883248730964467,0.36363636363636365,-27.27272727272727,0.8934010152284264,0.8977272727272727
llama_deepseek,"llama_70b,deepseek_v3",256,extra_trees_router,197,22,0.1116751269035533,0.9035532994923858,0.5454545454545454,-9.090909090909093,0.817258883248731,0.9192546583850931
llama_deepseek,"llama_70b,deepseek_v3",256,mlp_router,197,22,0.1116751269035533,0.8883248730964467,0.4090909090909091,-22.727272727272723,0.9543147208121827,0.8829787234042553
llama_deepseek,"llama_70b,deepseek_v3",256,tfidf_logistic_router,197,22,0.1116751269035533,0.8934010152284264,0.45454545454545453,-18.181818181818183,0.8578680203045685,0.8994082840236687
llama_deepseek,"llama_70b,deepseek_v3",256,tfidf_linear_svm_router,197,22,0.1116751269035533,0.8781725888324873,0.3181818181818182,-31.818181818181817,0.9746192893401016,0.8854166666666666
llama_deepseek,"llama_70b,deepseek_v3",256,tfidf_mlp_router,197,22,0.1116751269035533,0.8781725888324873,0.3181818181818182,-31.818181818181817,0.9847715736040609,0.8814432989690721
llama_deepseek,"llama_70b,deepseek_v3",257,always_deepseek_v3,197,16,0.08121827411167512,0.9289340101522843,0.5625,0.0,0.0,
llama_deepseek,"llama_70b,deepseek_v3",257,oracle,197,16,0.08121827411167512,0.9644670050761421,1.0,43.75,0.9543147208121827,
llama_deepseek,"llama_70b,deepseek_v3",257,logistic_router,197,16,0.08121827411167512,0.934010152284264,0.625,6.25,0.7715736040609137,0.9473684210526315
llama_deepseek,"llama_70b,deepseek_v3",257,linear_svm_router,197,16,0.08121827411167512,0.9390862944162437,0.6875,12.5,0.8223350253807107,0.9382716049382716
llama_deepseek,"llama_70b,deepseek_v3",257,knn_router,197,16,0.08121827411167512,0.9187817258883249,0.4375,-12.5,1.0,0.9187817258883249
llama_deepseek,"llama_70b,deepseek_v3",257,decision_tree_router,197,16,0.08121827411167512,0.9187817258883249,0.4375,-12.5,0.7208121827411168,0.9225352112676056
llama_deepseek,"llama_70b,deepseek_v3",257,random_forest_router,197,16,0.08121827411167512,0.9187817258883249,0.4375,-12.5,0.8274111675126904,0.9263803680981595
llama_deepseek,"llama_70b,deepseek_v3",257,extra_trees_router,197,16,0.08121827411167512,0.9238578680203046,0.5,-6.25,0.8223350253807107,0.9382716049382716
llama_deepseek,"llama_70b,deepseek_v3",257,mlp_router,197,16,0.08121827411167512,0.9238578680203046,0.5,-6.25,0.9593908629441624,0.9259259259259259
llama_deepseek,"llama_70b,deepseek_v3",257,tfidf_logistic_router,197,16,0.08121827411167512,0.9238578680203046,0.5,-6.25,0.8223350253807107,0.9259259259259259
llama_deepseek,"llama_70b,deepseek_v3",257,tfidf_linear_svm_router,197,16,0.08121827411167512,0.9238578680203046,0.5,-6.25,0.949238578680203,0.9197860962566845
llama_deepseek,"llama_70b,deepseek_v3",257,tfidf_mlp_router,197,16,0.08121827411167512,0.9187817258883249,0.4375,-12.5,0.9847715736040609,0.9226804123711341
llama_deepseek,"llama_70b,deepseek_v3",258,always_deepseek_v3,197,20,0.10152284263959391,0.9086294416243654,0.55,0.0,0.0,
llama_deepseek,"llama_70b,deepseek_v3",258,oracle,197,20,0.10152284263959391,0.9543147208121827,1.0,44.99999999999999,0.9441624365482234,
llama_deepseek,"llama_70b,deepseek_v3",258,logistic_router,197,20,0.10152284263959391,0.9137055837563451,0.6,4.999999999999993,0.7614213197969543,0.9466666666666667
llama_deepseek,"llama_70b,deepseek_v3",258,linear_svm_router,197,20,0.10152284263959391,0.9137055837563451,0.6,4.999999999999993,0.7817258883248731,0.948051948051948
llama_deepseek,"llama_70b,deepseek_v3",258,knn_router,197,20,0.10152284263959391,0.8984771573604061,0.45,-10.000000000000004,1.0,0.8984771573604061
llama_deepseek,"llama_70b,deepseek_v3",258,decision_tree_router,197,20,0.10152284263959391,0.8984771573604061,0.45,-10.000000000000004,0.6954314720812182,0.9124087591240876
llama_deepseek,"llama_70b,deepseek_v3",258,random_forest_router,197,20,0.10152284263959391,0.8934010152284264,0.4,-15.000000000000002,0.8578680203045685,0.9112426035502958
llama_deepseek,"llama_70b,deepseek_v3",258,extra_trees_router,197,20,0.10152284263959391,0.8934010152284264,0.4,-15.000000000000002,0.8071065989847716,0.9371069182389937
llama_deepseek,"llama_70b,deepseek_v3",258,mlp_router,197,20,0.10152284263959391,0.9086294416243654,0.55,0.0,0.9593908629441624,0.9153439153439153
llama_deepseek,"llama_70b,deepseek_v3",258,tfidf_logistic_router,197,20,0.10152284263959391,0.9086294416243654,0.55,0.0,0.8274111675126904,0.9386503067484663
llama_deepseek,"llama_70b,deepseek_v3",258,tfidf_linear_svm_router,197,20,0.10152284263959391,0.9086294416243654,0.55,0.0,0.934010152284264,0.9184782608695652
llama_deepseek,"llama_70b,deepseek_v3",258,tfidf_mlp_router,197,20,0.10152284263959391,0.8934010152284264,0.4,-15.000000000000002,0.9898477157360406,0.8974358974358975
qwen_llama,"qwen_30b,llama_70b",229,always_qwen_30b,197,17,0.08629441624365482,0.883248730964467,0.5294117647058824,0.0,0.0,
qwen_llama,"qwen_30b,llama_70b",229,oracle,197,17,0.08629441624365482,0.9238578680203046,1.0,47.05882352941176,0.04060913705583756,
qwen_llama,"qwen_30b,llama_70b",229,logistic_router,197,17,0.08629441624365482,0.8781725888324873,0.47058823529411764,-5.882352941176472,0.13705583756345177,0.7777777777777778
qwen_llama,"qwen_30b,llama_70b",229,linear_svm_router,197,17,0.08629441624365482,0.883248730964467,0.5294117647058824,0.0,0.1116751269035533,0.8181818181818182
qwen_llama,"qwen_30b,llama_70b",229,knn_router,197,17,0.08629441624365482,0.883248730964467,0.5294117647058824,0.0,0.0,
qwen_llama,"qwen_30b,llama_70b",229,decision_tree_router,197,17,0.08629441624365482,0.8883248730964467,0.5882352941176471,5.882352941176472,0.4010152284263959,0.8354430379746836
qwen_llama,"qwen_30b,llama_70b",229,random_forest_router,197,17,0.08629441624365482,0.883248730964467,0.5294117647058824,0.0,0.02030456852791878,0.5
qwen_llama,"qwen_30b,llama_70b",229,extra_trees_router,197,17,0.08629441624365482,0.8934010152284264,0.6470588235294118,11.764705882352944,0.08121827411167512,0.8125
qwen_llama,"qwen_30b,llama_70b",229,mlp_router,197,17,0.08629441624365482,0.883248730964467,0.5294117647058824,0.0,0.015228426395939087,0.6666666666666666
qwen_llama,"qwen_30b,llama_70b",229,tfidf_logistic_router,197,17,0.08629441624365482,0.8781725888324873,0.47058823529411764,-5.882352941176472,0.050761421319796954,0.6
qwen_llama,"qwen_30b,llama_70b",229,tfidf_linear_svm_router,197,17,0.08629441624365482,0.883248730964467,0.5294117647058824,0.0,0.02030456852791878,0.75
qwen_llama,"qwen_30b,llama_70b",229,tfidf_mlp_router,197,17,0.08629441624365482,0.883248730964467,0.5294117647058824,0.0,0.005076142131979695,0.0
qwen_llama,"qwen_30b,llama_70b",230,always_qwen_30b,197,14,0.07106598984771574,0.9187817258883249,0.5,0.0,0.0,
qwen_llama,"qwen_30b,llama_70b",230,oracle,197,14,0.07106598984771574,0.9543147208121827,1.0,50.0,0.03553299492385787,
qwen_llama,"qwen_30b,llama_70b",230,logistic_router,197,14,0.07106598984771574,0.9187817258883249,0.5,0.0,0.2233502538071066,0.9090909090909091
qwen_llama,"qwen_30b,llama_70b",230,linear_svm_router,197,14,0.07106598984771574,0.9187817258883249,0.5,0.0,0.20812182741116753,0.9024390243902439
qwen_llama,"qwen_30b,llama_70b",230,knn_router,197,14,0.07106598984771574,0.9187817258883249,0.5,0.0,0.0,
qwen_llama,"qwen_30b,llama_70b",230,decision_tree_router,197,14,0.07106598984771574,0.9137055837563451,0.42857142857142855,-7.142857142857145,0.27411167512690354,0.8703703703703703
qwen_llama,"qwen_30b,llama_70b",230,random_forest_router,197,14,0.07106598984771574,0.9086294416243654,0.35714285714285715,-14.285714285714285,0.050761421319796954,0.6
qwen_llama,"qwen_30b,llama_70b",230,extra_trees_router,197,14,0.07106598984771574,0.9187817258883249,0.5,0.0,0.14213197969543148,0.8571428571428571
qwen_llama,"qwen_30b,llama_70b",230,mlp_router,197,14,0.07106598984771574,0.9187817258883249,0.5,0.0,0.02030456852791878,1.0
qwen_llama,"qwen_30b,llama_70b",230,tfidf_logistic_router,197,14,0.07106598984771574,0.9187817258883249,0.5,0.0,0.116751269035533,0.9130434782608695
qwen_llama,"qwen_30b,llama_70b",230,tfidf_linear_svm_router,197,14,0.07106598984771574,0.9238578680203046,0.5714285714285714,7.14285714285714,0.025380710659898477,0.8
qwen_llama,"qwen_30b,llama_70b",230,tfidf_mlp_router,197,14,0.07106598984771574,0.9187817258883249,0.5,0.0,0.0,
qwen_llama,"qwen_30b,llama_70b",231,always_llama_70b,197,20,0.10152284263959391,0.9289340101522843,0.6,0.0,0.0,
qwen_llama,"qwen_30b,llama_70b",231,oracle,197,20,0.10152284263959391,0.9695431472081218,1.0,40.0,0.9390862944162437,
qwen_llama,"qwen_30b,llama_70b",231,logistic_router,197,20,0.10152284263959391,0.9238578680203046,0.55,-4.999999999999993,0.8071065989847716,0.9308176100628931
qwen_llama,"qwen_30b,llama_70b",231,linear_svm_router,197,20,0.10152284263959391,0.9137055837563451,0.45,-14.999999999999996,0.8477157360406091,0.9161676646706587
qwen_llama,"qwen_30b,llama_70b",231,knn_router,197,20,0.10152284263959391,0.9086294416243654,0.4,-19.999999999999996,1.0,0.9086294416243654
qwen_llama,"qwen_30b,llama_70b",231,decision_tree_router,197,20,0.10152284263959391,0.9441624365482234,0.75,15.000000000000002,0.700507614213198,0.9565217391304348
qwen_llama,"qwen_30b,llama_70b",231,random_forest_router,197,20,0.10152284263959391,0.9086294416243654,0.4,-19.999999999999996,0.9898477157360406,0.9076923076923077
qwen_llama,"qwen_30b,llama_70b",231,extra_trees_router,197,20,0.10152284263959391,0.9187817258883249,0.5,-9.999999999999998,0.9187817258883249,0.9116022099447514
qwen_llama,"qwen_30b,llama_70b",231,mlp_router,197,20,0.10152284263959391,0.9086294416243654,0.4,-19.999999999999996,0.9898477157360406,0.9076923076923077
qwen_llama,"qwen_30b,llama_70b",231,tfidf_logistic_router,197,20,0.10152284263959391,0.9137055837563451,0.45,-14.999999999999996,0.9035532994923858,0.9157303370786517
qwen_llama,"qwen_30b,llama_70b",231,tfidf_linear_svm_router,197,20,0.10152284263959391,0.9137055837563451,0.45,-14.999999999999996,0.9949238578680203,0.9132653061224489
qwen_llama,"qwen_30b,llama_70b",231,tfidf_mlp_router,197,20,0.10152284263959391,0.9086294416243654,0.4,-19.999999999999996,1.0,0.9086294416243654
qwen_llama,"qwen_30b,llama_70b",232,always_qwen_30b,197,16,0.08121827411167512,0.9035532994923858,0.5,0.0,0.0,
qwen_llama,"qwen_30b,llama_70b",232,oracle,197,16,0.08121827411167512,0.9441624365482234,1.0,50.0,0.04060913705583756,
qwen_llama,"qwen_30b,llama_70b",232,logistic_router,197,16,0.08121827411167512,0.9086294416243654,0.5625,6.25,0.18781725888324874,0.8648648648648649
qwen_llama,"qwen_30b,llama_70b",232,linear_svm_router,197,16,0.08121827411167512,0.9137055837563451,0.625,12.5,0.18781725888324874,0.8648648648648649
qwen_llama,"qwen_30b,llama_70b",232,knn_router,197,16,0.08121827411167512,0.9035532994923858,0.5,0.0,0.0,
qwen_llama,"qwen_30b,llama_70b",232,decision_tree_router,197,16,0.08121827411167512,0.9137055837563451,0.625,12.5,0.23857868020304568,0.8936170212765957
qwen_llama,"qwen_30b,llama_70b",232,random_forest_router,197,16,0.08121827411167512,0.9035532994923858,0.5,0.0,0.030456852791878174,0.5
qwen_llama,"qwen_30b,llama_70b",232,extra_trees_router,197,16,0.08121827411167512,0.9137055837563451,0.625,12.5,0.07614213197969544,0.7333333333333333
qwen_llama,"qwen_30b,llama_70b",232,mlp_router,197,16,0.08121827411167512,0.9035532994923858,0.5,0.0,0.015228426395939087,1.0
qwen_llama,"qwen_30b,llama_70b",232,tfidf_logistic_router,197,16,0.08121827411167512,0.8984771573604061,0.4375,-6.25,0.050761421319796954,0.8
qwen_llama,"qwen_30b,llama_70b",232,tfidf_linear_svm_router,197,16,0.08121827411167512,0.8984771573604061,0.4375,-6.25,0.005076142131979695,0.0
qwen_llama,"qwen_30b,llama_70b",232,tfidf_mlp_router,197,16,0.08121827411167512,0.9035532994923858,0.5,0.0,0.005076142131979695,1.0
qwen_llama,"qwen_30b,llama_70b",233,always_qwen_30b,197,17,0.08629441624365482,0.9137055837563451,0.5882352941176471,0.0,0.0,
qwen_llama,"qwen_30b,llama_70b",233,oracle,197,17,0.08629441624365482,0.949238578680203,1.0,41.17647058823529,0.03553299492385787,
qwen_llama,"qwen_30b,llama_70b",233,logistic_router,197,17,0.08629441624365482,0.9035532994923858,0.47058823529411764,-11.764705882352944,0.18781725888324874,0.7567567567567568
qwen_llama,"qwen_30b,llama_70b",233,linear_svm_router,197,17,0.08629441624365482,0.9086294416243654,0.5294117647058824,-5.882352941176472,0.2182741116751269,0.813953488372093
qwen_llama,"qwen_30b,llama_70b",233,knn_router,197,17,0.08629441624365482,0.9137055837563451,0.5882352941176471,0.0,0.0,
qwen_llama,"qwen_30b,llama_70b",233,decision_tree_router,197,17,0.08629441624365482,0.9086294416243654,0.5294117647058824,-5.882352941176472,0.233502538071066,0.8043478260869565
qwen_llama,"qwen_30b,llama_70b",233,random_forest_router,197,17,0.08629441624365482,0.9137055837563451,0.5882352941176471,0.0,0.06598984771573604,0.6153846153846154
qwen_llama,"qwen_30b,llama_70b",233,extra_trees_router,197,17,0.08629441624365482,0.8934010152284264,0.35294117647058826,-23.52941176470588,0.15228426395939088,0.6666666666666666
qwen_llama,"qwen_30b,llama_70b",233,mlp_router,197,17,0.08629441624365482,0.9137055837563451,0.5882352941176471,0.0,0.015228426395939087,0.6666666666666666
qwen_llama,"qwen_30b,llama_70b",233,tfidf_logistic_router,197,17,0.08629441624365482,0.9086294416243654,0.5294117647058824,-5.882352941176472,0.07106598984771574,0.7142857142857143
qwen_llama,"qwen_30b,llama_70b",233,tfidf_linear_svm_router,197,17,0.08629441624365482,0.9187817258883249,0.6470588235294118,5.882352941176472,0.005076142131979695,1.0
qwen_llama,"qwen_30b,llama_70b",233,tfidf_mlp_router,197,17,0.08629441624365482,0.9187817258883249,0.6470588235294118,5.882352941176472,0.005076142131979695,1.0
qwen_llama,"qwen_30b,llama_70b",234,always_qwen_30b,197,22,0.1116751269035533,0.8781725888324873,0.5909090909090909,0.0,0.0,
qwen_llama,"qwen_30b,llama_70b",234,oracle,197,22,0.1116751269035533,0.9238578680203046,1.0,40.90909090909091,0.04568527918781726,
qwen_llama,"qwen_30b,llama_70b",234,logistic_router,197,22,0.1116751269035533,0.868020304568528,0.5,-9.090909090909093,0.16751269035532995,0.7272727272727273
qwen_llama,"qwen_30b,llama_70b",234,linear_svm_router,197,22,0.1116751269035533,0.8730964467005076,0.5454545454545454,-4.545454545454552,0.13705583756345177,0.7407407407407407
qwen_llama,"qwen_30b,llama_70b",234,knn_router,197,22,0.1116751269035533,0.8781725888324873,0.5909090909090909,0.0,0.0,
qwen_llama,"qwen_30b,llama_70b",234,decision_tree_router,197,22,0.1116751269035533,0.8527918781725888,0.36363636363636365,-22.72727272727273,0.15736040609137056,0.5806451612903226
qwen_llama,"qwen_30b,llama_70b",234,random_forest_router,197,22,0.1116751269035533,0.8629441624365483,0.45454545454545453,-13.63636363636364,0.08121827411167512,0.5625
qwen_llama,"qwen_30b,llama_70b",234,extra_trees_router,197,22,0.1116751269035533,0.8426395939086294,0.2727272727272727,-31.818181818181824,0.18781725888324874,0.5945945945945946
qwen_llama,"qwen_30b,llama_70b",234,mlp_router,197,22,0.1116751269035533,0.8730964467005076,0.5454545454545454,-4.545454545454552,0.03553299492385787,0.5714285714285714
qwen_llama,"qwen_30b,llama_70b",234,tfidf_logistic_router,197,22,0.1116751269035533,0.8883248730964467,0.6818181818181818,9.090909090909083,0.08629441624365482,0.8235294117647058
qwen_llama,"qwen_30b,llama_70b",234,tfidf_linear_svm_router,197,22,0.1116751269035533,0.8781725888324873,0.5909090909090909,0.0,0.025380710659898477,0.6
qwen_llama,"qwen_30b,llama_70b",234,tfidf_mlp_router,197,22,0.1116751269035533,0.8730964467005076,0.5454545454545454,-4.545454545454552,0.005076142131979695,0.0
qwen_llama,"qwen_30b,llama_70b",235,always_llama_70b,197,19,0.09644670050761421,0.8934010152284264,0.5789473684210527,0.0,0.0,
qwen_llama,"qwen_30b,llama_70b",235,oracle,197,19,0.09644670050761421,0.934010152284264,1.0,42.10526315789473,0.9441624365482234,
qwen_llama,"qwen_30b,llama_70b",235,logistic_router,197,19,0.09644670050761421,0.8781725888324873,0.42105263157894735,-15.789473684210531,0.8121827411167513,0.9
qwen_llama,"qwen_30b,llama_70b",235,linear_svm_router,197,19,0.09644670050761421,0.883248730964467,0.47368421052631576,-10.526315789473689,0.817258883248731,0.9006211180124224
qwen_llama,"qwen_30b,llama_70b",235,knn_router,197,19,0.09644670050761421,0.8781725888324873,0.42105263157894735,-15.789473684210531,1.0,0.8781725888324873
qwen_llama,"qwen_30b,llama_70b",235,decision_tree_router,197,19,0.09644670050761421,0.8781725888324873,0.42105263157894735,-15.789473684210531,0.7309644670050761,0.9097222222222222
qwen_llama,"qwen_30b,llama_70b",235,random_forest_router,197,19,0.09644670050761421,0.8730964467005076,0.3684210526315789,-21.052631578947373,0.9593908629441624,0.8835978835978836
qwen_llama,"qwen_30b,llama_70b",235,extra_trees_router,197,19,0.09644670050761421,0.8730964467005076,0.3684210526315789,-21.052631578947373,0.8984771573604061,0.8926553672316384
qwen_llama,"qwen_30b,llama_70b",235,mlp_router,197,19,0.09644670050761421,0.8781725888324873,0.42105263157894735,-15.789473684210531,0.9898477157360406,0.882051282051282
qwen_llama,"qwen_30b,llama_70b",235,tfidf_logistic_router,197,19,0.09644670050761421,0.868020304568528,0.3157894736842105,-26.315789473684216,0.9137055837563451,0.8888888888888888
qwen_llama,"qwen_30b,llama_70b",235,tfidf_linear_svm_router,197,19,0.09644670050761421,0.8781725888324873,0.42105263157894735,-15.789473684210531,0.9898477157360406,0.882051282051282
qwen_llama,"qwen_30b,llama_70b",235,tfidf_mlp_router,197,19,0.09644670050761421,0.8781725888324873,0.42105263157894735,-15.789473684210531,0.9949238578680203,0.8826530612244898
qwen_llama,"qwen_30b,llama_70b",236,always_qwen_30b,197,20,0.10152284263959391,0.8984771573604061,0.55,0.0,0.0,
qwen_llama,"qwen_30b,llama_70b",236,oracle,197,20,0.10152284263959391,0.9441624365482234,1.0,44.99999999999999,0.04568527918781726,
qwen_llama,"qwen_30b,llama_70b",236,logistic_router,197,20,0.10152284263959391,0.8984771573604061,0.55,0.0,0.18274111675126903,0.8611111111111112
qwen_llama,"qwen_30b,llama_70b",236,linear_svm_router,197,20,0.10152284263959391,0.8984771573604061,0.55,0.0,0.17258883248730963,0.9117647058823529
qwen_llama,"qwen_30b,llama_70b",236,knn_router,197,20,0.10152284263959391,0.8984771573604061,0.55,0.0,0.0,
qwen_llama,"qwen_30b,llama_70b",236,decision_tree_router,197,20,0.10152284263959391,0.8883248730964467,0.45,-10.000000000000004,0.27411167512690354,0.7962962962962963
qwen_llama,"qwen_30b,llama_70b",236,random_forest_router,197,20,0.10152284263959391,0.8934010152284264,0.5,-5.000000000000004,0.06598984771573604,0.8461538461538461
qwen_llama,"qwen_30b,llama_70b",236,extra_trees_router,197,20,0.10152284263959391,0.8934010152284264,0.5,-5.000000000000004,0.12690355329949238,0.88
qwen_llama,"qwen_30b,llama_70b",236,mlp_router,197,20,0.10152284263959391,0.8984771573604061,0.55,0.0,0.02030456852791878,1.0
qwen_llama,"qwen_30b,llama_70b",236,tfidf_logistic_router,197,20,0.10152284263959391,0.8984771573604061,0.55,0.0,0.09137055837563451,0.9444444444444444
qwen_llama,"qwen_30b,llama_70b",236,tfidf_linear_svm_router,197,20,0.10152284263959391,0.8984771573604061,0.55,0.0,0.03553299492385787,1.0
qwen_llama,"qwen_30b,llama_70b",236,tfidf_mlp_router,197,20,0.10152284263959391,0.8984771573604061,0.55,0.0,0.005076142131979695,1.0
qwen_llama,"qwen_30b,llama_70b",237,always_llama_70b,197,20,0.10152284263959391,0.8984771573604061,0.6,0.0,0.0,
qwen_llama,"qwen_30b,llama_70b",237,oracle,197,20,0.10152284263959391,0.9390862944162437,1.0,40.0,0.9390862944162437,
qwen_llama,"qwen_30b,llama_70b",237,logistic_router,197,20,0.10152284263959391,0.8781725888324873,0.4,-19.999999999999996,0.8223350253807107,0.8888888888888888
qwen_llama,"qwen_30b,llama_70b",237,linear_svm_router,197,20,0.10152284263959391,0.8781725888324873,0.4,-19.999999999999996,0.7868020304568528,0.8774193548387097
qwen_llama,"qwen_30b,llama_70b",237,knn_router,197,20,0.10152284263959391,0.8781725888324873,0.4,-19.999999999999996,1.0,0.8781725888324873
qwen_llama,"qwen_30b,llama_70b",237,decision_tree_router,197,20,0.10152284263959391,0.8781725888324873,0.4,-19.999999999999996,0.868020304568528,0.8830409356725146
qwen_llama,"qwen_30b,llama_70b",237,random_forest_router,197,20,0.10152284263959391,0.8730964467005076,0.35,-25.0,0.9543147208121827,0.8829787234042553
qwen_llama,"qwen_30b,llama_70b",237,extra_trees_router,197,20,0.10152284263959391,0.868020304568528,0.3,-30.0,0.8934010152284264,0.8920454545454546
qwen_llama,"qwen_30b,llama_70b",237,mlp_router,197,20,0.10152284263959391,0.8781725888324873,0.4,-19.999999999999996,0.9746192893401016,0.8854166666666666
qwen_llama,"qwen_30b,llama_70b",237,tfidf_logistic_router,197,20,0.10152284263959391,0.8781725888324873,0.4,-19.999999999999996,0.9035532994923858,0.8820224719101124
qwen_llama,"qwen_30b,llama_70b",237,tfidf_linear_svm_router,197,20,0.10152284263959391,0.883248730964467,0.45,-14.999999999999996,0.949238578680203,0.8823529411764706
qwen_llama,"qwen_30b,llama_70b",237,tfidf_mlp_router,197,20,0.10152284263959391,0.8781725888324873,0.4,-19.999999999999996,0.9847715736040609,0.8814432989690721
qwen_llama,"qwen_30b,llama_70b",238,always_qwen_30b,197,17,0.08629441624365482,0.9137055837563451,0.5882352941176471,0.0,0.0,
qwen_llama,"qwen_30b,llama_70b",238,oracle,197,17,0.08629441624365482,0.949238578680203,1.0,41.17647058823529,0.03553299492385787,
qwen_llama,"qwen_30b,llama_70b",238,logistic_router,197,17,0.08629441624365482,0.9187817258883249,0.6470588235294118,5.882352941176472,0.18274111675126903,0.7777777777777778
qwen_llama,"qwen_30b,llama_70b",238,linear_svm_router,197,17,0.08629441624365482,0.9187817258883249,0.6470588235294118,5.882352941176472,0.14720812182741116,0.7586206896551724
qwen_llama,"qwen_30b,llama_70b",238,knn_router,197,17,0.08629441624365482,0.9137055837563451,0.5882352941176471,0.0,0.0,
qwen_llama,"qwen_30b,llama_70b",238,decision_tree_router,197,17,0.08629441624365482,0.9137055837563451,0.5882352941176471,0.0,0.30456852791878175,0.8166666666666667
qwen_llama,"qwen_30b,llama_70b",238,random_forest_router,197,17,0.08629441624365482,0.9137055837563451,0.5882352941176471,0.0,0.03553299492385787,0.5714285714285714
qwen_llama,"qwen_30b,llama_70b",238,extra_trees_router,197,17,0.08629441624365482,0.9137055837563451,0.5882352941176471,0.0,0.14213197969543148,0.7857142857142857
qwen_llama,"qwen_30b,llama_70b",238,mlp_router,197,17,0.08629441624365482,0.9137055837563451,0.5882352941176471,0.0,0.005076142131979695,0.0
qwen_llama,"qwen_30b,llama_70b",238,tfidf_logistic_router,197,17,0.08629441624365482,0.9137055837563451,0.5882352941176471,0.0,0.05583756345177665,0.6363636363636364
qwen_llama,"qwen_30b,llama_70b",238,tfidf_linear_svm_router,197,17,0.08629441624365482,0.9137055837563451,0.5882352941176471,0.0,0.0,
qwen_llama,"qwen_30b,llama_70b",238,tfidf_mlp_router,197,17,0.08629441624365482,0.9137055837563451,0.5882352941176471,0.0,0.005076142131979695,1.0
qwen_llama,"qwen_30b,llama_70b",239,always_qwen_30b,197,16,0.08121827411167512,0.8934010152284264,0.5,0.0,0.0,
qwen_llama,"qwen_30b,llama_70b",239,oracle,197,16,0.08121827411167512,0.934010152284264,1.0,50.0,0.04060913705583756,
qwen_llama,"qwen_30b,llama_70b",239,logistic_router,197,16,0.08121827411167512,0.8883248730964467,0.4375,-6.25,0.15736040609137056,0.8709677419354839
qwen_llama,"qwen_30b,llama_70b",239,linear_svm_router,197,16,0.08121827411167512,0.8984771573604061,0.5625,6.25,0.13705583756345177,0.9259259259259259
qwen_llama,"qwen_30b,llama_70b",239,knn_router,197,16,0.08121827411167512,0.8934010152284264,0.5,0.0,0.0,
qwen_llama,"qwen_30b,llama_70b",239,decision_tree_router,197,16,0.08121827411167512,0.9086294416243654,0.6875,18.75,0.23857868020304568,0.9361702127659575
qwen_llama,"qwen_30b,llama_70b",239,random_forest_router,197,16,0.08121827411167512,0.8934010152284264,0.5,0.0,0.030456852791878174,0.8333333333333334
qwen_llama,"qwen_30b,llama_70b",239,extra_trees_router,197,16,0.08121827411167512,0.8984771573604061,0.5625,6.25,0.1319796954314721,0.8461538461538461
qwen_llama,"qwen_30b,llama_70b",239,mlp_router,197,16,0.08121827411167512,0.8984771573604061,0.5625,6.25,0.04060913705583756,1.0
qwen_llama,"qwen_30b,llama_70b",239,tfidf_logistic_router,197,16,0.08121827411167512,0.8984771573604061,0.5625,6.25,0.09137055837563451,0.8888888888888888
qwen_llama,"qwen_30b,llama_70b",239,tfidf_linear_svm_router,197,16,0.08121827411167512,0.8984771573604061,0.5625,6.25,0.015228426395939087,1.0
qwen_llama,"qwen_30b,llama_70b",239,tfidf_mlp_router,197,16,0.08121827411167512,0.8934010152284264,0.5,0.0,0.005076142131979695,1.0
qwen_llama,"qwen_30b,llama_70b",240,always_llama_70b,197,19,0.09644670050761421,0.934010152284264,0.5263157894736842,0.0,0.0,
qwen_llama,"qwen_30b,llama_70b",240,oracle,197,19,0.09644670050761421,0.9796954314720813,1.0,47.36842105263158,0.949238578680203,
qwen_llama,"qwen_30b,llama_70b",240,logistic_router,197,19,0.09644670050761421,0.934010152284264,0.5263157894736842,0.0,0.8324873096446701,0.926829268292683
qwen_llama,"qwen_30b,llama_70b",240,linear_svm_router,197,19,0.09644670050761421,0.934010152284264,0.5263157894736842,0.0,0.8527918781725888,0.9285714285714286
qwen_llama,"qwen_30b,llama_70b",240,knn_router,197,19,0.09644670050761421,0.9289340101522843,0.47368421052631576,-5.263157894736842,1.0,0.9289340101522843
qwen_llama,"qwen_30b,llama_70b",240,decision_tree_router,197,19,0.09644670050761421,0.9238578680203046,0.42105263157894735,-10.526315789473683,0.6446700507614214,0.9291338582677166
qwen_llama,"qwen_30b,llama_70b",240,random_forest_router,197,19,0.09644670050761421,0.9289340101522843,0.47368421052631576,-5.263157894736842,0.9746192893401016,0.9270833333333334
qwen_llama,"qwen_30b,llama_70b",240,extra_trees_router,197,19,0.09644670050761421,0.934010152284264,0.5263157894736842,0.0,0.868020304568528,0.935672514619883
qwen_llama,"qwen_30b,llama_70b",240,mlp_router,197,19,0.09644670050761421,0.9289340101522843,0.47368421052631576,-5.263157894736842,0.9949238578680203,0.9285714285714286
qwen_llama,"qwen_30b,llama_70b",240,tfidf_logistic_router,197,19,0.09644670050761421,0.934010152284264,0.5263157894736842,0.0,0.9238578680203046,0.9285714285714286
qwen_llama,"qwen_30b,llama_70b",240,tfidf_linear_svm_router,197,19,0.09644670050761421,0.9289340101522843,0.47368421052631576,-5.263157894736842,0.9898477157360406,0.9282051282051282
qwen_llama,"qwen_30b,llama_70b",240,tfidf_mlp_router,197,19,0.09644670050761421,0.9289340101522843,0.47368421052631576,-5.263157894736842,1.0,0.9289340101522843
qwen_llama,"qwen_30b,llama_70b",241,always_qwen_30b,197,18,0.09137055837563451,0.8883248730964467,0.6111111111111112,0.0,0.0,
qwen_llama,"qwen_30b,llama_70b",241,oracle,197,18,0.09137055837563451,0.9238578680203046,1.0,38.888888888888886,0.03553299492385787,
qwen_llama,"qwen_30b,llama_70b",241,logistic_router,197,18,0.09137055837563451,0.8730964467005076,0.4444444444444444,-16.666666666666675,0.17766497461928935,0.7428571428571429
qwen_llama,"qwen_30b,llama_70b",241,linear_svm_router,197,18,0.09137055837563451,0.8781725888324873,0.5,-11.111111111111116,0.16751269035532995,0.7575757575757576
qwen_llama,"qwen_30b,llama_70b",241,knn_router,197,18,0.09137055837563451,0.8883248730964467,0.6111111111111112,0.0,0.0,
qwen_llama,"qwen_30b,llama_70b",241,decision_tree_router,197,18,0.09137055837563451,0.8883248730964467,0.6111111111111112,0.0,0.17258883248730963,0.7941176470588235
qwen_llama,"qwen_30b,llama_70b",241,random_forest_router,197,18,0.09137055837563451,0.883248730964467,0.5555555555555556,-5.555555555555558,0.05583756345177665,0.6363636363636364
qwen_llama,"qwen_30b,llama_70b",241,extra_trees_router,197,18,0.09137055837563451,0.8730964467005076,0.4444444444444444,-16.666666666666675,0.13705583756345177,0.6666666666666666
qwen_llama,"qwen_30b,llama_70b",241,mlp_router,197,18,0.09137055837563451,0.8934010152284264,0.6666666666666666,5.5555555555555465,0.02030456852791878,1.0
qwen_llama,"qwen_30b,llama_70b",241,tfidf_logistic_router,197,18,0.09137055837563451,0.8730964467005076,0.4444444444444444,-16.666666666666675,0.12690355329949238,0.76
qwen_llama,"qwen_30b,llama_70b",241,tfidf_linear_svm_router,197,18,0.09137055837563451,0.8781725888324873,0.5,-11.111111111111116,0.025380710659898477,0.4
qwen_llama,"qwen_30b,llama_70b",241,tfidf_mlp_router,197,18,0.09137055837563451,0.8883248730964467,0.6111111111111112,0.0,0.005076142131979695,0.0
qwen_llama,"qwen_30b,llama_70b",242,always_qwen_30b,197,21,0.1065989847715736,0.9238578680203046,0.6190476190476191,0.0,0.0,
qwen_llama,"qwen_30b,llama_70b",242,oracle,197,21,0.1065989847715736,0.9644670050761421,1.0,38.095238095238095,0.04060913705583756,
qwen_llama,"qwen_30b,llama_70b",242,logistic_router,197,21,0.1065989847715736,0.9137055837563451,0.5238095238095238,-9.523809523809524,0.19796954314720813,0.8205128205128205
qwen_llama,"qwen_30b,llama_70b",242,linear_svm_router,197,21,0.1065989847715736,0.9187817258883249,0.5714285714285714,-4.761904761904767,0.18274111675126903,0.8333333333333334
qwen_llama,"qwen_30b,llama_70b",242,knn_router,197,21,0.1065989847715736,0.9238578680203046,0.6190476190476191,0.0,0.0,
qwen_llama,"qwen_30b,llama_70b",242,decision_tree_router,197,21,0.1065989847715736,0.9187817258883249,0.5714285714285714,-4.761904761904767,0.2233502538071066,0.8636363636363636
qwen_llama,"qwen_30b,llama_70b",242,random_forest_router,197,21,0.1065989847715736,0.9187817258883249,0.5714285714285714,-4.761904761904767,0.09644670050761421,0.7368421052631579
qwen_llama,"qwen_30b,llama_70b",242,extra_trees_router,197,21,0.1065989847715736,0.9187817258883249,0.5714285714285714,-4.761904761904767,0.14720812182741116,0.7931034482758621
qwen_llama,"qwen_30b,llama_70b",242,mlp_router,197,21,0.1065989847715736,0.9238578680203046,0.6190476190476191,0.0,0.025380710659898477,0.8
qwen_llama,"qwen_30b,llama_70b",242,tfidf_logistic_router,197,21,0.1065989847715736,0.9187817258883249,0.5714285714285714,-4.761904761904767,0.08121827411167512,0.75
qwen_llama,"qwen_30b,llama_70b",242,tfidf_linear_svm_router,197,21,0.1065989847715736,0.9187817258883249,0.5714285714285714,-4.761904761904767,0.015228426395939087,0.6666666666666666
qwen_llama,"qwen_30b,llama_70b",242,tfidf_mlp_router,197,21,0.1065989847715736,0.9187817258883249,0.5714285714285714,-4.761904761904767,0.005076142131979695,0.0
qwen_llama,"qwen_30b,llama_70b",243,always_llama_70b,197,20,0.10152284263959391,0.9086294416243654,0.6,0.0,0.0,
qwen_llama,"qwen_30b,llama_70b",243,oracle,197,20,0.10152284263959391,0.949238578680203,1.0,40.0,0.9390862944162437,
qwen_llama,"qwen_30b,llama_70b",243,logistic_router,197,20,0.10152284263959391,0.8984771573604061,0.5,-9.999999999999998,0.8071065989847716,0.9308176100628931
qwen_llama,"qwen_30b,llama_70b",243,linear_svm_router,197,20,0.10152284263959391,0.8934010152284264,0.45,-14.999999999999996,0.8426395939086294,0.9216867469879518
qwen_llama,"qwen_30b,llama_70b",243,knn_router,197,20,0.10152284263959391,0.8883248730964467,0.4,-19.999999999999996,1.0,0.8883248730964467
qwen_llama,"qwen_30b,llama_70b",243,decision_tree_router,197,20,0.10152284263959391,0.9086294416243654,0.6,0.0,0.6751269035532995,0.924812030075188
qwen_llama,"qwen_30b,llama_70b",243,random_forest_router,197,20,0.10152284263959391,0.8934010152284264,0.45,-14.999999999999996,0.9746192893401016,0.9010416666666666
qwen_llama,"qwen_30b,llama_70b",243,extra_trees_router,197,20,0.10152284263959391,0.8984771573604061,0.5,-9.999999999999998,0.8730964467005076,0.9244186046511628
qwen_llama,"qwen_30b,llama_70b",243,mlp_router,197,20,0.10152284263959391,0.8883248730964467,0.4,-19.999999999999996,0.9746192893401016,0.9010416666666666
qwen_llama,"qwen_30b,llama_70b",243,tfidf_logistic_router,197,20,0.10152284263959391,0.9086294416243654,0.6,0.0,0.9035532994923858,0.9157303370786517
qwen_llama,"qwen_30b,llama_70b",243,tfidf_linear_svm_router,197,20,0.10152284263959391,0.8883248730964467,0.4,-19.999999999999996,0.9898477157360406,0.8923076923076924
qwen_llama,"qwen_30b,llama_70b",243,tfidf_mlp_router,197,20,0.10152284263959391,0.8883248730964467,0.4,-19.999999999999996,0.9949238578680203,0.8928571428571429
qwen_llama,"qwen_30b,llama_70b",244,always_qwen_30b,197,20,0.10152284263959391,0.9086294416243654,0.5,0.0,0.0,
qwen_llama,"qwen_30b,llama_70b",244,oracle,197,20,0.10152284263959391,0.9593908629441624,1.0,50.0,0.050761421319796954,
qwen_llama,"qwen_30b,llama_70b",244,logistic_router,197,20,0.10152284263959391,0.8984771573604061,0.4,-9.999999999999998,0.19796954314720813,0.8205128205128205
qwen_llama,"qwen_30b,llama_70b",244,linear_svm_router,197,20,0.10152284263959391,0.8984771573604061,0.4,-9.999999999999998,0.18781725888324874,0.8378378378378378
qwen_llama,"qwen_30b,llama_70b",244,knn_router,197,20,0.10152284263959391,0.9086294416243654,0.5,0.0,0.0,
qwen_llama,"qwen_30b,llama_70b",244,decision_tree_router,197,20,0.10152284263959391,0.8934010152284264,0.35,-15.000000000000002,0.13705583756345177,0.7407407407407407
qwen_llama,"qwen_30b,llama_70b",244,random_forest_router,197,20,0.10152284263959391,0.9086294416243654,0.5,0.0,0.03553299492385787,0.7142857142857143
qwen_llama,"qwen_30b,llama_70b",244,extra_trees_router,197,20,0.10152284263959391,0.8934010152284264,0.35,-15.000000000000002,0.1116751269035533,0.6363636363636364
qwen_llama,"qwen_30b,llama_70b",244,mlp_router,197,20,0.10152284263959391,0.9086294416243654,0.5,0.0,0.005076142131979695,1.0
qwen_llama,"qwen_30b,llama_70b",244,tfidf_logistic_router,197,20,0.10152284263959391,0.8934010152284264,0.35,-15.000000000000002,0.08121827411167512,0.75
qwen_llama,"qwen_30b,llama_70b",244,tfidf_linear_svm_router,197,20,0.10152284263959391,0.9086294416243654,0.5,0.0,0.015228426395939087,0.6666666666666666
qwen_llama,"qwen_30b,llama_70b",244,tfidf_mlp_router,197,20,0.10152284263959391,0.9086294416243654,0.5,0.0,0.0,
qwen_llama,"qwen_30b,llama_70b",245,always_qwen_30b,197,18,0.09137055837563451,0.8984771573604061,0.5,0.0,0.0,
qwen_llama,"qwen_30b,llama_70b",245,oracle,197,18,0.09137055837563451,0.9441624365482234,1.0,50.0,0.04568527918781726,
qwen_llama,"qwen_30b,llama_70b",245,logistic_router,197,18,0.09137055837563451,0.9035532994923858,0.5555555555555556,5.555555555555558,0.15228426395939088,0.7666666666666667
qwen_llama,"qwen_30b,llama_70b",245,linear_svm_router,197,18,0.09137055837563451,0.8984771573604061,0.5,0.0,0.16243654822335024,0.78125
qwen_llama,"qwen_30b,llama_70b",245,knn_router,197,18,0.09137055837563451,0.8984771573604061,0.5,0.0,0.0,
qwen_llama,"qwen_30b,llama_70b",245,decision_tree_router,197,18,0.09137055837563451,0.8984771573604061,0.5,0.0,0.29441624365482233,0.8275862068965517
qwen_llama,"qwen_30b,llama_70b",245,random_forest_router,197,18,0.09137055837563451,0.8984771573604061,0.5,0.0,0.08629441624365482,0.8235294117647058
qwen_llama,"qwen_30b,llama_70b",245,extra_trees_router,197,18,0.09137055837563451,0.8883248730964467,0.3888888888888889,-11.11111111111111,0.17258883248730963,0.7352941176470589
qwen_llama,"qwen_30b,llama_70b",245,mlp_router,197,18,0.09137055837563451,0.8984771573604061,0.5,0.0,0.01015228426395939,0.5
qwen_llama,"qwen_30b,llama_70b",245,tfidf_logistic_router,197,18,0.09137055837563451,0.9035532994923858,0.5555555555555556,5.555555555555558,0.07614213197969544,0.8
qwen_llama,"qwen_30b,llama_70b",245,tfidf_linear_svm_router,197,18,0.09137055837563451,0.8984771573604061,0.5,0.0,0.01015228426395939,0.5
qwen_llama,"qwen_30b,llama_70b",245,tfidf_mlp_router,197,18,0.09137055837563451,0.8984771573604061,0.5,0.0,0.005076142131979695,0.0
qwen_llama,"qwen_30b,llama_70b",246,always_qwen_30b,197,24,0.1218274111675127,0.8883248730964467,0.625,0.0,0.0,
qwen_llama,"qwen_30b,llama_70b",246,oracle,197,24,0.1218274111675127,0.934010152284264,1.0,37.5,0.04568527918781726,
qwen_llama,"qwen_30b,llama_70b",246,logistic_router,197,24,0.1218274111675127,0.8781725888324873,0.5416666666666666,-8.333333333333337,0.15228426395939088,0.6666666666666666
qwen_llama,"qwen_30b,llama_70b",246,linear_svm_router,197,24,0.1218274111675127,0.8883248730964467,0.625,0.0,0.1319796954314721,0.7307692307692307
qwen_llama,"qwen_30b,llama_70b",246,knn_router,197,24,0.1218274111675127,0.8883248730964467,0.625,0.0,0.0,
qwen_llama,"qwen_30b,llama_70b",246,decision_tree_router,197,24,0.1218274111675127,0.8629441624365483,0.4166666666666667,-20.833333333333332,0.26903553299492383,0.7735849056603774
qwen_llama,"qwen_30b,llama_70b",246,random_forest_router,197,24,0.1218274111675127,0.883248730964467,0.5833333333333334,-4.1666666666666625,0.015228426395939087,0.3333333333333333
qwen_llama,"qwen_30b,llama_70b",246,extra_trees_router,197,24,0.1218274111675127,0.8934010152284264,0.6666666666666666,4.1666666666666625,0.08121827411167512,0.75
qwen_llama,"qwen_30b,llama_70b",246,mlp_router,197,24,0.1218274111675127,0.8883248730964467,0.625,0.0,0.015228426395939087,0.6666666666666666
qwen_llama,"qwen_30b,llama_70b",246,tfidf_logistic_router,197,24,0.1218274111675127,0.8934010152284264,0.6666666666666666,4.1666666666666625,0.08629441624365482,0.8235294117647058
qwen_llama,"qwen_30b,llama_70b",246,tfidf_linear_svm_router,197,24,0.1218274111675127,0.8934010152284264,0.6666666666666666,4.1666666666666625,0.015228426395939087,1.0
qwen_llama,"qwen_30b,llama_70b",246,tfidf_mlp_router,197,24,0.1218274111675127,0.8934010152284264,0.6666666666666666,4.1666666666666625,0.01015228426395939,1.0
qwen_llama,"qwen_30b,llama_70b",247,always_qwen_30b,197,11,0.05583756345177665,0.9289340101522843,0.5454545454545454,0.0,0.0,
qwen_llama,"qwen_30b,llama_70b",247,oracle,197,11,0.05583756345177665,0.9543147208121827,1.0,45.45454545454546,0.025380710659898477,
qwen_llama,"qwen_30b,llama_70b",247,logistic_router,197,11,0.05583756345177665,0.9238578680203046,0.45454545454545453,-9.090909090909088,0.15228426395939088,0.8333333333333334
qwen_llama,"qwen_30b,llama_70b",247,linear_svm_router,197,11,0.05583756345177665,0.9238578680203046,0.45454545454545453,-9.090909090909088,0.16243654822335024,0.8125
qwen_llama,"qwen_30b,llama_70b",247,knn_router,197,11,0.05583756345177665,0.9289340101522843,0.5454545454545454,0.0,0.0,
qwen_llama,"qwen_30b,llama_70b",247,decision_tree_router,197,11,0.05583756345177665,0.9187817258883249,0.36363636363636365,-18.181818181818176,0.23857868020304568,0.8723404255319149
qwen_llama,"qwen_30b,llama_70b",247,random_forest_router,197,11,0.05583756345177665,0.9238578680203046,0.45454545454545453,-9.090909090909088,0.02030456852791878,0.75
qwen_llama,"qwen_30b,llama_70b",247,extra_trees_router,197,11,0.05583756345177665,0.9238578680203046,0.45454545454545453,-9.090909090909088,0.09644670050761421,0.8421052631578947
qwen_llama,"qwen_30b,llama_70b",247,mlp_router,197,11,0.05583756345177665,0.9289340101522843,0.5454545454545454,0.0,0.015228426395939087,0.6666666666666666
qwen_llama,"qwen_30b,llama_70b",247,tfidf_logistic_router,197,11,0.05583756345177665,0.9238578680203046,0.45454545454545453,-9.090909090909088,0.06091370558375635,0.8333333333333334
qwen_llama,"qwen_30b,llama_70b",247,tfidf_linear_svm_router,197,11,0.05583756345177665,0.9289340101522843,0.5454545454545454,0.0,0.015228426395939087,0.6666666666666666
qwen_llama,"qwen_30b,llama_70b",247,tfidf_mlp_router,197,11,0.05583756345177665,0.9289340101522843,0.5454545454545454,0.0,0.0,
qwen_llama,"qwen_30b,llama_70b",248,always_qwen_30b,197,14,0.07106598984771574,0.9137055837563451,0.5,0.0,0.0,
qwen_llama,"qwen_30b,llama_70b",248,oracle,197,14,0.07106598984771574,0.949238578680203,1.0,50.0,0.03553299492385787,
qwen_llama,"qwen_30b,llama_70b",248,logistic_router,197,14,0.07106598984771574,0.9137055837563451,0.5,0.0,0.2131979695431472,0.8095238095238095
qwen_llama,"qwen_30b,llama_70b",248,linear_svm_router,197,14,0.07106598984771574,0.9187817258883249,0.5714285714285714,7.14285714285714,0.17258883248730963,0.8529411764705882
qwen_llama,"qwen_30b,llama_70b",248,knn_router,197,14,0.07106598984771574,0.9137055837563451,0.5,0.0,0.0,
qwen_llama,"qwen_30b,llama_70b",248,decision_tree_router,197,14,0.07106598984771574,0.934010152284264,0.7857142857142857,28.57142857142857,0.2182741116751269,0.8837209302325582
qwen_llama,"qwen_30b,llama_70b",248,random_forest_router,197,14,0.07106598984771574,0.9137055837563451,0.5,0.0,0.030456852791878174,0.8333333333333334
qwen_llama,"qwen_30b,llama_70b",248,extra_trees_router,197,14,0.07106598984771574,0.9238578680203046,0.6428571428571429,14.28571428571429,0.09644670050761421,0.8947368421052632
qwen_llama,"qwen_30b,llama_70b",248,mlp_router,197,14,0.07106598984771574,0.9137055837563451,0.5,0.0,0.02030456852791878,1.0
qwen_llama,"qwen_30b,llama_70b",248,tfidf_logistic_router,197,14,0.07106598984771574,0.9137055837563451,0.5,0.0,0.09137055837563451,0.8333333333333334
qwen_llama,"qwen_30b,llama_70b",248,tfidf_linear_svm_router,197,14,0.07106598984771574,0.9137055837563451,0.5,0.0,0.015228426395939087,1.0
qwen_llama,"qwen_30b,llama_70b",248,tfidf_mlp_router,197,14,0.07106598984771574,0.9137055837563451,0.5,0.0,0.0,
qwen_llama,"qwen_30b,llama_70b",249,always_llama_70b,197,27,0.13705583756345177,0.8730964467005076,0.5555555555555556,0.0,0.0,
qwen_llama,"qwen_30b,llama_70b",249,oracle,197,27,0.13705583756345177,0.934010152284264,1.0,44.44444444444444,0.9238578680203046,
qwen_llama,"qwen_30b,llama_70b",249,logistic_router,197,27,0.13705583756345177,0.8426395939086294,0.3333333333333333,-22.222222222222225,0.8477157360406091,0.8622754491017964
qwen_llama,"qwen_30b,llama_70b",249,linear_svm_router,197,27,0.13705583756345177,0.8426395939086294,0.3333333333333333,-22.222222222222225,0.8629441624365483,0.8588235294117647
qwen_llama,"qwen_30b,llama_70b",249,knn_router,197,27,0.13705583756345177,0.8578680203045685,0.4444444444444444,-11.111111111111116,1.0,0.8578680203045685
qwen_llama,"qwen_30b,llama_70b",249,decision_tree_router,197,27,0.13705583756345177,0.868020304568528,0.5185185185185185,-3.703703703703709,0.8984771573604061,0.864406779661017
qwen_llama,"qwen_30b,llama_70b",249,random_forest_router,197,27,0.13705583756345177,0.8527918781725888,0.4074074074074074,-14.81481481481482,0.9796954314720813,0.8601036269430051
qwen_llama,"qwen_30b,llama_70b",249,extra_trees_router,197,27,0.13705583756345177,0.8527918781725888,0.4074074074074074,-14.81481481481482,0.9187817258883249,0.861878453038674
qwen_llama,"qwen_30b,llama_70b",249,mlp_router,197,27,0.13705583756345177,0.8578680203045685,0.4444444444444444,-11.111111111111116,0.9898477157360406,0.8564102564102564
qwen_llama,"qwen_30b,llama_70b",249,tfidf_logistic_router,197,27,0.13705583756345177,0.8477157360406091,0.37037037037037035,-18.518518518518523,0.9238578680203046,0.8626373626373627
qwen_llama,"qwen_30b,llama_70b",249,tfidf_linear_svm_router,197,27,0.13705583756345177,0.8578680203045685,0.4444444444444444,-11.111111111111116,0.9695431472081218,0.8586387434554974
qwen_llama,"qwen_30b,llama_70b",249,tfidf_mlp_router,197,27,0.13705583756345177,0.8578680203045685,0.4444444444444444,-11.111111111111116,0.9949238578680203,0.8571428571428571
qwen_llama,"qwen_30b,llama_70b",250,always_qwen_30b,197,21,0.1065989847715736,0.934010152284264,0.6190476190476191,0.0,0.0,
qwen_llama,"qwen_30b,llama_70b",250,oracle,197,21,0.1065989847715736,0.9746192893401016,1.0,38.095238095238095,0.04060913705583756,
qwen_llama,"qwen_30b,llama_70b",250,logistic_router,197,21,0.1065989847715736,0.9238578680203046,0.5238095238095238,-9.523809523809524,0.20304568527918782,0.775
qwen_llama,"qwen_30b,llama_70b",250,linear_svm_router,197,21,0.1065989847715736,0.9289340101522843,0.5714285714285714,-4.761904761904767,0.15228426395939088,0.7666666666666667
qwen_llama,"qwen_30b,llama_70b",250,knn_router,197,21,0.1065989847715736,0.934010152284264,0.6190476190476191,0.0,0.0,
qwen_llama,"qwen_30b,llama_70b",250,decision_tree_router,197,21,0.1065989847715736,0.9390862944162437,0.6666666666666666,4.761904761904756,0.2131979695431472,0.8571428571428571
qwen_llama,"qwen_30b,llama_70b",250,random_forest_router,197,21,0.1065989847715736,0.9187817258883249,0.47619047619047616,-14.28571428571429,0.06091370558375635,0.5833333333333334
qwen_llama,"qwen_30b,llama_70b",250,extra_trees_router,197,21,0.1065989847715736,0.9238578680203046,0.5238095238095238,-9.523809523809524,0.15736040609137056,0.7741935483870968
qwen_llama,"qwen_30b,llama_70b",250,mlp_router,197,21,0.1065989847715736,0.934010152284264,0.6190476190476191,0.0,0.01015228426395939,0.5
qwen_llama,"qwen_30b,llama_70b",250,tfidf_logistic_router,197,21,0.1065989847715736,0.9238578680203046,0.5238095238095238,-9.523809523809524,0.1116751269035533,0.7727272727272727
qwen_llama,"qwen_30b,llama_70b",250,tfidf_linear_svm_router,197,21,0.1065989847715736,0.934010152284264,0.6190476190476191,0.0,0.02030456852791878,1.0
qwen_llama,"qwen_30b,llama_70b",250,tfidf_mlp_router,197,21,0.1065989847715736,0.934010152284264,0.6190476190476191,0.0,0.0,
qwen_llama,"qwen_30b,llama_70b",251,always_llama_70b,197,25,0.12690355329949238,0.9086294416243654,0.56,0.0,0.0,
qwen_llama,"qwen_30b,llama_70b",251,oracle,197,25,0.12690355329949238,0.9644670050761421,1.0,43.99999999999999,0.9289340101522843,
qwen_llama,"qwen_30b,llama_70b",251,logistic_router,197,25,0.12690355329949238,0.8984771573604061,0.48,-8.000000000000007,0.8121827411167513,0.9
qwen_llama,"qwen_30b,llama_70b",251,linear_svm_router,197,25,0.12690355329949238,0.9035532994923858,0.52,-4.0000000000000036,0.868020304568528,0.9005847953216374
qwen_llama,"qwen_30b,llama_70b",251,knn_router,197,25,0.12690355329949238,0.8934010152284264,0.44,-12.000000000000005,1.0,0.8934010152284264
qwen_llama,"qwen_30b,llama_70b",251,decision_tree_router,197,25,0.12690355329949238,0.9086294416243654,0.56,0.0,0.6751269035532995,0.9172932330827067
qwen_llama,"qwen_30b,llama_70b",251,random_forest_router,197,25,0.12690355329949238,0.8934010152284264,0.44,-12.000000000000005,0.9847715736040609,0.8969072164948454
qwen_llama,"qwen_30b,llama_70b",251,extra_trees_router,197,25,0.12690355329949238,0.8883248730964467,0.4,-16.000000000000004,0.8730964467005076,0.9069767441860465
qwen_llama,"qwen_30b,llama_70b",251,mlp_router,197,25,0.12690355329949238,0.8934010152284264,0.44,-12.000000000000005,0.9746192893401016,0.890625
qwen_llama,"qwen_30b,llama_70b",251,tfidf_logistic_router,197,25,0.12690355329949238,0.8984771573604061,0.48,-8.000000000000007,0.934010152284264,0.9021739130434783
qwen_llama,"qwen_30b,llama_70b",251,tfidf_linear_svm_router,197,25,0.12690355329949238,0.8984771573604061,0.48,-8.000000000000007,0.9847715736040609,0.9020618556701031
qwen_llama,"qwen_30b,llama_70b",251,tfidf_mlp_router,197,25,0.12690355329949238,0.8934010152284264,0.44,-12.000000000000005,0.9949238578680203,0.8979591836734694
qwen_llama,"qwen_30b,llama_70b",252,always_qwen_30b,197,20,0.10152284263959391,0.8883248730964467,0.55,0.0,0.0,
qwen_llama,"qwen_30b,llama_70b",252,oracle,197,20,0.10152284263959391,0.934010152284264,1.0,44.99999999999999,0.04568527918781726,
qwen_llama,"qwen_30b,llama_70b",252,logistic_router,197,20,0.10152284263959391,0.8781725888324873,0.45,-10.000000000000004,0.18781725888324874,0.7837837837837838
qwen_llama,"qwen_30b,llama_70b",252,linear_svm_router,197,20,0.10152284263959391,0.883248730964467,0.5,-5.000000000000004,0.18274111675126903,0.8055555555555556
qwen_llama,"qwen_30b,llama_70b",252,knn_router,197,20,0.10152284263959391,0.8883248730964467,0.55,0.0,0.0,
qwen_llama,"qwen_30b,llama_70b",252,decision_tree_router,197,20,0.10152284263959391,0.8934010152284264,0.6,4.999999999999993,0.23857868020304568,0.9574468085106383
qwen_llama,"qwen_30b,llama_70b",252,random_forest_router,197,20,0.10152284263959391,0.883248730964467,0.5,-5.000000000000004,0.04060913705583756,0.5
qwen_llama,"qwen_30b,llama_70b",252,extra_trees_router,197,20,0.10152284263959391,0.883248730964467,0.5,-5.000000000000004,0.1065989847715736,0.6190476190476191
qwen_llama,"qwen_30b,llama_70b",252,mlp_router,197,20,0.10152284263959391,0.8883248730964467,0.55,0.0,0.01015228426395939,1.0
qwen_llama,"qwen_30b,llama_70b",252,tfidf_logistic_router,197,20,0.10152284263959391,0.8883248730964467,0.55,0.0,0.08629441624365482,0.8235294117647058
qwen_llama,"qwen_30b,llama_70b",252,tfidf_linear_svm_router,197,20,0.10152284263959391,0.8883248730964467,0.55,0.0,0.030456852791878174,0.6666666666666666
qwen_llama,"qwen_30b,llama_70b",252,tfidf_mlp_router,197,20,0.10152284263959391,0.8883248730964467,0.55,0.0,0.01015228426395939,0.5
qwen_llama,"qwen_30b,llama_70b",253,always_qwen_30b,197,19,0.09644670050761421,0.9187817258883249,0.6842105263157895,0.0,0.0,
qwen_llama,"qwen_30b,llama_70b",253,oracle,197,19,0.09644670050761421,0.949238578680203,1.0,31.57894736842105,0.030456852791878174,
qwen_llama,"qwen_30b,llama_70b",253,logistic_router,197,19,0.09644670050761421,0.8984771573604061,0.47368421052631576,-21.052631578947373,0.20304568527918782,0.75
qwen_llama,"qwen_30b,llama_70b",253,linear_svm_router,197,19,0.09644670050761421,0.8934010152284264,0.42105263157894735,-26.315789473684216,0.19796954314720813,0.7435897435897436
qwen_llama,"qwen_30b,llama_70b",253,knn_router,197,19,0.09644670050761421,0.9187817258883249,0.6842105263157895,0.0,0.0,
qwen_llama,"qwen_30b,llama_70b",253,decision_tree_router,197,19,0.09644670050761421,0.8984771573604061,0.47368421052631576,-21.052631578947373,0.4467005076142132,0.8295454545454546
qwen_llama,"qwen_30b,llama_70b",253,random_forest_router,197,19,0.09644670050761421,0.9137055837563451,0.631578947368421,-5.263157894736848,0.04060913705583756,0.75
qwen_llama,"qwen_30b,llama_70b",253,extra_trees_router,197,19,0.09644670050761421,0.8984771573604061,0.47368421052631576,-21.052631578947373,0.1319796954314721,0.7692307692307693
qwen_llama,"qwen_30b,llama_70b",253,mlp_router,197,19,0.09644670050761421,0.9187817258883249,0.6842105263157895,0.0,0.005076142131979695,1.0
qwen_llama,"qwen_30b,llama_70b",253,tfidf_logistic_router,197,19,0.09644670050761421,0.9086294416243654,0.5789473684210527,-10.526315789473683,0.1065989847715736,0.7142857142857143
qwen_llama,"qwen_30b,llama_70b",253,tfidf_linear_svm_router,197,19,0.09644670050761421,0.9137055837563451,0.631578947368421,-5.263157894736848,0.01015228426395939,0.5
qwen_llama,"qwen_30b,llama_70b",253,tfidf_mlp_router,197,19,0.09644670050761421,0.9137055837563451,0.631578947368421,-5.263157894736848,0.005076142131979695,0.0
qwen_llama,"qwen_30b,llama_70b",254,always_qwen_30b,197,25,0.12690355329949238,0.8629441624365483,0.52,0.0,0.0,
qwen_llama,"qwen_30b,llama_70b",254,oracle,197,25,0.12690355329949238,0.9238578680203046,1.0,48.0,0.06091370558375635,
qwen_llama,"qwen_30b,llama_70b",254,logistic_router,197,25,0.12690355329949238,0.8527918781725888,0.44,-8.000000000000002,0.25380710659898476,0.74
qwen_llama,"qwen_30b,llama_70b",254,linear_svm_router,197,25,0.12690355329949238,0.8527918781725888,0.44,-8.000000000000002,0.23857868020304568,0.7446808510638298
qwen_llama,"qwen_30b,llama_70b",254,knn_router,197,25,0.12690355329949238,0.8629441624365483,0.52,0.0,0.0,
qwen_llama,"qwen_30b,llama_70b",254,decision_tree_router,197,25,0.12690355329949238,0.8527918781725888,0.44,-8.000000000000002,0.18781725888324874,0.7567567567567568
qwen_llama,"qwen_30b,llama_70b",254,random_forest_router,197,25,0.12690355329949238,0.8324873096446701,0.28,-24.0,0.08121827411167512,0.5
qwen_llama,"qwen_30b,llama_70b",254,extra_trees_router,197,25,0.12690355329949238,0.8527918781725888,0.44,-8.000000000000002,0.16243654822335024,0.75
qwen_llama,"qwen_30b,llama_70b",254,mlp_router,197,25,0.12690355329949238,0.8477157360406091,0.4,-12.0,0.05583756345177665,0.6363636363636364
qwen_llama,"qwen_30b,llama_70b",254,tfidf_logistic_router,197,25,0.12690355329949238,0.8629441624365483,0.52,0.0,0.09644670050761421,0.7368421052631579
qwen_llama,"qwen_30b,llama_70b",254,tfidf_linear_svm_router,197,25,0.12690355329949238,0.8527918781725888,0.44,-8.000000000000002,0.030456852791878174,0.5
qwen_llama,"qwen_30b,llama_70b",254,tfidf_mlp_router,197,25,0.12690355329949238,0.8629441624365483,0.52,0.0,0.0,
qwen_llama,"qwen_30b,llama_70b",255,always_qwen_30b,197,13,0.06598984771573604,0.8984771573604061,0.6923076923076923,0.0,0.0,
qwen_llama,"qwen_30b,llama_70b",255,oracle,197,13,0.06598984771573604,0.9187817258883249,1.0,30.76923076923077,0.02030456852791878,
qwen_llama,"qwen_30b,llama_70b",255,logistic_router,197,13,0.06598984771573604,0.8781725888324873,0.38461538461538464,-30.769230769230766,0.22842639593908629,0.6888888888888889
qwen_llama,"qwen_30b,llama_70b",255,linear_svm_router,197,13,0.06598984771573604,0.8883248730964467,0.5384615384615384,-15.384615384615385,0.19289340101522842,0.7631578947368421
qwen_llama,"qwen_30b,llama_70b",255,knn_router,197,13,0.06598984771573604,0.8984771573604061,0.6923076923076923,0.0,0.0,
qwen_llama,"qwen_30b,llama_70b",255,decision_tree_router,197,13,0.06598984771573604,0.8934010152284264,0.6153846153846154,-7.692307692307687,0.19796954314720813,0.7948717948717948
qwen_llama,"qwen_30b,llama_70b",255,random_forest_router,197,13,0.06598984771573604,0.8984771573604061,0.6923076923076923,0.0,0.04568527918781726,0.6666666666666666
qwen_llama,"qwen_30b,llama_70b",255,extra_trees_router,197,13,0.06598984771573604,0.8934010152284264,0.6153846153846154,-7.692307692307687,0.15736040609137056,0.7096774193548387
qwen_llama,"qwen_30b,llama_70b",255,mlp_router,197,13,0.06598984771573604,0.8984771573604061,0.6923076923076923,0.0,0.02030456852791878,0.25
qwen_llama,"qwen_30b,llama_70b",255,tfidf_logistic_router,197,13,0.06598984771573604,0.8934010152284264,0.6153846153846154,-7.692307692307687,0.116751269035533,0.782608695652174
qwen_llama,"qwen_30b,llama_70b",255,tfidf_linear_svm_router,197,13,0.06598984771573604,0.8934010152284264,0.6153846153846154,-7.692307692307687,0.030456852791878174,0.6666666666666666
qwen_llama,"qwen_30b,llama_70b",255,tfidf_mlp_router,197,13,0.06598984771573604,0.8934010152284264,0.6153846153846154,-7.692307692307687,0.005076142131979695,0.0
qwen_llama,"qwen_30b,llama_70b",256,always_qwen_30b,197,21,0.1065989847715736,0.8883248730964467,0.5238095238095238,0.0,0.0,
qwen_llama,"qwen_30b,llama_70b",256,oracle,197,21,0.1065989847715736,0.9390862944162437,1.0,47.61904761904761,0.050761421319796954,
qwen_llama,"qwen_30b,llama_70b",256,logistic_router,197,21,0.1065989847715736,0.883248730964467,0.47619047619047616,-4.761904761904767,0.15736040609137056,0.8064516129032258
qwen_llama,"qwen_30b,llama_70b",256,linear_svm_router,197,21,0.1065989847715736,0.8934010152284264,0.5714285714285714,4.761904761904756,0.18274111675126903,0.8055555555555556
qwen_llama,"qwen_30b,llama_70b",256,knn_router,197,21,0.1065989847715736,0.8883248730964467,0.5238095238095238,0.0,0.0,
qwen_llama,"qwen_30b,llama_70b",256,decision_tree_router,197,21,0.1065989847715736,0.8883248730964467,0.5238095238095238,0.0,0.36548223350253806,0.8472222222222222
qwen_llama,"qwen_30b,llama_70b",256,random_forest_router,197,21,0.1065989847715736,0.9035532994923858,0.6666666666666666,14.28571428571428,0.06091370558375635,0.75
qwen_llama,"qwen_30b,llama_70b",256,extra_trees_router,197,21,0.1065989847715736,0.8934010152284264,0.5714285714285714,4.761904761904756,0.116751269035533,0.782608695652174
qwen_llama,"qwen_30b,llama_70b",256,mlp_router,197,21,0.1065989847715736,0.8883248730964467,0.5238095238095238,0.0,0.025380710659898477,0.8
qwen_llama,"qwen_30b,llama_70b",256,tfidf_logistic_router,197,21,0.1065989847715736,0.8781725888324873,0.42857142857142855,-9.523809523809529,0.07106598984771574,0.6428571428571429
qwen_llama,"qwen_30b,llama_70b",256,tfidf_linear_svm_router,197,21,0.1065989847715736,0.8883248730964467,0.5238095238095238,0.0,0.01015228426395939,0.5
qwen_llama,"qwen_30b,llama_70b",256,tfidf_mlp_router,197,21,0.1065989847715736,0.8883248730964467,0.5238095238095238,0.0,0.01015228426395939,0.5
qwen_llama,"qwen_30b,llama_70b",257,always_llama_70b,197,20,0.10152284263959391,0.9187817258883249,0.55,0.0,0.0,
qwen_llama,"qwen_30b,llama_70b",257,oracle,197,20,0.10152284263959391,0.9644670050761421,1.0,44.99999999999999,0.9441624365482234,
qwen_llama,"qwen_30b,llama_70b",257,logistic_router,197,20,0.10152284263959391,0.9086294416243654,0.45,-10.000000000000004,0.8223350253807107,0.9074074074074074
qwen_llama,"qwen_30b,llama_70b",257,linear_svm_router,197,20,0.10152284263959391,0.9035532994923858,0.4,-15.000000000000002,0.8426395939086294,0.9096385542168675
qwen_llama,"qwen_30b,llama_70b",257,knn_router,197,20,0.10152284263959391,0.9086294416243654,0.45,-10.000000000000004,1.0,0.9086294416243654
qwen_llama,"qwen_30b,llama_70b",257,decision_tree_router,197,20,0.10152284263959391,0.9137055837563451,0.5,-5.000000000000004,0.8883248730964467,0.9314285714285714
qwen_llama,"qwen_30b,llama_70b",257,random_forest_router,197,20,0.10152284263959391,0.9035532994923858,0.4,-15.000000000000002,0.9593908629441624,0.9047619047619048
qwen_llama,"qwen_30b,llama_70b",257,extra_trees_router,197,20,0.10152284263959391,0.9035532994923858,0.4,-15.000000000000002,0.8984771573604061,0.9096045197740112
qwen_llama,"qwen_30b,llama_70b",257,mlp_router,197,20,0.10152284263959391,0.9086294416243654,0.45,-10.000000000000004,0.9796954314720813,0.9119170984455959
qwen_llama,"qwen_30b,llama_70b",257,tfidf_logistic_router,197,20,0.10152284263959391,0.9086294416243654,0.45,-10.000000000000004,0.9086294416243654,0.9106145251396648
qwen_llama,"qwen_30b,llama_70b",257,tfidf_linear_svm_router,197,20,0.10152284263959391,0.9035532994923858,0.4,-15.000000000000002,0.9847715736040609,0.9072164948453608
qwen_llama,"qwen_30b,llama_70b",257,tfidf_mlp_router,197,20,0.10152284263959391,0.9035532994923858,0.4,-15.000000000000002,0.9949238578680203,0.9081632653061225
qwen_llama,"qwen_30b,llama_70b",258,always_qwen_30b,197,22,0.1116751269035533,0.9086294416243654,0.5454545454545454,0.0,0.0,
qwen_llama,"qwen_30b,llama_70b",258,oracle,197,22,0.1116751269035533,0.9593908629441624,1.0,45.45454545454546,0.050761421319796954,
qwen_llama,"qwen_30b,llama_70b",258,logistic_router,197,22,0.1116751269035533,0.9086294416243654,0.5454545454545454,0.0,0.17258883248730963,0.8529411764705882
qwen_llama,"qwen_30b,llama_70b",258,linear_svm_router,197,22,0.1116751269035533,0.9086294416243654,0.5454545454545454,0.0,0.15228426395939088,0.8666666666666667
qwen_llama,"qwen_30b,llama_70b",258,knn_router,197,22,0.1116751269035533,0.9086294416243654,0.5454545454545454,0.0,0.0,
qwen_llama,"qwen_30b,llama_70b",258,decision_tree_router,197,22,0.1116751269035533,0.9238578680203046,0.6818181818181818,13.636363636363635,0.2436548223350254,0.8958333333333334
qwen_llama,"qwen_30b,llama_70b",258,random_forest_router,197,22,0.1116751269035533,0.9086294416243654,0.5454545454545454,0.0,0.015228426395939087,0.6666666666666666
qwen_llama,"qwen_30b,llama_70b",258,extra_trees_router,197,22,0.1116751269035533,0.9137055837563451,0.5909090909090909,4.545454545454552,0.07614213197969544,0.8666666666666667
qwen_llama,"qwen_30b,llama_70b",258,mlp_router,197,22,0.1116751269035533,0.9086294416243654,0.5454545454545454,0.0,0.015228426395939087,0.6666666666666666
qwen_llama,"qwen_30b,llama_70b",258,tfidf_logistic_router,197,22,0.1116751269035533,0.9086294416243654,0.5454545454545454,0.0,0.050761421319796954,0.8
qwen_llama,"qwen_30b,llama_70b",258,tfidf_linear_svm_router,197,22,0.1116751269035533,0.9086294416243654,0.5454545454545454,0.0,0.0,
qwen_llama,"qwen_30b,llama_70b",258,tfidf_mlp_router,197,22,0.1116751269035533,0.9086294416243654,0.5454545454545454,0.0,0.0,
triple_gemini_llama_granite,"gemini_flash,llama_70b,granite_8b",229,always_llama_70b,197,37,0.18781725888324874,0.8781725888324873,0.7027027027027027,0.0,0.0,
triple_gemini_llama_granite,"gemini_flash,llama_70b,granite_8b",229,oracle,197,37,0.18781725888324874,0.934010152284264,1.0,29.729729729729726,0.9390862944162437,
triple_gemini_llama_granite,"gemini_flash,llama_70b,granite_8b",229,logistic_router,197,37,0.18781725888324874,0.8883248730964467,0.7567567567567568,5.405405405405405,0.8071065989847716,0.8805031446540881
triple_gemini_llama_granite,"gemini_flash,llama_70b,granite_8b",229,linear_svm_router,197,37,0.18781725888324874,0.868020304568528,0.6486486486486487,-5.405405405405405,0.9593908629441624,0.873015873015873
triple_gemini_llama_granite,"gemini_flash,llama_70b,granite_8b",229,knn_router,197,37,0.18781725888324874,0.868020304568528,0.6486486486486487,-5.405405405405405,1.0,0.868020304568528
triple_gemini_llama_granite,"gemini_flash,llama_70b,granite_8b",229,decision_tree_router,197,37,0.18781725888324874,0.8781725888324873,0.7027027027027027,0.0,0.817258883248731,0.8757763975155279
triple_gemini_llama_granite,"gemini_flash,llama_70b,granite_8b",229,random_forest_router,197,37,0.18781725888324874,0.8984771573604061,0.8108108108108109,10.81081081081081,0.8781725888324873,0.8901734104046243
triple_gemini_llama_granite,"gemini_flash,llama_70b,granite_8b",229,extra_trees_router,197,37,0.18781725888324874,0.8984771573604061,0.8108108108108109,10.81081081081081,0.7969543147208121,0.8853503184713376
triple_gemini_llama_granite,"gemini_flash,llama_70b,granite_8b",229,mlp_router,197,37,0.18781725888324874,0.8934010152284264,0.7837837837837838,8.108108108108103,0.9441624365482234,0.8870967741935484
triple_gemini_llama_granite,"gemini_flash,llama_70b,granite_8b",229,tfidf_logistic_router,197,37,0.18781725888324874,0.8883248730964467,0.7567567567567568,5.405405405405405,0.8934010152284264,0.8863636363636364
triple_gemini_llama_granite,"gemini_flash,llama_70b,granite_8b",229,tfidf_linear_svm_router,197,37,0.18781725888324874,0.8629441624365483,0.6216216216216216,-8.108108108108114,0.9898477157360406,0.8666666666666667
triple_gemini_llama_granite,"gemini_flash,llama_70b,granite_8b",229,tfidf_mlp_router,197,37,0.18781725888324874,0.8730964467005076,0.6756756756756757,-2.7027027027027084,0.9898477157360406,0.8717948717948718
triple_gemini_llama_granite,"gemini_flash,llama_70b,granite_8b",230,always_llama_70b,197,46,0.233502538071066,0.9187817258883249,0.717391304347826,0.0,0.0,
triple_gemini_llama_granite,"gemini_flash,llama_70b,granite_8b",230,oracle,197,46,0.233502538071066,0.9847715736040609,1.0,28.260869565217394,0.9238578680203046,
triple_gemini_llama_granite,"gemini_flash,llama_70b,granite_8b",230,logistic_router,197,46,0.233502538071066,0.9187817258883249,0.717391304347826,0.0,0.8071065989847716,0.9182389937106918
triple_gemini_llama_granite,"gemini_flash,llama_70b,granite_8b",230,linear_svm_router,197,46,0.233502538071066,0.9086294416243654,0.6739130434782609,-4.347826086956519,0.9137055837563451,0.9111111111111111
triple_gemini_llama_granite,"gemini_flash,llama_70b,granite_8b",230,knn_router,197,46,0.233502538071066,0.9035532994923858,0.6521739130434783,-6.521739130434778,1.0,0.9035532994923858
triple_gemini_llama_granite,"gemini_flash,llama_70b,granite_8b",230,decision_tree_router,197,46,0.233502538071066,0.9238578680203046,0.7391304347826086,2.1739130434782594,0.7614213197969543,0.9266666666666666
triple_gemini_llama_granite,"gemini_flash,llama_70b,granite_8b",230,random_forest_router,197,46,0.233502538071066,0.9238578680203046,0.7391304347826086,2.1739130434782594,0.8984771573604061,0.9265536723163842
triple_gemini_llama_granite,"gemini_flash,llama_70b,granite_8b",230,extra_trees_router,197,46,0.233502538071066,0.9289340101522843,0.7608695652173914,4.34782608695653,0.7868020304568528,0.9354838709677419
triple_gemini_llama_granite,"gemini_flash,llama_70b,granite_8b",230,mlp_router,197,46,0.233502538071066,0.9137055837563451,0.6956521739130435,-2.1739130434782594,0.949238578680203,0.9144385026737968
triple_gemini_llama_granite,"gemini_flash,llama_70b,granite_8b",230,tfidf_logistic_router,197,46,0.233502538071066,0.9187817258883249,0.717391304347826,0.0,0.8629441624365483,0.9235294117647059
triple_gemini_llama_granite,"gemini_flash,llama_70b,granite_8b",230,tfidf_linear_svm_router,197,46,0.233502538071066,0.9086294416243654,0.6739130434782609,-4.347826086956519,0.9543147208121827,0.9042553191489362
triple_gemini_llama_granite,"gemini_flash,llama_70b,granite_8b",230,tfidf_mlp_router,197,46,0.233502538071066,0.8984771573604061,0.6304347826086957,-8.695652173913038,0.9949238578680203,0.8979591836734694
triple_gemini_llama_granite,"gemini_flash,llama_70b,granite_8b",231,always_llama_70b,197,35,0.17766497461928935,0.9289340101522843,0.8,0.0,0.0,
triple_gemini_llama_granite,"gemini_flash,llama_70b,granite_8b",231,oracle,197,35,0.17766497461928935,0.9644670050761421,1.0,19.999999999999996,0.9035532994923858,
triple_gemini_llama_granite,"gemini_flash,llama_70b,granite_8b",231,logistic_router,197,35,0.17766497461928935,0.8984771573604061,0.6285714285714286,-17.14285714285715,0.8527918781725888,0.9047619047619048
triple_gemini_llama_granite,"gemini_flash,llama_70b,granite_8b",231,linear_svm_router,197,35,0.17766497461928935,0.883248730964467,0.5428571428571428,-25.714285714285722,0.9441624365482234,0.8763440860215054
triple_gemini_llama_granite,"gemini_flash,llama_70b,granite_8b",231,knn_router,197,35,0.17766497461928935,0.868020304568528,0.45714285714285713,-34.28571428571429,1.0,0.868020304568528
triple_gemini_llama_granite,"gemini_flash,llama_70b,granite_8b",231,decision_tree_router,197,35,0.17766497461928935,0.8984771573604061,0.6285714285714286,-17.14285714285715,0.7360406091370558,0.8827586206896552
triple_gemini_llama_granite,"gemini_flash,llama_70b,granite_8b",231,random_forest_router,197,35,0.17766497461928935,0.9187817258883249,0.7428571428571429,-5.714285714285716,0.8477157360406091,0.9161676646706587
triple_gemini_llama_granite,"gemini_flash,llama_70b,granite_8b",231,extra_trees_router,197,35,0.17766497461928935,0.9086294416243654,0.6857142857142857,-11.428571428571432,0.7868020304568528,0.9032258064516129
triple_gemini_llama_granite,"gemini_flash,llama_70b,granite_8b",231,mlp_router,197,35,0.17766497461928935,0.8781725888324873,0.5142857142857142,-28.57142857142858,0.9593908629441624,0.873015873015873
triple_gemini_llama_granite,"gemini_flash,llama_70b,granite_8b",231,tfidf_logistic_router,197,35,0.17766497461928935,0.8934010152284264,0.6,-20.000000000000007,0.9035532994923858,0.8932584269662921
triple_gemini_llama_granite,"gemini_flash,llama_70b,granite_8b",231,tfidf_linear_svm_router,197,35,0.17766497461928935,0.8781725888324873,0.5142857142857142,-28.57142857142858,0.9898477157360406,0.8769230769230769
triple_gemini_llama_granite,"gemini_flash,llama_70b,granite_8b",231,tfidf_mlp_router,197,35,0.17766497461928935,0.8730964467005076,0.4857142857142857,-31.428571428571434,0.9949238578680203,0.8724489795918368
triple_gemini_llama_granite,"gemini_flash,llama_70b,granite_8b",232,always_llama_70b,197,39,0.19796954314720813,0.9035532994923858,0.717948717948718,0.0,0.0,
triple_gemini_llama_granite,"gemini_flash,llama_70b,granite_8b",232,oracle,197,39,0.19796954314720813,0.9593908629441624,1.0,28.205128205128204,0.934010152284264,
triple_gemini_llama_granite,"gemini_flash,llama_70b,granite_8b",232,logistic_router,197,39,0.19796954314720813,0.8781725888324873,0.5897435897435898,-12.82051282051282,0.7817258883248731,0.8831168831168831
triple_gemini_llama_granite,"gemini_flash,llama_70b,granite_8b",232,linear_svm_router,197,39,0.19796954314720813,0.8781725888324873,0.5897435897435898,-12.82051282051282,0.9390862944162437,0.8702702702702703
triple_gemini_llama_granite,"gemini_flash,llama_70b,granite_8b",232,knn_router,197,39,0.19796954314720813,0.8883248730964467,0.6410256410256411,-7.692307692307687,1.0,0.8883248730964467
triple_gemini_llama_granite,"gemini_flash,llama_70b,granite_8b",232,decision_tree_router,197,39,0.19796954314720813,0.8730964467005076,0.5641025641025641,-15.384615384615385,0.7969543147208121,0.8789808917197452
triple_gemini_llama_granite,"gemini_flash,llama_70b,granite_8b",232,random_forest_router,197,39,0.19796954314720813,0.9137055837563451,0.7692307692307693,5.128205128205132,0.9289340101522843,0.912568306010929
triple_gemini_llama_granite,"gemini_flash,llama_70b,granite_8b",232,extra_trees_router,197,39,0.19796954314720813,0.8934010152284264,0.6666666666666666,-5.128205128205132,0.8020304568527918,0.9050632911392406
triple_gemini_llama_granite,"gemini_flash,llama_70b,granite_8b",232,mlp_router,197,39,0.19796954314720813,0.8934010152284264,0.6666666666666666,-5.128205128205132,0.9187817258883249,0.8950276243093923
triple_gemini_llama_granite,"gemini_flash,llama_70b,granite_8b",232,tfidf_logistic_router,197,39,0.19796954314720813,0.883248730964467,0.6153846153846154,-10.256410256410254,0.883248730964467,0.8850574712643678
triple_gemini_llama_granite,"gemini_flash,llama_70b,granite_8b",232,tfidf_linear_svm_router,197,39,0.19796954314720813,0.8781725888324873,0.5897435897435898,-12.82051282051282,0.9593908629441624,0.8783068783068783
triple_gemini_llama_granite,"gemini_flash,llama_70b,granite_8b",232,tfidf_mlp_router,197,39,0.19796954314720813,0.8934010152284264,0.6666666666666666,-5.128205128205132,0.9746192893401016,0.890625
triple_gemini_llama_granite,"gemini_flash,llama_70b,granite_8b",233,always_llama_70b,197,34,0.17258883248730963,0.8984771573604061,0.6764705882352942,0.0,0.0,
triple_gemini_llama_granite,"gemini_flash,llama_70b,granite_8b",233,oracle,197,34,0.17258883248730963,0.9543147208121827,1.0,32.35294117647059,0.934010152284264,
triple_gemini_llama_granite,"gemini_flash,llama_70b,granite_8b",233,logistic_router,197,34,0.17258883248730963,0.883248730964467,0.5882352941176471,-8.823529411764708,0.8121827411167513,0.8875
triple_gemini_llama_granite,"gemini_flash,llama_70b,granite_8b",233,linear_svm_router,197,34,0.17258883248730963,0.8934010152284264,0.6470588235294118,-2.941176470588236,0.9238578680203046,0.8901098901098901
triple_gemini_llama_granite,"gemini_flash,llama_70b,granite_8b",233,knn_router,197,34,0.17258883248730963,0.8883248730964467,0.6176470588235294,-5.882352941176472,1.0,0.8883248730964467
triple_gemini_llama_granite,"gemini_flash,llama_70b,granite_8b",233,decision_tree_router,197,34,0.17258883248730963,0.868020304568528,0.5,-17.647058823529417,0.7208121827411168,0.8732394366197183
triple_gemini_llama_granite,"gemini_flash,llama_70b,granite_8b",233,random_forest_router,197,34,0.17258883248730963,0.9187817258883249,0.7941176470588235,11.764705882352933,0.8883248730964467,0.9142857142857143
triple_gemini_llama_granite,"gemini_flash,llama_70b,granite_8b",233,extra_trees_router,197,34,0.17258883248730963,0.9035532994923858,0.7058823529411765,2.941176470588236,0.7715736040609137,0.9013157894736842
triple_gemini_llama_granite,"gemini_flash,llama_70b,granite_8b",233,mlp_router,197,34,0.17258883248730963,0.8984771573604061,0.6764705882352942,0.0,0.9390862944162437,0.8972972972972973
triple_gemini_llama_granite,"gemini_flash,llama_70b,granite_8b",233,tfidf_logistic_router,197,34,0.17258883248730963,0.8883248730964467,0.6176470588235294,-5.882352941176472,0.9035532994923858,0.8876404494382022
triple_gemini_llama_granite,"gemini_flash,llama_70b,granite_8b",233,tfidf_linear_svm_router,197,34,0.17258883248730963,0.8883248730964467,0.6176470588235294,-5.882352941176472,0.9746192893401016,0.890625
triple_gemini_llama_granite,"gemini_flash,llama_70b,granite_8b",233,tfidf_mlp_router,197,34,0.17258883248730963,0.8934010152284264,0.6470588235294118,-2.941176470588236,0.9847715736040609,0.8917525773195877
triple_gemini_llama_granite,"gemini_flash,llama_70b,granite_8b",234,always_llama_70b,197,44,0.2233502538071066,0.8578680203045685,0.6363636363636364,0.0,0.0,
triple_gemini_llama_granite,"gemini_flash,llama_70b,granite_8b",234,oracle,197,44,0.2233502538071066,0.9390862944162437,1.0,36.36363636363637,0.9238578680203046,
triple_gemini_llama_granite,"gemini_flash,llama_70b,granite_8b",234,logistic_router,197,44,0.2233502538071066,0.8730964467005076,0.7045454545454546,6.818181818181824,0.7614213197969543,0.8666666666666667
triple_gemini_llama_granite,"gemini_flash,llama_70b,granite_8b",234,linear_svm_router,197,44,0.2233502538071066,0.8477157360406091,0.5909090909090909,-4.545454545454541,0.8984771573604061,0.8531073446327684
triple_gemini_llama_granite,"gemini_flash,llama_70b,granite_8b",234,knn_router,197,44,0.2233502538071066,0.8527918781725888,0.6136363636363636,-2.2727272727272707,1.0,0.8527918781725888
triple_gemini_llama_granite,"gemini_flash,llama_70b,granite_8b",234,decision_tree_router,197,44,0.2233502538071066,0.8629441624365483,0.6590909090909091,2.2727272727272707,0.6649746192893401,0.8625954198473282
triple_gemini_llama_granite,"gemini_flash,llama_70b,granite_8b",234,random_forest_router,197,44,0.2233502538071066,0.8883248730964467,0.7727272727272727,13.636363636363635,0.8730964467005076,0.8837209302325582
triple_gemini_llama_granite,"gemini_flash,llama_70b,granite_8b",234,extra_trees_router,197,44,0.2233502538071066,0.8730964467005076,0.7045454545454546,6.818181818181824,0.7614213197969543,0.8733333333333333
triple_gemini_llama_granite,"gemini_flash,llama_70b,granite_8b",234,mlp_router,197,44,0.2233502538071066,0.8629441624365483,0.6590909090909091,2.2727272727272707,0.9137055837563451,0.8611111111111112
triple_gemini_llama_granite,"gemini_flash,llama_70b,granite_8b",234,tfidf_logistic_router,197,44,0.2233502538071066,0.868020304568528,0.6818181818181818,4.545454545454541,0.8477157360406091,0.874251497005988
triple_gemini_llama_granite,"gemini_flash,llama_70b,granite_8b",234,tfidf_linear_svm_router,197,44,0.2233502538071066,0.8578680203045685,0.6363636363636364,0.0,0.9644670050761421,0.8578947368421053
triple_gemini_llama_granite,"gemini_flash,llama_70b,granite_8b",234,tfidf_mlp_router,197,44,0.2233502538071066,0.8527918781725888,0.6136363636363636,-2.2727272727272707,0.9898477157360406,0.8512820512820513
triple_gemini_llama_granite,"gemini_flash,llama_70b,granite_8b",235,always_llama_70b,197,36,0.18274111675126903,0.8934010152284264,0.6666666666666666,0.0,0.0,
triple_gemini_llama_granite,"gemini_flash,llama_70b,granite_8b",235,oracle,197,36,0.18274111675126903,0.9543147208121827,1.0,33.333333333333336,0.9289340101522843,
triple_gemini_llama_granite,"gemini_flash,llama_70b,granite_8b",235,logistic_router,197,36,0.18274111675126903,0.883248730964467,0.6111111111111112,-5.5555555555555465,0.7766497461928934,0.869281045751634
triple_gemini_llama_granite,"gemini_flash,llama_70b,granite_8b",235,linear_svm_router,197,36,0.18274111675126903,0.8730964467005076,0.5555555555555556,-11.111111111111105,0.9289340101522843,0.8743169398907104
triple_gemini_llama_granite,"gemini_flash,llama_70b,granite_8b",235,knn_router,197,36,0.18274111675126903,0.8629441624365483,0.5,-16.666666666666664,1.0,0.8629441624365483
triple_gemini_llama_granite,"gemini_flash,llama_70b,granite_8b",235,decision_tree_router,197,36,0.18274111675126903,0.8934010152284264,0.6666666666666666,0.0,0.7868020304568528,0.9032258064516129
triple_gemini_llama_granite,"gemini_flash,llama_70b,granite_8b",235,random_forest_router,197,36,0.18274111675126903,0.8984771573604061,0.6944444444444444,2.777777777777779,0.8629441624365483,0.8941176470588236
triple_gemini_llama_granite,"gemini_flash,llama_70b,granite_8b",235,extra_trees_router,197,36,0.18274111675126903,0.8883248730964467,0.6388888888888888,-2.777777777777779,0.7918781725888325,0.8782051282051282
triple_gemini_llama_granite,"gemini_flash,llama_70b,granite_8b",235,mlp_router,197,36,0.18274111675126903,0.8730964467005076,0.5555555555555556,-11.111111111111105,0.949238578680203,0.8770053475935828
triple_gemini_llama_granite,"gemini_flash,llama_70b,granite_8b",235,tfidf_logistic_router,197,36,0.18274111675126903,0.883248730964467,0.6111111111111112,-5.5555555555555465,0.8426395939086294,0.8734939759036144
triple_gemini_llama_granite,"gemini_flash,llama_70b,granite_8b",235,tfidf_linear_svm_router,197,36,0.18274111675126903,0.8629441624365483,0.5,-16.666666666666664,0.9695431472081218,0.8691099476439791
triple_gemini_llama_granite,"gemini_flash,llama_70b,granite_8b",235,tfidf_mlp_router,197,36,0.18274111675126903,0.868020304568528,0.5277777777777778,-13.888888888888884,0.9746192893401016,0.8697916666666666
triple_gemini_llama_granite,"gemini_flash,llama_70b,granite_8b",236,always_llama_70b,197,40,0.20304568527918782,0.8883248730964467,0.7,0.0,0.0,
triple_gemini_llama_granite,"gemini_flash,llama_70b,granite_8b",236,oracle,197,40,0.20304568527918782,0.949238578680203,1.0,30.000000000000004,0.9238578680203046,
triple_gemini_llama_granite,"gemini_flash,llama_70b,granite_8b",236,logistic_router,197,40,0.20304568527918782,0.8934010152284264,0.725,2.500000000000002,0.7715736040609137,0.881578947368421
triple_gemini_llama_granite,"gemini_flash,llama_70b,granite_8b",236,linear_svm_router,197,40,0.20304568527918782,0.8883248730964467,0.7,0.0,0.8883248730964467,0.8742857142857143
triple_gemini_llama_granite,"gemini_flash,llama_70b,granite_8b",236,knn_router,197,40,0.20304568527918782,0.868020304568528,0.6,-9.999999999999998,1.0,0.868020304568528
triple_gemini_llama_granite,"gemini_flash,llama_70b,granite_8b",236,decision_tree_router,197,40,0.20304568527918782,0.868020304568528,0.6,-9.999999999999998,0.8071065989847716,0.8490566037735849
triple_gemini_llama_granite,"gemini_flash,llama_70b,granite_8b",236,random_forest_router,197,40,0.20304568527918782,0.8934010152284264,0.725,2.500000000000002,0.9086294416243654,0.88268156424581
triple_gemini_llama_granite,"gemini_flash,llama_70b,granite_8b",236,extra_trees_router,197,40,0.20304568527918782,0.9035532994923858,0.775,7.500000000000007,0.7868020304568528,0.8903225806451613
triple_gemini_llama_granite,"gemini_flash,llama_70b,granite_8b",236,mlp_router,197,40,0.20304568527918782,0.883248730964467,0.675,-2.499999999999991,0.9289340101522843,0.8743169398907104
triple_gemini_llama_granite,"gemini_flash,llama_70b,granite_8b",236,tfidf_logistic_router,197,40,0.20304568527918782,0.8883248730964467,0.7,0.0,0.8477157360406091,0.874251497005988
triple_gemini_llama_granite,"gemini_flash,llama_70b,granite_8b",236,tfidf_linear_svm_router,197,40,0.20304568527918782,0.883248730964467,0.675,-2.499999999999991,0.9441624365482234,0.8763440860215054
triple_gemini_llama_granite,"gemini_flash,llama_70b,granite_8b",236,tfidf_mlp_router,197,40,0.20304568527918782,0.8781725888324873,0.65,-4.999999999999993,0.9695431472081218,0.8743455497382199
triple_gemini_llama_granite,"gemini_flash,llama_70b,granite_8b",237,always_gemini_flash,197,39,0.19796954314720813,0.8984771573604061,0.6410256410256411,0.0,0.0,
triple_gemini_llama_granite,"gemini_flash,llama_70b,granite_8b",237,oracle,197,39,0.19796954314720813,0.9695431472081218,1.0,35.89743589743589,0.07106598984771574,
triple_gemini_llama_granite,"gemini_flash,llama_70b,granite_8b",237,logistic_router,197,39,0.19796954314720813,0.9035532994923858,0.6666666666666666,2.564102564102555,0.30456852791878175,0.85
triple_gemini_llama_granite,"gemini_flash,llama_70b,granite_8b",237,linear_svm_router,197,39,0.19796954314720813,0.9086294416243654,0.6923076923076923,5.128205128205121,0.08121827411167512,0.875
triple_gemini_llama_granite,"gemini_flash,llama_70b,granite_8b",237,knn_router,197,39,0.19796954314720813,0.8984771573604061,0.6410256410256411,0.0,0.0,
triple_gemini_llama_granite,"gemini_flash,llama_70b,granite_8b",237,decision_tree_router,197,39,0.19796954314720813,0.9238578680203046,0.7692307692307693,12.82051282051282,0.36548223350253806,0.875
triple_gemini_llama_granite,"gemini_flash,llama_70b,granite_8b",237,random_forest_router,197,39,0.19796954314720813,0.934010152284264,0.8205128205128205,17.948717948717942,0.13705583756345177,0.9629629629629629
triple_gemini_llama_granite,"gemini_flash,llama_70b,granite_8b",237,extra_trees_router,197,39,0.19796954314720813,0.9137055837563451,0.717948717948718,7.692307692307687,0.233502538071066,0.8695652173913043
triple_gemini_llama_granite,"gemini_flash,llama_70b,granite_8b",237,mlp_router,197,39,0.19796954314720813,0.9137055837563451,0.717948717948718,7.692307692307687,0.09137055837563451,0.8888888888888888
triple_gemini_llama_granite,"gemini_flash,llama_70b,granite_8b",237,tfidf_logistic_router,197,39,0.19796954314720813,0.9086294416243654,0.6923076923076923,5.128205128205121,0.16243654822335024,0.875
triple_gemini_llama_granite,"gemini_flash,llama_70b,granite_8b",237,tfidf_linear_svm_router,197,39,0.19796954314720813,0.9035532994923858,0.6666666666666666,2.564102564102555,0.030456852791878174,0.8333333333333334
triple_gemini_llama_granite,"gemini_flash,llama_70b,granite_8b",237,tfidf_mlp_router,197,39,0.19796954314720813,0.9035532994923858,0.6666666666666666,2.564102564102555,0.02030456852791878,0.75
triple_gemini_llama_granite,"gemini_flash,llama_70b,granite_8b",238,always_llama_70b,197,44,0.2233502538071066,0.8984771573604061,0.7272727272727273,0.0,0.0,
triple_gemini_llama_granite,"gemini_flash,llama_70b,granite_8b",238,oracle,197,44,0.2233502538071066,0.9593908629441624,1.0,27.27272727272727,0.9238578680203046,
triple_gemini_llama_granite,"gemini_flash,llama_70b,granite_8b",238,logistic_router,197,44,0.2233502538071066,0.9086294416243654,0.7727272727272727,4.545454545454541,0.7817258883248731,0.9025974025974026
triple_gemini_llama_granite,"gemini_flash,llama_70b,granite_8b",238,linear_svm_router,197,44,0.2233502538071066,0.8730964467005076,0.6136363636363636,-11.363636363636365,0.9644670050761421,0.8736842105263158
triple_gemini_llama_granite,"gemini_flash,llama_70b,granite_8b",238,knn_router,197,44,0.2233502538071066,0.868020304568528,0.5909090909090909,-13.636363636363635,1.0,0.868020304568528
triple_gemini_llama_granite,"gemini_flash,llama_70b,granite_8b",238,decision_tree_router,197,44,0.2233502538071066,0.8781725888324873,0.6363636363636364,-9.090909090909093,0.7766497461928934,0.869281045751634
triple_gemini_llama_granite,"gemini_flash,llama_70b,granite_8b",238,random_forest_router,197,44,0.2233502538071066,0.9086294416243654,0.7727272727272727,4.545454545454541,0.8527918781725888,0.9166666666666666
triple_gemini_llama_granite,"gemini_flash,llama_70b,granite_8b",238,extra_trees_router,197,44,0.2233502538071066,0.9086294416243654,0.7727272727272727,4.545454545454541,0.7715736040609137,0.9210526315789473
triple_gemini_llama_granite,"gemini_flash,llama_70b,granite_8b",238,mlp_router,197,44,0.2233502538071066,0.868020304568528,0.5909090909090909,-13.636363636363635,0.9593908629441624,0.8624338624338624
triple_gemini_llama_granite,"gemini_flash,llama_70b,granite_8b",238,tfidf_logistic_router,197,44,0.2233502538071066,0.883248730964467,0.6590909090909091,-6.818181818181824,0.8781725888324873,0.8786127167630058
triple_gemini_llama_granite,"gemini_flash,llama_70b,granite_8b",238,tfidf_linear_svm_router,197,44,0.2233502538071066,0.8629441624365483,0.5681818181818182,-15.909090909090907,0.9847715736040609,0.865979381443299
triple_gemini_llama_granite,"gemini_flash,llama_70b,granite_8b",238,tfidf_mlp_router,197,44,0.2233502538071066,0.868020304568528,0.5909090909090909,-13.636363636363635,0.9847715736040609,0.865979381443299
triple_gemini_llama_granite,"gemini_flash,llama_70b,granite_8b",239,always_llama_70b,197,38,0.19289340101522842,0.8934010152284264,0.7105263157894737,0.0,0.0,
triple_gemini_llama_granite,"gemini_flash,llama_70b,granite_8b",239,oracle,197,38,0.19289340101522842,0.949238578680203,1.0,28.947368421052634,0.9441624365482234,
triple_gemini_llama_granite,"gemini_flash,llama_70b,granite_8b",239,logistic_router,197,38,0.19289340101522842,0.9035532994923858,0.7631578947368421,5.263157894736848,0.7868020304568528,0.8903225806451613
triple_gemini_llama_granite,"gemini_flash,llama_70b,granite_8b",239,linear_svm_router,197,38,0.19289340101522842,0.8934010152284264,0.7105263157894737,0.0,0.9289340101522843,0.8961748633879781
triple_gemini_llama_granite,"gemini_flash,llama_70b,granite_8b",239,knn_router,197,38,0.19289340101522842,0.883248730964467,0.6578947368421053,-5.263157894736836,1.0,0.883248730964467
triple_gemini_llama_granite,"gemini_flash,llama_70b,granite_8b",239,decision_tree_router,197,38,0.19289340101522842,0.8883248730964467,0.6842105263157895,-2.631578947368418,0.6903553299492385,0.8676470588235294
triple_gemini_llama_granite,"gemini_flash,llama_70b,granite_8b",239,random_forest_router,197,38,0.19289340101522842,0.9137055837563451,0.8157894736842105,10.526315789473683,0.8527918781725888,0.9107142857142857
triple_gemini_llama_granite,"gemini_flash,llama_70b,granite_8b",239,extra_trees_router,197,38,0.19289340101522842,0.9086294416243654,0.7894736842105263,7.8947368421052655,0.8071065989847716,0.9056603773584906
triple_gemini_llama_granite,"gemini_flash,llama_70b,granite_8b",239,mlp_router,197,38,0.19289340101522842,0.8934010152284264,0.7105263157894737,0.0,0.9289340101522843,0.8907103825136612
triple_gemini_llama_granite,"gemini_flash,llama_70b,granite_8b",239,tfidf_logistic_router,197,38,0.19289340101522842,0.8984771573604061,0.7368421052631579,2.631578947368418,0.8629441624365483,0.8941176470588236
triple_gemini_llama_granite,"gemini_flash,llama_70b,granite_8b",239,tfidf_linear_svm_router,197,38,0.19289340101522842,0.8781725888324873,0.631578947368421,-7.8947368421052655,0.9695431472081218,0.8848167539267016
triple_gemini_llama_granite,"gemini_flash,llama_70b,granite_8b",239,tfidf_mlp_router,197,38,0.19289340101522842,0.8883248730964467,0.6842105263157895,-2.631578947368418,0.9898477157360406,0.8871794871794871
triple_gemini_llama_granite,"gemini_flash,llama_70b,granite_8b",240,always_llama_70b,197,45,0.22842639593908629,0.934010152284264,0.7111111111111111,0.0,0.0,
triple_gemini_llama_granite,"gemini_flash,llama_70b,granite_8b",240,oracle,197,45,0.22842639593908629,1.0,1.0,28.888888888888886,0.9289340101522843,
triple_gemini_llama_granite,"gemini_flash,llama_70b,granite_8b",240,logistic_router,197,45,0.22842639593908629,0.9543147208121827,0.8,8.888888888888891,0.7969543147208121,0.9490445859872612
triple_gemini_llama_granite,"gemini_flash,llama_70b,granite_8b",240,linear_svm_router,197,45,0.22842639593908629,0.9390862944162437,0.7333333333333333,2.2222222222222143,0.9238578680203046,0.9395604395604396
triple_gemini_llama_granite,"gemini_flash,llama_70b,granite_8b",240,knn_router,197,45,0.22842639593908629,0.9187817258883249,0.6444444444444445,-6.666666666666665,1.0,0.9187817258883249
triple_gemini_llama_granite,"gemini_flash,llama_70b,granite_8b",240,decision_tree_router,197,45,0.22842639593908629,0.9238578680203046,0.6666666666666666,-4.444444444444451,0.7157360406091371,0.9290780141843972
triple_gemini_llama_granite,"gemini_flash,llama_70b,granite_8b",240,random_forest_router,197,45,0.22842639593908629,0.9695431472081218,0.8666666666666667,15.555555555555555,0.8730964467005076,0.9651162790697675
triple_gemini_llama_granite,"gemini_flash,llama_70b,granite_8b",240,extra_trees_router,197,45,0.22842639593908629,0.9644670050761421,0.8444444444444444,13.33333333333333,0.766497461928934,0.9602649006622517
triple_gemini_llama_granite,"gemini_flash,llama_70b,granite_8b",240,mlp_router,197,45,0.22842639593908629,0.934010152284264,0.7111111111111111,0.0,0.934010152284264,0.9293478260869565
triple_gemini_llama_granite,"gemini_flash,llama_70b,granite_8b",240,tfidf_logistic_router,197,45,0.22842639593908629,0.9695431472081218,0.8666666666666667,15.555555555555555,0.8477157360406091,0.9640718562874252
triple_gemini_llama_granite,"gemini_flash,llama_70b,granite_8b",240,tfidf_linear_svm_router,197,45,0.22842639593908629,0.9238578680203046,0.6666666666666666,-4.444444444444451,0.9644670050761421,0.9263157894736842
triple_gemini_llama_granite,"gemini_flash,llama_70b,granite_8b",240,tfidf_mlp_router,197,45,0.22842639593908629,0.934010152284264,0.7111111111111111,0.0,0.9796954314720813,0.9326424870466321
triple_gemini_llama_granite,"gemini_flash,llama_70b,granite_8b",241,always_granite_8b,197,37,0.18781725888324874,0.8781725888324873,0.6216216216216216,0.0,0.0,
triple_gemini_llama_granite,"gemini_flash,llama_70b,granite_8b",241,oracle,197,37,0.18781725888324874,0.949238578680203,1.0,37.83783783783784,0.9898477157360406,
triple_gemini_llama_granite,"gemini_flash,llama_70b,granite_8b",241,logistic_router,197,37,0.18781725888324874,0.868020304568528,0.5675675675675675,-5.405405405405405,0.9644670050761421,0.8736842105263158
triple_gemini_llama_granite,"gemini_flash,llama_70b,granite_8b",241,linear_svm_router,197,37,0.18781725888324874,0.8629441624365483,0.5405405405405406,-8.108108108108103,0.9898477157360406,0.8666666666666667
triple_gemini_llama_granite,"gemini_flash,llama_70b,granite_8b",241,knn_router,197,37,0.18781725888324874,0.8578680203045685,0.5135135135135135,-10.81081081081081,1.0,0.8578680203045685
triple_gemini_llama_granite,"gemini_flash,llama_70b,granite_8b",241,decision_tree_router,197,37,0.18781725888324874,0.8984771573604061,0.7297297297297297,10.81081081081081,0.9035532994923858,0.9101123595505618
triple_gemini_llama_granite,"gemini_flash,llama_70b,granite_8b",241,random_forest_router,197,37,0.18781725888324874,0.8984771573604061,0.7297297297297297,10.81081081081081,0.9847715736040609,0.8969072164948454
triple_gemini_llama_granite,"gemini_flash,llama_70b,granite_8b",241,extra_trees_router,197,37,0.18781725888324874,0.8781725888324873,0.6216216216216216,0.0,0.9593908629441624,0.8888888888888888
triple_gemini_llama_granite,"gemini_flash,llama_70b,granite_8b",241,mlp_router,197,37,0.18781725888324874,0.868020304568528,0.5675675675675675,-5.405405405405405,1.0,0.868020304568528
triple_gemini_llama_granite,"gemini_flash,llama_70b,granite_8b",241,tfidf_logistic_router,197,37,0.18781725888324874,0.868020304568528,0.5675675675675675,-5.405405405405405,0.9746192893401016,0.875
triple_gemini_llama_granite,"gemini_flash,llama_70b,granite_8b",241,tfidf_linear_svm_router,197,37,0.18781725888324874,0.8629441624365483,0.5405405405405406,-8.108108108108103,1.0,0.8629441624365483
triple_gemini_llama_granite,"gemini_flash,llama_70b,granite_8b",241,tfidf_mlp_router,197,37,0.18781725888324874,0.8629441624365483,0.5405405405405406,-8.108108108108103,1.0,0.8629441624365483
triple_gemini_llama_granite,"gemini_flash,llama_70b,granite_8b",242,always_llama_70b,197,43,0.2182741116751269,0.8984771573604061,0.7209302325581395,0.0,0.0,
triple_gemini_llama_granite,"gemini_flash,llama_70b,granite_8b",242,oracle,197,43,0.2182741116751269,0.9593908629441624,1.0,27.906976744186053,0.9137055837563451,
triple_gemini_llama_granite,"gemini_flash,llama_70b,granite_8b",242,logistic_router,197,43,0.2182741116751269,0.883248730964467,0.6511627906976745,-6.976744186046502,0.8426395939086294,0.891566265060241
triple_gemini_llama_granite,"gemini_flash,llama_70b,granite_8b",242,linear_svm_router,197,43,0.2182741116751269,0.8781725888324873,0.627906976744186,-9.302325581395344,0.9695431472081218,0.8795811518324608
triple_gemini_llama_granite,"gemini_flash,llama_70b,granite_8b",242,knn_router,197,43,0.2182741116751269,0.8781725888324873,0.627906976744186,-9.302325581395344,0.9949238578680203,0.8775510204081632
triple_gemini_llama_granite,"gemini_flash,llama_70b,granite_8b",242,decision_tree_router,197,43,0.2182741116751269,0.8527918781725888,0.5116279069767442,-20.93023255813953,0.8934010152284264,0.8409090909090909
triple_gemini_llama_granite,"gemini_flash,llama_70b,granite_8b",242,random_forest_router,197,43,0.2182741116751269,0.883248730964467,0.6511627906976745,-6.976744186046502,0.8781725888324873,0.8786127167630058
triple_gemini_llama_granite,"gemini_flash,llama_70b,granite_8b",242,extra_trees_router,197,43,0.2182741116751269,0.8883248730964467,0.6744186046511628,-4.651162790697672,0.8071065989847716,0.8805031446540881
triple_gemini_llama_granite,"gemini_flash,llama_70b,granite_8b",242,mlp_router,197,43,0.2182741116751269,0.883248730964467,0.6511627906976745,-6.976744186046502,0.9593908629441624,0.8835978835978836
triple_gemini_llama_granite,"gemini_flash,llama_70b,granite_8b",242,tfidf_logistic_router,197,43,0.2182741116751269,0.8934010152284264,0.6976744186046512,-2.3255813953488302,0.9086294416243654,0.8938547486033519
triple_gemini_llama_granite,"gemini_flash,llama_70b,granite_8b",242,tfidf_linear_svm_router,197,43,0.2182741116751269,0.8781725888324873,0.627906976744186,-9.302325581395344,0.9847715736040609,0.8762886597938144
triple_gemini_llama_granite,"gemini_flash,llama_70b,granite_8b",242,tfidf_mlp_router,197,43,0.2182741116751269,0.883248730964467,0.6511627906976745,-6.976744186046502,0.9796954314720813,0.8808290155440415
triple_gemini_llama_granite,"gemini_flash,llama_70b,granite_8b",243,always_llama_70b,197,38,0.19289340101522842,0.9086294416243654,0.7631578947368421,0.0,0.0,
triple_gemini_llama_granite,"gemini_flash,llama_70b,granite_8b",243,oracle,197,38,0.19289340101522842,0.9543147208121827,1.0,23.684210526315784,0.9086294416243654,
triple_gemini_llama_granite,"gemini_flash,llama_70b,granite_8b",243,logistic_router,197,38,0.19289340101522842,0.8934010152284264,0.6842105263157895,-7.8947368421052655,0.817258883248731,0.8819875776397516
triple_gemini_llama_granite,"gemini_flash,llama_70b,granite_8b",243,linear_svm_router,197,38,0.19289340101522842,0.8578680203045685,0.5,-26.315789473684216,0.9543147208121827,0.8563829787234043
triple_gemini_llama_granite,"gemini_flash,llama_70b,granite_8b",243,knn_router,197,38,0.19289340101522842,0.8477157360406091,0.4473684210526316,-31.578947368421055,1.0,0.8477157360406091
triple_gemini_llama_granite,"gemini_flash,llama_70b,granite_8b",243,decision_tree_router,197,38,0.19289340101522842,0.8934010152284264,0.6842105263157895,-7.8947368421052655,0.7817258883248731,0.8961038961038961
triple_gemini_llama_granite,"gemini_flash,llama_70b,granite_8b",243,random_forest_router,197,38,0.19289340101522842,0.8883248730964467,0.6578947368421053,-10.526315789473683,0.883248730964467,0.8850574712643678
triple_gemini_llama_granite,"gemini_flash,llama_70b,granite_8b",243,extra_trees_router,197,38,0.19289340101522842,0.8984771573604061,0.7105263157894737,-5.263157894736848,0.7969543147208121,0.8853503184713376
triple_gemini_llama_granite,"gemini_flash,llama_70b,granite_8b",243,mlp_router,197,38,0.19289340101522842,0.8730964467005076,0.5789473684210527,-18.42105263157895,0.9289340101522843,0.8688524590163934
triple_gemini_llama_granite,"gemini_flash,llama_70b,granite_8b",243,tfidf_logistic_router,197,38,0.19289340101522842,0.8730964467005076,0.5789473684210527,-18.42105263157895,0.8883248730964467,0.8628571428571429
triple_gemini_llama_granite,"gemini_flash,llama_70b,granite_8b",243,tfidf_linear_svm_router,197,38,0.19289340101522842,0.8578680203045685,0.5,-26.315789473684216,0.9695431472081218,0.8586387434554974
triple_gemini_llama_granite,"gemini_flash,llama_70b,granite_8b",243,tfidf_mlp_router,197,38,0.19289340101522842,0.8527918781725888,0.47368421052631576,-28.947368421052637,0.9847715736040609,0.8556701030927835
triple_gemini_llama_granite,"gemini_flash,llama_70b,granite_8b",244,always_llama_70b,197,34,0.17258883248730963,0.9086294416243654,0.7058823529411765,0.0,0.0,
triple_gemini_llama_granite,"gemini_flash,llama_70b,granite_8b",244,oracle,197,34,0.17258883248730963,0.9593908629441624,1.0,29.411764705882348,0.9390862944162437,
triple_gemini_llama_granite,"gemini_flash,llama_70b,granite_8b",244,logistic_router,197,34,0.17258883248730963,0.8934010152284264,0.6176470588235294,-8.823529411764708,0.8426395939086294,0.8975903614457831
triple_gemini_llama_granite,"gemini_flash,llama_70b,granite_8b",244,linear_svm_router,197,34,0.17258883248730963,0.8883248730964467,0.5882352941176471,-11.764705882352944,0.9441624365482234,0.8924731182795699
triple_gemini_llama_granite,"gemini_flash,llama_70b,granite_8b",244,knn_router,197,34,0.17258883248730963,0.8934010152284264,0.6176470588235294,-8.823529411764708,1.0,0.8934010152284264
triple_gemini_llama_granite,"gemini_flash,llama_70b,granite_8b",244,decision_tree_router,197,34,0.17258883248730963,0.8984771573604061,0.6470588235294118,-5.882352941176472,0.8274111675126904,0.8834355828220859
triple_gemini_llama_granite,"gemini_flash,llama_70b,granite_8b",244,random_forest_router,197,34,0.17258883248730963,0.9187817258883249,0.7647058823529411,5.88235294117646,0.8730964467005076,0.9244186046511628
triple_gemini_llama_granite,"gemini_flash,llama_70b,granite_8b",244,extra_trees_router,197,34,0.17258883248730963,0.9035532994923858,0.6764705882352942,-2.941176470588236,0.7868020304568528,0.9032258064516129
triple_gemini_llama_granite,"gemini_flash,llama_70b,granite_8b",244,mlp_router,197,34,0.17258883248730963,0.8984771573604061,0.6470588235294118,-5.882352941176472,0.9187817258883249,0.9005524861878453
triple_gemini_llama_granite,"gemini_flash,llama_70b,granite_8b",244,tfidf_logistic_router,197,34,0.17258883248730963,0.8984771573604061,0.6470588235294118,-5.882352941176472,0.8883248730964467,0.9085714285714286
triple_gemini_llama_granite,"gemini_flash,llama_70b,granite_8b",244,tfidf_linear_svm_router,197,34,0.17258883248730963,0.8934010152284264,0.6176470588235294,-8.823529411764708,0.9796954314720813,0.8963730569948186
triple_gemini_llama_granite,"gemini_flash,llama_70b,granite_8b",244,tfidf_mlp_router,197,34,0.17258883248730963,0.8934010152284264,0.6176470588235294,-8.823529411764708,0.9949238578680203,0.8928571428571429
triple_gemini_llama_granite,"gemini_flash,llama_70b,granite_8b",245,always_llama_70b,197,40,0.20304568527918782,0.8984771573604061,0.7,0.0,0.0,
triple_gemini_llama_granite,"gemini_flash,llama_70b,granite_8b",245,oracle,197,40,0.20304568527918782,0.9593908629441624,1.0,30.000000000000004,0.9238578680203046,
triple_gemini_llama_granite,"gemini_flash,llama_70b,granite_8b",245,logistic_router,197,40,0.20304568527918782,0.8781725888324873,0.6,-9.999999999999998,0.8324873096446701,0.8719512195121951
triple_gemini_llama_granite,"gemini_flash,llama_70b,granite_8b",245,linear_svm_router,197,40,0.20304568527918782,0.868020304568528,0.55,-14.999999999999991,0.9593908629441624,0.8677248677248677
triple_gemini_llama_granite,"gemini_flash,llama_70b,granite_8b",245,knn_router,197,40,0.20304568527918782,0.8629441624365483,0.525,-17.499999999999993,1.0,0.8629441624365483
triple_gemini_llama_granite,"gemini_flash,llama_70b,granite_8b",245,decision_tree_router,197,40,0.20304568527918782,0.883248730964467,0.625,-7.499999999999996,0.7715736040609137,0.875
triple_gemini_llama_granite,"gemini_flash,llama_70b,granite_8b",245,random_forest_router,197,40,0.20304568527918782,0.8984771573604061,0.7,0.0,0.8984771573604061,0.8926553672316384
triple_gemini_llama_granite,"gemini_flash,llama_70b,granite_8b",245,extra_trees_router,197,40,0.20304568527918782,0.8883248730964467,0.65,-4.999999999999993,0.8071065989847716,0.8805031446540881
triple_gemini_llama_granite,"gemini_flash,llama_70b,granite_8b",245,mlp_router,197,40,0.20304568527918782,0.8629441624365483,0.525,-17.499999999999993,0.9543147208121827,0.8670212765957447
triple_gemini_llama_granite,"gemini_flash,llama_70b,granite_8b",245,tfidf_logistic_router,197,40,0.20304568527918782,0.883248730964467,0.625,-7.499999999999996,0.9035532994923858,0.8820224719101124
triple_gemini_llama_granite,"gemini_flash,llama_70b,granite_8b",245,tfidf_linear_svm_router,197,40,0.20304568527918782,0.8629441624365483,0.525,-17.499999999999993,0.9898477157360406,0.8615384615384616
triple_gemini_llama_granite,"gemini_flash,llama_70b,granite_8b",245,tfidf_mlp_router,197,40,0.20304568527918782,0.868020304568528,0.55,-14.999999999999991,0.9898477157360406,0.8666666666666667
triple_gemini_llama_granite,"gemini_flash,llama_70b,granite_8b",246,always_gemini_flash,197,43,0.2182741116751269,0.8781725888324873,0.6511627906976745,0.0,0.0,
triple_gemini_llama_granite,"gemini_flash,llama_70b,granite_8b",246,oracle,197,43,0.2182741116751269,0.9543147208121827,1.0,34.883720930232556,0.07614213197969544,
triple_gemini_llama_granite,"gemini_flash,llama_70b,granite_8b",246,logistic_router,197,43,0.2182741116751269,0.8730964467005076,0.627906976744186,-2.3255813953488413,0.2182741116751269,0.8372093023255814
triple_gemini_llama_granite,"gemini_flash,llama_70b,granite_8b",246,linear_svm_router,197,43,0.2182741116751269,0.883248730964467,0.6744186046511628,2.3255813953488302,0.050761421319796954,0.8
triple_gemini_llama_granite,"gemini_flash,llama_70b,granite_8b",246,knn_router,197,43,0.2182741116751269,0.8781725888324873,0.6511627906976745,0.0,0.0,
triple_gemini_llama_granite,"gemini_flash,llama_70b,granite_8b",246,decision_tree_router,197,43,0.2182741116751269,0.8477157360406091,0.5116279069767442,-13.953488372093027,0.29949238578680204,0.7457627118644068
triple_gemini_llama_granite,"gemini_flash,llama_70b,granite_8b",246,random_forest_router,197,43,0.2182741116751269,0.9035532994923858,0.7674418604651163,11.627906976744185,0.116751269035533,0.9130434782608695
triple_gemini_llama_granite,"gemini_flash,llama_70b,granite_8b",246,extra_trees_router,197,43,0.2182741116751269,0.8934010152284264,0.7209302325581395,6.976744186046502,0.2436548223350254,0.8541666666666666
triple_gemini_llama_granite,"gemini_flash,llama_70b,granite_8b",246,mlp_router,197,43,0.2182741116751269,0.8883248730964467,0.6976744186046512,4.651162790697672,0.09137055837563451,0.9444444444444444
triple_gemini_llama_granite,"gemini_flash,llama_70b,granite_8b",246,tfidf_logistic_router,197,43,0.2182741116751269,0.8883248730964467,0.6976744186046512,4.651162790697672,0.1319796954314721,0.8461538461538461
triple_gemini_llama_granite,"gemini_flash,llama_70b,granite_8b",246,tfidf_linear_svm_router,197,43,0.2182741116751269,0.8781725888324873,0.6511627906976745,0.0,0.01015228426395939,1.0
triple_gemini_llama_granite,"gemini_flash,llama_70b,granite_8b",246,tfidf_mlp_router,197,43,0.2182741116751269,0.883248730964467,0.6744186046511628,2.3255813953488302,0.02030456852791878,1.0
triple_gemini_llama_granite,"gemini_flash,llama_70b,granite_8b",247,always_gemini_flash,197,28,0.14213197969543148,0.9238578680203046,0.6785714285714286,0.0,0.0,
triple_gemini_llama_granite,"gemini_flash,llama_70b,granite_8b",247,oracle,197,28,0.14213197969543148,0.9695431472081218,1.0,32.14285714285714,0.04568527918781726,
triple_gemini_llama_granite,"gemini_flash,llama_70b,granite_8b",247,logistic_router,197,28,0.14213197969543148,0.9137055837563451,0.6071428571428571,-7.142857142857151,0.22842639593908629,0.8444444444444444
triple_gemini_llama_granite,"gemini_flash,llama_70b,granite_8b",247,linear_svm_router,197,28,0.14213197969543148,0.9137055837563451,0.6071428571428571,-7.142857142857151,0.08121827411167512,0.75
triple_gemini_llama_granite,"gemini_flash,llama_70b,granite_8b",247,knn_router,197,28,0.14213197969543148,0.9238578680203046,0.6785714285714286,0.0,0.0,
triple_gemini_llama_granite,"gemini_flash,llama_70b,granite_8b",247,decision_tree_router,197,28,0.14213197969543148,0.9390862944162437,0.7857142857142857,10.71428571428571,0.4010152284263959,0.8987341772151899
triple_gemini_llama_granite,"gemini_flash,llama_70b,granite_8b",247,random_forest_router,197,28,0.14213197969543148,0.9390862944162437,0.7857142857142857,10.71428571428571,0.15228426395939088,0.9
triple_gemini_llama_granite,"gemini_flash,llama_70b,granite_8b",247,extra_trees_router,197,28,0.14213197969543148,0.9187817258883249,0.6428571428571429,-3.57142857142857,0.24873096446700507,0.8571428571428571
triple_gemini_llama_granite,"gemini_flash,llama_70b,granite_8b",247,mlp_router,197,28,0.14213197969543148,0.934010152284264,0.75,7.14285714285714,0.08629441624365482,0.8823529411764706
triple_gemini_llama_granite,"gemini_flash,llama_70b,granite_8b",247,tfidf_logistic_router,197,28,0.14213197969543148,0.9137055837563451,0.6071428571428571,-7.142857142857151,0.14720812182741116,0.7931034482758621
triple_gemini_llama_granite,"gemini_flash,llama_70b,granite_8b",247,tfidf_linear_svm_router,197,28,0.14213197969543148,0.9187817258883249,0.6428571428571429,-3.57142857142857,0.03553299492385787,0.8571428571428571
triple_gemini_llama_granite,"gemini_flash,llama_70b,granite_8b",247,tfidf_mlp_router,197,28,0.14213197969543148,0.9289340101522843,0.7142857142857143,3.57142857142857,0.015228426395939087,1.0
triple_gemini_llama_granite,"gemini_flash,llama_70b,granite_8b",248,always_llama_70b,197,33,0.16751269035532995,0.9137055837563451,0.7575757575757576,0.0,0.0,
triple_gemini_llama_granite,"gemini_flash,llama_70b,granite_8b",248,oracle,197,33,0.16751269035532995,0.9543147208121827,1.0,24.242424242424242,0.9390862944162437,
triple_gemini_llama_granite,"gemini_flash,llama_70b,granite_8b",248,logistic_router,197,33,0.16751269035532995,0.9086294416243654,0.7272727272727273,-3.0303030303030276,0.7563451776649747,0.9194630872483222
triple_gemini_llama_granite,"gemini_flash,llama_70b,granite_8b",248,linear_svm_router,197,33,0.16751269035532995,0.8934010152284264,0.6363636363636364,-12.121212121212121,0.9593908629441624,0.8994708994708994
triple_gemini_llama_granite,"gemini_flash,llama_70b,granite_8b",248,knn_router,197,33,0.16751269035532995,0.8934010152284264,0.6363636363636364,-12.121212121212121,0.9949238578680203,0.8928571428571429
triple_gemini_llama_granite,"gemini_flash,llama_70b,granite_8b",248,decision_tree_router,197,33,0.16751269035532995,0.8883248730964467,0.6060606060606061,-15.151515151515149,0.751269035532995,0.8716216216216216
triple_gemini_llama_granite,"gemini_flash,llama_70b,granite_8b",248,random_forest_router,197,33,0.16751269035532995,0.9086294416243654,0.7272727272727273,-3.0303030303030276,0.8934010152284264,0.9204545454545454
triple_gemini_llama_granite,"gemini_flash,llama_70b,granite_8b",248,extra_trees_router,197,33,0.16751269035532995,0.9137055837563451,0.7575757575757576,0.0,0.7918781725888325,0.9230769230769231
triple_gemini_llama_granite,"gemini_flash,llama_70b,granite_8b",248,mlp_router,197,33,0.16751269035532995,0.8984771573604061,0.6666666666666666,-9.090909090909093,0.949238578680203,0.9037433155080213
triple_gemini_llama_granite,"gemini_flash,llama_70b,granite_8b",248,tfidf_logistic_router,197,33,0.16751269035532995,0.9137055837563451,0.7575757575757576,0.0,0.8426395939086294,0.9216867469879518
triple_gemini_llama_granite,"gemini_flash,llama_70b,granite_8b",248,tfidf_linear_svm_router,197,33,0.16751269035532995,0.8934010152284264,0.6363636363636364,-12.121212121212121,0.9695431472081218,0.8900523560209425
triple_gemini_llama_granite,"gemini_flash,llama_70b,granite_8b",248,tfidf_mlp_router,197,33,0.16751269035532995,0.8984771573604061,0.6666666666666666,-9.090909090909093,0.9796954314720813,0.8963730569948186
triple_gemini_llama_granite,"gemini_flash,llama_70b,granite_8b",249,always_llama_70b,197,43,0.2182741116751269,0.8730964467005076,0.6744186046511628,0.0,0.0,
triple_gemini_llama_granite,"gemini_flash,llama_70b,granite_8b",249,oracle,197,43,0.2182741116751269,0.9441624365482234,1.0,32.55813953488372,0.9187817258883249,
triple_gemini_llama_granite,"gemini_flash,llama_70b,granite_8b",249,logistic_router,197,43,0.2182741116751269,0.8730964467005076,0.6744186046511628,0.0,0.8274111675126904,0.8650306748466258
triple_gemini_llama_granite,"gemini_flash,llama_70b,granite_8b",249,linear_svm_router,197,43,0.2182741116751269,0.8426395939086294,0.5348837209302325,-13.953488372093027,0.9390862944162437,0.8432432432432433
triple_gemini_llama_granite,"gemini_flash,llama_70b,granite_8b",249,knn_router,197,43,0.2182741116751269,0.8477157360406091,0.5581395348837209,-11.627906976744185,1.0,0.8477157360406091
triple_gemini_llama_granite,"gemini_flash,llama_70b,granite_8b",249,decision_tree_router,197,43,0.2182741116751269,0.8781725888324873,0.6976744186046512,2.3255813953488413,0.7309644670050761,0.8611111111111112
triple_gemini_llama_granite,"gemini_flash,llama_70b,granite_8b",249,random_forest_router,197,43,0.2182741116751269,0.8883248730964467,0.7441860465116279,6.976744186046513,0.8375634517766497,0.8848484848484849
triple_gemini_llama_granite,"gemini_flash,llama_70b,granite_8b",249,extra_trees_router,197,43,0.2182741116751269,0.8781725888324873,0.6976744186046512,2.3255813953488413,0.8020304568527918,0.8670886075949367
triple_gemini_llama_granite,"gemini_flash,llama_70b,granite_8b",249,mlp_router,197,43,0.2182741116751269,0.868020304568528,0.6511627906976745,-2.3255813953488302,0.9238578680203046,0.8571428571428571
triple_gemini_llama_granite,"gemini_flash,llama_70b,granite_8b",249,tfidf_logistic_router,197,43,0.2182741116751269,0.8730964467005076,0.6744186046511628,0.0,0.8781725888324873,0.861271676300578
triple_gemini_llama_granite,"gemini_flash,llama_70b,granite_8b",249,tfidf_linear_svm_router,197,43,0.2182741116751269,0.8477157360406091,0.5581395348837209,-11.627906976744185,0.9796954314720813,0.8497409326424871
triple_gemini_llama_granite,"gemini_flash,llama_70b,granite_8b",249,tfidf_mlp_router,197,43,0.2182741116751269,0.8527918781725888,0.5813953488372093,-9.302325581395344,0.9847715736040609,0.8505154639175257
triple_gemini_llama_granite,"gemini_flash,llama_70b,granite_8b",250,always_gemini_flash,197,33,0.16751269035532995,0.9086294416243654,0.6666666666666666,0.0,0.0,
triple_gemini_llama_granite,"gemini_flash,llama_70b,granite_8b",250,oracle,197,33,0.16751269035532995,0.9644670050761421,1.0,33.333333333333336,0.05583756345177665,
triple_gemini_llama_granite,"gemini_flash,llama_70b,granite_8b",250,logistic_router,197,33,0.16751269035532995,0.9035532994923858,0.6363636363636364,-3.0303030303030276,0.28426395939086296,0.8214285714285714
triple_gemini_llama_granite,"gemini_flash,llama_70b,granite_8b",250,linear_svm_router,197,33,0.16751269035532995,0.9137055837563451,0.696969696969697,3.0303030303030387,0.09137055837563451,0.8333333333333334
triple_gemini_llama_granite,"gemini_flash,llama_70b,granite_8b",250,knn_router,197,33,0.16751269035532995,0.9086294416243654,0.6666666666666666,0.0,0.0,
triple_gemini_llama_granite,"gemini_flash,llama_70b,granite_8b",250,decision_tree_router,197,33,0.16751269035532995,0.883248730964467,0.5151515151515151,-15.151515151515149,0.467005076142132,0.8369565217391305
triple_gemini_llama_granite,"gemini_flash,llama_70b,granite_8b",250,random_forest_router,197,33,0.16751269035532995,0.934010152284264,0.8181818181818182,15.15151515151516,0.12690355329949238,0.96
triple_gemini_llama_granite,"gemini_flash,llama_70b,granite_8b",250,extra_trees_router,197,33,0.16751269035532995,0.9187817258883249,0.7272727272727273,6.060606060606066,0.27411167512690354,0.8518518518518519
triple_gemini_llama_granite,"gemini_flash,llama_70b,granite_8b",250,mlp_router,197,33,0.16751269035532995,0.9035532994923858,0.6363636363636364,-3.0303030303030276,0.04568527918781726,0.8888888888888888
triple_gemini_llama_granite,"gemini_flash,llama_70b,granite_8b",250,tfidf_logistic_router,197,33,0.16751269035532995,0.9086294416243654,0.6666666666666666,0.0,0.19289340101522842,0.7894736842105263
triple_gemini_llama_granite,"gemini_flash,llama_70b,granite_8b",250,tfidf_linear_svm_router,197,33,0.16751269035532995,0.9137055837563451,0.696969696969697,3.0303030303030387,0.030456852791878174,0.8333333333333334
triple_gemini_llama_granite,"gemini_flash,llama_70b,granite_8b",250,tfidf_mlp_router,197,33,0.16751269035532995,0.9187817258883249,0.7272727272727273,6.060606060606066,0.03553299492385787,1.0
triple_gemini_llama_granite,"gemini_flash,llama_70b,granite_8b",251,always_llama_70b,197,36,0.18274111675126903,0.9086294416243654,0.6111111111111112,0.0,0.0,
triple_gemini_llama_granite,"gemini_flash,llama_70b,granite_8b",251,oracle,197,36,0.18274111675126903,0.9796954314720813,1.0,38.888888888888886,0.9390862944162437,
triple_gemini_llama_granite,"gemini_flash,llama_70b,granite_8b",251,logistic_router,197,36,0.18274111675126903,0.9137055837563451,0.6388888888888888,2.777777777777768,0.7817258883248731,0.9090909090909091
triple_gemini_llama_granite,"gemini_flash,llama_70b,granite_8b",251,linear_svm_router,197,36,0.18274111675126903,0.9035532994923858,0.5833333333333334,-2.777777777777779,0.9137055837563451,0.9055555555555556
triple_gemini_llama_granite,"gemini_flash,llama_70b,granite_8b",251,knn_router,197,36,0.18274111675126903,0.8984771573604061,0.5555555555555556,-5.555555555555558,1.0,0.8984771573604061
triple_gemini_llama_granite,"gemini_flash,llama_70b,granite_8b",251,decision_tree_router,197,36,0.18274111675126903,0.9137055837563451,0.6388888888888888,2.777777777777768,0.7208121827411168,0.9154929577464789
triple_gemini_llama_granite,"gemini_flash,llama_70b,granite_8b",251,random_forest_router,197,36,0.18274111675126903,0.9289340101522843,0.7222222222222222,11.111111111111105,0.8781725888324873,0.930635838150289
triple_gemini_llama_granite,"gemini_flash,llama_70b,granite_8b",251,extra_trees_router,197,36,0.18274111675126903,0.9086294416243654,0.6111111111111112,0.0,0.7817258883248731,0.9090909090909091
triple_gemini_llama_granite,"gemini_flash,llama_70b,granite_8b",251,mlp_router,197,36,0.18274111675126903,0.9187817258883249,0.6666666666666666,5.5555555555555465,0.9086294416243654,0.9162011173184358
triple_gemini_llama_granite,"gemini_flash,llama_70b,granite_8b",251,tfidf_logistic_router,197,36,0.18274111675126903,0.9086294416243654,0.6111111111111112,0.0,0.8629441624365483,0.9117647058823529
triple_gemini_llama_granite,"gemini_flash,llama_70b,granite_8b",251,tfidf_linear_svm_router,197,36,0.18274111675126903,0.8984771573604061,0.5555555555555556,-5.555555555555558,0.9796954314720813,0.8963730569948186
triple_gemini_llama_granite,"gemini_flash,llama_70b,granite_8b",251,tfidf_mlp_router,197,36,0.18274111675126903,0.8984771573604061,0.5555555555555556,-5.555555555555558,0.9847715736040609,0.9020618556701031
triple_gemini_llama_granite,"gemini_flash,llama_70b,granite_8b",252,always_llama_70b,197,46,0.233502538071066,0.8781725888324873,0.7608695652173914,0.0,0.0,
triple_gemini_llama_granite,"gemini_flash,llama_70b,granite_8b",252,oracle,197,46,0.233502538071066,0.934010152284264,1.0,23.913043478260864,0.9289340101522843,
triple_gemini_llama_granite,"gemini_flash,llama_70b,granite_8b",252,logistic_router,197,46,0.233502538071066,0.8629441624365483,0.6956521739130435,-6.521739130434789,0.7766497461928934,0.8562091503267973
triple_gemini_llama_granite,"gemini_flash,llama_70b,granite_8b",252,linear_svm_router,197,46,0.233502538071066,0.8578680203045685,0.6739130434782609,-8.695652173913048,0.949238578680203,0.8502673796791443
triple_gemini_llama_granite,"gemini_flash,llama_70b,granite_8b",252,knn_router,197,46,0.233502538071066,0.8527918781725888,0.6521739130434783,-10.869565217391308,0.9949238578680203,0.8520408163265306
triple_gemini_llama_granite,"gemini_flash,llama_70b,granite_8b",252,decision_tree_router,197,46,0.233502538071066,0.8730964467005076,0.7391304347826086,-2.1739130434782705,0.6649746192893401,0.8778625954198473
triple_gemini_llama_granite,"gemini_flash,llama_70b,granite_8b",252,random_forest_router,197,46,0.233502538071066,0.8781725888324873,0.7608695652173914,0.0,0.8578680203045685,0.8698224852071006
triple_gemini_llama_granite,"gemini_flash,llama_70b,granite_8b",252,extra_trees_router,197,46,0.233502538071066,0.883248730964467,0.782608695652174,2.1739130434782594,0.7918781725888325,0.8653846153846154
triple_gemini_llama_granite,"gemini_flash,llama_70b,granite_8b",252,mlp_router,197,46,0.233502538071066,0.868020304568528,0.717391304347826,-4.34782608695653,0.9137055837563451,0.8555555555555555
triple_gemini_llama_granite,"gemini_flash,llama_70b,granite_8b",252,tfidf_logistic_router,197,46,0.233502538071066,0.868020304568528,0.717391304347826,-4.34782608695653,0.8934010152284264,0.8579545454545454
triple_gemini_llama_granite,"gemini_flash,llama_70b,granite_8b",252,tfidf_linear_svm_router,197,46,0.233502538071066,0.8629441624365483,0.6956521739130435,-6.521739130434789,0.9847715736040609,0.8608247422680413
triple_gemini_llama_granite,"gemini_flash,llama_70b,granite_8b",252,tfidf_mlp_router,197,46,0.233502538071066,0.8629441624365483,0.6956521739130435,-6.521739130434789,0.9746192893401016,0.859375
triple_gemini_llama_granite,"gemini_flash,llama_70b,granite_8b",253,always_llama_70b,197,33,0.16751269035532995,0.883248730964467,0.6666666666666666,0.0,0.0,
triple_gemini_llama_granite,"gemini_flash,llama_70b,granite_8b",253,oracle,197,33,0.16751269035532995,0.9390862944162437,1.0,33.333333333333336,0.9289340101522843,
triple_gemini_llama_granite,"gemini_flash,llama_70b,granite_8b",253,logistic_router,197,33,0.16751269035532995,0.8527918781725888,0.48484848484848486,-18.181818181818176,0.8121827411167513,0.85
triple_gemini_llama_granite,"gemini_flash,llama_70b,granite_8b",253,linear_svm_router,197,33,0.16751269035532995,0.8477157360406091,0.45454545454545453,-21.21212121212121,0.934010152284264,0.8478260869565217
triple_gemini_llama_granite,"gemini_flash,llama_70b,granite_8b",253,knn_router,197,33,0.16751269035532995,0.8375634517766497,0.3939393939393939,-27.27272727272727,1.0,0.8375634517766497
triple_gemini_llama_granite,"gemini_flash,llama_70b,granite_8b",253,decision_tree_router,197,33,0.16751269035532995,0.8527918781725888,0.48484848484848486,-18.181818181818176,0.7918781725888325,0.8589743589743589
triple_gemini_llama_granite,"gemini_flash,llama_70b,granite_8b",253,random_forest_router,197,33,0.16751269035532995,0.8578680203045685,0.5151515151515151,-15.151515151515149,0.9187817258883249,0.8674033149171271
triple_gemini_llama_granite,"gemini_flash,llama_70b,granite_8b",253,extra_trees_router,197,33,0.16751269035532995,0.8629441624365483,0.5454545454545454,-12.121212121212121,0.8071065989847716,0.8616352201257862
triple_gemini_llama_granite,"gemini_flash,llama_70b,granite_8b",253,mlp_router,197,33,0.16751269035532995,0.8477157360406091,0.45454545454545453,-21.21212121212121,0.9137055837563451,0.8555555555555555
triple_gemini_llama_granite,"gemini_flash,llama_70b,granite_8b",253,tfidf_logistic_router,197,33,0.16751269035532995,0.8578680203045685,0.5151515151515151,-15.151515151515149,0.883248730964467,0.8620689655172413
triple_gemini_llama_granite,"gemini_flash,llama_70b,granite_8b",253,tfidf_linear_svm_router,197,33,0.16751269035532995,0.8426395939086294,0.42424242424242425,-24.24242424242424,0.9644670050761421,0.8421052631578947
triple_gemini_llama_granite,"gemini_flash,llama_70b,granite_8b",253,tfidf_mlp_router,197,33,0.16751269035532995,0.8426395939086294,0.42424242424242425,-24.24242424242424,0.9847715736040609,0.845360824742268
triple_gemini_llama_granite,"gemini_flash,llama_70b,granite_8b",254,always_llama_70b,197,47,0.23857868020304568,0.8578680203045685,0.7446808510638298,0.0,0.0,
triple_gemini_llama_granite,"gemini_flash,llama_70b,granite_8b",254,oracle,197,47,0.23857868020304568,0.9187817258883249,1.0,25.531914893617024,0.9187817258883249,
triple_gemini_llama_granite,"gemini_flash,llama_70b,granite_8b",254,logistic_router,197,47,0.23857868020304568,0.8274111675126904,0.6170212765957447,-12.765957446808507,0.7563451776649747,0.825503355704698
triple_gemini_llama_granite,"gemini_flash,llama_70b,granite_8b",254,linear_svm_router,197,47,0.23857868020304568,0.8223350253807107,0.5957446808510638,-14.893617021276595,0.934010152284264,0.8315217391304348
triple_gemini_llama_granite,"gemini_flash,llama_70b,granite_8b",254,knn_router,197,47,0.23857868020304568,0.8274111675126904,0.6170212765957447,-12.765957446808507,0.9949238578680203,0.8316326530612245
triple_gemini_llama_granite,"gemini_flash,llama_70b,granite_8b",254,decision_tree_router,197,47,0.23857868020304568,0.8426395939086294,0.6808510638297872,-6.382978723404253,0.7258883248730964,0.8391608391608392
triple_gemini_llama_granite,"gemini_flash,llama_70b,granite_8b",254,random_forest_router,197,47,0.23857868020304568,0.868020304568528,0.7872340425531915,4.255319148936176,0.8730964467005076,0.872093023255814
triple_gemini_llama_granite,"gemini_flash,llama_70b,granite_8b",254,extra_trees_router,197,47,0.23857868020304568,0.8629441624365483,0.7659574468085106,2.127659574468088,0.7563451776649747,0.8791946308724832
triple_gemini_llama_granite,"gemini_flash,llama_70b,granite_8b",254,mlp_router,197,47,0.23857868020304568,0.8477157360406091,0.7021276595744681,-4.255319148936165,0.9137055837563451,0.8444444444444444
triple_gemini_llama_granite,"gemini_flash,llama_70b,granite_8b",254,tfidf_logistic_router,197,47,0.23857868020304568,0.8477157360406091,0.7021276595744681,-4.255319148936165,0.8883248730964467,0.8514285714285714
triple_gemini_llama_granite,"gemini_flash,llama_70b,granite_8b",254,tfidf_linear_svm_router,197,47,0.23857868020304568,0.8375634517766497,0.6595744680851063,-8.510638297872342,0.9847715736040609,0.8350515463917526
triple_gemini_llama_granite,"gemini_flash,llama_70b,granite_8b",254,tfidf_mlp_router,197,47,0.23857868020304568,0.8324873096446701,0.6382978723404256,-10.638297872340418,0.9898477157360406,0.8358974358974359
triple_gemini_llama_granite,"gemini_flash,llama_70b,granite_8b",255,always_granite_8b,197,32,0.16243654822335024,0.8781725888324873,0.59375,0.0,0.0,
triple_gemini_llama_granite,"gemini_flash,llama_70b,granite_8b",255,oracle,197,32,0.16243654822335024,0.9441624365482234,1.0,40.625,0.9796954314720813,
triple_gemini_llama_granite,"gemini_flash,llama_70b,granite_8b",255,logistic_router,197,32,0.16243654822335024,0.868020304568528,0.53125,-6.25,0.9543147208121827,0.8723404255319149
triple_gemini_llama_granite,"gemini_flash,llama_70b,granite_8b",255,linear_svm_router,197,32,0.16243654822335024,0.8730964467005076,0.5625,-3.125,0.9695431472081218,0.8743455497382199
triple_gemini_llama_granite,"gemini_flash,llama_70b,granite_8b",255,knn_router,197,32,0.16243654822335024,0.868020304568528,0.53125,-6.25,1.0,0.868020304568528
triple_gemini_llama_granite,"gemini_flash,llama_70b,granite_8b",255,decision_tree_router,197,32,0.16243654822335024,0.8730964467005076,0.5625,-3.125,0.9695431472081218,0.8743455497382199
triple_gemini_llama_granite,"gemini_flash,llama_70b,granite_8b",255,random_forest_router,197,32,0.16243654822335024,0.8934010152284264,0.6875,9.375,0.9949238578680203,0.8928571428571429
triple_gemini_llama_granite,"gemini_flash,llama_70b,granite_8b",255,extra_trees_router,197,32,0.16243654822335024,0.8781725888324873,0.59375,0.0,0.934010152284264,0.8913043478260869
triple_gemini_llama_granite,"gemini_flash,llama_70b,granite_8b",255,mlp_router,197,32,0.16243654822335024,0.883248730964467,0.625,3.125,1.0,0.883248730964467
triple_gemini_llama_granite,"gemini_flash,llama_70b,granite_8b",255,tfidf_logistic_router,197,32,0.16243654822335024,0.868020304568528,0.53125,-6.25,0.9644670050761421,0.868421052631579
triple_gemini_llama_granite,"gemini_flash,llama_70b,granite_8b",255,tfidf_linear_svm_router,197,32,0.16243654822335024,0.8730964467005076,0.5625,-3.125,0.9949238578680203,0.8724489795918368
triple_gemini_llama_granite,"gemini_flash,llama_70b,granite_8b",255,tfidf_mlp_router,197,32,0.16243654822335024,0.868020304568528,0.53125,-6.25,1.0,0.868020304568528
triple_gemini_llama_granite,"gemini_flash,llama_70b,granite_8b",256,always_llama_70b,197,44,0.2233502538071066,0.883248730964467,0.6363636363636364,0.0,0.0,
triple_gemini_llama_granite,"gemini_flash,llama_70b,granite_8b",256,oracle,197,44,0.2233502538071066,0.9644670050761421,1.0,36.36363636363637,0.934010152284264,
triple_gemini_llama_granite,"gemini_flash,llama_70b,granite_8b",256,logistic_router,197,44,0.2233502538071066,0.8883248730964467,0.6590909090909091,2.2727272727272707,0.7868020304568528,0.896774193548387
triple_gemini_llama_granite,"gemini_flash,llama_70b,granite_8b",256,linear_svm_router,197,44,0.2233502538071066,0.868020304568528,0.5681818181818182,-6.818181818181812,0.9593908629441624,0.8783068783068783
triple_gemini_llama_granite,"gemini_flash,llama_70b,granite_8b",256,knn_router,197,44,0.2233502538071066,0.8781725888324873,0.6136363636363636,-2.2727272727272707,1.0,0.8781725888324873
triple_gemini_llama_granite,"gemini_flash,llama_70b,granite_8b",256,decision_tree_router,197,44,0.2233502538071066,0.8934010152284264,0.6818181818181818,4.545454545454541,0.7360406091370558,0.9103448275862069
triple_gemini_llama_granite,"gemini_flash,llama_70b,granite_8b",256,random_forest_router,197,44,0.2233502538071066,0.9137055837563451,0.7727272727272727,13.636363636363635,0.8629441624365483,0.9117647058823529
triple_gemini_llama_granite,"gemini_flash,llama_70b,granite_8b",256,extra_trees_router,197,44,0.2233502538071066,0.9086294416243654,0.75,11.363636363636365,0.7766497461928934,0.9215686274509803
triple_gemini_llama_granite,"gemini_flash,llama_70b,granite_8b",256,mlp_router,197,44,0.2233502538071066,0.8883248730964467,0.6590909090909091,2.2727272727272707,0.9187817258883249,0.8895027624309392
triple_gemini_llama_granite,"gemini_flash,llama_70b,granite_8b",256,tfidf_logistic_router,197,44,0.2233502538071066,0.8781725888324873,0.6136363636363636,-2.2727272727272707,0.8578680203045685,0.8875739644970414
triple_gemini_llama_granite,"gemini_flash,llama_70b,granite_8b",256,tfidf_linear_svm_router,197,44,0.2233502538071066,0.883248730964467,0.6363636363636364,0.0,0.9796954314720813,0.8808290155440415
triple_gemini_llama_granite,"gemini_flash,llama_70b,granite_8b",256,tfidf_mlp_router,197,44,0.2233502538071066,0.8883248730964467,0.6590909090909091,2.2727272727272707,0.9847715736040609,0.8865979381443299
triple_gemini_llama_granite,"gemini_flash,llama_70b,granite_8b",257,always_llama_70b,197,33,0.16751269035532995,0.9187817258883249,0.6666666666666666,0.0,0.0,
triple_gemini_llama_granite,"gemini_flash,llama_70b,granite_8b",257,oracle,197,33,0.16751269035532995,0.9746192893401016,1.0,33.333333333333336,0.9441624365482234,
triple_gemini_llama_granite,"gemini_flash,llama_70b,granite_8b",257,logistic_router,197,33,0.16751269035532995,0.9187817258883249,0.6666666666666666,0.0,0.7868020304568528,0.9419354838709677
triple_gemini_llama_granite,"gemini_flash,llama_70b,granite_8b",257,linear_svm_router,197,33,0.16751269035532995,0.9086294416243654,0.6060606060606061,-6.060606060606055,0.9543147208121827,0.9148936170212766
triple_gemini_llama_granite,"gemini_flash,llama_70b,granite_8b",257,knn_router,197,33,0.16751269035532995,0.9137055837563451,0.6363636363636364,-3.0303030303030276,1.0,0.9137055837563451
triple_gemini_llama_granite,"gemini_flash,llama_70b,granite_8b",257,decision_tree_router,197,33,0.16751269035532995,0.8984771573604061,0.5454545454545454,-12.121212121212121,0.700507614213198,0.927536231884058
triple_gemini_llama_granite,"gemini_flash,llama_70b,granite_8b",257,random_forest_router,197,33,0.16751269035532995,0.934010152284264,0.7575757575757576,9.090909090909093,0.8730964467005076,0.936046511627907
triple_gemini_llama_granite,"gemini_flash,llama_70b,granite_8b",257,extra_trees_router,197,33,0.16751269035532995,0.9289340101522843,0.7272727272727273,6.060606060606066,0.8121827411167513,0.9375
triple_gemini_llama_granite,"gemini_flash,llama_70b,granite_8b",257,mlp_router,197,33,0.16751269035532995,0.9289340101522843,0.7272727272727273,6.060606060606066,0.9238578680203046,0.9285714285714286
triple_gemini_llama_granite,"gemini_flash,llama_70b,granite_8b",257,tfidf_logistic_router,197,33,0.16751269035532995,0.9137055837563451,0.6363636363636364,-3.0303030303030276,0.868020304568528,0.935672514619883
triple_gemini_llama_granite,"gemini_flash,llama_70b,granite_8b",257,tfidf_linear_svm_router,197,33,0.16751269035532995,0.9137055837563451,0.6363636363636364,-3.0303030303030276,0.9796954314720813,0.917098445595855
triple_gemini_llama_granite,"gemini_flash,llama_70b,granite_8b",257,tfidf_mlp_router,197,33,0.16751269035532995,0.9137055837563451,0.6363636363636364,-3.0303030303030276,0.9898477157360406,0.9128205128205128
triple_gemini_llama_granite,"gemini_flash,llama_70b,granite_8b",258,always_llama_70b,197,38,0.19289340101522842,0.8984771573604061,0.7105263157894737,0.0,0.0,
triple_gemini_llama_granite,"gemini_flash,llama_70b,granite_8b",258,oracle,197,38,0.19289340101522842,0.9543147208121827,1.0,28.947368421052634,0.934010152284264,
triple_gemini_llama_granite,"gemini_flash,llama_70b,granite_8b",258,logistic_router,197,38,0.19289340101522842,0.8883248730964467,0.6578947368421053,-5.263157894736836,0.8375634517766497,0.8909090909090909
triple_gemini_llama_granite,"gemini_flash,llama_70b,granite_8b",258,linear_svm_router,197,38,0.19289340101522842,0.8934010152284264,0.6842105263157895,-2.631578947368418,0.9543147208121827,0.8936170212765957
triple_gemini_llama_granite,"gemini_flash,llama_70b,granite_8b",258,knn_router,197,38,0.19289340101522842,0.883248730964467,0.631578947368421,-7.8947368421052655,1.0,0.883248730964467
triple_gemini_llama_granite,"gemini_flash,llama_70b,granite_8b",258,decision_tree_router,197,38,0.19289340101522842,0.8984771573604061,0.7105263157894737,0.0,0.7360406091370558,0.903448275862069
triple_gemini_llama_granite,"gemini_flash,llama_70b,granite_8b",258,random_forest_router,197,38,0.19289340101522842,0.9035532994923858,0.7368421052631579,2.631578947368418,0.883248730964467,0.896551724137931
triple_gemini_llama_granite,"gemini_flash,llama_70b,granite_8b",258,extra_trees_router,197,38,0.19289340101522842,0.8984771573604061,0.7105263157894737,0.0,0.7868020304568528,0.896774193548387
triple_gemini_llama_granite,"gemini_flash,llama_70b,granite_8b",258,mlp_router,197,38,0.19289340101522842,0.883248730964467,0.631578947368421,-7.8947368421052655,0.9289340101522843,0.8797814207650273
triple_gemini_llama_granite,"gemini_flash,llama_70b,granite_8b",258,tfidf_logistic_router,197,38,0.19289340101522842,0.9035532994923858,0.7368421052631579,2.631578947368418,0.9137055837563451,0.9
triple_gemini_llama_granite,"gemini_flash,llama_70b,granite_8b",258,tfidf_linear_svm_router,197,38,0.19289340101522842,0.883248730964467,0.631578947368421,-7.8947368421052655,0.9746192893401016,0.8854166666666666
triple_gemini_llama_granite,"gemini_flash,llama_70b,granite_8b",258,tfidf_mlp_router,197,38,0.19289340101522842,0.883248730964467,0.631578947368421,-7.8947368421052655,0.9695431472081218,0.8848167539267016
triple_qwen_llama_granite,"qwen_30b,llama_70b,granite_8b",229,always_qwen_30b,197,31,0.15736040609137056,0.883248730964467,0.6774193548387096,0.0,0.0,
triple_qwen_llama_granite,"qwen_30b,llama_70b,granite_8b",229,oracle,197,31,0.15736040609137056,0.934010152284264,1.0,32.25806451612904,0.050761421319796954,
triple_qwen_llama_granite,"qwen_30b,llama_70b,granite_8b",229,logistic_router,197,31,0.15736040609137056,0.883248730964467,0.6774193548387096,0.0,0.18274111675126903,0.6666666666666666
triple_qwen_llama_granite,"qwen_30b,llama_70b,granite_8b",229,linear_svm_router,197,31,0.15736040609137056,0.883248730964467,0.6774193548387096,0.0,0.08121827411167512,0.5
triple_qwen_llama_granite,"qwen_30b,llama_70b,granite_8b",229,knn_router,197,31,0.15736040609137056,0.883248730964467,0.6774193548387096,0.0,0.0,
triple_qwen_llama_granite,"qwen_30b,llama_70b,granite_8b",229,decision_tree_router,197,31,0.15736040609137056,0.8781725888324873,0.6451612903225806,-3.2258064516129004,0.3096446700507614,0.8032786885245902
triple_qwen_llama_granite,"qwen_30b,llama_70b,granite_8b",229,random_forest_router,197,31,0.15736040609137056,0.8781725888324873,0.6451612903225806,-3.2258064516129004,0.1065989847715736,0.6666666666666666
triple_qwen_llama_granite,"qwen_30b,llama_70b,granite_8b",229,extra_trees_router,197,31,0.15736040609137056,0.8883248730964467,0.7096774193548387,3.2258064516129115,0.18781725888324874,0.6486486486486487
triple_qwen_llama_granite,"qwen_30b,llama_70b,granite_8b",229,mlp_router,197,31,0.15736040609137056,0.883248730964467,0.6774193548387096,0.0,0.015228426395939087,1.0
triple_qwen_llama_granite,"qwen_30b,llama_70b,granite_8b",229,tfidf_logistic_router,197,31,0.15736040609137056,0.883248730964467,0.6774193548387096,0.0,0.09137055837563451,0.6111111111111112
triple_qwen_llama_granite,"qwen_30b,llama_70b,granite_8b",229,tfidf_linear_svm_router,197,31,0.15736040609137056,0.883248730964467,0.6774193548387096,0.0,0.015228426395939087,0.6666666666666666
triple_qwen_llama_granite,"qwen_30b,llama_70b,granite_8b",229,tfidf_mlp_router,197,31,0.15736040609137056,0.883248730964467,0.6774193548387096,0.0,0.01015228426395939,0.5
triple_qwen_llama_granite,"qwen_30b,llama_70b,granite_8b",230,always_qwen_30b,197,42,0.2131979695431472,0.9187817258883249,0.7142857142857143,0.0,0.0,
triple_qwen_llama_granite,"qwen_30b,llama_70b,granite_8b",230,oracle,197,42,0.2131979695431472,0.9796954314720813,1.0,28.57142857142857,0.06091370558375635,
triple_qwen_llama_granite,"qwen_30b,llama_70b,granite_8b",230,logistic_router,197,42,0.2131979695431472,0.9137055837563451,0.6904761904761905,-2.3809523809523836,0.25380710659898476,0.88
triple_qwen_llama_granite,"qwen_30b,llama_70b,granite_8b",230,linear_svm_router,197,42,0.2131979695431472,0.9137055837563451,0.6904761904761905,-2.3809523809523836,0.1116751269035533,0.8636363636363636
triple_qwen_llama_granite,"qwen_30b,llama_70b,granite_8b",230,knn_router,197,42,0.2131979695431472,0.9187817258883249,0.7142857142857143,0.0,0.0,
triple_qwen_llama_granite,"qwen_30b,llama_70b,granite_8b",230,decision_tree_router,197,42,0.2131979695431472,0.9137055837563451,0.6904761904761905,-2.3809523809523836,0.2436548223350254,0.8541666666666666
triple_qwen_llama_granite,"qwen_30b,llama_70b,granite_8b",230,random_forest_router,197,42,0.2131979695431472,0.9035532994923858,0.6428571428571429,-7.14285714285714,0.050761421319796954,0.6
triple_qwen_llama_granite,"qwen_30b,llama_70b,granite_8b",230,extra_trees_router,197,42,0.2131979695431472,0.9187817258883249,0.7142857142857143,0.0,0.17766497461928935,0.8571428571428571
triple_qwen_llama_granite,"qwen_30b,llama_70b,granite_8b",230,mlp_router,197,42,0.2131979695431472,0.9187817258883249,0.7142857142857143,0.0,0.02030456852791878,1.0
triple_qwen_llama_granite,"qwen_30b,llama_70b,granite_8b",230,tfidf_logistic_router,197,42,0.2131979695431472,0.9187817258883249,0.7142857142857143,0.0,0.14213197969543148,0.8928571428571429
triple_qwen_llama_granite,"qwen_30b,llama_70b,granite_8b",230,tfidf_linear_svm_router,197,42,0.2131979695431472,0.9238578680203046,0.7380952380952381,2.3809523809523836,0.02030456852791878,1.0
triple_qwen_llama_granite,"qwen_30b,llama_70b,granite_8b",230,tfidf_mlp_router,197,42,0.2131979695431472,0.9238578680203046,0.7380952380952381,2.3809523809523836,0.005076142131979695,1.0
triple_qwen_llama_granite,"qwen_30b,llama_70b,granite_8b",231,always_llama_70b,197,36,0.18274111675126903,0.9289340101522843,0.7222222222222222,0.0,0.0,
triple_qwen_llama_granite,"qwen_30b,llama_70b,granite_8b",231,oracle,197,36,0.18274111675126903,0.9796954314720813,1.0,27.77777777777778,0.9390862944162437,
triple_qwen_llama_granite,"qwen_30b,llama_70b,granite_8b",231,logistic_router,197,36,0.18274111675126903,0.9187817258883249,0.6666666666666666,-5.555555555555558,0.8730964467005076,0.9186046511627907
triple_qwen_llama_granite,"qwen_30b,llama_70b,granite_8b",231,linear_svm_router,197,36,0.18274111675126903,0.9035532994923858,0.5833333333333334,-13.888888888888884,0.9593908629441624,0.91005291005291
triple_qwen_llama_granite,"qwen_30b,llama_70b,granite_8b",231,knn_router,197,36,0.18274111675126903,0.9086294416243654,0.6111111111111112,-11.111111111111105,1.0,0.9086294416243654
triple_qwen_llama_granite,"qwen_30b,llama_70b,granite_8b",231,decision_tree_router,197,36,0.18274111675126903,0.9187817258883249,0.6666666666666666,-5.555555555555558,0.8730964467005076,0.9186046511627907
triple_qwen_llama_granite,"qwen_30b,llama_70b,granite_8b",231,random_forest_router,197,36,0.18274111675126903,0.9086294416243654,0.6111111111111112,-11.111111111111105,1.0,0.9086294416243654
triple_qwen_llama_granite,"qwen_30b,llama_70b,granite_8b",231,extra_trees_router,197,36,0.18274111675126903,0.9086294416243654,0.6111111111111112,-11.111111111111105,0.9644670050761421,0.9052631578947369
triple_qwen_llama_granite,"qwen_30b,llama_70b,granite_8b",231,mlp_router,197,36,0.18274111675126903,0.9086294416243654,0.6111111111111112,-11.111111111111105,0.9898477157360406,0.9076923076923077
triple_qwen_llama_granite,"qwen_30b,llama_70b,granite_8b",231,tfidf_logistic_router,197,36,0.18274111675126903,0.9187817258883249,0.6666666666666666,-5.555555555555558,0.949238578680203,0.9251336898395722
triple_qwen_llama_granite,"qwen_30b,llama_70b,granite_8b",231,tfidf_linear_svm_router,197,36,0.18274111675126903,0.9086294416243654,0.6111111111111112,-11.111111111111105,1.0,0.9086294416243654
triple_qwen_llama_granite,"qwen_30b,llama_70b,granite_8b",231,tfidf_mlp_router,197,36,0.18274111675126903,0.9086294416243654,0.6111111111111112,-11.111111111111105,1.0,0.9086294416243654
triple_qwen_llama_granite,"qwen_30b,llama_70b,granite_8b",232,always_qwen_30b,197,29,0.14720812182741116,0.9035532994923858,0.6551724137931034,0.0,0.0,
triple_qwen_llama_granite,"qwen_30b,llama_70b,granite_8b",232,oracle,197,29,0.14720812182741116,0.9543147208121827,1.0,34.48275862068966,0.050761421319796954,
triple_qwen_llama_granite,"qwen_30b,llama_70b,granite_8b",232,logistic_router,197,29,0.14720812182741116,0.8984771573604061,0.6206896551724138,-3.4482758620689613,0.25380710659898476,0.8
triple_qwen_llama_granite,"qwen_30b,llama_70b,granite_8b",232,linear_svm_router,197,29,0.14720812182741116,0.9035532994923858,0.6551724137931034,0.0,0.03553299492385787,0.7142857142857143
triple_qwen_llama_granite,"qwen_30b,llama_70b,granite_8b",232,knn_router,197,29,0.14720812182741116,0.9035532994923858,0.6551724137931034,0.0,0.0,
triple_qwen_llama_granite,"qwen_30b,llama_70b,granite_8b",232,decision_tree_router,197,29,0.14720812182741116,0.9137055837563451,0.7241379310344828,6.896551724137934,0.3756345177664975,0.8378378378378378
triple_qwen_llama_granite,"qwen_30b,llama_70b,granite_8b",232,random_forest_router,197,29,0.14720812182741116,0.9086294416243654,0.6896551724137931,3.4482758620689724,0.04060913705583756,0.625
triple_qwen_llama_granite,"qwen_30b,llama_70b,granite_8b",232,extra_trees_router,197,29,0.14720812182741116,0.9035532994923858,0.6551724137931034,0.0,0.16243654822335024,0.71875
triple_qwen_llama_granite,"qwen_30b,llama_70b,granite_8b",232,mlp_router,197,29,0.14720812182741116,0.9035532994923858,0.6551724137931034,0.0,0.015228426395939087,1.0
triple_qwen_llama_granite,"qwen_30b,llama_70b,granite_8b",232,tfidf_logistic_router,197,29,0.14720812182741116,0.8934010152284264,0.5862068965517241,-6.896551724137934,0.06598984771573604,0.7692307692307693
triple_qwen_llama_granite,"qwen_30b,llama_70b,granite_8b",232,tfidf_linear_svm_router,197,29,0.14720812182741116,0.9086294416243654,0.6896551724137931,3.4482758620689724,0.005076142131979695,1.0
triple_qwen_llama_granite,"qwen_30b,llama_70b,granite_8b",232,tfidf_mlp_router,197,29,0.14720812182741116,0.9086294416243654,0.6896551724137931,3.4482758620689724,0.01015228426395939,1.0
triple_qwen_llama_granite,"qwen_30b,llama_70b,granite_8b",233,always_qwen_30b,197,33,0.16751269035532995,0.9137055837563451,0.696969696969697,0.0,0.0,
triple_qwen_llama_granite,"qwen_30b,llama_70b,granite_8b",233,oracle,197,33,0.16751269035532995,0.9644670050761421,1.0,30.303030303030297,0.050761421319796954,
triple_qwen_llama_granite,"qwen_30b,llama_70b,granite_8b",233,logistic_router,197,33,0.16751269035532995,0.9086294416243654,0.6666666666666666,-3.0303030303030387,0.2233502538071066,0.7727272727272727
triple_qwen_llama_granite,"qwen_30b,llama_70b,granite_8b",233,linear_svm_router,197,33,0.16751269035532995,0.9137055837563451,0.696969696969697,0.0,0.050761421319796954,0.6
triple_qwen_llama_granite,"qwen_30b,llama_70b,granite_8b",233,knn_router,197,33,0.16751269035532995,0.9137055837563451,0.696969696969697,0.0,0.0,
triple_qwen_llama_granite,"qwen_30b,llama_70b,granite_8b",233,decision_tree_router,197,33,0.16751269035532995,0.883248730964467,0.5151515151515151,-18.181818181818187,0.3756345177664975,0.7972972972972973
triple_qwen_llama_granite,"qwen_30b,llama_70b,granite_8b",233,random_forest_router,197,33,0.16751269035532995,0.8934010152284264,0.5757575757575758,-12.121212121212121,0.14213197969543148,0.6428571428571429
triple_qwen_llama_granite,"qwen_30b,llama_70b,granite_8b",233,extra_trees_router,197,33,0.16751269035532995,0.8984771573604061,0.6060606060606061,-9.090909090909093,0.14213197969543148,0.6785714285714286
triple_qwen_llama_granite,"qwen_30b,llama_70b,granite_8b",233,mlp_router,197,33,0.16751269035532995,0.9137055837563451,0.696969696969697,0.0,0.02030456852791878,0.75
triple_qwen_llama_granite,"qwen_30b,llama_70b,granite_8b",233,tfidf_logistic_router,197,33,0.16751269035532995,0.8984771573604061,0.6060606060606061,-9.090909090909093,0.10152284263959391,0.65
triple_qwen_llama_granite,"qwen_30b,llama_70b,granite_8b",233,tfidf_linear_svm_router,197,33,0.16751269035532995,0.9137055837563451,0.696969696969697,0.0,0.0,
triple_qwen_llama_granite,"qwen_30b,llama_70b,granite_8b",233,tfidf_mlp_router,197,33,0.16751269035532995,0.9187817258883249,0.7272727272727273,3.0303030303030276,0.005076142131979695,1.0
triple_qwen_llama_granite,"qwen_30b,llama_70b,granite_8b",234,always_qwen_30b,197,40,0.20304568527918782,0.8781725888324873,0.65,0.0,0.0,
triple_qwen_llama_granite,"qwen_30b,llama_70b,granite_8b",234,oracle,197,40,0.20304568527918782,0.949238578680203,1.0,35.0,0.07106598984771574,
triple_qwen_llama_granite,"qwen_30b,llama_70b,granite_8b",234,logistic_router,197,40,0.20304568527918782,0.8883248730964467,0.7,4.999999999999993,0.2233502538071066,0.8409090909090909
triple_qwen_llama_granite,"qwen_30b,llama_70b,granite_8b",234,linear_svm_router,197,40,0.20304568527918782,0.883248730964467,0.675,2.500000000000002,0.07614213197969544,0.8666666666666667
triple_qwen_llama_granite,"qwen_30b,llama_70b,granite_8b",234,knn_router,197,40,0.20304568527918782,0.8781725888324873,0.65,0.0,0.0,
triple_qwen_llama_granite,"qwen_30b,llama_70b,granite_8b",234,decision_tree_router,197,40,0.20304568527918782,0.8477157360406091,0.5,-15.000000000000002,0.25888324873096447,0.6862745098039216
triple_qwen_llama_granite,"qwen_30b,llama_70b,granite_8b",234,random_forest_router,197,40,0.20304568527918782,0.8477157360406091,0.5,-15.000000000000002,0.116751269035533,0.5217391304347826
triple_qwen_llama_granite,"qwen_30b,llama_70b,granite_8b",234,extra_trees_router,197,40,0.20304568527918782,0.8578680203045685,0.55,-9.999999999999998,0.17766497461928935,0.7428571428571429
triple_qwen_llama_granite,"qwen_30b,llama_70b,granite_8b",234,mlp_router,197,40,0.20304568527918782,0.8781725888324873,0.65,0.0,0.04568527918781726,0.7777777777777778
triple_qwen_llama_granite,"qwen_30b,llama_70b,granite_8b",234,tfidf_logistic_router,197,40,0.20304568527918782,0.8883248730964467,0.7,4.999999999999993,0.12690355329949238,0.88
triple_qwen_llama_granite,"qwen_30b,llama_70b,granite_8b",234,tfidf_linear_svm_router,197,40,0.20304568527918782,0.8730964467005076,0.625,-2.500000000000002,0.01015228426395939,0.0
triple_qwen_llama_granite,"qwen_30b,llama_70b,granite_8b",234,tfidf_mlp_router,197,40,0.20304568527918782,0.8730964467005076,0.625,-2.500000000000002,0.005076142131979695,0.0
triple_qwen_llama_granite,"qwen_30b,llama_70b,granite_8b",235,always_llama_70b,197,33,0.16751269035532995,0.8934010152284264,0.6666666666666666,0.0,0.0,
triple_qwen_llama_granite,"qwen_30b,llama_70b,granite_8b",235,oracle,197,33,0.16751269035532995,0.949238578680203,1.0,33.333333333333336,0.9441624365482234,
triple_qwen_llama_granite,"qwen_30b,llama_70b,granite_8b",235,logistic_router,197,33,0.16751269035532995,0.8781725888324873,0.5757575757575758,-9.090909090909083,0.8477157360406091,0.8862275449101796
triple_qwen_llama_granite,"qwen_30b,llama_70b,granite_8b",235,linear_svm_router,197,33,0.16751269035532995,0.8629441624365483,0.48484848484848486,-18.181818181818176,0.9543147208121827,0.8723404255319149
triple_qwen_llama_granite,"qwen_30b,llama_70b,granite_8b",235,knn_router,197,33,0.16751269035532995,0.8781725888324873,0.5757575757575758,-9.090909090909083,1.0,0.8781725888324873
triple_qwen_llama_granite,"qwen_30b,llama_70b,granite_8b",235,decision_tree_router,197,33,0.16751269035532995,0.8883248730964467,0.6363636363636364,-3.0303030303030276,0.7411167512690355,0.8835616438356164
triple_qwen_llama_granite,"qwen_30b,llama_70b,granite_8b",235,random_forest_router,197,33,0.16751269035532995,0.8629441624365483,0.48484848484848486,-18.181818181818176,0.9796954314720813,0.8704663212435233
triple_qwen_llama_granite,"qwen_30b,llama_70b,granite_8b",235,extra_trees_router,197,33,0.16751269035532995,0.8781725888324873,0.5757575757575758,-9.090909090909083,0.9543147208121827,0.8776595744680851
triple_qwen_llama_granite,"qwen_30b,llama_70b,granite_8b",235,mlp_router,197,33,0.16751269035532995,0.8781725888324873,0.5757575757575758,-9.090909090909083,0.9898477157360406,0.882051282051282
triple_qwen_llama_granite,"qwen_30b,llama_70b,granite_8b",235,tfidf_logistic_router,197,33,0.16751269035532995,0.8578680203045685,0.45454545454545453,-21.21212121212121,0.9289340101522843,0.8797814207650273
triple_qwen_llama_granite,"qwen_30b,llama_70b,granite_8b",235,tfidf_linear_svm_router,197,33,0.16751269035532995,0.8781725888324873,0.5757575757575758,-9.090909090909083,0.9949238578680203,0.8826530612244898
triple_qwen_llama_granite,"qwen_30b,llama_70b,granite_8b",235,tfidf_mlp_router,197,33,0.16751269035532995,0.8781725888324873,0.5757575757575758,-9.090909090909083,0.9949238578680203,0.8826530612244898
triple_qwen_llama_granite,"qwen_30b,llama_70b,granite_8b",236,always_qwen_30b,197,38,0.19289340101522842,0.8984771573604061,0.7105263157894737,0.0,0.0,
triple_qwen_llama_granite,"qwen_30b,llama_70b,granite_8b",236,oracle,197,38,0.19289340101522842,0.9543147208121827,1.0,28.947368421052634,0.05583756345177665,
triple_qwen_llama_granite,"qwen_30b,llama_70b,granite_8b",236,logistic_router,197,38,0.19289340101522842,0.8984771573604061,0.7105263157894737,0.0,0.233502538071066,0.8478260869565217
triple_qwen_llama_granite,"qwen_30b,llama_70b,granite_8b",236,linear_svm_router,197,38,0.19289340101522842,0.8984771573604061,0.7105263157894737,0.0,0.09644670050761421,0.9473684210526315
triple_qwen_llama_granite,"qwen_30b,llama_70b,granite_8b",236,knn_router,197,38,0.19289340101522842,0.8984771573604061,0.7105263157894737,0.0,0.0,
triple_qwen_llama_granite,"qwen_30b,llama_70b,granite_8b",236,decision_tree_router,197,38,0.19289340101522842,0.8883248730964467,0.6578947368421053,-5.263157894736836,0.3096446700507614,0.819672131147541
triple_qwen_llama_granite,"qwen_30b,llama_70b,granite_8b",236,random_forest_router,197,38,0.19289340101522842,0.8883248730964467,0.6578947368421053,-5.263157894736836,0.09137055837563451,0.8333333333333334
triple_qwen_llama_granite,"qwen_30b,llama_70b,granite_8b",236,extra_trees_router,197,38,0.19289340101522842,0.8984771573604061,0.7105263157894737,0.0,0.15736040609137056,0.8387096774193549
triple_qwen_llama_granite,"qwen_30b,llama_70b,granite_8b",236,mlp_router,197,38,0.19289340101522842,0.8984771573604061,0.7105263157894737,0.0,0.02030456852791878,1.0
triple_qwen_llama_granite,"qwen_30b,llama_70b,granite_8b",236,tfidf_logistic_router,197,38,0.19289340101522842,0.9035532994923858,0.7368421052631579,2.631578947368418,0.1065989847715736,0.9523809523809523
triple_qwen_llama_granite,"qwen_30b,llama_70b,granite_8b",236,tfidf_linear_svm_router,197,38,0.19289340101522842,0.9035532994923858,0.7368421052631579,2.631578947368418,0.025380710659898477,1.0
triple_qwen_llama_granite,"qwen_30b,llama_70b,granite_8b",236,tfidf_mlp_router,197,38,0.19289340101522842,0.9035532994923858,0.7368421052631579,2.631578947368418,0.01015228426395939,1.0
triple_qwen_llama_granite,"qwen_30b,llama_70b,granite_8b",237,always_llama_70b,197,41,0.20812182741116753,0.8984771573604061,0.6585365853658537,0.0,0.0,
triple_qwen_llama_granite,"qwen_30b,llama_70b,granite_8b",237,oracle,197,41,0.20812182741116753,0.9695431472081218,1.0,34.14634146341463,0.9390862944162437,
triple_qwen_llama_granite,"qwen_30b,llama_70b,granite_8b",237,logistic_router,197,41,0.20812182741116753,0.8730964467005076,0.5365853658536586,-12.195121951219512,0.817258883248731,0.8819875776397516
triple_qwen_llama_granite,"qwen_30b,llama_70b,granite_8b",237,linear_svm_router,197,41,0.20812182741116753,0.883248730964467,0.5853658536585366,-7.317073170731714,0.9086294416243654,0.8938547486033519
triple_qwen_llama_granite,"qwen_30b,llama_70b,granite_8b",237,knn_router,197,41,0.20812182741116753,0.8781725888324873,0.5609756097560976,-9.756097560975608,1.0,0.8781725888324873
triple_qwen_llama_granite,"qwen_30b,llama_70b,granite_8b",237,decision_tree_router,197,41,0.20812182741116753,0.8934010152284264,0.6341463414634146,-2.4390243902439046,0.6345177664974619,0.896
triple_qwen_llama_granite,"qwen_30b,llama_70b,granite_8b",237,random_forest_router,197,41,0.20812182741116753,0.8730964467005076,0.5365853658536586,-12.195121951219512,0.9441624365482234,0.8817204301075269
triple_qwen_llama_granite,"qwen_30b,llama_70b,granite_8b",237,extra_trees_router,197,41,0.20812182741116753,0.8781725888324873,0.5609756097560976,-9.756097560975608,0.8934010152284264,0.8977272727272727
triple_qwen_llama_granite,"qwen_30b,llama_70b,granite_8b",237,mlp_router,197,41,0.20812182741116753,0.8781725888324873,0.5609756097560976,-9.756097560975608,0.9796954314720813,0.8860103626943006
triple_qwen_llama_granite,"qwen_30b,llama_70b,granite_8b",237,tfidf_logistic_router,197,41,0.20812182741116753,0.8730964467005076,0.5365853658536586,-12.195121951219512,0.9137055837563451,0.8777777777777778
triple_qwen_llama_granite,"qwen_30b,llama_70b,granite_8b",237,tfidf_linear_svm_router,197,41,0.20812182741116753,0.8781725888324873,0.5609756097560976,-9.756097560975608,0.9695431472081218,0.8795811518324608
triple_qwen_llama_granite,"qwen_30b,llama_70b,granite_8b",237,tfidf_mlp_router,197,41,0.20812182741116753,0.8781725888324873,0.5609756097560976,-9.756097560975608,0.9796954314720813,0.8808290155440415
triple_qwen_llama_granite,"qwen_30b,llama_70b,granite_8b",238,always_qwen_30b,197,38,0.19289340101522842,0.9137055837563451,0.7631578947368421,0.0,0.0,
triple_qwen_llama_granite,"qwen_30b,llama_70b,granite_8b",238,oracle,197,38,0.19289340101522842,0.9593908629441624,1.0,23.684210526315784,0.04568527918781726,
triple_qwen_llama_granite,"qwen_30b,llama_70b,granite_8b",238,logistic_router,197,38,0.19289340101522842,0.9238578680203046,0.8157894736842105,5.263157894736836,0.2131979695431472,0.8095238095238095
triple_qwen_llama_granite,"qwen_30b,llama_70b,granite_8b",238,linear_svm_router,197,38,0.19289340101522842,0.9137055837563451,0.7631578947368421,0.0,0.03553299492385787,0.8571428571428571
triple_qwen_llama_granite,"qwen_30b,llama_70b,granite_8b",238,knn_router,197,38,0.19289340101522842,0.9137055837563451,0.7631578947368421,0.0,0.0,
triple_qwen_llama_granite,"qwen_30b,llama_70b,granite_8b",238,decision_tree_router,197,38,0.19289340101522842,0.9137055837563451,0.7631578947368421,0.0,0.3096446700507614,0.8360655737704918
triple_qwen_llama_granite,"qwen_30b,llama_70b,granite_8b",238,random_forest_router,197,38,0.19289340101522842,0.9187817258883249,0.7894736842105263,2.631578947368418,0.06091370558375635,0.75
triple_qwen_llama_granite,"qwen_30b,llama_70b,granite_8b",238,extra_trees_router,197,38,0.19289340101522842,0.9187817258883249,0.7894736842105263,2.631578947368418,0.1218274111675127,0.7916666666666666
triple_qwen_llama_granite,"qwen_30b,llama_70b,granite_8b",238,mlp_router,197,38,0.19289340101522842,0.9137055837563451,0.7631578947368421,0.0,0.0,
triple_qwen_llama_granite,"qwen_30b,llama_70b,granite_8b",238,tfidf_logistic_router,197,38,0.19289340101522842,0.9137055837563451,0.7631578947368421,0.0,0.06091370558375635,0.8333333333333334
triple_qwen_llama_granite,"qwen_30b,llama_70b,granite_8b",238,tfidf_linear_svm_router,197,38,0.19289340101522842,0.9137055837563451,0.7631578947368421,0.0,0.005076142131979695,1.0
triple_qwen_llama_granite,"qwen_30b,llama_70b,granite_8b",238,tfidf_mlp_router,197,38,0.19289340101522842,0.9137055837563451,0.7631578947368421,0.0,0.0,
triple_qwen_llama_granite,"qwen_30b,llama_70b,granite_8b",239,always_qwen_30b,197,35,0.17766497461928935,0.8934010152284264,0.6571428571428571,0.0,0.0,
triple_qwen_llama_granite,"qwen_30b,llama_70b,granite_8b",239,oracle,197,35,0.17766497461928935,0.9543147208121827,1.0,34.285714285714285,0.06091370558375635,
triple_qwen_llama_granite,"qwen_30b,llama_70b,granite_8b",239,logistic_router,197,35,0.17766497461928935,0.8883248730964467,0.6285714285714286,-2.857142857142858,0.19796954314720813,0.7692307692307693
triple_qwen_llama_granite,"qwen_30b,llama_70b,granite_8b",239,linear_svm_router,197,35,0.17766497461928935,0.8934010152284264,0.6571428571428571,0.0,0.07106598984771574,0.6428571428571429
triple_qwen_llama_granite,"qwen_30b,llama_70b,granite_8b",239,knn_router,197,35,0.17766497461928935,0.8934010152284264,0.6571428571428571,0.0,0.0,
triple_qwen_llama_granite,"qwen_30b,llama_70b,granite_8b",239,decision_tree_router,197,35,0.17766497461928935,0.8934010152284264,0.6571428571428571,0.0,0.49746192893401014,0.8571428571428571
triple_qwen_llama_granite,"qwen_30b,llama_70b,granite_8b",239,random_forest_router,197,35,0.17766497461928935,0.8883248730964467,0.6285714285714286,-2.857142857142858,0.04568527918781726,0.7777777777777778
triple_qwen_llama_granite,"qwen_30b,llama_70b,granite_8b",239,extra_trees_router,197,35,0.17766497461928935,0.8934010152284264,0.6571428571428571,0.0,0.15736040609137056,0.7741935483870968
triple_qwen_llama_granite,"qwen_30b,llama_70b,granite_8b",239,mlp_router,197,35,0.17766497461928935,0.8934010152284264,0.6571428571428571,0.0,0.030456852791878174,1.0
triple_qwen_llama_granite,"qwen_30b,llama_70b,granite_8b",239,tfidf_logistic_router,197,35,0.17766497461928935,0.8934010152284264,0.6571428571428571,0.0,0.1319796954314721,0.8076923076923077
triple_qwen_llama_granite,"qwen_30b,llama_70b,granite_8b",239,tfidf_linear_svm_router,197,35,0.17766497461928935,0.8934010152284264,0.6571428571428571,0.0,0.005076142131979695,1.0
triple_qwen_llama_granite,"qwen_30b,llama_70b,granite_8b",239,tfidf_mlp_router,197,35,0.17766497461928935,0.8934010152284264,0.6571428571428571,0.0,0.0,
triple_qwen_llama_granite,"qwen_30b,llama_70b,granite_8b",240,always_llama_70b,197,41,0.20812182741116753,0.934010152284264,0.7073170731707317,0.0,0.0,
triple_qwen_llama_granite,"qwen_30b,llama_70b,granite_8b",240,oracle,197,41,0.20812182741116753,0.9949238578680203,1.0,29.268292682926834,0.949238578680203,
triple_qwen_llama_granite,"qwen_30b,llama_70b,granite_8b",240,logistic_router,197,41,0.20812182741116753,0.934010152284264,0.7073170731707317,0.0,0.8274111675126904,0.9263803680981595
triple_qwen_llama_granite,"qwen_30b,llama_70b,granite_8b",240,linear_svm_router,197,41,0.20812182741116753,0.934010152284264,0.7073170731707317,0.0,0.9543147208121827,0.9308510638297872
triple_qwen_llama_granite,"qwen_30b,llama_70b,granite_8b",240,knn_router,197,41,0.20812182741116753,0.9289340101522843,0.6829268292682927,-2.4390243902438935,1.0,0.9289340101522843
triple_qwen_llama_granite,"qwen_30b,llama_70b,granite_8b",240,decision_tree_router,197,41,0.20812182741116753,0.9238578680203046,0.6585365853658537,-4.8780487804877986,0.7614213197969543,0.9133333333333333
triple_qwen_llama_granite,"qwen_30b,llama_70b,granite_8b",240,random_forest_router,197,41,0.20812182741116753,0.9289340101522843,0.6829268292682927,-2.4390243902438935,0.9898477157360406,0.9282051282051282
triple_qwen_llama_granite,"qwen_30b,llama_70b,granite_8b",240,extra_trees_router,197,41,0.20812182741116753,0.9238578680203046,0.6585365853658537,-4.8780487804877986,0.9187817258883249,0.9281767955801105
triple_qwen_llama_granite,"qwen_30b,llama_70b,granite_8b",240,mlp_router,197,41,0.20812182741116753,0.9289340101522843,0.6829268292682927,-2.4390243902438935,0.9746192893401016,0.9270833333333334
triple_qwen_llama_granite,"qwen_30b,llama_70b,granite_8b",240,tfidf_logistic_router,197,41,0.20812182741116753,0.934010152284264,0.7073170731707317,0.0,0.949238578680203,0.93048128342246
triple_qwen_llama_granite,"qwen_30b,llama_70b,granite_8b",240,tfidf_linear_svm_router,197,41,0.20812182741116753,0.9289340101522843,0.6829268292682927,-2.4390243902438935,0.9949238578680203,0.9285714285714286
triple_qwen_llama_granite,"qwen_30b,llama_70b,granite_8b",240,tfidf_mlp_router,197,41,0.20812182741116753,0.9289340101522843,0.6829268292682927,-2.4390243902438935,1.0,0.9289340101522843
triple_qwen_llama_granite,"qwen_30b,llama_70b,granite_8b",241,always_qwen_30b,197,31,0.15736040609137056,0.8883248730964467,0.6451612903225806,0.0,0.0,
triple_qwen_llama_granite,"qwen_30b,llama_70b,granite_8b",241,oracle,197,31,0.15736040609137056,0.9441624365482234,1.0,35.483870967741936,0.05583756345177665,
triple_qwen_llama_granite,"qwen_30b,llama_70b,granite_8b",241,logistic_router,197,31,0.15736040609137056,0.8781725888324873,0.5806451612903226,-6.451612903225801,0.2131979695431472,0.8095238095238095
triple_qwen_llama_granite,"qwen_30b,llama_70b,granite_8b",241,linear_svm_router,197,31,0.15736040609137056,0.883248730964467,0.6129032258064516,-3.2258064516129004,0.10152284263959391,0.75
triple_qwen_llama_granite,"qwen_30b,llama_70b,granite_8b",241,knn_router,197,31,0.15736040609137056,0.8883248730964467,0.6451612903225806,0.0,0.0,
triple_qwen_llama_granite,"qwen_30b,llama_70b,granite_8b",241,decision_tree_router,197,31,0.15736040609137056,0.8934010152284264,0.6774193548387096,3.2258064516129004,0.2436548223350254,0.875
triple_qwen_llama_granite,"qwen_30b,llama_70b,granite_8b",241,random_forest_router,197,31,0.15736040609137056,0.883248730964467,0.6129032258064516,-3.2258064516129004,0.10152284263959391,0.75
triple_qwen_llama_granite,"qwen_30b,llama_70b,granite_8b",241,extra_trees_router,197,31,0.15736040609137056,0.868020304568528,0.5161290322580645,-12.903225806451612,0.17258883248730963,0.7352941176470589
triple_qwen_llama_granite,"qwen_30b,llama_70b,granite_8b",241,mlp_router,197,31,0.15736040609137056,0.8883248730964467,0.6451612903225806,0.0,0.02030456852791878,0.5
triple_qwen_llama_granite,"qwen_30b,llama_70b,granite_8b",241,tfidf_logistic_router,197,31,0.15736040609137056,0.8730964467005076,0.5483870967741935,-9.677419354838712,0.14720812182741116,0.7586206896551724
triple_qwen_llama_granite,"qwen_30b,llama_70b,granite_8b",241,tfidf_linear_svm_router,197,31,0.15736040609137056,0.883248730964467,0.6129032258064516,-3.2258064516129004,0.015228426395939087,0.3333333333333333
triple_qwen_llama_granite,"qwen_30b,llama_70b,granite_8b",241,tfidf_mlp_router,197,31,0.15736040609137056,0.883248730964467,0.6129032258064516,-3.2258064516129004,0.01015228426395939,0.0
triple_qwen_llama_granite,"qwen_30b,llama_70b,granite_8b",242,always_qwen_30b,197,35,0.17766497461928935,0.9238578680203046,0.7714285714285715,0.0,0.0,
triple_qwen_llama_granite,"qwen_30b,llama_70b,granite_8b",242,oracle,197,35,0.17766497461928935,0.9644670050761421,1.0,22.857142857142854,0.04060913705583756,
triple_qwen_llama_granite,"qwen_30b,llama_70b,granite_8b",242,logistic_router,197,35,0.17766497461928935,0.9035532994923858,0.6571428571428571,-11.428571428571432,0.2639593908629442,0.75
triple_qwen_llama_granite,"qwen_30b,llama_70b,granite_8b",242,linear_svm_router,197,35,0.17766497461928935,0.9187817258883249,0.7428571428571429,-2.857142857142858,0.1065989847715736,0.7142857142857143
triple_qwen_llama_granite,"qwen_30b,llama_70b,granite_8b",242,knn_router,197,35,0.17766497461928935,0.9238578680203046,0.7714285714285715,0.0,0.0,
triple_qwen_llama_granite,"qwen_30b,llama_70b,granite_8b",242,decision_tree_router,197,35,0.17766497461928935,0.8730964467005076,0.4857142857142857,-28.571428571428577,0.5279187817258884,0.7788461538461539
triple_qwen_llama_granite,"qwen_30b,llama_70b,granite_8b",242,random_forest_router,197,35,0.17766497461928935,0.9086294416243654,0.6857142857142857,-8.571428571428575,0.16243654822335024,0.71875
triple_qwen_llama_granite,"qwen_30b,llama_70b,granite_8b",242,extra_trees_router,197,35,0.17766497461928935,0.8984771573604061,0.6285714285714286,-14.28571428571429,0.2182741116751269,0.6976744186046512
triple_qwen_llama_granite,"qwen_30b,llama_70b,granite_8b",242,mlp_router,197,35,0.17766497461928935,0.9187817258883249,0.7428571428571429,-2.857142857142858,0.04568527918781726,0.7777777777777778
triple_qwen_llama_granite,"qwen_30b,llama_70b,granite_8b",242,tfidf_logistic_router,197,35,0.17766497461928935,0.9035532994923858,0.6571428571428571,-11.428571428571432,0.15228426395939088,0.6666666666666666
triple_qwen_llama_granite,"qwen_30b,llama_70b,granite_8b",242,tfidf_linear_svm_router,197,35,0.17766497461928935,0.9187817258883249,0.7428571428571429,-2.857142857142858,0.015228426395939087,0.6666666666666666
triple_qwen_llama_granite,"qwen_30b,llama_70b,granite_8b",242,tfidf_mlp_router,197,35,0.17766497461928935,0.9187817258883249,0.7428571428571429,-2.857142857142858,0.005076142131979695,0.0
triple_qwen_llama_granite,"qwen_30b,llama_70b,granite_8b",243,always_llama_70b,197,32,0.16243654822335024,0.9086294416243654,0.65625,0.0,0.0,
triple_qwen_llama_granite,"qwen_30b,llama_70b,granite_8b",243,oracle,197,32,0.16243654822335024,0.9644670050761421,1.0,34.375,0.9390862944162437,
triple_qwen_llama_granite,"qwen_30b,llama_70b,granite_8b",243,logistic_router,197,32,0.16243654822335024,0.8984771573604061,0.59375,-6.25,0.8375634517766497,0.9212121212121213
triple_qwen_llama_granite,"qwen_30b,llama_70b,granite_8b",243,linear_svm_router,197,32,0.16243654822335024,0.8883248730964467,0.53125,-12.5,0.9543147208121827,0.898936170212766
triple_qwen_llama_granite,"qwen_30b,llama_70b,granite_8b",243,knn_router,197,32,0.16243654822335024,0.8883248730964467,0.53125,-12.5,1.0,0.8883248730964467
triple_qwen_llama_granite,"qwen_30b,llama_70b,granite_8b",243,decision_tree_router,197,32,0.16243654822335024,0.8984771573604061,0.59375,-6.25,0.8324873096446701,0.9024390243902439
triple_qwen_llama_granite,"qwen_30b,llama_70b,granite_8b",243,random_forest_router,197,32,0.16243654822335024,0.8781725888324873,0.46875,-18.75,0.9543147208121827,0.8882978723404256
triple_qwen_llama_granite,"qwen_30b,llama_70b,granite_8b",243,extra_trees_router,197,32,0.16243654822335024,0.8781725888324873,0.46875,-18.75,0.9441624365482234,0.8924731182795699
triple_qwen_llama_granite,"qwen_30b,llama_70b,granite_8b",243,mlp_router,197,32,0.16243654822335024,0.8883248730964467,0.53125,-12.5,0.9796954314720813,0.8963730569948186
triple_qwen_llama_granite,"qwen_30b,llama_70b,granite_8b",243,tfidf_logistic_router,197,32,0.16243654822335024,0.8984771573604061,0.59375,-6.25,0.9238578680203046,0.9065934065934066
triple_qwen_llama_granite,"qwen_30b,llama_70b,granite_8b",243,tfidf_linear_svm_router,197,32,0.16243654822335024,0.8883248730964467,0.53125,-12.5,0.9949238578680203,0.8928571428571429
triple_qwen_llama_granite,"qwen_30b,llama_70b,granite_8b",243,tfidf_mlp_router,197,32,0.16243654822335024,0.8883248730964467,0.53125,-12.5,0.9949238578680203,0.8928571428571429
triple_qwen_llama_granite,"qwen_30b,llama_70b,granite_8b",244,always_qwen_30b,197,33,0.16751269035532995,0.9086294416243654,0.6666666666666666,0.0,0.0,
triple_qwen_llama_granite,"qwen_30b,llama_70b,granite_8b",244,oracle,197,33,0.16751269035532995,0.9644670050761421,1.0,33.333333333333336,0.05583756345177665,
triple_qwen_llama_granite,"qwen_30b,llama_70b,granite_8b",244,logistic_router,197,33,0.16751269035532995,0.8883248730964467,0.5454545454545454,-12.121212121212121,0.233502538071066,0.8043478260869565
triple_qwen_llama_granite,"qwen_30b,llama_70b,granite_8b",244,linear_svm_router,197,33,0.16751269035532995,0.8984771573604061,0.6060606060606061,-6.060606060606055,0.07106598984771574,0.7142857142857143
triple_qwen_llama_granite,"qwen_30b,llama_70b,granite_8b",244,knn_router,197,33,0.16751269035532995,0.9086294416243654,0.6666666666666666,0.0,0.0,
triple_qwen_llama_granite,"qwen_30b,llama_70b,granite_8b",244,decision_tree_router,197,33,0.16751269035532995,0.8730964467005076,0.45454545454545453,-21.21212121212121,0.38578680203045684,0.8026315789473685
triple_qwen_llama_granite,"qwen_30b,llama_70b,granite_8b",244,random_forest_router,197,33,0.16751269035532995,0.8984771573604061,0.6060606060606061,-6.060606060606055,0.08629441624365482,0.6470588235294118
triple_qwen_llama_granite,"qwen_30b,llama_70b,granite_8b",244,extra_trees_router,197,33,0.16751269035532995,0.8984771573604061,0.6060606060606061,-6.060606060606055,0.19289340101522842,0.7631578947368421
triple_qwen_llama_granite,"qwen_30b,llama_70b,granite_8b",244,mlp_router,197,33,0.16751269035532995,0.9086294416243654,0.6666666666666666,0.0,0.02030456852791878,0.75
triple_qwen_llama_granite,"qwen_30b,llama_70b,granite_8b",244,tfidf_logistic_router,197,33,0.16751269035532995,0.8984771573604061,0.6060606060606061,-6.060606060606055,0.09644670050761421,0.7368421052631579
triple_qwen_llama_granite,"qwen_30b,llama_70b,granite_8b",244,tfidf_linear_svm_router,197,33,0.16751269035532995,0.9137055837563451,0.696969696969697,3.0303030303030387,0.01015228426395939,0.5
triple_qwen_llama_granite,"qwen_30b,llama_70b,granite_8b",244,tfidf_mlp_router,197,33,0.16751269035532995,0.9137055837563451,0.696969696969697,3.0303030303030387,0.01015228426395939,0.5
triple_qwen_llama_granite,"qwen_30b,llama_70b,granite_8b",245,always_qwen_30b,197,36,0.18274111675126903,0.8984771573604061,0.6388888888888888,0.0,0.0,
triple_qwen_llama_granite,"qwen_30b,llama_70b,granite_8b",245,oracle,197,36,0.18274111675126903,0.9644670050761421,1.0,36.111111111111114,0.06598984771573604,
triple_qwen_llama_granite,"qwen_30b,llama_70b,granite_8b",245,logistic_router,197,36,0.18274111675126903,0.9035532994923858,0.6666666666666666,2.777777777777779,0.20812182741116753,0.8292682926829268
triple_qwen_llama_granite,"qwen_30b,llama_70b,granite_8b",245,linear_svm_router,197,36,0.18274111675126903,0.8984771573604061,0.6388888888888888,0.0,0.07614213197969544,0.8
triple_qwen_llama_granite,"qwen_30b,llama_70b,granite_8b",245,knn_router,197,36,0.18274111675126903,0.8984771573604061,0.6388888888888888,0.0,0.0,
triple_qwen_llama_granite,"qwen_30b,llama_70b,granite_8b",245,decision_tree_router,197,36,0.18274111675126903,0.8984771573604061,0.6388888888888888,0.0,0.3299492385786802,0.8307692307692308
triple_qwen_llama_granite,"qwen_30b,llama_70b,granite_8b",245,random_forest_router,197,36,0.18274111675126903,0.8934010152284264,0.6111111111111112,-2.777777777777768,0.14213197969543148,0.8214285714285714
triple_qwen_llama_granite,"qwen_30b,llama_70b,granite_8b",245,extra_trees_router,197,36,0.18274111675126903,0.8883248730964467,0.5833333333333334,-5.5555555555555465,0.17766497461928935,0.7428571428571429
triple_qwen_llama_granite,"qwen_30b,llama_70b,granite_8b",245,mlp_router,197,36,0.18274111675126903,0.8934010152284264,0.6111111111111112,-2.777777777777768,0.015228426395939087,0.0
triple_qwen_llama_granite,"qwen_30b,llama_70b,granite_8b",245,tfidf_logistic_router,197,36,0.18274111675126903,0.9035532994923858,0.6666666666666666,2.777777777777779,0.1116751269035533,0.8181818181818182
triple_qwen_llama_granite,"qwen_30b,llama_70b,granite_8b",245,tfidf_linear_svm_router,197,36,0.18274111675126903,0.8984771573604061,0.6388888888888888,0.0,0.005076142131979695,0.0
triple_qwen_llama_granite,"qwen_30b,llama_70b,granite_8b",245,tfidf_mlp_router,197,36,0.18274111675126903,0.8984771573604061,0.6388888888888888,0.0,0.005076142131979695,0.0
triple_qwen_llama_granite,"qwen_30b,llama_70b,granite_8b",246,always_qwen_30b,197,41,0.20812182741116753,0.8883248730964467,0.6829268292682927,0.0,0.0,
triple_qwen_llama_granite,"qwen_30b,llama_70b,granite_8b",246,oracle,197,41,0.20812182741116753,0.9543147208121827,1.0,31.707317073170728,0.06598984771573604,
triple_qwen_llama_granite,"qwen_30b,llama_70b,granite_8b",246,logistic_router,197,41,0.20812182741116753,0.883248730964467,0.6585365853658537,-2.4390243902439046,0.20304568527918782,0.725
triple_qwen_llama_granite,"qwen_30b,llama_70b,granite_8b",246,linear_svm_router,197,41,0.20812182741116753,0.8883248730964467,0.6829268292682927,0.0,0.07106598984771574,0.7142857142857143
triple_qwen_llama_granite,"qwen_30b,llama_70b,granite_8b",246,knn_router,197,41,0.20812182741116753,0.8883248730964467,0.6829268292682927,0.0,0.0,
triple_qwen_llama_granite,"qwen_30b,llama_70b,granite_8b",246,decision_tree_router,197,41,0.20812182741116753,0.8883248730964467,0.6829268292682927,0.0,0.30456852791878175,0.8333333333333334
triple_qwen_llama_granite,"qwen_30b,llama_70b,granite_8b",246,random_forest_router,197,41,0.20812182741116753,0.8781725888324873,0.6341463414634146,-4.878048780487809,0.030456852791878174,0.5
triple_qwen_llama_granite,"qwen_30b,llama_70b,granite_8b",246,extra_trees_router,197,41,0.20812182741116753,0.883248730964467,0.6585365853658537,-2.4390243902439046,0.116751269035533,0.6956521739130435
triple_qwen_llama_granite,"qwen_30b,llama_70b,granite_8b",246,mlp_router,197,41,0.20812182741116753,0.8883248730964467,0.6829268292682927,0.0,0.02030456852791878,0.75
triple_qwen_llama_granite,"qwen_30b,llama_70b,granite_8b",246,tfidf_logistic_router,197,41,0.20812182741116753,0.8883248730964467,0.6829268292682927,0.0,0.09644670050761421,0.8421052631578947
triple_qwen_llama_granite,"qwen_30b,llama_70b,granite_8b",246,tfidf_linear_svm_router,197,41,0.20812182741116753,0.8934010152284264,0.7073170731707317,2.4390243902438935,0.01015228426395939,1.0
triple_qwen_llama_granite,"qwen_30b,llama_70b,granite_8b",246,tfidf_mlp_router,197,41,0.20812182741116753,0.8883248730964467,0.6829268292682927,0.0,0.005076142131979695,1.0
triple_qwen_llama_granite,"qwen_30b,llama_70b,granite_8b",247,always_qwen_30b,197,24,0.1218274111675127,0.9289340101522843,0.7083333333333334,0.0,0.0,
triple_qwen_llama_granite,"qwen_30b,llama_70b,granite_8b",247,oracle,197,24,0.1218274111675127,0.9644670050761421,1.0,29.166666666666664,0.03553299492385787,
triple_qwen_llama_granite,"qwen_30b,llama_70b,granite_8b",247,logistic_router,197,24,0.1218274111675127,0.9187817258883249,0.625,-8.333333333333337,0.18274111675126903,0.8333333333333334
triple_qwen_llama_granite,"qwen_30b,llama_70b,granite_8b",247,linear_svm_router,197,24,0.1218274111675127,0.9238578680203046,0.6666666666666666,-4.166666666666674,0.07614213197969544,0.8666666666666667
triple_qwen_llama_granite,"qwen_30b,llama_70b,granite_8b",247,knn_router,197,24,0.1218274111675127,0.9289340101522843,0.7083333333333334,0.0,0.0,
triple_qwen_llama_granite,"qwen_30b,llama_70b,granite_8b",247,decision_tree_router,197,24,0.1218274111675127,0.9289340101522843,0.7083333333333334,0.0,0.41624365482233505,0.8902439024390244
triple_qwen_llama_granite,"qwen_30b,llama_70b,granite_8b",247,random_forest_router,197,24,0.1218274111675127,0.9187817258883249,0.625,-8.333333333333337,0.05583756345177665,0.7272727272727273
triple_qwen_llama_granite,"qwen_30b,llama_70b,granite_8b",247,extra_trees_router,197,24,0.1218274111675127,0.934010152284264,0.75,4.1666666666666625,0.15228426395939088,0.8666666666666667
triple_qwen_llama_granite,"qwen_30b,llama_70b,granite_8b",247,mlp_router,197,24,0.1218274111675127,0.934010152284264,0.75,4.1666666666666625,0.03553299492385787,0.8571428571428571
triple_qwen_llama_granite,"qwen_30b,llama_70b,granite_8b",247,tfidf_logistic_router,197,24,0.1218274111675127,0.9187817258883249,0.625,-8.333333333333337,0.1065989847715736,0.8571428571428571
triple_qwen_llama_granite,"qwen_30b,llama_70b,granite_8b",247,tfidf_linear_svm_router,197,24,0.1218274111675127,0.9289340101522843,0.7083333333333334,0.0,0.005076142131979695,0.0
triple_qwen_llama_granite,"qwen_30b,llama_70b,granite_8b",247,tfidf_mlp_router,197,24,0.1218274111675127,0.9289340101522843,0.7083333333333334,0.0,0.0,
triple_qwen_llama_granite,"qwen_30b,llama_70b,granite_8b",248,always_qwen_30b,197,26,0.1319796954314721,0.9137055837563451,0.6923076923076923,0.0,0.0,
triple_qwen_llama_granite,"qwen_30b,llama_70b,granite_8b",248,oracle,197,26,0.1319796954314721,0.9543147208121827,1.0,30.76923076923077,0.04060913705583756,
triple_qwen_llama_granite,"qwen_30b,llama_70b,granite_8b",248,logistic_router,197,26,0.1319796954314721,0.9086294416243654,0.6538461538461539,-3.8461538461538436,0.2639593908629442,0.8269230769230769
triple_qwen_llama_granite,"qwen_30b,llama_70b,granite_8b",248,linear_svm_router,197,26,0.1319796954314721,0.9086294416243654,0.6538461538461539,-3.8461538461538436,0.07106598984771574,0.8571428571428571
triple_qwen_llama_granite,"qwen_30b,llama_70b,granite_8b",248,knn_router,197,26,0.1319796954314721,0.9137055837563451,0.6923076923076923,0.0,0.0,
triple_qwen_llama_granite,"qwen_30b,llama_70b,granite_8b",248,decision_tree_router,197,26,0.1319796954314721,0.9187817258883249,0.7307692307692307,3.8461538461538436,0.41116751269035534,0.8765432098765432
triple_qwen_llama_granite,"qwen_30b,llama_70b,granite_8b",248,random_forest_router,197,26,0.1319796954314721,0.9137055837563451,0.6923076923076923,0.0,0.09644670050761421,0.8947368421052632
triple_qwen_llama_granite,"qwen_30b,llama_70b,granite_8b",248,extra_trees_router,197,26,0.1319796954314721,0.9137055837563451,0.6923076923076923,0.0,0.18781725888324874,0.7837837837837838
triple_qwen_llama_granite,"qwen_30b,llama_70b,granite_8b",248,mlp_router,197,26,0.1319796954314721,0.9137055837563451,0.6923076923076923,0.0,0.030456852791878174,0.8333333333333334
triple_qwen_llama_granite,"qwen_30b,llama_70b,granite_8b",248,tfidf_logistic_router,197,26,0.1319796954314721,0.9137055837563451,0.6923076923076923,0.0,0.12690355329949238,0.84
triple_qwen_llama_granite,"qwen_30b,llama_70b,granite_8b",248,tfidf_linear_svm_router,197,26,0.1319796954314721,0.9137055837563451,0.6923076923076923,0.0,0.005076142131979695,1.0
triple_qwen_llama_granite,"qwen_30b,llama_70b,granite_8b",248,tfidf_mlp_router,197,26,0.1319796954314721,0.9137055837563451,0.6923076923076923,0.0,0.0,
triple_qwen_llama_granite,"qwen_30b,llama_70b,granite_8b",249,always_llama_70b,197,45,0.22842639593908629,0.8730964467005076,0.6666666666666666,0.0,0.0,
triple_qwen_llama_granite,"qwen_30b,llama_70b,granite_8b",249,oracle,197,45,0.22842639593908629,0.949238578680203,1.0,33.333333333333336,0.9238578680203046,
triple_qwen_llama_granite,"qwen_30b,llama_70b,granite_8b",249,logistic_router,197,45,0.22842639593908629,0.8477157360406091,0.5555555555555556,-11.111111111111105,0.868020304568528,0.8713450292397661
triple_qwen_llama_granite,"qwen_30b,llama_70b,granite_8b",249,linear_svm_router,197,45,0.22842639593908629,0.8477157360406091,0.5555555555555556,-11.111111111111105,0.9390862944162437,0.8594594594594595
triple_qwen_llama_granite,"qwen_30b,llama_70b,granite_8b",249,knn_router,197,45,0.22842639593908629,0.8578680203045685,0.6,-6.666666666666665,1.0,0.8578680203045685
triple_qwen_llama_granite,"qwen_30b,llama_70b,granite_8b",249,decision_tree_router,197,45,0.22842639593908629,0.868020304568528,0.6444444444444445,-2.2222222222222143,0.5431472081218274,0.8785046728971962
triple_qwen_llama_granite,"qwen_30b,llama_70b,granite_8b",249,random_forest_router,197,45,0.22842639593908629,0.8477157360406091,0.5555555555555556,-11.111111111111105,0.9695431472081218,0.8481675392670157
triple_qwen_llama_granite,"qwen_30b,llama_70b,granite_8b",249,extra_trees_router,197,45,0.22842639593908629,0.8527918781725888,0.5777777777777777,-8.888888888888891,0.9390862944162437,0.8594594594594595
triple_qwen_llama_granite,"qwen_30b,llama_70b,granite_8b",249,mlp_router,197,45,0.22842639593908629,0.8629441624365483,0.6222222222222222,-4.444444444444439,0.9796954314720813,0.8601036269430051
triple_qwen_llama_granite,"qwen_30b,llama_70b,granite_8b",249,tfidf_logistic_router,197,45,0.22842639593908629,0.8527918781725888,0.5777777777777777,-8.888888888888891,0.9390862944162437,0.8648648648648649
triple_qwen_llama_granite,"qwen_30b,llama_70b,granite_8b",249,tfidf_linear_svm_router,197,45,0.22842639593908629,0.8578680203045685,0.6,-6.666666666666665,0.9847715736040609,0.8608247422680413
triple_qwen_llama_granite,"qwen_30b,llama_70b,granite_8b",249,tfidf_mlp_router,197,45,0.22842639593908629,0.8578680203045685,0.6,-6.666666666666665,0.9949238578680203,0.8571428571428571
triple_qwen_llama_granite,"qwen_30b,llama_70b,granite_8b",250,always_qwen_30b,197,36,0.18274111675126903,0.934010152284264,0.7777777777777778,0.0,0.0,
triple_qwen_llama_granite,"qwen_30b,llama_70b,granite_8b",250,oracle,197,36,0.18274111675126903,0.9746192893401016,1.0,22.22222222222222,0.04060913705583756,
triple_qwen_llama_granite,"qwen_30b,llama_70b,granite_8b",250,logistic_router,197,36,0.18274111675126903,0.9137055837563451,0.6666666666666666,-11.111111111111116,0.24873096446700507,0.7551020408163265
triple_qwen_llama_granite,"qwen_30b,llama_70b,granite_8b",250,linear_svm_router,197,36,0.18274111675126903,0.9187817258883249,0.6944444444444444,-8.333333333333337,0.09644670050761421,0.7368421052631579
triple_qwen_llama_granite,"qwen_30b,llama_70b,granite_8b",250,knn_router,197,36,0.18274111675126903,0.934010152284264,0.7777777777777778,0.0,0.0,
triple_qwen_llama_granite,"qwen_30b,llama_70b,granite_8b",250,decision_tree_router,197,36,0.18274111675126903,0.9137055837563451,0.6666666666666666,-11.111111111111116,0.29441624365482233,0.7931034482758621
triple_qwen_llama_granite,"qwen_30b,llama_70b,granite_8b",250,random_forest_router,197,36,0.18274111675126903,0.9086294416243654,0.6388888888888888,-13.888888888888895,0.116751269035533,0.6956521739130435
triple_qwen_llama_granite,"qwen_30b,llama_70b,granite_8b",250,extra_trees_router,197,36,0.18274111675126903,0.9238578680203046,0.7222222222222222,-5.555555555555558,0.17766497461928935,0.8
triple_qwen_llama_granite,"qwen_30b,llama_70b,granite_8b",250,mlp_router,197,36,0.18274111675126903,0.934010152284264,0.7777777777777778,0.0,0.015228426395939087,0.6666666666666666
triple_qwen_llama_granite,"qwen_30b,llama_70b,granite_8b",250,tfidf_logistic_router,197,36,0.18274111675126903,0.9137055837563451,0.6666666666666666,-11.111111111111116,0.13705583756345177,0.7407407407407407
triple_qwen_llama_granite,"qwen_30b,llama_70b,granite_8b",250,tfidf_linear_svm_router,197,36,0.18274111675126903,0.9390862944162437,0.8055555555555556,2.777777777777779,0.03553299492385787,1.0
triple_qwen_llama_granite,"qwen_30b,llama_70b,granite_8b",250,tfidf_mlp_router,197,36,0.18274111675126903,0.934010152284264,0.7777777777777778,0.0,0.01015228426395939,1.0
triple_qwen_llama_granite,"qwen_30b,llama_70b,granite_8b",251,always_llama_70b,197,37,0.18781725888324874,0.9086294416243654,0.6486486486486487,0.0,0.0,
triple_qwen_llama_granite,"qwen_30b,llama_70b,granite_8b",251,oracle,197,37,0.18781725888324874,0.9746192893401016,1.0,35.13513513513513,0.9289340101522843,
triple_qwen_llama_granite,"qwen_30b,llama_70b,granite_8b",251,logistic_router,197,37,0.18781725888324874,0.9035532994923858,0.6216216216216216,-2.7027027027027084,0.8223350253807107,0.9012345679012346
triple_qwen_llama_granite,"qwen_30b,llama_70b,granite_8b",251,linear_svm_router,197,37,0.18781725888324874,0.8934010152284264,0.5675675675675675,-8.108108108108114,0.9543147208121827,0.898936170212766
triple_qwen_llama_granite,"qwen_30b,llama_70b,granite_8b",251,knn_router,197,37,0.18781725888324874,0.8934010152284264,0.5675675675675675,-8.108108108108114,1.0,0.8934010152284264
triple_qwen_llama_granite,"qwen_30b,llama_70b,granite_8b",251,decision_tree_router,197,37,0.18781725888324874,0.9137055837563451,0.6756756756756757,2.7027027027026973,0.8527918781725888,0.9107142857142857
triple_qwen_llama_granite,"qwen_30b,llama_70b,granite_8b",251,random_forest_router,197,37,0.18781725888324874,0.8883248730964467,0.5405405405405406,-10.81081081081081,0.9847715736040609,0.8917525773195877
triple_qwen_llama_granite,"qwen_30b,llama_70b,granite_8b",251,extra_trees_router,197,37,0.18781725888324874,0.8934010152284264,0.5675675675675675,-8.108108108108114,0.9289340101522843,0.907103825136612
triple_qwen_llama_granite,"qwen_30b,llama_70b,granite_8b",251,mlp_router,197,37,0.18781725888324874,0.8934010152284264,0.5675675675675675,-8.108108108108114,0.9695431472081218,0.8952879581151832
triple_qwen_llama_granite,"qwen_30b,llama_70b,granite_8b",251,tfidf_logistic_router,197,37,0.18781725888324874,0.8984771573604061,0.5945945945945946,-5.405405405405405,0.9390862944162437,0.9027027027027027
triple_qwen_llama_granite,"qwen_30b,llama_70b,granite_8b",251,tfidf_linear_svm_router,197,37,0.18781725888324874,0.8934010152284264,0.5675675675675675,-8.108108108108114,0.9949238578680203,0.8979591836734694
triple_qwen_llama_granite,"qwen_30b,llama_70b,granite_8b",251,tfidf_mlp_router,197,37,0.18781725888324874,0.8934010152284264,0.5675675675675675,-8.108108108108114,0.9949238578680203,0.8979591836734694
triple_qwen_llama_granite,"qwen_30b,llama_70b,granite_8b",252,always_qwen_30b,197,42,0.2131979695431472,0.8883248730964467,0.7380952380952381,0.0,0.0,
triple_qwen_llama_granite,"qwen_30b,llama_70b,granite_8b",252,oracle,197,42,0.2131979695431472,0.9441624365482234,1.0,26.190476190476186,0.05583756345177665,
triple_qwen_llama_granite,"qwen_30b,llama_70b,granite_8b",252,logistic_router,197,42,0.2131979695431472,0.8730964467005076,0.6666666666666666,-7.142857142857151,0.24873096446700507,0.7551020408163265
triple_qwen_llama_granite,"qwen_30b,llama_70b,granite_8b",252,linear_svm_router,197,42,0.2131979695431472,0.8883248730964467,0.7380952380952381,0.0,0.07106598984771574,0.7857142857142857
triple_qwen_llama_granite,"qwen_30b,llama_70b,granite_8b",252,knn_router,197,42,0.2131979695431472,0.8883248730964467,0.7380952380952381,0.0,0.0,
triple_qwen_llama_granite,"qwen_30b,llama_70b,granite_8b",252,decision_tree_router,197,42,0.2131979695431472,0.8527918781725888,0.5714285714285714,-16.666666666666675,0.41624365482233505,0.7682926829268293
triple_qwen_llama_granite,"qwen_30b,llama_70b,granite_8b",252,random_forest_router,197,42,0.2131979695431472,0.8781725888324873,0.6904761904761905,-4.761904761904767,0.08629441624365482,0.5882352941176471
triple_qwen_llama_granite,"qwen_30b,llama_70b,granite_8b",252,extra_trees_router,197,42,0.2131979695431472,0.8781725888324873,0.6904761904761905,-4.761904761904767,0.116751269035533,0.6086956521739131
triple_qwen_llama_granite,"qwen_30b,llama_70b,granite_8b",252,mlp_router,197,42,0.2131979695431472,0.8934010152284264,0.7619047619047619,2.3809523809523725,0.025380710659898477,1.0
triple_qwen_llama_granite,"qwen_30b,llama_70b,granite_8b",252,tfidf_logistic_router,197,42,0.2131979695431472,0.8883248730964467,0.7380952380952381,0.0,0.09644670050761421,0.7894736842105263
triple_qwen_llama_granite,"qwen_30b,llama_70b,granite_8b",252,tfidf_linear_svm_router,197,42,0.2131979695431472,0.8934010152284264,0.7619047619047619,2.3809523809523725,0.01015228426395939,1.0
triple_qwen_llama_granite,"qwen_30b,llama_70b,granite_8b",252,tfidf_mlp_router,197,42,0.2131979695431472,0.8883248730964467,0.7380952380952381,0.0,0.01015228426395939,0.5
triple_qwen_llama_granite,"qwen_30b,llama_70b,granite_8b",253,always_qwen_30b,197,32,0.16243654822335024,0.9187817258883249,0.75,0.0,0.0,
triple_qwen_llama_granite,"qwen_30b,llama_70b,granite_8b",253,oracle,197,32,0.16243654822335024,0.9593908629441624,1.0,25.0,0.04060913705583756,
triple_qwen_llama_granite,"qwen_30b,llama_70b,granite_8b",253,logistic_router,197,32,0.16243654822335024,0.8984771573604061,0.625,-12.5,0.22842639593908629,0.8
triple_qwen_llama_granite,"qwen_30b,llama_70b,granite_8b",253,linear_svm_router,197,32,0.16243654822335024,0.9086294416243654,0.6875,-6.25,0.050761421319796954,0.7
triple_qwen_llama_granite,"qwen_30b,llama_70b,granite_8b",253,knn_router,197,32,0.16243654822335024,0.9187817258883249,0.75,0.0,0.0,
triple_qwen_llama_granite,"qwen_30b,llama_70b,granite_8b",253,decision_tree_router,197,32,0.16243654822335024,0.8984771573604061,0.625,-12.5,0.36548223350253806,0.8194444444444444
triple_qwen_llama_granite,"qwen_30b,llama_70b,granite_8b",253,random_forest_router,197,32,0.16243654822335024,0.8934010152284264,0.59375,-15.625,0.14213197969543148,0.75
triple_qwen_llama_granite,"qwen_30b,llama_70b,granite_8b",253,extra_trees_router,197,32,0.16243654822335024,0.8984771573604061,0.625,-12.5,0.18274111675126903,0.8055555555555556
triple_qwen_llama_granite,"qwen_30b,llama_70b,granite_8b",253,mlp_router,197,32,0.16243654822335024,0.9187817258883249,0.75,0.0,0.025380710659898477,0.8
triple_qwen_llama_granite,"qwen_30b,llama_70b,granite_8b",253,tfidf_logistic_router,197,32,0.16243654822335024,0.9035532994923858,0.65625,-9.375,0.1319796954314721,0.7307692307692307
triple_qwen_llama_granite,"qwen_30b,llama_70b,granite_8b",253,tfidf_linear_svm_router,197,32,0.16243654822335024,0.9187817258883249,0.75,0.0,0.01015228426395939,0.5
triple_qwen_llama_granite,"qwen_30b,llama_70b,granite_8b",253,tfidf_mlp_router,197,32,0.16243654822335024,0.9187817258883249,0.75,0.0,0.01015228426395939,0.5
triple_qwen_llama_granite,"qwen_30b,llama_70b,granite_8b",254,always_qwen_30b,197,48,0.2436548223350254,0.8629441624365483,0.6875,0.0,0.0,
triple_qwen_llama_granite,"qwen_30b,llama_70b,granite_8b",254,oracle,197,48,0.2436548223350254,0.9390862944162437,1.0,31.25,0.07614213197969544,
triple_qwen_llama_granite,"qwen_30b,llama_70b,granite_8b",254,logistic_router,197,48,0.2436548223350254,0.8629441624365483,0.6875,0.0,0.26903553299492383,0.7735849056603774
triple_qwen_llama_granite,"qwen_30b,llama_70b,granite_8b",254,linear_svm_router,197,48,0.2436548223350254,0.8527918781725888,0.6458333333333334,-4.1666666666666625,0.06598984771573604,0.6153846153846154
triple_qwen_llama_granite,"qwen_30b,llama_70b,granite_8b",254,knn_router,197,48,0.2436548223350254,0.8629441624365483,0.6875,0.0,0.0,
triple_qwen_llama_granite,"qwen_30b,llama_70b,granite_8b",254,decision_tree_router,197,48,0.2436548223350254,0.8121827411167513,0.4791666666666667,-20.833333333333332,0.3401015228426396,0.7164179104477612
triple_qwen_llama_granite,"qwen_30b,llama_70b,granite_8b",254,random_forest_router,197,48,0.2436548223350254,0.8426395939086294,0.6041666666666666,-8.333333333333337,0.1116751269035533,0.5454545454545454
triple_qwen_llama_granite,"qwen_30b,llama_70b,granite_8b",254,extra_trees_router,197,48,0.2436548223350254,0.8578680203045685,0.6666666666666666,-2.083333333333337,0.18781725888324874,0.7567567567567568
triple_qwen_llama_granite,"qwen_30b,llama_70b,granite_8b",254,mlp_router,197,48,0.2436548223350254,0.8426395939086294,0.6041666666666666,-8.333333333333337,0.050761421319796954,0.5
triple_qwen_llama_granite,"qwen_30b,llama_70b,granite_8b",254,tfidf_logistic_router,197,48,0.2436548223350254,0.8578680203045685,0.6666666666666666,-2.083333333333337,0.10152284263959391,0.7
triple_qwen_llama_granite,"qwen_30b,llama_70b,granite_8b",254,tfidf_linear_svm_router,197,48,0.2436548223350254,0.8629441624365483,0.6875,0.0,0.030456852791878174,0.6666666666666666
triple_qwen_llama_granite,"qwen_30b,llama_70b,granite_8b",254,tfidf_mlp_router,197,48,0.2436548223350254,0.868020304568528,0.7083333333333334,2.083333333333337,0.005076142131979695,1.0
triple_qwen_llama_granite,"qwen_30b,llama_70b,granite_8b",255,always_qwen_30b,197,26,0.1319796954314721,0.8984771573604061,0.6923076923076923,0.0,0.0,
triple_qwen_llama_granite,"qwen_30b,llama_70b,granite_8b",255,oracle,197,26,0.1319796954314721,0.9390862944162437,1.0,30.76923076923077,0.04060913705583756,
triple_qwen_llama_granite,"qwen_30b,llama_70b,granite_8b",255,logistic_router,197,26,0.1319796954314721,0.8883248730964467,0.6153846153846154,-7.692307692307687,0.24873096446700507,0.7551020408163265
triple_qwen_llama_granite,"qwen_30b,llama_70b,granite_8b",255,linear_svm_router,197,26,0.1319796954314721,0.8934010152284264,0.6538461538461539,-3.8461538461538436,0.09137055837563451,0.7777777777777778
triple_qwen_llama_granite,"qwen_30b,llama_70b,granite_8b",255,knn_router,197,26,0.1319796954314721,0.8984771573604061,0.6923076923076923,0.0,0.0,
triple_qwen_llama_granite,"qwen_30b,llama_70b,granite_8b",255,decision_tree_router,197,26,0.1319796954314721,0.8781725888324873,0.5384615384615384,-15.384615384615385,0.39593908629441626,0.8589743589743589
triple_qwen_llama_granite,"qwen_30b,llama_70b,granite_8b",255,random_forest_router,197,26,0.1319796954314721,0.8883248730964467,0.6153846153846154,-7.692307692307687,0.09644670050761421,0.5789473684210527
triple_qwen_llama_granite,"qwen_30b,llama_70b,granite_8b",255,extra_trees_router,197,26,0.1319796954314721,0.883248730964467,0.5769230769230769,-11.538461538461542,0.17766497461928935,0.7142857142857143
triple_qwen_llama_granite,"qwen_30b,llama_70b,granite_8b",255,mlp_router,197,26,0.1319796954314721,0.8984771573604061,0.6923076923076923,0.0,0.015228426395939087,0.3333333333333333
triple_qwen_llama_granite,"qwen_30b,llama_70b,granite_8b",255,tfidf_logistic_router,197,26,0.1319796954314721,0.8883248730964467,0.6153846153846154,-7.692307692307687,0.10152284263959391,0.75
triple_qwen_llama_granite,"qwen_30b,llama_70b,granite_8b",255,tfidf_linear_svm_router,197,26,0.1319796954314721,0.8934010152284264,0.6538461538461539,-3.8461538461538436,0.015228426395939087,0.6666666666666666
triple_qwen_llama_granite,"qwen_30b,llama_70b,granite_8b",255,tfidf_mlp_router,197,26,0.1319796954314721,0.8934010152284264,0.6538461538461539,-3.8461538461538436,0.005076142131979695,0.0
triple_qwen_llama_granite,"qwen_30b,llama_70b,granite_8b",256,always_qwen_30b,197,41,0.20812182741116753,0.8883248730964467,0.6341463414634146,0.0,0.0,
triple_qwen_llama_granite,"qwen_30b,llama_70b,granite_8b",256,oracle,197,41,0.20812182741116753,0.9644670050761421,1.0,36.58536585365854,0.07614213197969544,
triple_qwen_llama_granite,"qwen_30b,llama_70b,granite_8b",256,logistic_router,197,41,0.20812182741116753,0.8883248730964467,0.6341463414634146,0.0,0.24873096446700507,0.7959183673469388
triple_qwen_llama_granite,"qwen_30b,llama_70b,granite_8b",256,linear_svm_router,197,41,0.20812182741116753,0.8883248730964467,0.6341463414634146,0.0,0.04060913705583756,0.75
triple_qwen_llama_granite,"qwen_30b,llama_70b,granite_8b",256,knn_router,197,41,0.20812182741116753,0.8883248730964467,0.6341463414634146,0.0,0.0,
triple_qwen_llama_granite,"qwen_30b,llama_70b,granite_8b",256,decision_tree_router,197,41,0.20812182741116753,0.9035532994923858,0.7073170731707317,7.317073170731703,0.28426395939086296,0.875
triple_qwen_llama_granite,"qwen_30b,llama_70b,granite_8b",256,random_forest_router,197,41,0.20812182741116753,0.8984771573604061,0.6829268292682927,4.878048780487809,0.07106598984771574,0.8571428571428571
triple_qwen_llama_granite,"qwen_30b,llama_70b,granite_8b",256,extra_trees_router,197,41,0.20812182741116753,0.8883248730964467,0.6341463414634146,0.0,0.18781725888324874,0.7567567567567568
triple_qwen_llama_granite,"qwen_30b,llama_70b,granite_8b",256,mlp_router,197,41,0.20812182741116753,0.8934010152284264,0.6585365853658537,2.4390243902439046,0.04060913705583756,0.875
triple_qwen_llama_granite,"qwen_30b,llama_70b,granite_8b",256,tfidf_logistic_router,197,41,0.20812182741116753,0.883248730964467,0.6097560975609756,-2.4390243902439046,0.1218274111675127,0.75
triple_qwen_llama_granite,"qwen_30b,llama_70b,granite_8b",256,tfidf_linear_svm_router,197,41,0.20812182741116753,0.8934010152284264,0.6585365853658537,2.4390243902439046,0.015228426395939087,0.6666666666666666
triple_qwen_llama_granite,"qwen_30b,llama_70b,granite_8b",256,tfidf_mlp_router,197,41,0.20812182741116753,0.8883248730964467,0.6341463414634146,0.0,0.005076142131979695,0.0
triple_qwen_llama_granite,"qwen_30b,llama_70b,granite_8b",257,always_llama_70b,197,29,0.14720812182741116,0.9187817258883249,0.6551724137931034,0.0,0.0,
triple_qwen_llama_granite,"qwen_30b,llama_70b,granite_8b",257,oracle,197,29,0.14720812182741116,0.9695431472081218,1.0,34.48275862068966,0.9441624365482234,
triple_qwen_llama_granite,"qwen_30b,llama_70b,granite_8b",257,logistic_router,197,29,0.14720812182741116,0.9086294416243654,0.5862068965517241,-6.896551724137934,0.8375634517766497,0.9090909090909091
triple_qwen_llama_granite,"qwen_30b,llama_70b,granite_8b",257,linear_svm_router,197,29,0.14720812182741116,0.9086294416243654,0.5862068965517241,-6.896551724137934,0.9543147208121827,0.9095744680851063
triple_qwen_llama_granite,"qwen_30b,llama_70b,granite_8b",257,knn_router,197,29,0.14720812182741116,0.9086294416243654,0.5862068965517241,-6.896551724137934,1.0,0.9086294416243654
triple_qwen_llama_granite,"qwen_30b,llama_70b,granite_8b",257,decision_tree_router,197,29,0.14720812182741116,0.9035532994923858,0.5517241379310345,-10.344827586206895,0.7411167512690355,0.9178082191780822
triple_qwen_llama_granite,"qwen_30b,llama_70b,granite_8b",257,random_forest_router,197,29,0.14720812182741116,0.9137055837563451,0.6206896551724138,-3.4482758620689613,0.949238578680203,0.9144385026737968
triple_qwen_llama_granite,"qwen_30b,llama_70b,granite_8b",257,extra_trees_router,197,29,0.14720812182741116,0.8984771573604061,0.5172413793103449,-13.793103448275856,0.9238578680203046,0.9010989010989011
triple_qwen_llama_granite,"qwen_30b,llama_70b,granite_8b",257,mlp_router,197,29,0.14720812182741116,0.9086294416243654,0.5862068965517241,-6.896551724137934,0.9898477157360406,0.9128205128205128
triple_qwen_llama_granite,"qwen_30b,llama_70b,granite_8b",257,tfidf_logistic_router,197,29,0.14720812182741116,0.9086294416243654,0.5862068965517241,-6.896551724137934,0.9137055837563451,0.9111111111111111
triple_qwen_llama_granite,"qwen_30b,llama_70b,granite_8b",257,tfidf_linear_svm_router,197,29,0.14720812182741116,0.9035532994923858,0.5517241379310345,-10.344827586206895,0.9949238578680203,0.9081632653061225
triple_qwen_llama_granite,"qwen_30b,llama_70b,granite_8b",257,tfidf_mlp_router,197,29,0.14720812182741116,0.9035532994923858,0.5517241379310345,-10.344827586206895,0.9949238578680203,0.9081632653061225
triple_qwen_llama_granite,"qwen_30b,llama_70b,granite_8b",258,always_qwen_30b,197,36,0.18274111675126903,0.9086294416243654,0.6666666666666666,0.0,0.0,
triple_qwen_llama_granite,"qwen_30b,llama_70b,granite_8b",258,oracle,197,36,0.18274111675126903,0.9695431472081218,1.0,33.333333333333336,0.06091370558375635,
triple_qwen_llama_granite,"qwen_30b,llama_70b,granite_8b",258,logistic_router,197,36,0.18274111675126903,0.8883248730964467,0.5555555555555556,-11.111111111111105,0.2639593908629442,0.7692307692307693
triple_qwen_llama_granite,"qwen_30b,llama_70b,granite_8b",258,linear_svm_router,197,36,0.18274111675126903,0.8984771573604061,0.6111111111111112,-5.5555555555555465,0.07614213197969544,0.6666666666666666
triple_qwen_llama_granite,"qwen_30b,llama_70b,granite_8b",258,knn_router,197,36,0.18274111675126903,0.9086294416243654,0.6666666666666666,0.0,0.0,
triple_qwen_llama_granite,"qwen_30b,llama_70b,granite_8b",258,decision_tree_router,197,36,0.18274111675126903,0.9035532994923858,0.6388888888888888,-2.777777777777779,0.37055837563451777,0.863013698630137
triple_qwen_llama_granite,"qwen_30b,llama_70b,granite_8b",258,random_forest_router,197,36,0.18274111675126903,0.8883248730964467,0.5555555555555556,-11.111111111111105,0.1065989847715736,0.5714285714285714
triple_qwen_llama_granite,"qwen_30b,llama_70b,granite_8b",258,extra_trees_router,197,36,0.18274111675126903,0.8883248730964467,0.5555555555555556,-11.111111111111105,0.18274111675126903,0.7222222222222222
triple_qwen_llama_granite,"qwen_30b,llama_70b,granite_8b",258,mlp_router,197,36,0.18274111675126903,0.9086294416243654,0.6666666666666666,0.0,0.02030456852791878,0.75
triple_qwen_llama_granite,"qwen_30b,llama_70b,granite_8b",258,tfidf_logistic_router,197,36,0.18274111675126903,0.9137055837563451,0.6944444444444444,2.777777777777779,0.09644670050761421,0.7894736842105263
triple_qwen_llama_granite,"qwen_30b,llama_70b,granite_8b",258,tfidf_linear_svm_router,197,36,0.18274111675126903,0.9137055837563451,0.6944444444444444,2.777777777777779,0.02030456852791878,1.0
triple_qwen_llama_granite,"qwen_30b,llama_70b,granite_8b",258,tfidf_mlp_router,197,36,0.18274111675126903,0.9137055837563451,0.6944444444444444,2.777777777777779,0.01015228426395939,1.0
mistral_minimax,"mistral_nemo,minimax_m3",229,always_mistral_nemo,197,57,0.2893401015228426,0.6903553299492385,0.631578947368421,0.0,0.0,
mistral_minimax,"mistral_nemo,minimax_m3",229,oracle,197,57,0.2893401015228426,0.7969543147208121,1.0,36.8421052631579,0.1065989847715736,
mistral_minimax,"mistral_nemo,minimax_m3",229,logistic_router,197,57,0.2893401015228426,0.6954314720812182,0.6491228070175439,1.7543859649122862,0.29441624365482233,0.6551724137931034
mistral_minimax,"mistral_nemo,minimax_m3",229,linear_svm_router,197,57,0.2893401015228426,0.7055837563451777,0.6842105263157895,5.263157894736848,0.25888324873096447,0.6470588235294118
mistral_minimax,"mistral_nemo,minimax_m3",229,knn_router,197,57,0.2893401015228426,0.6903553299492385,0.631578947368421,0.0,0.0,
mistral_minimax,"mistral_nemo,minimax_m3",229,decision_tree_router,197,57,0.2893401015228426,0.6852791878172588,0.6140350877192983,-1.754385964912275,0.28426395939086296,0.6071428571428571
mistral_minimax,"mistral_nemo,minimax_m3",229,random_forest_router,197,57,0.2893401015228426,0.6954314720812182,0.6491228070175439,1.7543859649122862,0.1065989847715736,0.5714285714285714
mistral_minimax,"mistral_nemo,minimax_m3",229,extra_trees_router,197,57,0.2893401015228426,0.6903553299492385,0.631578947368421,0.0,0.233502538071066,0.5652173913043478
mistral_minimax,"mistral_nemo,minimax_m3",229,mlp_router,197,57,0.2893401015228426,0.6954314720812182,0.6491228070175439,1.7543859649122862,0.08629441624365482,0.7058823529411765
mistral_minimax,"mistral_nemo,minimax_m3",229,tfidf_logistic_router,197,57,0.2893401015228426,0.700507614213198,0.6666666666666666,3.508771929824561,0.16751269035532995,0.6363636363636364
mistral_minimax,"mistral_nemo,minimax_m3",229,tfidf_linear_svm_router,197,57,0.2893401015228426,0.700507614213198,0.6666666666666666,3.508771929824561,0.07614213197969544,0.6666666666666666
mistral_minimax,"mistral_nemo,minimax_m3",229,tfidf_mlp_router,197,57,0.2893401015228426,0.6954314720812182,0.6491228070175439,1.7543859649122862,0.04060913705583756,0.75
mistral_minimax,"mistral_nemo,minimax_m3",230,always_mistral_nemo,197,66,0.3350253807106599,0.6700507614213198,0.5757575757575758,0.0,0.0,
mistral_minimax,"mistral_nemo,minimax_m3",230,oracle,197,66,0.3350253807106599,0.8121827411167513,1.0,42.42424242424242,0.14213197969543148,
mistral_minimax,"mistral_nemo,minimax_m3",230,logistic_router,197,66,0.3350253807106599,0.6852791878172588,0.6212121212121212,4.545454545454541,0.27918781725888325,0.6181818181818182
mistral_minimax,"mistral_nemo,minimax_m3",230,linear_svm_router,197,66,0.3350253807106599,0.6751269035532995,0.5909090909090909,1.5151515151515138,0.2436548223350254,0.6041666666666666
mistral_minimax,"mistral_nemo,minimax_m3",230,knn_router,197,66,0.3350253807106599,0.6700507614213198,0.5757575757575758,0.0,0.005076142131979695,1.0
mistral_minimax,"mistral_nemo,minimax_m3",230,decision_tree_router,197,66,0.3350253807106599,0.6700507614213198,0.5757575757575758,0.0,0.3096446700507614,0.5901639344262295
mistral_minimax,"mistral_nemo,minimax_m3",230,random_forest_router,197,66,0.3350253807106599,0.6802030456852792,0.6060606060606061,3.0303030303030276,0.1218274111675127,0.5833333333333334
mistral_minimax,"mistral_nemo,minimax_m3",230,extra_trees_router,197,66,0.3350253807106599,0.6700507614213198,0.5757575757575758,0.0,0.2131979695431472,0.5
mistral_minimax,"mistral_nemo,minimax_m3",230,mlp_router,197,66,0.3350253807106599,0.6802030456852792,0.6060606060606061,3.0303030303030276,0.09137055837563451,0.6666666666666666
mistral_minimax,"mistral_nemo,minimax_m3",230,tfidf_logistic_router,197,66,0.3350253807106599,0.6954314720812182,0.6515151515151515,7.575757575757569,0.16243654822335024,0.65625
mistral_minimax,"mistral_nemo,minimax_m3",230,tfidf_linear_svm_router,197,66,0.3350253807106599,0.6802030456852792,0.6060606060606061,3.0303030303030276,0.050761421319796954,0.6
mistral_minimax,"mistral_nemo,minimax_m3",230,tfidf_mlp_router,197,66,0.3350253807106599,0.6852791878172588,0.6212121212121212,4.545454545454541,0.04060913705583756,0.625
mistral_minimax,"mistral_nemo,minimax_m3",231,always_mistral_nemo,197,74,0.3756345177664975,0.7106598984771574,0.6216216216216216,0.0,0.0,
mistral_minimax,"mistral_nemo,minimax_m3",231,oracle,197,74,0.3756345177664975,0.8527918781725888,1.0,37.83783783783784,0.14213197969543148,
mistral_minimax,"mistral_nemo,minimax_m3",231,logistic_router,197,74,0.3756345177664975,0.7258883248730964,0.6621621621621622,4.054054054054057,0.26903553299492383,0.6415094339622641
mistral_minimax,"mistral_nemo,minimax_m3",231,linear_svm_router,197,74,0.3756345177664975,0.7157360406091371,0.6351351351351351,1.3513513513513487,0.22842639593908629,0.6444444444444445
mistral_minimax,"mistral_nemo,minimax_m3",231,knn_router,197,74,0.3756345177664975,0.7106598984771574,0.6216216216216216,0.0,0.0,
mistral_minimax,"mistral_nemo,minimax_m3",231,decision_tree_router,197,74,0.3756345177664975,0.7055837563451777,0.6081081081081081,-1.3513513513513487,0.3350253807106599,0.7121212121212122
mistral_minimax,"mistral_nemo,minimax_m3",231,random_forest_router,197,74,0.3756345177664975,0.700507614213198,0.5945945945945946,-2.7027027027026973,0.08629441624365482,0.47058823529411764
mistral_minimax,"mistral_nemo,minimax_m3",231,extra_trees_router,197,74,0.3756345177664975,0.7208121827411168,0.6486486486486487,2.7027027027027084,0.2182741116751269,0.6511627906976745
mistral_minimax,"mistral_nemo,minimax_m3",231,mlp_router,197,74,0.3756345177664975,0.6954314720812182,0.581081081081081,-4.054054054054057,0.06091370558375635,0.5833333333333334
mistral_minimax,"mistral_nemo,minimax_m3",231,tfidf_logistic_router,197,74,0.3756345177664975,0.7157360406091371,0.6351351351351351,1.3513513513513487,0.14213197969543148,0.6071428571428571
mistral_minimax,"mistral_nemo,minimax_m3",231,tfidf_linear_svm_router,197,74,0.3756345177664975,0.7106598984771574,0.6216216216216216,0.0,0.04060913705583756,0.5
mistral_minimax,"mistral_nemo,minimax_m3",231,tfidf_mlp_router,197,74,0.3756345177664975,0.7055837563451777,0.6081081081081081,-1.3513513513513487,0.015228426395939087,0.6666666666666666
mistral_minimax,"mistral_nemo,minimax_m3",232,always_mistral_nemo,197,66,0.3350253807106599,0.6649746192893401,0.5909090909090909,0.0,0.0,
mistral_minimax,"mistral_nemo,minimax_m3",232,oracle,197,66,0.3350253807106599,0.8020304568527918,1.0,40.90909090909091,0.13705583756345177,
mistral_minimax,"mistral_nemo,minimax_m3",232,logistic_router,197,66,0.3350253807106599,0.6548223350253807,0.5606060606060606,-3.0303030303030387,0.30456852791878175,0.4666666666666667
mistral_minimax,"mistral_nemo,minimax_m3",232,linear_svm_router,197,66,0.3350253807106599,0.6395939086294417,0.5151515151515151,-7.57575757575758,0.29949238578680204,0.4745762711864407
mistral_minimax,"mistral_nemo,minimax_m3",232,knn_router,197,66,0.3350253807106599,0.6649746192893401,0.5909090909090909,0.0,0.005076142131979695,1.0
mistral_minimax,"mistral_nemo,minimax_m3",232,decision_tree_router,197,66,0.3350253807106599,0.6243654822335025,0.4696969696969697,-12.121212121212121,0.41624365482233505,0.5365853658536586
mistral_minimax,"mistral_nemo,minimax_m3",232,random_forest_router,197,66,0.3350253807106599,0.6395939086294417,0.5151515151515151,-7.57575757575758,0.17766497461928935,0.4857142857142857
mistral_minimax,"mistral_nemo,minimax_m3",232,extra_trees_router,197,66,0.3350253807106599,0.649746192893401,0.5454545454545454,-4.545454545454552,0.25888324873096447,0.49019607843137253
mistral_minimax,"mistral_nemo,minimax_m3",232,mlp_router,197,66,0.3350253807106599,0.6598984771573604,0.5757575757575758,-1.5151515151515138,0.06598984771573604,0.5384615384615384
mistral_minimax,"mistral_nemo,minimax_m3",232,tfidf_logistic_router,197,66,0.3350253807106599,0.6345177664974619,0.5,-9.090909090909093,0.2131979695431472,0.4523809523809524
mistral_minimax,"mistral_nemo,minimax_m3",232,tfidf_linear_svm_router,197,66,0.3350253807106599,0.6598984771573604,0.5757575757575758,-1.5151515151515138,0.09137055837563451,0.4444444444444444
mistral_minimax,"mistral_nemo,minimax_m3",232,tfidf_mlp_router,197,66,0.3350253807106599,0.6751269035532995,0.6212121212121212,3.0303030303030276,0.03553299492385787,0.7142857142857143
mistral_minimax,"mistral_nemo,minimax_m3",233,always_mistral_nemo,197,54,0.27411167512690354,0.6598984771573604,0.5370370370370371,0.0,0.0,
mistral_minimax,"mistral_nemo,minimax_m3",233,oracle,197,54,0.27411167512690354,0.7868020304568528,1.0,46.29629629629629,0.12690355329949238,
mistral_minimax,"mistral_nemo,minimax_m3",233,logistic_router,197,54,0.27411167512690354,0.6294416243654822,0.42592592592592593,-11.111111111111116,0.29949238578680204,0.559322033898305
mistral_minimax,"mistral_nemo,minimax_m3",233,linear_svm_router,197,54,0.27411167512690354,0.6395939086294417,0.46296296296296297,-7.407407407407413,0.27918781725888325,0.5454545454545454
mistral_minimax,"mistral_nemo,minimax_m3",233,knn_router,197,54,0.27411167512690354,0.6598984771573604,0.5370370370370371,0.0,0.0,
mistral_minimax,"mistral_nemo,minimax_m3",233,decision_tree_router,197,54,0.27411167512690354,0.6395939086294417,0.46296296296296297,-7.407407407407413,0.3401015228426396,0.5373134328358209
mistral_minimax,"mistral_nemo,minimax_m3",233,random_forest_router,197,54,0.27411167512690354,0.6598984771573604,0.5370370370370371,0.0,0.13705583756345177,0.6296296296296297
mistral_minimax,"mistral_nemo,minimax_m3",233,extra_trees_router,197,54,0.27411167512690354,0.6649746192893401,0.5555555555555556,1.851851851851849,0.20304568527918782,0.6
mistral_minimax,"mistral_nemo,minimax_m3",233,mlp_router,197,54,0.27411167512690354,0.6700507614213198,0.5740740740740741,3.703703703703698,0.08121827411167512,0.6875
mistral_minimax,"mistral_nemo,minimax_m3",233,tfidf_logistic_router,197,54,0.27411167512690354,0.6598984771573604,0.5370370370370371,0.0,0.18274111675126903,0.5833333333333334
mistral_minimax,"mistral_nemo,minimax_m3",233,tfidf_linear_svm_router,197,54,0.27411167512690354,0.6751269035532995,0.5925925925925926,5.5555555555555465,0.08629441624365482,0.6470588235294118
mistral_minimax,"mistral_nemo,minimax_m3",233,tfidf_mlp_router,197,54,0.27411167512690354,0.6802030456852792,0.6111111111111112,7.4074074074074066,0.06091370558375635,0.9166666666666666
mistral_minimax,"mistral_nemo,minimax_m3",234,always_mistral_nemo,197,73,0.37055837563451777,0.6649746192893401,0.589041095890411,0.0,0.0,
mistral_minimax,"mistral_nemo,minimax_m3",234,oracle,197,73,0.37055837563451777,0.817258883248731,1.0,41.0958904109589,0.15228426395939088,
mistral_minimax,"mistral_nemo,minimax_m3",234,logistic_router,197,73,0.37055837563451777,0.6751269035532995,0.6164383561643836,2.73972602739726,0.3096446700507614,0.6229508196721312
mistral_minimax,"mistral_nemo,minimax_m3",234,linear_svm_router,197,73,0.37055837563451777,0.6751269035532995,0.6164383561643836,2.73972602739726,0.27918781725888325,0.6
mistral_minimax,"mistral_nemo,minimax_m3",234,knn_router,197,73,0.37055837563451777,0.6649746192893401,0.589041095890411,0.0,0.005076142131979695,1.0
mistral_minimax,"mistral_nemo,minimax_m3",234,decision_tree_router,197,73,0.37055837563451777,0.6548223350253807,0.5616438356164384,-2.73972602739726,0.4873096446700508,0.5833333333333334
mistral_minimax,"mistral_nemo,minimax_m3",234,random_forest_router,197,73,0.37055837563451777,0.6751269035532995,0.6164383561643836,2.73972602739726,0.14213197969543148,0.6428571428571429
mistral_minimax,"mistral_nemo,minimax_m3",234,extra_trees_router,197,73,0.37055837563451777,0.6598984771573604,0.5753424657534246,-1.3698630136986356,0.26903553299492383,0.6226415094339622
mistral_minimax,"mistral_nemo,minimax_m3",234,mlp_router,197,73,0.37055837563451777,0.6852791878172588,0.6438356164383562,5.47945205479452,0.10152284263959391,0.75
mistral_minimax,"mistral_nemo,minimax_m3",234,tfidf_logistic_router,197,73,0.37055837563451777,0.6802030456852792,0.6301369863013698,4.109589041095885,0.19289340101522842,0.6842105263157895
mistral_minimax,"mistral_nemo,minimax_m3",234,tfidf_linear_svm_router,197,73,0.37055837563451777,0.6751269035532995,0.6164383561643836,2.73972602739726,0.08629441624365482,0.6470588235294118
mistral_minimax,"mistral_nemo,minimax_m3",234,tfidf_mlp_router,197,73,0.37055837563451777,0.6751269035532995,0.6164383561643836,2.73972602739726,0.04060913705583756,0.625
mistral_minimax,"mistral_nemo,minimax_m3",235,always_mistral_nemo,197,71,0.3604060913705584,0.6649746192893401,0.5492957746478874,0.0,0.0,
mistral_minimax,"mistral_nemo,minimax_m3",235,oracle,197,71,0.3604060913705584,0.8274111675126904,1.0,45.070422535211264,0.16243654822335024,
mistral_minimax,"mistral_nemo,minimax_m3",235,logistic_router,197,71,0.3604060913705584,0.6751269035532995,0.5774647887323944,2.8169014084507005,0.2233502538071066,0.5681818181818182
mistral_minimax,"mistral_nemo,minimax_m3",235,linear_svm_router,197,71,0.3604060913705584,0.6548223350253807,0.5211267605633803,-2.8169014084507116,0.19796954314720813,0.5641025641025641
mistral_minimax,"mistral_nemo,minimax_m3",235,knn_router,197,71,0.3604060913705584,0.6649746192893401,0.5492957746478874,0.0,0.0,
mistral_minimax,"mistral_nemo,minimax_m3",235,decision_tree_router,197,71,0.3604060913705584,0.6345177664974619,0.4647887323943662,-8.450704225352117,0.5076142131979695,0.55
mistral_minimax,"mistral_nemo,minimax_m3",235,random_forest_router,197,71,0.3604060913705584,0.6852791878172588,0.6056338028169014,5.633802816901401,0.116751269035533,0.5652173913043478
mistral_minimax,"mistral_nemo,minimax_m3",235,extra_trees_router,197,71,0.3604060913705584,0.6700507614213198,0.5633802816901409,1.4084507042253502,0.16751269035532995,0.5454545454545454
mistral_minimax,"mistral_nemo,minimax_m3",235,mlp_router,197,71,0.3604060913705584,0.6751269035532995,0.5774647887323944,2.8169014084507005,0.07614213197969544,0.7333333333333333
mistral_minimax,"mistral_nemo,minimax_m3",235,tfidf_logistic_router,197,71,0.3604060913705584,0.6548223350253807,0.5211267605633803,-2.8169014084507116,0.1218274111675127,0.4583333333333333
mistral_minimax,"mistral_nemo,minimax_m3",235,tfidf_linear_svm_router,197,71,0.3604060913705584,0.6598984771573604,0.5352112676056338,-1.4084507042253613,0.050761421319796954,0.5
mistral_minimax,"mistral_nemo,minimax_m3",235,tfidf_mlp_router,197,71,0.3604060913705584,0.6700507614213198,0.5633802816901409,1.4084507042253502,0.02030456852791878,0.75
mistral_minimax,"mistral_nemo,minimax_m3",236,always_mistral_nemo,197,69,0.350253807106599,0.6243654822335025,0.5652173913043478,0.0,0.0,
mistral_minimax,"mistral_nemo,minimax_m3",236,oracle,197,69,0.350253807106599,0.7766497461928934,1.0,43.47826086956522,0.15228426395939088,
mistral_minimax,"mistral_nemo,minimax_m3",236,logistic_router,197,69,0.350253807106599,0.6345177664974619,0.5942028985507246,2.898550724637683,0.29441624365482233,0.5862068965517241
mistral_minimax,"mistral_nemo,minimax_m3",236,linear_svm_router,197,69,0.350253807106599,0.6446700507614214,0.6231884057971014,5.797101449275366,0.26903553299492383,0.6226415094339622
mistral_minimax,"mistral_nemo,minimax_m3",236,knn_router,197,69,0.350253807106599,0.6243654822335025,0.5652173913043478,0.0,0.005076142131979695,1.0
mistral_minimax,"mistral_nemo,minimax_m3",236,decision_tree_router,197,69,0.350253807106599,0.649746192893401,0.6376811594202898,7.246376811594201,0.24873096446700507,0.5918367346938775
mistral_minimax,"mistral_nemo,minimax_m3",236,random_forest_router,197,69,0.350253807106599,0.6548223350253807,0.6521739130434783,8.695652173913048,0.15228426395939088,0.6333333333333333
mistral_minimax,"mistral_nemo,minimax_m3",236,extra_trees_router,197,69,0.350253807106599,0.6192893401015228,0.5507246376811594,-1.449275362318836,0.24873096446700507,0.46938775510204084
mistral_minimax,"mistral_nemo,minimax_m3",236,mlp_router,197,69,0.350253807106599,0.6192893401015228,0.5507246376811594,-1.449275362318836,0.06598984771573604,0.5384615384615384
mistral_minimax,"mistral_nemo,minimax_m3",236,tfidf_logistic_router,197,69,0.350253807106599,0.6142131979695431,0.5362318840579711,-2.898550724637672,0.16751269035532995,0.6060606060606061
mistral_minimax,"mistral_nemo,minimax_m3",236,tfidf_linear_svm_router,197,69,0.350253807106599,0.6395939086294417,0.6086956521739131,4.34782608695653,0.07106598984771574,0.7857142857142857
mistral_minimax,"mistral_nemo,minimax_m3",236,tfidf_mlp_router,197,69,0.350253807106599,0.6345177664974619,0.5942028985507246,2.898550724637683,0.03553299492385787,0.7142857142857143
mistral_minimax,"mistral_nemo,minimax_m3",237,always_mistral_nemo,197,68,0.34517766497461927,0.6192893401015228,0.5735294117647058,0.0,0.0,
mistral_minimax,"mistral_nemo,minimax_m3",237,oracle,197,68,0.34517766497461927,0.766497461928934,1.0,42.64705882352941,0.14720812182741116,
mistral_minimax,"mistral_nemo,minimax_m3",237,logistic_router,197,68,0.34517766497461927,0.5939086294416244,0.5,-7.352941176470584,0.3096446700507614,0.4918032786885246
mistral_minimax,"mistral_nemo,minimax_m3",237,linear_svm_router,197,68,0.34517766497461927,0.5888324873096447,0.4852941176470588,-8.823529411764703,0.29949238578680204,0.4745762711864407
mistral_minimax,"mistral_nemo,minimax_m3",237,knn_router,197,68,0.34517766497461927,0.6192893401015228,0.5735294117647058,0.0,0.0,
mistral_minimax,"mistral_nemo,minimax_m3",237,decision_tree_router,197,68,0.34517766497461927,0.5939086294416244,0.5,-7.352941176470584,0.3299492385786802,0.49230769230769234
mistral_minimax,"mistral_nemo,minimax_m3",237,random_forest_router,197,68,0.34517766497461927,0.6142131979695431,0.5588235294117647,-1.4705882352941124,0.1218274111675127,0.5
mistral_minimax,"mistral_nemo,minimax_m3",237,extra_trees_router,197,68,0.34517766497461927,0.6294416243654822,0.6029411764705882,2.941176470588236,0.2233502538071066,0.5454545454545454
mistral_minimax,"mistral_nemo,minimax_m3",237,mlp_router,197,68,0.34517766497461927,0.6294416243654822,0.6029411764705882,2.941176470588236,0.07106598984771574,0.5
mistral_minimax,"mistral_nemo,minimax_m3",237,tfidf_logistic_router,197,68,0.34517766497461927,0.6091370558375635,0.5441176470588235,-2.941176470588236,0.18274111675126903,0.4722222222222222
mistral_minimax,"mistral_nemo,minimax_m3",237,tfidf_linear_svm_router,197,68,0.34517766497461927,0.6142131979695431,0.5588235294117647,-1.4705882352941124,0.08121827411167512,0.375
mistral_minimax,"mistral_nemo,minimax_m3",237,tfidf_mlp_router,197,68,0.34517766497461927,0.6243654822335025,0.5882352941176471,1.4705882352941235,0.050761421319796954,0.5
mistral_minimax,"mistral_nemo,minimax_m3",238,always_mistral_nemo,197,71,0.3604060913705584,0.6700507614213198,0.5774647887323944,0.0,0.0,
mistral_minimax,"mistral_nemo,minimax_m3",238,oracle,197,71,0.3604060913705584,0.8223350253807107,1.0,42.25352112676056,0.15228426395939088,
mistral_minimax,"mistral_nemo,minimax_m3",238,logistic_router,197,71,0.3604060913705584,0.6395939086294417,0.49295774647887325,-8.450704225352112,0.28426395939086296,0.5
mistral_minimax,"mistral_nemo,minimax_m3",238,linear_svm_router,197,71,0.3604060913705584,0.6548223350253807,0.5352112676056338,-4.225352112676061,0.2639593908629442,0.5192307692307693
mistral_minimax,"mistral_nemo,minimax_m3",238,knn_router,197,71,0.3604060913705584,0.6700507614213198,0.5774647887323944,0.0,0.0,
mistral_minimax,"mistral_nemo,minimax_m3",238,decision_tree_router,197,71,0.3604060913705584,0.6446700507614214,0.5070422535211268,-7.042253521126762,0.20304568527918782,0.575
mistral_minimax,"mistral_nemo,minimax_m3",238,random_forest_router,197,71,0.3604060913705584,0.6598984771573604,0.5492957746478874,-2.8169014084507005,0.1218274111675127,0.5
mistral_minimax,"mistral_nemo,minimax_m3",238,extra_trees_router,197,71,0.3604060913705584,0.6395939086294417,0.49295774647887325,-8.450704225352112,0.2233502538071066,0.5
mistral_minimax,"mistral_nemo,minimax_m3",238,mlp_router,197,71,0.3604060913705584,0.6649746192893401,0.5633802816901409,-1.4084507042253502,0.09137055837563451,0.6111111111111112
mistral_minimax,"mistral_nemo,minimax_m3",238,tfidf_logistic_router,197,71,0.3604060913705584,0.6345177664974619,0.4788732394366197,-9.859154929577468,0.18781725888324874,0.4594594594594595
mistral_minimax,"mistral_nemo,minimax_m3",238,tfidf_linear_svm_router,197,71,0.3604060913705584,0.649746192893401,0.5211267605633803,-5.633802816901412,0.12690355329949238,0.48
mistral_minimax,"mistral_nemo,minimax_m3",238,tfidf_mlp_router,197,71,0.3604060913705584,0.6548223350253807,0.5352112676056338,-4.225352112676061,0.06091370558375635,0.4166666666666667
mistral_minimax,"mistral_nemo,minimax_m3",239,always_mistral_nemo,197,66,0.3350253807106599,0.6852791878172588,0.6212121212121212,0.0,0.0,
mistral_minimax,"mistral_nemo,minimax_m3",239,oracle,197,66,0.3350253807106599,0.8121827411167513,1.0,37.878787878787875,0.12690355329949238,
mistral_minimax,"mistral_nemo,minimax_m3",239,logistic_router,197,66,0.3350253807106599,0.6446700507614214,0.5,-12.121212121212121,0.34517766497461927,0.5882352941176471
mistral_minimax,"mistral_nemo,minimax_m3",239,linear_svm_router,197,66,0.3350253807106599,0.649746192893401,0.5151515151515151,-10.606060606060607,0.29949238578680204,0.5932203389830508
mistral_minimax,"mistral_nemo,minimax_m3",239,knn_router,197,66,0.3350253807106599,0.6852791878172588,0.6212121212121212,0.0,0.0,
mistral_minimax,"mistral_nemo,minimax_m3",239,decision_tree_router,197,66,0.3350253807106599,0.6852791878172588,0.6212121212121212,0.0,0.5329949238578681,0.6761904761904762
mistral_minimax,"mistral_nemo,minimax_m3",239,random_forest_router,197,66,0.3350253807106599,0.6852791878172588,0.6212121212121212,0.0,0.1319796954314721,0.5384615384615384
mistral_minimax,"mistral_nemo,minimax_m3",239,extra_trees_router,197,66,0.3350253807106599,0.6649746192893401,0.5606060606060606,-6.060606060606066,0.22842639593908629,0.4222222222222222
mistral_minimax,"mistral_nemo,minimax_m3",239,mlp_router,197,66,0.3350253807106599,0.6954314720812182,0.6515151515151515,3.0303030303030276,0.050761421319796954,0.6
mistral_minimax,"mistral_nemo,minimax_m3",239,tfidf_logistic_router,197,66,0.3350253807106599,0.6598984771573604,0.5454545454545454,-7.57575757575758,0.22842639593908629,0.5333333333333333
mistral_minimax,"mistral_nemo,minimax_m3",239,tfidf_linear_svm_router,197,66,0.3350253807106599,0.6751269035532995,0.5909090909090909,-3.0303030303030276,0.10152284263959391,0.45
mistral_minimax,"mistral_nemo,minimax_m3",239,tfidf_mlp_router,197,66,0.3350253807106599,0.6954314720812182,0.6515151515151515,3.0303030303030276,0.05583756345177665,0.6363636363636364
mistral_minimax,"mistral_nemo,minimax_m3",240,always_mistral_nemo,197,63,0.3197969543147208,0.7208121827411168,0.6031746031746031,0.0,0.0,
mistral_minimax,"mistral_nemo,minimax_m3",240,oracle,197,63,0.3197969543147208,0.8477157360406091,1.0,39.682539682539684,0.12690355329949238,
mistral_minimax,"mistral_nemo,minimax_m3",240,logistic_router,197,63,0.3197969543147208,0.7157360406091371,0.5873015873015873,-1.5873015873015817,0.29441624365482233,0.6379310344827587
mistral_minimax,"mistral_nemo,minimax_m3",240,linear_svm_router,197,63,0.3197969543147208,0.6954314720812182,0.5238095238095238,-7.9365079365079305,0.23857868020304568,0.5957446808510638
mistral_minimax,"mistral_nemo,minimax_m3",240,knn_router,197,63,0.3197969543147208,0.7208121827411168,0.6031746031746031,0.0,0.0,
mistral_minimax,"mistral_nemo,minimax_m3",240,decision_tree_router,197,63,0.3197969543147208,0.7106598984771574,0.5714285714285714,-3.1746031746031744,0.29441624365482233,0.6551724137931034
mistral_minimax,"mistral_nemo,minimax_m3",240,random_forest_router,197,63,0.3197969543147208,0.7106598984771574,0.5714285714285714,-3.1746031746031744,0.1116751269035533,0.6818181818181818
mistral_minimax,"mistral_nemo,minimax_m3",240,extra_trees_router,197,63,0.3197969543147208,0.7055837563451777,0.5555555555555556,-4.761904761904756,0.20812182741116753,0.6585365853658537
mistral_minimax,"mistral_nemo,minimax_m3",240,mlp_router,197,63,0.3197969543147208,0.7258883248730964,0.6190476190476191,1.5873015873015928,0.12690355329949238,0.76
mistral_minimax,"mistral_nemo,minimax_m3",240,tfidf_logistic_router,197,63,0.3197969543147208,0.7258883248730964,0.6190476190476191,1.5873015873015928,0.18274111675126903,0.6944444444444444
mistral_minimax,"mistral_nemo,minimax_m3",240,tfidf_linear_svm_router,197,63,0.3197969543147208,0.7411167512690355,0.6666666666666666,6.349206349206349,0.07614213197969544,0.8666666666666667
mistral_minimax,"mistral_nemo,minimax_m3",240,tfidf_mlp_router,197,63,0.3197969543147208,0.7208121827411168,0.6031746031746031,0.0,0.04060913705583756,0.875
mistral_minimax,"mistral_nemo,minimax_m3",241,always_mistral_nemo,197,62,0.3147208121827411,0.6649746192893401,0.5645161290322581,0.0,0.0,
mistral_minimax,"mistral_nemo,minimax_m3",241,oracle,197,62,0.3147208121827411,0.8020304568527918,1.0,43.548387096774185,0.13705583756345177,
mistral_minimax,"mistral_nemo,minimax_m3",241,logistic_router,197,62,0.3147208121827411,0.6751269035532995,0.5967741935483871,3.2258064516129004,0.29949238578680204,0.6610169491525424
mistral_minimax,"mistral_nemo,minimax_m3",241,linear_svm_router,197,62,0.3147208121827411,0.6598984771573604,0.5483870967741935,-1.6129032258064613,0.23857868020304568,0.6170212765957447
mistral_minimax,"mistral_nemo,minimax_m3",241,knn_router,197,62,0.3147208121827411,0.6649746192893401,0.5645161290322581,0.0,0.0,
mistral_minimax,"mistral_nemo,minimax_m3",241,decision_tree_router,197,62,0.3147208121827411,0.6852791878172588,0.6290322580645161,6.451612903225801,0.6598984771573604,0.6615384615384615
mistral_minimax,"mistral_nemo,minimax_m3",241,random_forest_router,197,62,0.3147208121827411,0.6598984771573604,0.5483870967741935,-1.6129032258064613,0.15736040609137056,0.5483870967741935
mistral_minimax,"mistral_nemo,minimax_m3",241,extra_trees_router,197,62,0.3147208121827411,0.6802030456852792,0.6129032258064516,4.8387096774193505,0.20304568527918782,0.625
mistral_minimax,"mistral_nemo,minimax_m3",241,mlp_router,197,62,0.3147208121827411,0.6751269035532995,0.5967741935483871,3.2258064516129004,0.1319796954314721,0.6923076923076923
mistral_minimax,"mistral_nemo,minimax_m3",241,tfidf_logistic_router,197,62,0.3147208121827411,0.6700507614213198,0.5806451612903226,1.6129032258064502,0.18781725888324874,0.6756756756756757
mistral_minimax,"mistral_nemo,minimax_m3",241,tfidf_linear_svm_router,197,62,0.3147208121827411,0.6751269035532995,0.5967741935483871,3.2258064516129004,0.1116751269035533,0.7272727272727273
mistral_minimax,"mistral_nemo,minimax_m3",241,tfidf_mlp_router,197,62,0.3147208121827411,0.6649746192893401,0.5645161290322581,0.0,0.07614213197969544,0.8
mistral_minimax,"mistral_nemo,minimax_m3",242,always_mistral_nemo,197,76,0.38578680203045684,0.7055837563451777,0.631578947368421,0.0,0.0,
mistral_minimax,"mistral_nemo,minimax_m3",242,oracle,197,76,0.38578680203045684,0.8477157360406091,1.0,36.8421052631579,0.14213197969543148,
mistral_minimax,"mistral_nemo,minimax_m3",242,logistic_router,197,76,0.38578680203045684,0.6700507614213198,0.5394736842105263,-9.210526315789469,0.28426395939086296,0.5357142857142857
mistral_minimax,"mistral_nemo,minimax_m3",242,linear_svm_router,197,76,0.38578680203045684,0.6751269035532995,0.5526315789473685,-7.894736842105255,0.26903553299492383,0.5849056603773585
mistral_minimax,"mistral_nemo,minimax_m3",242,knn_router,197,76,0.38578680203045684,0.7055837563451777,0.631578947368421,0.0,0.0,
mistral_minimax,"mistral_nemo,minimax_m3",242,decision_tree_router,197,76,0.38578680203045684,0.6802030456852792,0.5657894736842105,-6.578947368421051,0.5380710659898477,0.5943396226415094
mistral_minimax,"mistral_nemo,minimax_m3",242,random_forest_router,197,76,0.38578680203045684,0.6700507614213198,0.5394736842105263,-9.210526315789469,0.116751269035533,0.34782608695652173
mistral_minimax,"mistral_nemo,minimax_m3",242,extra_trees_router,197,76,0.38578680203045684,0.6649746192893401,0.5263157894736842,-10.526315789473683,0.233502538071066,0.5434782608695652
mistral_minimax,"mistral_nemo,minimax_m3",242,mlp_router,197,76,0.38578680203045684,0.7055837563451777,0.631578947368421,0.0,0.09137055837563451,0.6111111111111112
mistral_minimax,"mistral_nemo,minimax_m3",242,tfidf_logistic_router,197,76,0.38578680203045684,0.6852791878172588,0.5789473684210527,-5.263157894736836,0.15228426395939088,0.5666666666666667
mistral_minimax,"mistral_nemo,minimax_m3",242,tfidf_linear_svm_router,197,76,0.38578680203045684,0.7208121827411168,0.6710526315789473,3.9473684210526327,0.03553299492385787,0.7142857142857143
mistral_minimax,"mistral_nemo,minimax_m3",242,tfidf_mlp_router,197,76,0.38578680203045684,0.7055837563451777,0.631578947368421,0.0,0.02030456852791878,0.75
mistral_minimax,"mistral_nemo,minimax_m3",243,always_mistral_nemo,197,68,0.34517766497461927,0.7258883248730964,0.6764705882352942,0.0,0.0,
mistral_minimax,"mistral_nemo,minimax_m3",243,oracle,197,68,0.34517766497461927,0.8375634517766497,1.0,32.35294117647059,0.1116751269035533,
mistral_minimax,"mistral_nemo,minimax_m3",243,logistic_router,197,68,0.34517766497461927,0.6954314720812182,0.5882352941176471,-8.823529411764708,0.3553299492385787,0.6285714285714286
mistral_minimax,"mistral_nemo,minimax_m3",243,linear_svm_router,197,68,0.34517766497461927,0.6903553299492385,0.5735294117647058,-10.294117647058831,0.27411167512690354,0.5555555555555556
mistral_minimax,"mistral_nemo,minimax_m3",243,knn_router,197,68,0.34517766497461927,0.7258883248730964,0.6764705882352942,0.0,0.01015228426395939,1.0
mistral_minimax,"mistral_nemo,minimax_m3",243,decision_tree_router,197,68,0.34517766497461927,0.6142131979695431,0.35294117647058826,-32.35294117647059,0.45685279187817257,0.5333333333333333
mistral_minimax,"mistral_nemo,minimax_m3",243,random_forest_router,197,68,0.34517766497461927,0.7106598984771574,0.6323529411764706,-4.4117647058823595,0.2233502538071066,0.6136363636363636
mistral_minimax,"mistral_nemo,minimax_m3",243,extra_trees_router,197,68,0.34517766497461927,0.6903553299492385,0.5735294117647058,-10.294117647058831,0.2893401015228426,0.5789473684210527
mistral_minimax,"mistral_nemo,minimax_m3",243,mlp_router,197,68,0.34517766497461927,0.7106598984771574,0.6323529411764706,-4.4117647058823595,0.18781725888324874,0.6756756756756757
mistral_minimax,"mistral_nemo,minimax_m3",243,tfidf_logistic_router,197,68,0.34517766497461927,0.7055837563451777,0.6176470588235294,-5.882352941176472,0.25888324873096447,0.6078431372549019
mistral_minimax,"mistral_nemo,minimax_m3",243,tfidf_linear_svm_router,197,68,0.34517766497461927,0.7106598984771574,0.6323529411764706,-4.4117647058823595,0.14720812182741116,0.5517241379310345
mistral_minimax,"mistral_nemo,minimax_m3",243,tfidf_mlp_router,197,68,0.34517766497461927,0.7106598984771574,0.6323529411764706,-4.4117647058823595,0.09137055837563451,0.5
mistral_minimax,"mistral_nemo,minimax_m3",244,always_mistral_nemo,197,74,0.3756345177664975,0.6751269035532995,0.5675675675675675,0.0,0.0,
mistral_minimax,"mistral_nemo,minimax_m3",244,oracle,197,74,0.3756345177664975,0.8375634517766497,1.0,43.24324324324324,0.16243654822335024,
mistral_minimax,"mistral_nemo,minimax_m3",244,logistic_router,197,74,0.3756345177664975,0.6395939086294417,0.47297297297297297,-9.459459459459458,0.24873096446700507,0.4897959183673469
mistral_minimax,"mistral_nemo,minimax_m3",244,linear_svm_router,197,74,0.3756345177664975,0.6395939086294417,0.47297297297297297,-9.459459459459458,0.233502538071066,0.4782608695652174
mistral_minimax,"mistral_nemo,minimax_m3",244,knn_router,197,74,0.3756345177664975,0.6751269035532995,0.5675675675675675,0.0,0.0,
mistral_minimax,"mistral_nemo,minimax_m3",244,decision_tree_router,197,74,0.3756345177664975,0.6548223350253807,0.5135135135135135,-5.405405405405405,0.38071065989847713,0.6266666666666667
mistral_minimax,"mistral_nemo,minimax_m3",244,random_forest_router,197,74,0.3756345177664975,0.6700507614213198,0.5540540540540541,-1.3513513513513487,0.08629441624365482,0.47058823529411764
mistral_minimax,"mistral_nemo,minimax_m3",244,extra_trees_router,197,74,0.3756345177664975,0.6700507614213198,0.5540540540540541,-1.3513513513513487,0.20812182741116753,0.4878048780487805
mistral_minimax,"mistral_nemo,minimax_m3",244,mlp_router,197,74,0.3756345177664975,0.6751269035532995,0.5675675675675675,0.0,0.10152284263959391,0.55
mistral_minimax,"mistral_nemo,minimax_m3",244,tfidf_logistic_router,197,74,0.3756345177664975,0.6598984771573604,0.527027027027027,-4.054054054054057,0.15736040609137056,0.45161290322580644
mistral_minimax,"mistral_nemo,minimax_m3",244,tfidf_linear_svm_router,197,74,0.3756345177664975,0.6852791878172588,0.5945945945945946,2.7027027027027084,0.05583756345177665,0.45454545454545453
mistral_minimax,"mistral_nemo,minimax_m3",244,tfidf_mlp_router,197,74,0.3756345177664975,0.6903553299492385,0.6081081081081081,4.054054054054057,0.05583756345177665,0.7272727272727273
mistral_minimax,"mistral_nemo,minimax_m3",245,always_mistral_nemo,197,72,0.36548223350253806,0.6954314720812182,0.6388888888888888,0.0,0.0,
mistral_minimax,"mistral_nemo,minimax_m3",245,oracle,197,72,0.36548223350253806,0.8274111675126904,1.0,36.111111111111114,0.1319796954314721,
mistral_minimax,"mistral_nemo,minimax_m3",245,logistic_router,197,72,0.36548223350253806,0.6345177664974619,0.4722222222222222,-16.666666666666664,0.3299492385786802,0.4461538461538462
mistral_minimax,"mistral_nemo,minimax_m3",245,linear_svm_router,197,72,0.36548223350253806,0.649746192893401,0.5138888888888888,-12.5,0.2436548223350254,0.4791666666666667
mistral_minimax,"mistral_nemo,minimax_m3",245,knn_router,197,72,0.36548223350253806,0.6954314720812182,0.6388888888888888,0.0,0.0,
mistral_minimax,"mistral_nemo,minimax_m3",245,decision_tree_router,197,72,0.36548223350253806,0.6802030456852792,0.5972222222222222,-4.1666666666666625,0.4213197969543147,0.6144578313253012
mistral_minimax,"mistral_nemo,minimax_m3",245,random_forest_router,197,72,0.36548223350253806,0.6548223350253807,0.5277777777777778,-11.111111111111105,0.18274111675126903,0.3611111111111111
mistral_minimax,"mistral_nemo,minimax_m3",245,extra_trees_router,197,72,0.36548223350253806,0.6192893401015228,0.4305555555555556,-20.833333333333325,0.27918781725888325,0.41818181818181815
mistral_minimax,"mistral_nemo,minimax_m3",245,mlp_router,197,72,0.36548223350253806,0.6649746192893401,0.5555555555555556,-8.333333333333325,0.10152284263959391,0.5
mistral_minimax,"mistral_nemo,minimax_m3",245,tfidf_logistic_router,197,72,0.36548223350253806,0.6548223350253807,0.5277777777777778,-11.111111111111105,0.23857868020304568,0.40425531914893614
mistral_minimax,"mistral_nemo,minimax_m3",245,tfidf_linear_svm_router,197,72,0.36548223350253806,0.6954314720812182,0.6388888888888888,0.0,0.09644670050761421,0.5263157894736842
mistral_minimax,"mistral_nemo,minimax_m3",245,tfidf_mlp_router,197,72,0.36548223350253806,0.6903553299492385,0.625,-1.388888888888884,0.03553299492385787,0.42857142857142855
mistral_minimax,"mistral_nemo,minimax_m3",246,always_mistral_nemo,197,67,0.3401015228426396,0.6802030456852792,0.6119402985074627,0.0,0.0,
mistral_minimax,"mistral_nemo,minimax_m3",246,oracle,197,67,0.3401015228426396,0.8121827411167513,1.0,38.80597014925373,0.1319796954314721,
mistral_minimax,"mistral_nemo,minimax_m3",246,logistic_router,197,67,0.3401015228426396,0.6852791878172588,0.6268656716417911,1.4925373134328401,0.3096446700507614,0.6065573770491803
mistral_minimax,"mistral_nemo,minimax_m3",246,linear_svm_router,197,67,0.3401015228426396,0.6751269035532995,0.5970149253731343,-1.4925373134328401,0.29949238578680204,0.6101694915254238
mistral_minimax,"mistral_nemo,minimax_m3",246,knn_router,197,67,0.3401015228426396,0.6852791878172588,0.6268656716417911,1.4925373134328401,0.005076142131979695,1.0
mistral_minimax,"mistral_nemo,minimax_m3",246,decision_tree_router,197,67,0.3401015228426396,0.6395939086294417,0.4925373134328358,-11.940298507462687,0.14213197969543148,0.2857142857142857
mistral_minimax,"mistral_nemo,minimax_m3",246,random_forest_router,197,67,0.3401015228426396,0.6751269035532995,0.5970149253731343,-1.4925373134328401,0.12690355329949238,0.52
mistral_minimax,"mistral_nemo,minimax_m3",246,extra_trees_router,197,67,0.3401015228426396,0.6548223350253807,0.5373134328358209,-7.462686567164178,0.20812182741116753,0.5365853658536586
mistral_minimax,"mistral_nemo,minimax_m3",246,mlp_router,197,67,0.3401015228426396,0.6852791878172588,0.6268656716417911,1.4925373134328401,0.10152284263959391,0.7
mistral_minimax,"mistral_nemo,minimax_m3",246,tfidf_logistic_router,197,67,0.3401015228426396,0.6852791878172588,0.6268656716417911,1.4925373134328401,0.17258883248730963,0.6470588235294118
mistral_minimax,"mistral_nemo,minimax_m3",246,tfidf_linear_svm_router,197,67,0.3401015228426396,0.700507614213198,0.6716417910447762,5.97014925373135,0.09137055837563451,0.6666666666666666
mistral_minimax,"mistral_nemo,minimax_m3",246,tfidf_mlp_router,197,67,0.3401015228426396,0.6903553299492385,0.6417910447761194,2.985074626865669,0.050761421319796954,0.8
mistral_minimax,"mistral_nemo,minimax_m3",247,always_mistral_nemo,197,65,0.3299492385786802,0.6903553299492385,0.5538461538461539,0.0,0.0,
mistral_minimax,"mistral_nemo,minimax_m3",247,oracle,197,65,0.3299492385786802,0.8375634517766497,1.0,44.61538461538461,0.14720812182741116,
mistral_minimax,"mistral_nemo,minimax_m3",247,logistic_router,197,65,0.3299492385786802,0.6852791878172588,0.5384615384615384,-1.538461538461544,0.25888324873096447,0.5686274509803921
mistral_minimax,"mistral_nemo,minimax_m3",247,linear_svm_router,197,65,0.3299492385786802,0.6802030456852792,0.5230769230769231,-3.076923076923077,0.20304568527918782,0.575
mistral_minimax,"mistral_nemo,minimax_m3",247,knn_router,197,65,0.3299492385786802,0.6903553299492385,0.5538461538461539,0.0,0.0,
mistral_minimax,"mistral_nemo,minimax_m3",247,decision_tree_router,197,65,0.3299492385786802,0.6903553299492385,0.5538461538461539,0.0,0.4720812182741117,0.6666666666666666
mistral_minimax,"mistral_nemo,minimax_m3",247,random_forest_router,197,65,0.3299492385786802,0.6903553299492385,0.5538461538461539,0.0,0.09644670050761421,0.47368421052631576
mistral_minimax,"mistral_nemo,minimax_m3",247,extra_trees_router,197,65,0.3299492385786802,0.6802030456852792,0.5230769230769231,-3.076923076923077,0.2436548223350254,0.5416666666666666
mistral_minimax,"mistral_nemo,minimax_m3",247,mlp_router,197,65,0.3299492385786802,0.6802030456852792,0.5230769230769231,-3.076923076923077,0.06598984771573604,0.5384615384615384
mistral_minimax,"mistral_nemo,minimax_m3",247,tfidf_logistic_router,197,65,0.3299492385786802,0.6649746192893401,0.47692307692307695,-7.6923076923076925,0.14213197969543148,0.5
mistral_minimax,"mistral_nemo,minimax_m3",247,tfidf_linear_svm_router,197,65,0.3299492385786802,0.6649746192893401,0.47692307692307695,-7.6923076923076925,0.03553299492385787,0.2857142857142857
mistral_minimax,"mistral_nemo,minimax_m3",247,tfidf_mlp_router,197,65,0.3299492385786802,0.6852791878172588,0.5384615384615384,-1.538461538461544,0.030456852791878174,0.6666666666666666
mistral_minimax,"mistral_nemo,minimax_m3",248,always_mistral_nemo,197,55,0.27918781725888325,0.6649746192893401,0.6545454545454545,0.0,0.0,
mistral_minimax,"mistral_nemo,minimax_m3",248,oracle,197,55,0.27918781725888325,0.7614213197969543,1.0,34.54545454545455,0.09644670050761421,
mistral_minimax,"mistral_nemo,minimax_m3",248,logistic_router,197,55,0.27918781725888325,0.6395939086294417,0.5636363636363636,-9.090909090909093,0.28426395939086296,0.5535714285714286
mistral_minimax,"mistral_nemo,minimax_m3",248,linear_svm_router,197,55,0.27918781725888325,0.6395939086294417,0.5636363636363636,-9.090909090909093,0.2233502538071066,0.5681818181818182
mistral_minimax,"mistral_nemo,minimax_m3",248,knn_router,197,55,0.27918781725888325,0.6649746192893401,0.6545454545454545,0.0,0.0,
mistral_minimax,"mistral_nemo,minimax_m3",248,decision_tree_router,197,55,0.27918781725888325,0.6091370558375635,0.45454545454545453,-20.0,0.6548223350253807,0.5891472868217055
mistral_minimax,"mistral_nemo,minimax_m3",248,random_forest_router,197,55,0.27918781725888325,0.6345177664974619,0.5454545454545454,-10.909090909090914,0.1116751269035533,0.4090909090909091
mistral_minimax,"mistral_nemo,minimax_m3",248,extra_trees_router,197,55,0.27918781725888325,0.649746192893401,0.6,-5.454545454545457,0.25888324873096447,0.49019607843137253
mistral_minimax,"mistral_nemo,minimax_m3",248,mlp_router,197,55,0.27918781725888325,0.6649746192893401,0.6545454545454545,0.0,0.13705583756345177,0.7037037037037037
mistral_minimax,"mistral_nemo,minimax_m3",248,tfidf_logistic_router,197,55,0.27918781725888325,0.6548223350253807,0.6181818181818182,-3.6363636363636376,0.19289340101522842,0.6052631578947368
mistral_minimax,"mistral_nemo,minimax_m3",248,tfidf_linear_svm_router,197,55,0.27918781725888325,0.6649746192893401,0.6545454545454545,0.0,0.09644670050761421,0.5789473684210527
mistral_minimax,"mistral_nemo,minimax_m3",248,tfidf_mlp_router,197,55,0.27918781725888325,0.6598984771573604,0.6363636363636364,-1.8181818181818188,0.09644670050761421,0.5789473684210527
mistral_minimax,"mistral_nemo,minimax_m3",249,always_mistral_nemo,197,68,0.34517766497461927,0.6192893401015228,0.5294117647058824,0.0,0.0,
mistral_minimax,"mistral_nemo,minimax_m3",249,oracle,197,68,0.34517766497461927,0.7817258883248731,1.0,47.05882352941176,0.16243654822335024,
mistral_minimax,"mistral_nemo,minimax_m3",249,logistic_router,197,68,0.34517766497461927,0.6345177664974619,0.5735294117647058,4.411764705882348,0.3096446700507614,0.5081967213114754
mistral_minimax,"mistral_nemo,minimax_m3",249,linear_svm_router,197,68,0.34517766497461927,0.6142131979695431,0.5147058823529411,-1.4705882352941235,0.22842639593908629,0.4888888888888889
mistral_minimax,"mistral_nemo,minimax_m3",249,knn_router,197,68,0.34517766497461927,0.6192893401015228,0.5294117647058824,0.0,0.0,
mistral_minimax,"mistral_nemo,minimax_m3",249,decision_tree_router,197,68,0.34517766497461927,0.6243654822335025,0.5441176470588235,1.4705882352941124,0.6649746192893401,0.6030534351145038
mistral_minimax,"mistral_nemo,minimax_m3",249,random_forest_router,197,68,0.34517766497461927,0.649746192893401,0.6176470588235294,8.823529411764708,0.116751269035533,0.5217391304347826
mistral_minimax,"mistral_nemo,minimax_m3",249,extra_trees_router,197,68,0.34517766497461927,0.6598984771573604,0.6470588235294118,11.764705882352944,0.19796954314720813,0.5641025641025641
mistral_minimax,"mistral_nemo,minimax_m3",249,mlp_router,197,68,0.34517766497461927,0.6345177664974619,0.5735294117647058,4.411764705882348,0.07106598984771574,0.7142857142857143
mistral_minimax,"mistral_nemo,minimax_m3",249,tfidf_logistic_router,197,68,0.34517766497461927,0.6345177664974619,0.5735294117647058,4.411764705882348,0.15228426395939088,0.5666666666666667
mistral_minimax,"mistral_nemo,minimax_m3",249,tfidf_linear_svm_router,197,68,0.34517766497461927,0.6192893401015228,0.5294117647058824,0.0,0.08629441624365482,0.47058823529411764
mistral_minimax,"mistral_nemo,minimax_m3",249,tfidf_mlp_router,197,68,0.34517766497461927,0.6192893401015228,0.5294117647058824,0.0,0.06091370558375635,0.4166666666666667
mistral_minimax,"mistral_nemo,minimax_m3",250,always_mistral_nemo,197,70,0.3553299492385787,0.649746192893401,0.5571428571428572,0.0,0.0,
mistral_minimax,"mistral_nemo,minimax_m3",250,oracle,197,70,0.3553299492385787,0.8071065989847716,1.0,44.285714285714285,0.15736040609137056,
mistral_minimax,"mistral_nemo,minimax_m3",250,logistic_router,197,70,0.3553299492385787,0.6852791878172588,0.6571428571428571,9.999999999999998,0.2131979695431472,0.6666666666666666
mistral_minimax,"mistral_nemo,minimax_m3",250,linear_svm_router,197,70,0.3553299492385787,0.6598984771573604,0.5857142857142857,2.857142857142858,0.20304568527918782,0.625
mistral_minimax,"mistral_nemo,minimax_m3",250,knn_router,197,70,0.3553299492385787,0.649746192893401,0.5571428571428572,0.0,0.0,
mistral_minimax,"mistral_nemo,minimax_m3",250,decision_tree_router,197,70,0.3553299492385787,0.6395939086294417,0.5285714285714286,-2.857142857142858,0.5583756345177665,0.5818181818181818
mistral_minimax,"mistral_nemo,minimax_m3",250,random_forest_router,197,70,0.3553299492385787,0.6548223350253807,0.5714285714285714,1.4285714285714235,0.14213197969543148,0.5357142857142857
mistral_minimax,"mistral_nemo,minimax_m3",250,extra_trees_router,197,70,0.3553299492385787,0.6345177664974619,0.5142857142857142,-4.285714285714293,0.17766497461928935,0.45714285714285713
mistral_minimax,"mistral_nemo,minimax_m3",250,mlp_router,197,70,0.3553299492385787,0.6649746192893401,0.6,4.285714285714281,0.06091370558375635,0.5833333333333334
mistral_minimax,"mistral_nemo,minimax_m3",250,tfidf_logistic_router,197,70,0.3553299492385787,0.6649746192893401,0.6,4.285714285714281,0.16243654822335024,0.625
mistral_minimax,"mistral_nemo,minimax_m3",250,tfidf_linear_svm_router,197,70,0.3553299492385787,0.649746192893401,0.5571428571428572,0.0,0.05583756345177665,0.5454545454545454
mistral_minimax,"mistral_nemo,minimax_m3",250,tfidf_mlp_router,197,70,0.3553299492385787,0.6548223350253807,0.5714285714285714,1.4285714285714235,0.015228426395939087,1.0
mistral_minimax,"mistral_nemo,minimax_m3",251,always_mistral_nemo,197,65,0.3299492385786802,0.6852791878172588,0.7230769230769231,0.0,0.0,
mistral_minimax,"mistral_nemo,minimax_m3",251,oracle,197,65,0.3299492385786802,0.7766497461928934,1.0,27.692307692307693,0.09137055837563451,
mistral_minimax,"mistral_nemo,minimax_m3",251,logistic_router,197,65,0.3299492385786802,0.6192893401015228,0.5230769230769231,-19.999999999999996,0.3401015228426396,0.47761194029850745
mistral_minimax,"mistral_nemo,minimax_m3",251,linear_svm_router,197,65,0.3299492385786802,0.6192893401015228,0.5230769230769231,-19.999999999999996,0.2893401015228426,0.45614035087719296
mistral_minimax,"mistral_nemo,minimax_m3",251,knn_router,197,65,0.3299492385786802,0.6852791878172588,0.7230769230769231,0.0,0.005076142131979695,1.0
mistral_minimax,"mistral_nemo,minimax_m3",251,decision_tree_router,197,65,0.3299492385786802,0.5939086294416244,0.4461538461538462,-27.69230769230769,0.7258883248730964,0.5594405594405595
mistral_minimax,"mistral_nemo,minimax_m3",251,random_forest_router,197,65,0.3299492385786802,0.6802030456852792,0.7076923076923077,-1.538461538461533,0.18274111675126903,0.5555555555555556
mistral_minimax,"mistral_nemo,minimax_m3",251,extra_trees_router,197,65,0.3299492385786802,0.649746192893401,0.6153846153846154,-10.769230769230765,0.27411167512690354,0.5185185185185185
mistral_minimax,"mistral_nemo,minimax_m3",251,mlp_router,197,65,0.3299492385786802,0.6598984771573604,0.6461538461538462,-7.692307692307687,0.14213197969543148,0.5
mistral_minimax,"mistral_nemo,minimax_m3",251,tfidf_logistic_router,197,65,0.3299492385786802,0.649746192893401,0.6153846153846154,-10.769230769230765,0.20304568527918782,0.5
mistral_minimax,"mistral_nemo,minimax_m3",251,tfidf_linear_svm_router,197,65,0.3299492385786802,0.6751269035532995,0.6923076923076923,-3.076923076923077,0.07614213197969544,0.4
mistral_minimax,"mistral_nemo,minimax_m3",251,tfidf_mlp_router,197,65,0.3299492385786802,0.6802030456852792,0.7076923076923077,-1.538461538461533,0.050761421319796954,0.6
mistral_minimax,"mistral_nemo,minimax_m3",252,always_mistral_nemo,197,60,0.30456852791878175,0.6751269035532995,0.6333333333333333,0.0,0.0,
mistral_minimax,"mistral_nemo,minimax_m3",252,oracle,197,60,0.30456852791878175,0.7868020304568528,1.0,36.66666666666667,0.1116751269035533,
mistral_minimax,"mistral_nemo,minimax_m3",252,logistic_router,197,60,0.30456852791878175,0.6395939086294417,0.5166666666666667,-11.666666666666659,0.2893401015228426,0.5087719298245614
mistral_minimax,"mistral_nemo,minimax_m3",252,linear_svm_router,197,60,0.30456852791878175,0.6446700507614214,0.5333333333333333,-9.999999999999998,0.26903553299492383,0.5094339622641509
mistral_minimax,"mistral_nemo,minimax_m3",252,knn_router,197,60,0.30456852791878175,0.6751269035532995,0.6333333333333333,0.0,0.0,
mistral_minimax,"mistral_nemo,minimax_m3",252,decision_tree_router,197,60,0.30456852791878175,0.6294416243654822,0.48333333333333334,-14.999999999999996,0.5279187817258884,0.5288461538461539
mistral_minimax,"mistral_nemo,minimax_m3",252,random_forest_router,197,60,0.30456852791878175,0.6548223350253807,0.5666666666666667,-6.666666666666665,0.1319796954314721,0.34615384615384615
mistral_minimax,"mistral_nemo,minimax_m3",252,extra_trees_router,197,60,0.30456852791878175,0.6395939086294417,0.5166666666666667,-11.666666666666659,0.2233502538071066,0.38636363636363635
mistral_minimax,"mistral_nemo,minimax_m3",252,mlp_router,197,60,0.30456852791878175,0.6598984771573604,0.5833333333333334,-4.999999999999993,0.08121827411167512,0.4375
mistral_minimax,"mistral_nemo,minimax_m3",252,tfidf_logistic_router,197,60,0.30456852791878175,0.649746192893401,0.55,-8.333333333333325,0.17766497461928935,0.4857142857142857
mistral_minimax,"mistral_nemo,minimax_m3",252,tfidf_linear_svm_router,197,60,0.30456852791878175,0.6903553299492385,0.6833333333333333,5.000000000000004,0.06091370558375635,0.5833333333333334
mistral_minimax,"mistral_nemo,minimax_m3",252,tfidf_mlp_router,197,60,0.30456852791878175,0.6903553299492385,0.6833333333333333,5.000000000000004,0.04060913705583756,0.625
mistral_minimax,"mistral_nemo,minimax_m3",253,always_mistral_nemo,197,69,0.350253807106599,0.6548223350253807,0.6086956521739131,0.0,0.0,
mistral_minimax,"mistral_nemo,minimax_m3",253,oracle,197,69,0.350253807106599,0.7918781725888325,1.0,39.13043478260869,0.13705583756345177,
mistral_minimax,"mistral_nemo,minimax_m3",253,logistic_router,197,69,0.350253807106599,0.6446700507614214,0.5797101449275363,-2.898550724637683,0.3248730964467005,0.609375
mistral_minimax,"mistral_nemo,minimax_m3",253,linear_svm_router,197,69,0.350253807106599,0.649746192893401,0.5942028985507246,-1.449275362318847,0.29441624365482233,0.6206896551724138
mistral_minimax,"mistral_nemo,minimax_m3",253,knn_router,197,69,0.350253807106599,0.6548223350253807,0.6086956521739131,0.0,0.0,
mistral_minimax,"mistral_nemo,minimax_m3",253,decision_tree_router,197,69,0.350253807106599,0.6446700507614214,0.5797101449275363,-2.898550724637683,0.30456852791878175,0.5166666666666667
mistral_minimax,"mistral_nemo,minimax_m3",253,random_forest_router,197,69,0.350253807106599,0.6649746192893401,0.6376811594202898,2.898550724637672,0.13705583756345177,0.5185185185185185
mistral_minimax,"mistral_nemo,minimax_m3",253,extra_trees_router,197,69,0.350253807106599,0.6243654822335025,0.5217391304347826,-8.695652173913048,0.23857868020304568,0.5106382978723404
mistral_minimax,"mistral_nemo,minimax_m3",253,mlp_router,197,69,0.350253807106599,0.6395939086294417,0.5652173913043478,-4.34782608695653,0.1116751269035533,0.5909090909090909
mistral_minimax,"mistral_nemo,minimax_m3",253,tfidf_logistic_router,197,69,0.350253807106599,0.6395939086294417,0.5652173913043478,-4.34782608695653,0.20812182741116753,0.5609756097560976
mistral_minimax,"mistral_nemo,minimax_m3",253,tfidf_linear_svm_router,197,69,0.350253807106599,0.6446700507614214,0.5797101449275363,-2.898550724637683,0.08121827411167512,0.4375
mistral_minimax,"mistral_nemo,minimax_m3",253,tfidf_mlp_router,197,69,0.350253807106599,0.6548223350253807,0.6086956521739131,0.0,0.050761421319796954,0.6
mistral_minimax,"mistral_nemo,minimax_m3",254,always_mistral_nemo,197,67,0.3401015228426396,0.649746192893401,0.5970149253731343,0.0,0.0,
mistral_minimax,"mistral_nemo,minimax_m3",254,oracle,197,67,0.3401015228426396,0.7868020304568528,1.0,40.29850746268657,0.13705583756345177,
mistral_minimax,"mistral_nemo,minimax_m3",254,logistic_router,197,67,0.3401015228426396,0.6091370558375635,0.47761194029850745,-11.940298507462682,0.25888324873096447,0.4117647058823529
mistral_minimax,"mistral_nemo,minimax_m3",254,linear_svm_router,197,67,0.3401015228426396,0.5989847715736041,0.44776119402985076,-14.925373134328352,0.20812182741116753,0.3902439024390244
mistral_minimax,"mistral_nemo,minimax_m3",254,knn_router,197,67,0.3401015228426396,0.649746192893401,0.5970149253731343,0.0,0.01015228426395939,1.0
mistral_minimax,"mistral_nemo,minimax_m3",254,decision_tree_router,197,67,0.3401015228426396,0.5989847715736041,0.44776119402985076,-14.925373134328352,0.49746192893401014,0.5612244897959183
mistral_minimax,"mistral_nemo,minimax_m3",254,random_forest_router,197,67,0.3401015228426396,0.6345177664974619,0.5522388059701493,-4.477611940298498,0.14213197969543148,0.5
mistral_minimax,"mistral_nemo,minimax_m3",254,extra_trees_router,197,67,0.3401015228426396,0.6040609137055838,0.4626865671641791,-13.432835820895516,0.233502538071066,0.3695652173913043
mistral_minimax,"mistral_nemo,minimax_m3",254,mlp_router,197,67,0.3401015228426396,0.6548223350253807,0.6119402985074627,1.4925373134328401,0.09137055837563451,0.4444444444444444
mistral_minimax,"mistral_nemo,minimax_m3",254,tfidf_logistic_router,197,67,0.3401015228426396,0.6192893401015228,0.5074626865671642,-8.955223880597007,0.16243654822335024,0.375
mistral_minimax,"mistral_nemo,minimax_m3",254,tfidf_linear_svm_router,197,67,0.3401015228426396,0.6345177664974619,0.5522388059701493,-4.477611940298498,0.050761421319796954,0.4
mistral_minimax,"mistral_nemo,minimax_m3",254,tfidf_mlp_router,197,67,0.3401015228426396,0.6446700507614214,0.582089552238806,-1.492537313432829,0.03553299492385787,0.42857142857142855
mistral_minimax,"mistral_nemo,minimax_m3",255,always_mistral_nemo,197,60,0.30456852791878175,0.6548223350253807,0.5333333333333333,0.0,0.0,
mistral_minimax,"mistral_nemo,minimax_m3",255,oracle,197,60,0.30456852791878175,0.7969543147208121,1.0,46.666666666666664,0.14213197969543148,
mistral_minimax,"mistral_nemo,minimax_m3",255,logistic_router,197,60,0.30456852791878175,0.6700507614213198,0.5833333333333334,5.000000000000004,0.3299492385786802,0.6153846153846154
mistral_minimax,"mistral_nemo,minimax_m3",255,linear_svm_router,197,60,0.30456852791878175,0.649746192893401,0.5166666666666667,-1.6666666666666607,0.24873096446700507,0.6122448979591837
mistral_minimax,"mistral_nemo,minimax_m3",255,knn_router,197,60,0.30456852791878175,0.6548223350253807,0.5333333333333333,0.0,0.0,
mistral_minimax,"mistral_nemo,minimax_m3",255,decision_tree_router,197,60,0.30456852791878175,0.6446700507614214,0.5,-3.3333333333333326,0.6040609137055838,0.6302521008403361
mistral_minimax,"mistral_nemo,minimax_m3",255,random_forest_router,197,60,0.30456852791878175,0.6700507614213198,0.5833333333333334,5.000000000000004,0.1116751269035533,0.5909090909090909
mistral_minimax,"mistral_nemo,minimax_m3",255,extra_trees_router,197,60,0.30456852791878175,0.6598984771573604,0.55,1.6666666666666718,0.24873096446700507,0.6122448979591837
mistral_minimax,"mistral_nemo,minimax_m3",255,mlp_router,197,60,0.30456852791878175,0.6598984771573604,0.55,1.6666666666666718,0.050761421319796954,0.7
mistral_minimax,"mistral_nemo,minimax_m3",255,tfidf_logistic_router,197,60,0.30456852791878175,0.6700507614213198,0.5833333333333334,5.000000000000004,0.2131979695431472,0.6428571428571429
mistral_minimax,"mistral_nemo,minimax_m3",255,tfidf_linear_svm_router,197,60,0.30456852791878175,0.6598984771573604,0.55,1.6666666666666718,0.08629441624365482,0.47058823529411764
mistral_minimax,"mistral_nemo,minimax_m3",255,tfidf_mlp_router,197,60,0.30456852791878175,0.6700507614213198,0.5833333333333334,5.000000000000004,0.04060913705583756,0.75
mistral_minimax,"mistral_nemo,minimax_m3",256,always_mistral_nemo,197,75,0.38071065989847713,0.6192893401015228,0.5466666666666666,0.0,0.0,
mistral_minimax,"mistral_nemo,minimax_m3",256,oracle,197,75,0.38071065989847713,0.7918781725888325,1.0,45.333333333333336,0.17258883248730963,
mistral_minimax,"mistral_nemo,minimax_m3",256,logistic_router,197,75,0.38071065989847713,0.5939086294416244,0.48,-6.666666666666665,0.233502538071066,0.45652173913043476
mistral_minimax,"mistral_nemo,minimax_m3",256,linear_svm_router,197,75,0.38071065989847713,0.5989847715736041,0.49333333333333335,-5.333333333333329,0.20812182741116753,0.4146341463414634
mistral_minimax,"mistral_nemo,minimax_m3",256,knn_router,197,75,0.38071065989847713,0.6192893401015228,0.5466666666666666,0.0,0.0,
mistral_minimax,"mistral_nemo,minimax_m3",256,decision_tree_router,197,75,0.38071065989847713,0.6395939086294417,0.6,5.333333333333334,0.5126903553299492,0.6336633663366337
mistral_minimax,"mistral_nemo,minimax_m3",256,random_forest_router,197,75,0.38071065989847713,0.6142131979695431,0.5333333333333333,-1.3333333333333308,0.1065989847715736,0.5238095238095238
mistral_minimax,"mistral_nemo,minimax_m3",256,extra_trees_router,197,75,0.38071065989847713,0.5786802030456852,0.44,-10.666666666666663,0.18781725888324874,0.3783783783783784
mistral_minimax,"mistral_nemo,minimax_m3",256,mlp_router,197,75,0.38071065989847713,0.6192893401015228,0.5466666666666666,0.0,0.050761421319796954,0.5
mistral_minimax,"mistral_nemo,minimax_m3",256,tfidf_logistic_router,197,75,0.38071065989847713,0.5939086294416244,0.48,-6.666666666666665,0.15736040609137056,0.4838709677419355
mistral_minimax,"mistral_nemo,minimax_m3",256,tfidf_linear_svm_router,197,75,0.38071065989847713,0.6142131979695431,0.5333333333333333,-1.3333333333333308,0.07106598984771574,0.5
mistral_minimax,"mistral_nemo,minimax_m3",256,tfidf_mlp_router,197,75,0.38071065989847713,0.6091370558375635,0.52,-2.6666666666666616,0.03553299492385787,0.2857142857142857
mistral_minimax,"mistral_nemo,minimax_m3",257,always_mistral_nemo,197,72,0.36548223350253806,0.6852791878172588,0.6111111111111112,0.0,0.0,
mistral_minimax,"mistral_nemo,minimax_m3",257,oracle,197,72,0.36548223350253806,0.8274111675126904,1.0,38.888888888888886,0.14213197969543148,
mistral_minimax,"mistral_nemo,minimax_m3",257,logistic_router,197,72,0.36548223350253806,0.6649746192893401,0.5555555555555556,-5.555555555555558,0.29441624365482233,0.5689655172413793
mistral_minimax,"mistral_nemo,minimax_m3",257,linear_svm_router,197,72,0.36548223350253806,0.6548223350253807,0.5277777777777778,-8.333333333333337,0.23857868020304568,0.5531914893617021
mistral_minimax,"mistral_nemo,minimax_m3",257,knn_router,197,72,0.36548223350253806,0.6852791878172588,0.6111111111111112,0.0,0.0,
mistral_minimax,"mistral_nemo,minimax_m3",257,decision_tree_router,197,72,0.36548223350253806,0.6192893401015228,0.4305555555555556,-18.055555555555557,0.4619289340101523,0.5494505494505495
mistral_minimax,"mistral_nemo,minimax_m3",257,random_forest_router,197,72,0.36548223350253806,0.6649746192893401,0.5555555555555556,-5.555555555555558,0.14213197969543148,0.5357142857142857
mistral_minimax,"mistral_nemo,minimax_m3",257,extra_trees_router,197,72,0.36548223350253806,0.6548223350253807,0.5277777777777778,-8.333333333333337,0.2233502538071066,0.45454545454545453
mistral_minimax,"mistral_nemo,minimax_m3",257,mlp_router,197,72,0.36548223350253806,0.6903553299492385,0.625,1.388888888888884,0.09137055837563451,0.7222222222222222
mistral_minimax,"mistral_nemo,minimax_m3",257,tfidf_logistic_router,197,72,0.36548223350253806,0.6598984771573604,0.5416666666666666,-6.9444444444444535,0.17766497461928935,0.5142857142857142
mistral_minimax,"mistral_nemo,minimax_m3",257,tfidf_linear_svm_router,197,72,0.36548223350253806,0.6751269035532995,0.5833333333333334,-2.777777777777779,0.09644670050761421,0.47368421052631576
mistral_minimax,"mistral_nemo,minimax_m3",257,tfidf_mlp_router,197,72,0.36548223350253806,0.700507614213198,0.6527777777777778,4.1666666666666625,0.04568527918781726,0.7777777777777778
mistral_minimax,"mistral_nemo,minimax_m3",258,always_mistral_nemo,197,69,0.350253807106599,0.649746192893401,0.5217391304347826,0.0,0.0,
mistral_minimax,"mistral_nemo,minimax_m3",258,oracle,197,69,0.350253807106599,0.817258883248731,1.0,47.82608695652174,0.16751269035532995,
mistral_minimax,"mistral_nemo,minimax_m3",258,logistic_router,197,69,0.350253807106599,0.6395939086294417,0.4927536231884058,-2.898550724637677,0.2893401015228426,0.5614035087719298
mistral_minimax,"mistral_nemo,minimax_m3",258,linear_svm_router,197,69,0.350253807106599,0.6294416243654822,0.463768115942029,-5.7971014492753605,0.233502538071066,0.5217391304347826
mistral_minimax,"mistral_nemo,minimax_m3",258,knn_router,197,69,0.350253807106599,0.649746192893401,0.5217391304347826,0.0,0.0,
mistral_minimax,"mistral_nemo,minimax_m3",258,decision_tree_router,197,69,0.350253807106599,0.6548223350253807,0.5362318840579711,1.449275362318847,0.3756345177664975,0.581081081081081
mistral_minimax,"mistral_nemo,minimax_m3",258,random_forest_router,197,69,0.350253807106599,0.6598984771573604,0.5507246376811594,2.898550724637683,0.1116751269035533,0.5454545454545454
mistral_minimax,"mistral_nemo,minimax_m3",258,extra_trees_router,197,69,0.350253807106599,0.6345177664974619,0.4782608695652174,-4.347826086956519,0.25380710659898476,0.5
mistral_minimax,"mistral_nemo,minimax_m3",258,mlp_router,197,69,0.350253807106599,0.6345177664974619,0.4782608695652174,-4.347826086956519,0.05583756345177665,0.45454545454545453
mistral_minimax,"mistral_nemo,minimax_m3",258,tfidf_logistic_router,197,69,0.350253807106599,0.6395939086294417,0.4927536231884058,-2.898550724637677,0.14720812182741116,0.41379310344827586
mistral_minimax,"mistral_nemo,minimax_m3",258,tfidf_linear_svm_router,197,69,0.350253807106599,0.6345177664974619,0.4782608695652174,-4.347826086956519,0.050761421319796954,0.3
mistral_minimax,"mistral_nemo,minimax_m3",258,tfidf_mlp_router,197,69,0.350253807106599,0.6446700507614214,0.5072463768115942,-1.449275362318836,0.025380710659898477,0.4
mistral_qwen,"mistral_nemo,qwen_30b",229,always_qwen_30b,197,54,0.27411167512690354,0.883248730964467,0.8518518518518519,0.0,0.0,
mistral_qwen,"mistral_nemo,qwen_30b",229,oracle,197,54,0.27411167512690354,0.9238578680203046,1.0,14.814814814814813,0.766497461928934,
mistral_qwen,"mistral_nemo,qwen_30b",229,logistic_router,197,54,0.27411167512690354,0.8020304568527918,0.5555555555555556,-29.629629629629626,0.6345177664974619,0.792
mistral_qwen,"mistral_nemo,qwen_30b",229,linear_svm_router,197,54,0.27411167512690354,0.7766497461928934,0.46296296296296297,-38.88888888888889,0.6903553299492385,0.7573529411764706
mistral_qwen,"mistral_nemo,qwen_30b",229,knn_router,197,54,0.27411167512690354,0.700507614213198,0.18518518518518517,-66.66666666666667,0.9289340101522843,0.6885245901639344
mistral_qwen,"mistral_nemo,qwen_30b",229,decision_tree_router,197,54,0.27411167512690354,0.7918781725888325,0.5185185185185185,-33.333333333333336,0.5279187817258884,0.7596153846153846
mistral_qwen,"mistral_nemo,qwen_30b",229,random_forest_router,197,54,0.27411167512690354,0.766497461928934,0.42592592592592593,-42.592592592592595,0.7157360406091371,0.7588652482269503
mistral_qwen,"mistral_nemo,qwen_30b",229,extra_trees_router,197,54,0.27411167512690354,0.7817258883248731,0.48148148148148145,-37.03703703703704,0.6548223350253807,0.7674418604651163
mistral_qwen,"mistral_nemo,qwen_30b",229,mlp_router,197,54,0.27411167512690354,0.7055837563451777,0.2037037037037037,-64.81481481481481,0.8020304568527918,0.6772151898734177
mistral_qwen,"mistral_nemo,qwen_30b",229,tfidf_logistic_router,197,54,0.27411167512690354,0.7868020304568528,0.5,-35.18518518518518,0.7309644670050761,0.75
mistral_qwen,"mistral_nemo,qwen_30b",229,tfidf_linear_svm_router,197,54,0.27411167512690354,0.7461928934010152,0.35185185185185186,-50.0,0.8121827411167513,0.71875
mistral_qwen,"mistral_nemo,qwen_30b",229,tfidf_mlp_router,197,54,0.27411167512690354,0.7258883248730964,0.2777777777777778,-57.407407407407405,0.8730964467005076,0.6976744186046512
mistral_qwen,"mistral_nemo,qwen_30b",230,always_qwen_30b,197,61,0.3096446700507614,0.9187817258883249,0.9016393442622951,0.0,0.0,
mistral_qwen,"mistral_nemo,qwen_30b",230,oracle,197,61,0.3096446700507614,0.949238578680203,1.0,9.836065573770492,0.7208121827411168,
mistral_qwen,"mistral_nemo,qwen_30b",230,logistic_router,197,61,0.3096446700507614,0.8020304568527918,0.5245901639344263,-37.704918032786885,0.6548223350253807,0.7364341085271318
mistral_qwen,"mistral_nemo,qwen_30b",230,linear_svm_router,197,61,0.3096446700507614,0.7817258883248731,0.45901639344262296,-44.26229508196721,0.6802030456852792,0.7238805970149254
mistral_qwen,"mistral_nemo,qwen_30b",230,knn_router,197,61,0.3096446700507614,0.6954314720812182,0.18032786885245902,-72.1311475409836,0.934010152284264,0.6793478260869565
mistral_qwen,"mistral_nemo,qwen_30b",230,decision_tree_router,197,61,0.3096446700507614,0.7969543147208121,0.5081967213114754,-39.34426229508197,0.5228426395939086,0.6990291262135923
mistral_qwen,"mistral_nemo,qwen_30b",230,random_forest_router,197,61,0.3096446700507614,0.7918781725888325,0.4918032786885246,-40.98360655737705,0.6700507614213198,0.7196969696969697
mistral_qwen,"mistral_nemo,qwen_30b",230,extra_trees_router,197,61,0.3096446700507614,0.7868020304568528,0.47540983606557374,-42.622950819672134,0.6395939086294417,0.7301587301587301
mistral_qwen,"mistral_nemo,qwen_30b",230,mlp_router,197,61,0.3096446700507614,0.7309644670050761,0.29508196721311475,-60.65573770491803,0.7360406091370558,0.6896551724137931
mistral_qwen,"mistral_nemo,qwen_30b",230,tfidf_logistic_router,197,61,0.3096446700507614,0.7817258883248731,0.45901639344262296,-44.26229508196721,0.6954314720812182,0.7226277372262774
mistral_qwen,"mistral_nemo,qwen_30b",230,tfidf_linear_svm_router,197,61,0.3096446700507614,0.766497461928934,0.4098360655737705,-49.18032786885246,0.751269035532995,0.7094594594594594
mistral_qwen,"mistral_nemo,qwen_30b",230,tfidf_mlp_router,197,61,0.3096446700507614,0.7309644670050761,0.29508196721311475,-60.65573770491803,0.8274111675126904,0.6871165644171779
mistral_qwen,"mistral_nemo,qwen_30b",231,always_qwen_30b,197,57,0.2893401015228426,0.9086294416243654,0.8421052631578947,0.0,0.0,
mistral_qwen,"mistral_nemo,qwen_30b",231,oracle,197,57,0.2893401015228426,0.9543147208121827,1.0,15.789473684210531,0.7563451776649747,
mistral_qwen,"mistral_nemo,qwen_30b",231,logistic_router,197,57,0.2893401015228426,0.8223350253807107,0.543859649122807,-29.824561403508763,0.583756345177665,0.782608695652174
mistral_qwen,"mistral_nemo,qwen_30b",231,linear_svm_router,197,57,0.2893401015228426,0.8020304568527918,0.47368421052631576,-36.84210526315789,0.6345177664974619,0.752
mistral_qwen,"mistral_nemo,qwen_30b",231,knn_router,197,57,0.2893401015228426,0.7258883248730964,0.21052631578947367,-63.1578947368421,0.934010152284264,0.7065217391304348
mistral_qwen,"mistral_nemo,qwen_30b",231,decision_tree_router,197,57,0.2893401015228426,0.8020304568527918,0.47368421052631576,-36.84210526315789,0.6903553299492385,0.7647058823529411
mistral_qwen,"mistral_nemo,qwen_30b",231,random_forest_router,197,57,0.2893401015228426,0.7918781725888325,0.43859649122807015,-40.35087719298245,0.7309644670050761,0.7569444444444444
mistral_qwen,"mistral_nemo,qwen_30b",231,extra_trees_router,197,57,0.2893401015228426,0.8071065989847716,0.49122807017543857,-35.08771929824561,0.6649746192893401,0.7633587786259542
mistral_qwen,"mistral_nemo,qwen_30b",231,mlp_router,197,57,0.2893401015228426,0.751269035532995,0.2982456140350877,-54.38596491228069,0.7461928934010152,0.7074829931972789
mistral_qwen,"mistral_nemo,qwen_30b",231,tfidf_logistic_router,197,57,0.2893401015228426,0.7918781725888325,0.43859649122807015,-40.35087719298245,0.649746192893401,0.7421875
mistral_qwen,"mistral_nemo,qwen_30b",231,tfidf_linear_svm_router,197,57,0.2893401015228426,0.7614213197969543,0.3333333333333333,-50.877192982456144,0.7157360406091371,0.7092198581560284
mistral_qwen,"mistral_nemo,qwen_30b",231,tfidf_mlp_router,197,57,0.2893401015228426,0.7360406091370558,0.24561403508771928,-59.64912280701754,0.7868020304568528,0.6967741935483871
mistral_qwen,"mistral_nemo,qwen_30b",232,always_qwen_30b,197,59,0.29949238578680204,0.9035532994923858,0.8983050847457628,0.0,0.0,
mistral_qwen,"mistral_nemo,qwen_30b",232,oracle,197,59,0.29949238578680204,0.934010152284264,1.0,10.169491525423723,0.7309644670050761,
mistral_qwen,"mistral_nemo,qwen_30b",232,logistic_router,197,59,0.29949238578680204,0.7563451776649747,0.4067796610169492,-49.152542372881356,0.5786802030456852,0.7280701754385965
mistral_qwen,"mistral_nemo,qwen_30b",232,linear_svm_router,197,59,0.29949238578680204,0.7411167512690355,0.3559322033898305,-54.23728813559323,0.6040609137055838,0.7058823529411765
mistral_qwen,"mistral_nemo,qwen_30b",232,knn_router,197,59,0.29949238578680204,0.6802030456852792,0.15254237288135594,-74.57627118644068,0.9289340101522843,0.6775956284153005
mistral_qwen,"mistral_nemo,qwen_30b",232,decision_tree_router,197,59,0.29949238578680204,0.7715736040609137,0.4576271186440678,-44.067796610169495,0.6751269035532995,0.7293233082706767
mistral_qwen,"mistral_nemo,qwen_30b",232,random_forest_router,197,59,0.29949238578680204,0.7614213197969543,0.423728813559322,-47.457627118644076,0.6700507614213198,0.7045454545454546
mistral_qwen,"mistral_nemo,qwen_30b",232,extra_trees_router,197,59,0.29949238578680204,0.7461928934010152,0.3728813559322034,-52.54237288135594,0.6142131979695431,0.7024793388429752
mistral_qwen,"mistral_nemo,qwen_30b",232,mlp_router,197,59,0.29949238578680204,0.7411167512690355,0.3559322033898305,-54.23728813559323,0.6802030456852792,0.6716417910447762
mistral_qwen,"mistral_nemo,qwen_30b",232,tfidf_logistic_router,197,59,0.29949238578680204,0.7258883248730964,0.3050847457627119,-59.32203389830508,0.6649746192893401,0.6870229007633588
mistral_qwen,"mistral_nemo,qwen_30b",232,tfidf_linear_svm_router,197,59,0.29949238578680204,0.7208121827411168,0.288135593220339,-61.016949152542374,0.7360406091370558,0.6827586206896552
mistral_qwen,"mistral_nemo,qwen_30b",232,tfidf_mlp_router,197,59,0.29949238578680204,0.6954314720812182,0.2033898305084746,-69.49152542372882,0.8223350253807107,0.6728395061728395
mistral_qwen,"mistral_nemo,qwen_30b",233,always_qwen_30b,197,62,0.3147208121827411,0.9137055837563451,0.9032258064516129,0.0,0.0,
mistral_qwen,"mistral_nemo,qwen_30b",233,oracle,197,62,0.3147208121827411,0.9441624365482234,1.0,9.677419354838712,0.7157360406091371,
mistral_qwen,"mistral_nemo,qwen_30b",233,logistic_router,197,62,0.3147208121827411,0.7766497461928934,0.46774193548387094,-43.54838709677419,0.5939086294416244,0.717948717948718
mistral_qwen,"mistral_nemo,qwen_30b",233,linear_svm_router,197,62,0.3147208121827411,0.766497461928934,0.43548387096774194,-46.774193548387096,0.6345177664974619,0.704
mistral_qwen,"mistral_nemo,qwen_30b",233,knn_router,197,62,0.3147208121827411,0.6852791878172588,0.1774193548387097,-72.58064516129032,0.9593908629441624,0.671957671957672
mistral_qwen,"mistral_nemo,qwen_30b",233,decision_tree_router,197,62,0.3147208121827411,0.8324873096446701,0.6451612903225806,-25.806451612903224,0.4213197969543147,0.7349397590361446
mistral_qwen,"mistral_nemo,qwen_30b",233,random_forest_router,197,62,0.3147208121827411,0.7766497461928934,0.46774193548387094,-43.54838709677419,0.6649746192893401,0.7251908396946565
mistral_qwen,"mistral_nemo,qwen_30b",233,extra_trees_router,197,62,0.3147208121827411,0.7766497461928934,0.46774193548387094,-43.54838709677419,0.5939086294416244,0.7350427350427351
mistral_qwen,"mistral_nemo,qwen_30b",233,mlp_router,197,62,0.3147208121827411,0.7309644670050761,0.3225806451612903,-58.06451612903225,0.7715736040609137,0.6842105263157895
mistral_qwen,"mistral_nemo,qwen_30b",233,tfidf_logistic_router,197,62,0.3147208121827411,0.7563451776649747,0.4032258064516129,-50.0,0.6802030456852792,0.6940298507462687
mistral_qwen,"mistral_nemo,qwen_30b",233,tfidf_linear_svm_router,197,62,0.3147208121827411,0.7461928934010152,0.3709677419354839,-53.2258064516129,0.7309644670050761,0.6875
mistral_qwen,"mistral_nemo,qwen_30b",233,tfidf_mlp_router,197,62,0.3147208121827411,0.7055837563451777,0.24193548387096775,-66.12903225806451,0.8223350253807107,0.6728395061728395
mistral_qwen,"mistral_nemo,qwen_30b",234,always_qwen_30b,197,62,0.3147208121827411,0.8781725888324873,0.8387096774193549,0.0,0.0,
mistral_qwen,"mistral_nemo,qwen_30b",234,oracle,197,62,0.3147208121827411,0.9289340101522843,1.0,16.129032258064512,0.7360406091370558,
mistral_qwen,"mistral_nemo,qwen_30b",234,logistic_router,197,62,0.3147208121827411,0.766497461928934,0.4838709677419355,-35.483870967741936,0.6446700507614214,0.7165354330708661
mistral_qwen,"mistral_nemo,qwen_30b",234,linear_svm_router,197,62,0.3147208121827411,0.7563451776649747,0.45161290322580644,-38.70967741935484,0.7106598984771574,0.7142857142857143
mistral_qwen,"mistral_nemo,qwen_30b",234,knn_router,197,62,0.3147208121827411,0.6903553299492385,0.24193548387096775,-59.67741935483871,0.9543147208121827,0.675531914893617
mistral_qwen,"mistral_nemo,qwen_30b",234,decision_tree_router,197,62,0.3147208121827411,0.7563451776649747,0.45161290322580644,-38.70967741935484,0.6345177664974619,0.68
mistral_qwen,"mistral_nemo,qwen_30b",234,random_forest_router,197,62,0.3147208121827411,0.766497461928934,0.4838709677419355,-35.483870967741936,0.6700507614213198,0.7196969696969697
mistral_qwen,"mistral_nemo,qwen_30b",234,extra_trees_router,197,62,0.3147208121827411,0.7817258883248731,0.532258064516129,-30.645161290322587,0.5736040609137056,0.7079646017699115
mistral_qwen,"mistral_nemo,qwen_30b",234,mlp_router,197,62,0.3147208121827411,0.7360406091370558,0.3870967741935484,-45.16129032258065,0.751269035532995,0.6824324324324325
mistral_qwen,"mistral_nemo,qwen_30b",234,tfidf_logistic_router,197,62,0.3147208121827411,0.766497461928934,0.4838709677419355,-35.483870967741936,0.7258883248730964,0.7202797202797203
mistral_qwen,"mistral_nemo,qwen_30b",234,tfidf_linear_svm_router,197,62,0.3147208121827411,0.7208121827411168,0.3387096774193548,-50.0,0.817258883248731,0.6645962732919255
mistral_qwen,"mistral_nemo,qwen_30b",234,tfidf_mlp_router,197,62,0.3147208121827411,0.7258883248730964,0.3548387096774194,-48.38709677419355,0.8477157360406091,0.6826347305389222
mistral_qwen,"mistral_nemo,qwen_30b",235,always_qwen_30b,197,66,0.3350253807106599,0.8781725888324873,0.8181818181818182,0.0,0.0,
mistral_qwen,"mistral_nemo,qwen_30b",235,oracle,197,66,0.3350253807106599,0.9390862944162437,1.0,18.181818181818176,0.7258883248730964,
mistral_qwen,"mistral_nemo,qwen_30b",235,logistic_router,197,66,0.3350253807106599,0.7411167512690355,0.4090909090909091,-40.909090909090914,0.6852791878172588,0.6962962962962963
mistral_qwen,"mistral_nemo,qwen_30b",235,linear_svm_router,197,66,0.3350253807106599,0.7309644670050761,0.3787878787878788,-43.939393939393945,0.6852791878172588,0.6814814814814815
mistral_qwen,"mistral_nemo,qwen_30b",235,knn_router,197,66,0.3350253807106599,0.6802030456852792,0.22727272727272727,-59.09090909090909,0.9187817258883249,0.6574585635359116
mistral_qwen,"mistral_nemo,qwen_30b",235,decision_tree_router,197,66,0.3350253807106599,0.7614213197969543,0.4696969696969697,-34.84848484848485,0.5431472081218274,0.6915887850467289
mistral_qwen,"mistral_nemo,qwen_30b",235,random_forest_router,197,66,0.3350253807106599,0.7614213197969543,0.4696969696969697,-34.84848484848485,0.7309644670050761,0.7291666666666666
mistral_qwen,"mistral_nemo,qwen_30b",235,extra_trees_router,197,66,0.3350253807106599,0.7461928934010152,0.42424242424242425,-39.3939393939394,0.7055837563451777,0.6906474820143885
mistral_qwen,"mistral_nemo,qwen_30b",235,mlp_router,197,66,0.3350253807106599,0.7208121827411168,0.3484848484848485,-46.96969696969697,0.766497461928934,0.6887417218543046
mistral_qwen,"mistral_nemo,qwen_30b",235,tfidf_logistic_router,197,66,0.3350253807106599,0.7309644670050761,0.3787878787878788,-43.939393939393945,0.7360406091370558,0.6896551724137931
mistral_qwen,"mistral_nemo,qwen_30b",235,tfidf_linear_svm_router,197,66,0.3350253807106599,0.6954314720812182,0.2727272727272727,-54.545454545454554,0.8274111675126904,0.6441717791411042
mistral_qwen,"mistral_nemo,qwen_30b",235,tfidf_mlp_router,197,66,0.3350253807106599,0.6954314720812182,0.2727272727272727,-54.545454545454554,0.8781725888324873,0.6589595375722543
mistral_qwen,"mistral_nemo,qwen_30b",236,always_qwen_30b,197,64,0.3248730964467005,0.8984771573604061,0.921875,0.0,0.0,
mistral_qwen,"mistral_nemo,qwen_30b",236,oracle,197,64,0.3248730964467005,0.9238578680203046,1.0,7.8125,0.700507614213198,
mistral_qwen,"mistral_nemo,qwen_30b",236,logistic_router,197,64,0.3248730964467005,0.7461928934010152,0.453125,-46.875,0.5786802030456852,0.6228070175438597
mistral_qwen,"mistral_nemo,qwen_30b",236,linear_svm_router,197,64,0.3248730964467005,0.7258883248730964,0.390625,-53.125,0.6142131979695431,0.6033057851239669
mistral_qwen,"mistral_nemo,qwen_30b",236,knn_router,197,64,0.3248730964467005,0.6395939086294417,0.125,-79.6875,0.949238578680203,0.6203208556149733
mistral_qwen,"mistral_nemo,qwen_30b",236,decision_tree_router,197,64,0.3248730964467005,0.7258883248730964,0.390625,-53.125,0.6802030456852792,0.6492537313432836
mistral_qwen,"mistral_nemo,qwen_30b",236,random_forest_router,197,64,0.3248730964467005,0.751269035532995,0.46875,-45.3125,0.6852791878172588,0.6814814814814815
mistral_qwen,"mistral_nemo,qwen_30b",236,extra_trees_router,197,64,0.3248730964467005,0.751269035532995,0.46875,-45.3125,0.6243654822335025,0.6504065040650406
mistral_qwen,"mistral_nemo,qwen_30b",236,mlp_router,197,64,0.3248730964467005,0.6903553299492385,0.28125,-64.0625,0.7411167512690355,0.6232876712328768
mistral_qwen,"mistral_nemo,qwen_30b",236,tfidf_logistic_router,197,64,0.3248730964467005,0.7309644670050761,0.40625,-51.5625,0.6192893401015228,0.6065573770491803
mistral_qwen,"mistral_nemo,qwen_30b",236,tfidf_linear_svm_router,197,64,0.3248730964467005,0.7055837563451777,0.328125,-59.375,0.7411167512690355,0.6164383561643836
mistral_qwen,"mistral_nemo,qwen_30b",236,tfidf_mlp_router,197,64,0.3248730964467005,0.6548223350253807,0.171875,-75.0,0.8629441624365483,0.611764705882353
mistral_qwen,"mistral_nemo,qwen_30b",237,always_qwen_30b,197,63,0.3197969543147208,0.8781725888324873,0.9047619047619048,0.0,0.0,
mistral_qwen,"mistral_nemo,qwen_30b",237,oracle,197,63,0.3197969543147208,0.9086294416243654,1.0,9.523809523809524,0.7106598984771574,
mistral_qwen,"mistral_nemo,qwen_30b",237,logistic_router,197,63,0.3197969543147208,0.7411167512690355,0.47619047619047616,-42.85714285714286,0.6243654822335025,0.6585365853658537
mistral_qwen,"mistral_nemo,qwen_30b",237,linear_svm_router,197,63,0.3197969543147208,0.7461928934010152,0.49206349206349204,-41.26984126984127,0.6142131979695431,0.6611570247933884
mistral_qwen,"mistral_nemo,qwen_30b",237,knn_router,197,63,0.3197969543147208,0.6395939086294417,0.15873015873015872,-74.60317460317461,0.9543147208121827,0.6276595744680851
mistral_qwen,"mistral_nemo,qwen_30b",237,decision_tree_router,197,63,0.3197969543147208,0.8071065989847716,0.6825396825396826,-22.22222222222222,0.467005076142132,0.717391304347826
mistral_qwen,"mistral_nemo,qwen_30b",237,random_forest_router,197,63,0.3197969543147208,0.7360406091370558,0.4603174603174603,-44.44444444444445,0.6903553299492385,0.6838235294117647
mistral_qwen,"mistral_nemo,qwen_30b",237,extra_trees_router,197,63,0.3197969543147208,0.7563451776649747,0.5238095238095238,-38.095238095238095,0.6294416243654822,0.6854838709677419
mistral_qwen,"mistral_nemo,qwen_30b",237,mlp_router,197,63,0.3197969543147208,0.7055837563451777,0.36507936507936506,-53.968253968253975,0.766497461928934,0.6622516556291391
mistral_qwen,"mistral_nemo,qwen_30b",237,tfidf_logistic_router,197,63,0.3197969543147208,0.7258883248730964,0.42857142857142855,-47.61904761904762,0.6802030456852792,0.6716417910447762
mistral_qwen,"mistral_nemo,qwen_30b",237,tfidf_linear_svm_router,197,63,0.3197969543147208,0.7106598984771574,0.38095238095238093,-52.38095238095239,0.7715736040609137,0.6644736842105263
mistral_qwen,"mistral_nemo,qwen_30b",237,tfidf_mlp_router,197,63,0.3197969543147208,0.6852791878172588,0.30158730158730157,-60.31746031746032,0.8375634517766497,0.6545454545454545
mistral_qwen,"mistral_nemo,qwen_30b",238,always_qwen_30b,197,62,0.3147208121827411,0.9137055837563451,0.8870967741935484,0.0,0.0,
mistral_qwen,"mistral_nemo,qwen_30b",238,oracle,197,62,0.3147208121827411,0.949238578680203,1.0,11.290322580645162,0.7208121827411168,
mistral_qwen,"mistral_nemo,qwen_30b",238,logistic_router,197,62,0.3147208121827411,0.8071065989847716,0.5483870967741935,-33.87096774193549,0.5786802030456852,0.7456140350877193
mistral_qwen,"mistral_nemo,qwen_30b",238,linear_svm_router,197,62,0.3147208121827411,0.8020304568527918,0.532258064516129,-35.483870967741936,0.6142131979695431,0.7355371900826446
mistral_qwen,"mistral_nemo,qwen_30b",238,knn_router,197,62,0.3147208121827411,0.6852791878172588,0.16129032258064516,-72.58064516129032,0.949238578680203,0.6737967914438503
mistral_qwen,"mistral_nemo,qwen_30b",238,decision_tree_router,197,62,0.3147208121827411,0.8121827411167513,0.5645161290322581,-32.258064516129025,0.5380710659898477,0.7358490566037735
mistral_qwen,"mistral_nemo,qwen_30b",238,random_forest_router,197,62,0.3147208121827411,0.7918781725888325,0.5,-38.70967741935484,0.6649746192893401,0.7404580152671756
mistral_qwen,"mistral_nemo,qwen_30b",238,extra_trees_router,197,62,0.3147208121827411,0.7969543147208121,0.5161290322580645,-37.096774193548384,0.5989847715736041,0.7372881355932204
mistral_qwen,"mistral_nemo,qwen_30b",238,mlp_router,197,62,0.3147208121827411,0.7411167512690355,0.3387096774193548,-54.83870967741935,0.7715736040609137,0.6842105263157895
mistral_qwen,"mistral_nemo,qwen_30b",238,tfidf_logistic_router,197,62,0.3147208121827411,0.7715736040609137,0.43548387096774194,-45.16129032258064,0.6243654822335025,0.7073170731707317
mistral_qwen,"mistral_nemo,qwen_30b",238,tfidf_linear_svm_router,197,62,0.3147208121827411,0.7461928934010152,0.3548387096774194,-53.2258064516129,0.7309644670050761,0.6875
mistral_qwen,"mistral_nemo,qwen_30b",238,tfidf_mlp_router,197,62,0.3147208121827411,0.700507614213198,0.20967741935483872,-67.74193548387096,0.8477157360406091,0.6766467065868264
mistral_qwen,"mistral_nemo,qwen_30b",239,always_qwen_30b,197,51,0.25888324873096447,0.8934010152284264,0.9019607843137255,0.0,0.0,
mistral_qwen,"mistral_nemo,qwen_30b",239,oracle,197,51,0.25888324873096447,0.9187817258883249,1.0,9.80392156862745,0.766497461928934,
mistral_qwen,"mistral_nemo,qwen_30b",239,logistic_router,197,51,0.25888324873096447,0.8071065989847716,0.5686274509803921,-33.333333333333336,0.5685279187817259,0.7589285714285714
mistral_qwen,"mistral_nemo,qwen_30b",239,linear_svm_router,197,51,0.25888324873096447,0.7918781725888325,0.5098039215686274,-39.21568627450981,0.6243654822335025,0.7398373983739838
mistral_qwen,"mistral_nemo,qwen_30b",239,knn_router,197,51,0.25888324873096447,0.7055837563451777,0.17647058823529413,-72.54901960784314,0.9441624365482234,0.6935483870967742
mistral_qwen,"mistral_nemo,qwen_30b",239,decision_tree_router,197,51,0.25888324873096447,0.8071065989847716,0.5686274509803921,-33.333333333333336,0.5126903553299492,0.7128712871287128
mistral_qwen,"mistral_nemo,qwen_30b",239,random_forest_router,197,51,0.25888324873096447,0.7766497461928934,0.45098039215686275,-45.09803921568628,0.6802030456852792,0.7238805970149254
mistral_qwen,"mistral_nemo,qwen_30b",239,extra_trees_router,197,51,0.25888324873096447,0.7817258883248731,0.47058823529411764,-43.13725490196079,0.5989847715736041,0.7288135593220338
mistral_qwen,"mistral_nemo,qwen_30b",239,mlp_router,197,51,0.25888324873096447,0.751269035532995,0.35294117647058826,-54.90196078431373,0.7715736040609137,0.7039473684210527
mistral_qwen,"mistral_nemo,qwen_30b",239,tfidf_logistic_router,197,51,0.25888324873096447,0.7817258883248731,0.47058823529411764,-43.13725490196079,0.6192893401015228,0.7295081967213115
mistral_qwen,"mistral_nemo,qwen_30b",239,tfidf_linear_svm_router,197,51,0.25888324873096447,0.751269035532995,0.35294117647058826,-54.90196078431373,0.7258883248730964,0.7062937062937062
mistral_qwen,"mistral_nemo,qwen_30b",239,tfidf_mlp_router,197,51,0.25888324873096447,0.7461928934010152,0.3333333333333333,-56.86274509803921,0.7969543147208121,0.7133757961783439
mistral_qwen,"mistral_nemo,qwen_30b",240,always_qwen_30b,197,59,0.29949238578680204,0.9289340101522843,0.847457627118644,0.0,0.0,
mistral_qwen,"mistral_nemo,qwen_30b",240,oracle,197,59,0.29949238578680204,0.9746192893401016,1.0,15.254237288135597,0.7461928934010152,
mistral_qwen,"mistral_nemo,qwen_30b",240,logistic_router,197,59,0.29949238578680204,0.7918781725888325,0.3898305084745763,-45.762711864406775,0.6345177664974619,0.736
mistral_qwen,"mistral_nemo,qwen_30b",240,linear_svm_router,197,59,0.29949238578680204,0.7969543147208121,0.4067796610169492,-44.06779661016949,0.6598984771573604,0.7461538461538462
mistral_qwen,"mistral_nemo,qwen_30b",240,knn_router,197,59,0.29949238578680204,0.7360406091370558,0.2033898305084746,-64.40677966101694,0.9441624365482234,0.7258064516129032
mistral_qwen,"mistral_nemo,qwen_30b",240,decision_tree_router,197,59,0.29949238578680204,0.8071065989847716,0.4406779661016949,-40.67796610169491,0.7360406091370558,0.7655172413793103
mistral_qwen,"mistral_nemo,qwen_30b",240,random_forest_router,197,59,0.29949238578680204,0.8071065989847716,0.4406779661016949,-40.67796610169491,0.7157360406091371,0.7588652482269503
mistral_qwen,"mistral_nemo,qwen_30b",240,extra_trees_router,197,59,0.29949238578680204,0.8375634517766497,0.5423728813559322,-30.508474576271183,0.6446700507614214,0.7952755905511811
mistral_qwen,"mistral_nemo,qwen_30b",240,mlp_router,197,59,0.29949238578680204,0.7817258883248731,0.3559322033898305,-49.15254237288135,0.7360406091370558,0.7310344827586207
mistral_qwen,"mistral_nemo,qwen_30b",240,tfidf_logistic_router,197,59,0.29949238578680204,0.7868020304568528,0.3728813559322034,-47.45762711864406,0.7106598984771574,0.7428571428571429
mistral_qwen,"mistral_nemo,qwen_30b",240,tfidf_linear_svm_router,197,59,0.29949238578680204,0.751269035532995,0.2542372881355932,-59.32203389830508,0.7868020304568528,0.7290322580645161
mistral_qwen,"mistral_nemo,qwen_30b",240,tfidf_mlp_router,197,59,0.29949238578680204,0.7614213197969543,0.288135593220339,-55.932203389830505,0.8324873096446701,0.7378048780487805
mistral_qwen,"mistral_nemo,qwen_30b",241,always_qwen_30b,197,56,0.28426395939086296,0.8883248730964467,0.8928571428571429,0.0,0.0,
mistral_qwen,"mistral_nemo,qwen_30b",241,oracle,197,56,0.28426395939086296,0.9187817258883249,1.0,10.71428571428571,0.7461928934010152,
mistral_qwen,"mistral_nemo,qwen_30b",241,logistic_router,197,56,0.28426395939086296,0.7766497461928934,0.5,-39.28571428571429,0.6243654822335025,0.7154471544715447
mistral_qwen,"mistral_nemo,qwen_30b",241,linear_svm_router,197,56,0.28426395939086296,0.766497461928934,0.4642857142857143,-42.85714285714286,0.6751269035532995,0.6992481203007519
mistral_qwen,"mistral_nemo,qwen_30b",241,knn_router,197,56,0.28426395939086296,0.6903553299492385,0.19642857142857142,-69.64285714285715,0.934010152284264,0.6739130434782609
mistral_qwen,"mistral_nemo,qwen_30b",241,decision_tree_router,197,56,0.28426395939086296,0.7918781725888325,0.5535714285714286,-33.92857142857143,0.5228426395939086,0.7475728155339806
mistral_qwen,"mistral_nemo,qwen_30b",241,random_forest_router,197,56,0.28426395939086296,0.7715736040609137,0.48214285714285715,-41.07142857142858,0.6700507614213198,0.7272727272727273
mistral_qwen,"mistral_nemo,qwen_30b",241,extra_trees_router,197,56,0.28426395939086296,0.8071065989847716,0.6071428571428571,-28.57142857142858,0.6091370558375635,0.7583333333333333
mistral_qwen,"mistral_nemo,qwen_30b",241,mlp_router,197,56,0.28426395939086296,0.7614213197969543,0.44642857142857145,-44.642857142857146,0.7157360406091371,0.6879432624113475
mistral_qwen,"mistral_nemo,qwen_30b",241,tfidf_logistic_router,197,56,0.28426395939086296,0.7766497461928934,0.5,-39.28571428571429,0.6548223350253807,0.7054263565891473
mistral_qwen,"mistral_nemo,qwen_30b",241,tfidf_linear_svm_router,197,56,0.28426395939086296,0.7461928934010152,0.39285714285714285,-50.0,0.7258883248730964,0.6783216783216783
mistral_qwen,"mistral_nemo,qwen_30b",241,tfidf_mlp_router,197,56,0.28426395939086296,0.7360406091370558,0.35714285714285715,-53.571428571428584,0.7817258883248731,0.6818181818181818
mistral_qwen,"mistral_nemo,qwen_30b",242,always_qwen_30b,197,59,0.29949238578680204,0.9238578680203046,0.864406779661017,0.0,0.0,
mistral_qwen,"mistral_nemo,qwen_30b",242,oracle,197,59,0.29949238578680204,0.9644670050761421,1.0,13.559322033898303,0.7411167512690355,
mistral_qwen,"mistral_nemo,qwen_30b",242,logistic_router,197,59,0.29949238578680204,0.7918781725888325,0.423728813559322,-44.067796610169495,0.649746192893401,0.75
mistral_qwen,"mistral_nemo,qwen_30b",242,linear_svm_router,197,59,0.29949238578680204,0.7817258883248731,0.3898305084745763,-47.45762711864407,0.649746192893401,0.7265625
mistral_qwen,"mistral_nemo,qwen_30b",242,knn_router,197,59,0.29949238578680204,0.7157360406091371,0.1694915254237288,-69.49152542372882,0.9187817258883249,0.7071823204419889
mistral_qwen,"mistral_nemo,qwen_30b",242,decision_tree_router,197,59,0.29949238578680204,0.8223350253807107,0.5254237288135594,-33.89830508474576,0.5736040609137056,0.7433628318584071
mistral_qwen,"mistral_nemo,qwen_30b",242,random_forest_router,197,59,0.29949238578680204,0.817258883248731,0.5084745762711864,-35.59322033898306,0.6751269035532995,0.7819548872180451
mistral_qwen,"mistral_nemo,qwen_30b",242,extra_trees_router,197,59,0.29949238578680204,0.8121827411167513,0.4915254237288136,-37.28813559322034,0.6294416243654822,0.7661290322580645
mistral_qwen,"mistral_nemo,qwen_30b",242,mlp_router,197,59,0.29949238578680204,0.7868020304568528,0.4067796610169492,-45.76271186440678,0.7055837563451777,0.7338129496402878
mistral_qwen,"mistral_nemo,qwen_30b",242,tfidf_logistic_router,197,59,0.29949238578680204,0.7766497461928934,0.3728813559322034,-49.152542372881356,0.7258883248730964,0.7272727272727273
mistral_qwen,"mistral_nemo,qwen_30b",242,tfidf_linear_svm_router,197,59,0.29949238578680204,0.751269035532995,0.288135593220339,-57.6271186440678,0.8274111675126904,0.7177914110429447
mistral_qwen,"mistral_nemo,qwen_30b",242,tfidf_mlp_router,197,59,0.29949238578680204,0.7411167512690355,0.2542372881355932,-61.016949152542374,0.868020304568528,0.7134502923976608
mistral_qwen,"mistral_nemo,qwen_30b",243,always_qwen_30b,197,56,0.28426395939086296,0.8883248730964467,0.7857142857142857,0.0,0.0,
mistral_qwen,"mistral_nemo,qwen_30b",243,oracle,197,56,0.28426395939086296,0.949238578680203,1.0,21.42857142857143,0.7766497461928934,
mistral_qwen,"mistral_nemo,qwen_30b",243,logistic_router,197,56,0.28426395939086296,0.8121827411167513,0.5178571428571429,-26.785714285714278,0.5989847715736041,0.7627118644067796
mistral_qwen,"mistral_nemo,qwen_30b",243,linear_svm_router,197,56,0.28426395939086296,0.817258883248731,0.5357142857142857,-25.0,0.583756345177665,0.7652173913043478
mistral_qwen,"mistral_nemo,qwen_30b",243,knn_router,197,56,0.28426395939086296,0.7461928934010152,0.2857142857142857,-50.0,0.8934010152284264,0.7272727272727273
mistral_qwen,"mistral_nemo,qwen_30b",243,decision_tree_router,197,56,0.28426395939086296,0.8426395939086294,0.625,-16.07142857142857,0.49238578680203043,0.7731958762886598
mistral_qwen,"mistral_nemo,qwen_30b",243,random_forest_router,197,56,0.28426395939086296,0.8121827411167513,0.5178571428571429,-26.785714285714278,0.6751269035532995,0.7819548872180451
mistral_qwen,"mistral_nemo,qwen_30b",243,extra_trees_router,197,56,0.28426395939086296,0.8223350253807107,0.5535714285714286,-23.214285714285708,0.6091370558375635,0.7833333333333333
mistral_qwen,"mistral_nemo,qwen_30b",243,mlp_router,197,56,0.28426395939086296,0.7766497461928934,0.39285714285714285,-39.285714285714285,0.7106598984771574,0.7285714285714285
mistral_qwen,"mistral_nemo,qwen_30b",243,tfidf_logistic_router,197,56,0.28426395939086296,0.8071065989847716,0.5,-28.57142857142857,0.6395939086294417,0.746031746031746
mistral_qwen,"mistral_nemo,qwen_30b",243,tfidf_linear_svm_router,197,56,0.28426395939086296,0.7969543147208121,0.4642857142857143,-32.14285714285714,0.7157360406091371,0.7446808510638298
mistral_qwen,"mistral_nemo,qwen_30b",243,tfidf_mlp_router,197,56,0.28426395939086296,0.766497461928934,0.35714285714285715,-42.857142857142854,0.8020304568527918,0.740506329113924
mistral_qwen,"mistral_nemo,qwen_30b",244,always_qwen_30b,197,64,0.3248730964467005,0.9086294416243654,0.859375,0.0,0.0,
mistral_qwen,"mistral_nemo,qwen_30b",244,oracle,197,64,0.3248730964467005,0.9543147208121827,1.0,14.0625,0.7208121827411168,
mistral_qwen,"mistral_nemo,qwen_30b",244,logistic_router,197,64,0.3248730964467005,0.7868020304568528,0.484375,-37.5,0.6294416243654822,0.717741935483871
mistral_qwen,"mistral_nemo,qwen_30b",244,linear_svm_router,197,64,0.3248730964467005,0.7817258883248731,0.46875,-39.0625,0.649746192893401,0.71875
mistral_qwen,"mistral_nemo,qwen_30b",244,knn_router,197,64,0.3248730964467005,0.6903553299492385,0.1875,-67.1875,0.9746192893401016,0.6875
mistral_qwen,"mistral_nemo,qwen_30b",244,decision_tree_router,197,64,0.3248730964467005,0.7766497461928934,0.453125,-40.625,0.6345177664974619,0.736
mistral_qwen,"mistral_nemo,qwen_30b",244,random_forest_router,197,64,0.3248730964467005,0.7918781725888325,0.5,-35.9375,0.6954314720812182,0.7591240875912408
mistral_qwen,"mistral_nemo,qwen_30b",244,extra_trees_router,197,64,0.3248730964467005,0.7918781725888325,0.5,-35.9375,0.6142131979695431,0.7355371900826446
mistral_qwen,"mistral_nemo,qwen_30b",244,mlp_router,197,64,0.3248730964467005,0.751269035532995,0.375,-48.4375,0.7055837563451777,0.6762589928057554
mistral_qwen,"mistral_nemo,qwen_30b",244,tfidf_logistic_router,197,64,0.3248730964467005,0.7918781725888325,0.5,-35.9375,0.6751269035532995,0.7218045112781954
mistral_qwen,"mistral_nemo,qwen_30b",244,tfidf_linear_svm_router,197,64,0.3248730964467005,0.7461928934010152,0.359375,-50.0,0.8121827411167513,0.7
mistral_qwen,"mistral_nemo,qwen_30b",244,tfidf_mlp_router,197,64,0.3248730964467005,0.7360406091370558,0.328125,-53.125,0.8223350253807107,0.6851851851851852
mistral_qwen,"mistral_nemo,qwen_30b",245,always_qwen_30b,197,58,0.29441624365482233,0.8984771573604061,0.8448275862068966,0.0,0.0,
mistral_qwen,"mistral_nemo,qwen_30b",245,oracle,197,58,0.29441624365482233,0.9441624365482234,1.0,15.517241379310342,0.751269035532995,
mistral_qwen,"mistral_nemo,qwen_30b",245,logistic_router,197,58,0.29441624365482233,0.7766497461928934,0.43103448275862066,-41.379310344827594,0.6192893401015228,0.7459016393442623
mistral_qwen,"mistral_nemo,qwen_30b",245,linear_svm_router,197,58,0.29441624365482233,0.7461928934010152,0.3275862068965517,-51.724137931034484,0.6598984771573604,0.7076923076923077
mistral_qwen,"mistral_nemo,qwen_30b",245,knn_router,197,58,0.29441624365482233,0.7055837563451777,0.1896551724137931,-65.51724137931035,0.8984771573604061,0.6892655367231638
mistral_qwen,"mistral_nemo,qwen_30b",245,decision_tree_router,197,58,0.29441624365482233,0.7766497461928934,0.43103448275862066,-41.379310344827594,0.6751269035532995,0.706766917293233
mistral_qwen,"mistral_nemo,qwen_30b",245,random_forest_router,197,58,0.29441624365482233,0.7817258883248731,0.4482758620689655,-39.6551724137931,0.6852791878172588,0.7703703703703704
mistral_qwen,"mistral_nemo,qwen_30b",245,extra_trees_router,197,58,0.29441624365482233,0.7817258883248731,0.4482758620689655,-39.6551724137931,0.6091370558375635,0.7583333333333333
mistral_qwen,"mistral_nemo,qwen_30b",245,mlp_router,197,58,0.29441624365482233,0.7258883248730964,0.25862068965517243,-58.62068965517242,0.8020304568527918,0.6835443037974683
mistral_qwen,"mistral_nemo,qwen_30b",245,tfidf_logistic_router,197,58,0.29441624365482233,0.7766497461928934,0.43103448275862066,-41.379310344827594,0.6548223350253807,0.7441860465116279
mistral_qwen,"mistral_nemo,qwen_30b",245,tfidf_linear_svm_router,197,58,0.29441624365482233,0.7360406091370558,0.29310344827586204,-55.172413793103445,0.751269035532995,0.6959459459459459
mistral_qwen,"mistral_nemo,qwen_30b",245,tfidf_mlp_router,197,58,0.29441624365482233,0.7309644670050761,0.27586206896551724,-56.896551724137936,0.817258883248731,0.7018633540372671
mistral_qwen,"mistral_nemo,qwen_30b",246,always_qwen_30b,197,61,0.3096446700507614,0.8883248730964467,0.8360655737704918,0.0,0.0,
mistral_qwen,"mistral_nemo,qwen_30b",246,oracle,197,61,0.3096446700507614,0.9390862944162437,1.0,16.393442622950815,0.7411167512690355,
mistral_qwen,"mistral_nemo,qwen_30b",246,logistic_router,197,61,0.3096446700507614,0.8020304568527918,0.5573770491803278,-27.868852459016402,0.6345177664974619,0.744
mistral_qwen,"mistral_nemo,qwen_30b",246,linear_svm_router,197,61,0.3096446700507614,0.766497461928934,0.4426229508196721,-39.344262295081975,0.6802030456852792,0.7014925373134329
mistral_qwen,"mistral_nemo,qwen_30b",246,knn_router,197,61,0.3096446700507614,0.7157360406091371,0.2786885245901639,-55.73770491803279,0.9086294416243654,0.6871508379888268
mistral_qwen,"mistral_nemo,qwen_30b",246,decision_tree_router,197,61,0.3096446700507614,0.8020304568527918,0.5573770491803278,-27.868852459016402,0.5025380710659898,0.696969696969697
mistral_qwen,"mistral_nemo,qwen_30b",246,random_forest_router,197,61,0.3096446700507614,0.7868020304568528,0.5081967213114754,-32.786885245901644,0.6954314720812182,0.7372262773722628
mistral_qwen,"mistral_nemo,qwen_30b",246,extra_trees_router,197,61,0.3096446700507614,0.7918781725888325,0.5245901639344263,-31.147540983606557,0.6395939086294417,0.7222222222222222
mistral_qwen,"mistral_nemo,qwen_30b",246,mlp_router,197,61,0.3096446700507614,0.7461928934010152,0.3770491803278688,-45.9016393442623,0.7766497461928934,0.6928104575163399
mistral_qwen,"mistral_nemo,qwen_30b",246,tfidf_logistic_router,197,61,0.3096446700507614,0.7868020304568528,0.5081967213114754,-32.786885245901644,0.6954314720812182,0.7226277372262774
mistral_qwen,"mistral_nemo,qwen_30b",246,tfidf_linear_svm_router,197,61,0.3096446700507614,0.751269035532995,0.39344262295081966,-44.26229508196722,0.7969543147208121,0.7006369426751592
mistral_qwen,"mistral_nemo,qwen_30b",246,tfidf_mlp_router,197,61,0.3096446700507614,0.7411167512690355,0.36065573770491804,-47.54098360655738,0.8324873096446701,0.6951219512195121
mistral_qwen,"mistral_nemo,qwen_30b",247,always_qwen_30b,197,57,0.2893401015228426,0.9289340101522843,0.9122807017543859,0.0,0.0,
mistral_qwen,"mistral_nemo,qwen_30b",247,oracle,197,57,0.2893401015228426,0.9543147208121827,1.0,8.771929824561408,0.7360406091370558,
mistral_qwen,"mistral_nemo,qwen_30b",247,logistic_router,197,57,0.2893401015228426,0.8274111675126904,0.5614035087719298,-35.08771929824561,0.5532994923857868,0.7614678899082569
mistral_qwen,"mistral_nemo,qwen_30b",247,linear_svm_router,197,57,0.2893401015228426,0.8071065989847716,0.49122807017543857,-42.10526315789473,0.5786802030456852,0.7192982456140351
mistral_qwen,"mistral_nemo,qwen_30b",247,knn_router,197,57,0.2893401015228426,0.700507614213198,0.12280701754385964,-78.94736842105263,0.9289340101522843,0.6994535519125683
mistral_qwen,"mistral_nemo,qwen_30b",247,decision_tree_router,197,57,0.2893401015228426,0.8020304568527918,0.47368421052631576,-43.859649122807014,0.5532994923857868,0.7339449541284404
mistral_qwen,"mistral_nemo,qwen_30b",247,random_forest_router,197,57,0.2893401015228426,0.7868020304568528,0.42105263157894735,-49.122807017543856,0.6446700507614214,0.7322834645669292
mistral_qwen,"mistral_nemo,qwen_30b",247,extra_trees_router,197,57,0.2893401015228426,0.8121827411167513,0.5087719298245614,-40.35087719298245,0.5786802030456852,0.7368421052631579
mistral_qwen,"mistral_nemo,qwen_30b",247,mlp_router,197,57,0.2893401015228426,0.751269035532995,0.2982456140350877,-61.403508771929815,0.7817258883248731,0.7077922077922078
mistral_qwen,"mistral_nemo,qwen_30b",247,tfidf_logistic_router,197,57,0.2893401015228426,0.8020304568527918,0.47368421052631576,-43.859649122807014,0.6649746192893401,0.7480916030534351
mistral_qwen,"mistral_nemo,qwen_30b",247,tfidf_linear_svm_router,197,57,0.2893401015228426,0.7614213197969543,0.3333333333333333,-57.89473684210527,0.7817258883248731,0.7142857142857143
mistral_qwen,"mistral_nemo,qwen_30b",247,tfidf_mlp_router,197,57,0.2893401015228426,0.7360406091370558,0.24561403508771928,-66.66666666666666,0.8578680203045685,0.7100591715976331
mistral_qwen,"mistral_nemo,qwen_30b",248,always_qwen_30b,197,57,0.2893401015228426,0.9137055837563451,0.9298245614035088,0.0,0.0,
mistral_qwen,"mistral_nemo,qwen_30b",248,oracle,197,57,0.2893401015228426,0.934010152284264,1.0,7.017543859649122,0.7309644670050761,
mistral_qwen,"mistral_nemo,qwen_30b",248,logistic_router,197,57,0.2893401015228426,0.8071065989847716,0.5614035087719298,-36.8421052631579,0.5786802030456852,0.7456140350877193
mistral_qwen,"mistral_nemo,qwen_30b",248,linear_svm_router,197,57,0.2893401015228426,0.7766497461928934,0.45614035087719296,-47.36842105263158,0.6700507614213198,0.7196969696969697
mistral_qwen,"mistral_nemo,qwen_30b",248,knn_router,197,57,0.2893401015228426,0.6700507614213198,0.08771929824561403,-84.21052631578947,0.9695431472081218,0.6596858638743456
mistral_qwen,"mistral_nemo,qwen_30b",248,decision_tree_router,197,57,0.2893401015228426,0.8324873096446701,0.6491228070175439,-28.07017543859649,0.4263959390862944,0.7380952380952381
mistral_qwen,"mistral_nemo,qwen_30b",248,random_forest_router,197,57,0.2893401015228426,0.7563451776649747,0.38596491228070173,-54.385964912280706,0.7106598984771574,0.7071428571428572
mistral_qwen,"mistral_nemo,qwen_30b",248,extra_trees_router,197,57,0.2893401015228426,0.7969543147208121,0.5263157894736842,-40.35087719298246,0.5939086294416244,0.717948717948718
mistral_qwen,"mistral_nemo,qwen_30b",248,mlp_router,197,57,0.2893401015228426,0.7614213197969543,0.40350877192982454,-52.63157894736843,0.6802030456852792,0.7014925373134329
mistral_qwen,"mistral_nemo,qwen_30b",248,tfidf_logistic_router,197,57,0.2893401015228426,0.7766497461928934,0.45614035087719296,-47.36842105263158,0.6700507614213198,0.7196969696969697
mistral_qwen,"mistral_nemo,qwen_30b",248,tfidf_linear_svm_router,197,57,0.2893401015228426,0.7258883248730964,0.2807017543859649,-64.91228070175438,0.7868020304568528,0.6903225806451613
mistral_qwen,"mistral_nemo,qwen_30b",248,tfidf_mlp_router,197,57,0.2893401015228426,0.7106598984771574,0.22807017543859648,-70.17543859649122,0.8426395939086294,0.6867469879518072
mistral_qwen,"mistral_nemo,qwen_30b",249,always_qwen_30b,197,71,0.3604060913705584,0.8578680203045685,0.8309859154929577,0.0,0.0,
mistral_qwen,"mistral_nemo,qwen_30b",249,oracle,197,71,0.3604060913705584,0.9187817258883249,1.0,16.901408450704224,0.700507614213198,
mistral_qwen,"mistral_nemo,qwen_30b",249,logistic_router,197,71,0.3604060913705584,0.766497461928934,0.5774647887323944,-25.352112676056336,0.5736040609137056,0.6902654867256637
mistral_qwen,"mistral_nemo,qwen_30b",249,linear_svm_router,197,71,0.3604060913705584,0.7309644670050761,0.4788732394366197,-35.21126760563381,0.6345177664974619,0.664
mistral_qwen,"mistral_nemo,qwen_30b",249,knn_router,197,71,0.3604060913705584,0.6294416243654822,0.19718309859154928,-63.38028169014085,0.9695431472081218,0.6178010471204188
mistral_qwen,"mistral_nemo,qwen_30b",249,decision_tree_router,197,71,0.3604060913705584,0.8020304568527918,0.676056338028169,-15.492957746478876,0.47715736040609136,0.7340425531914894
mistral_qwen,"mistral_nemo,qwen_30b",249,random_forest_router,197,71,0.3604060913705584,0.7411167512690355,0.5070422535211268,-32.3943661971831,0.7360406091370558,0.696551724137931
mistral_qwen,"mistral_nemo,qwen_30b",249,extra_trees_router,197,71,0.3604060913705584,0.751269035532995,0.5352112676056338,-29.5774647887324,0.6345177664974619,0.696
mistral_qwen,"mistral_nemo,qwen_30b",249,mlp_router,197,71,0.3604060913705584,0.6802030456852792,0.3380281690140845,-49.29577464788733,0.7461928934010152,0.6258503401360545
mistral_qwen,"mistral_nemo,qwen_30b",249,tfidf_logistic_router,197,71,0.3604060913705584,0.7563451776649747,0.5492957746478874,-28.169014084507037,0.6598984771573604,0.6923076923076923
mistral_qwen,"mistral_nemo,qwen_30b",249,tfidf_linear_svm_router,197,71,0.3604060913705584,0.6649746192893401,0.29577464788732394,-53.52112676056338,0.8071065989847716,0.6163522012578616
mistral_qwen,"mistral_nemo,qwen_30b",249,tfidf_mlp_router,197,71,0.3604060913705584,0.6649746192893401,0.29577464788732394,-53.52112676056338,0.8223350253807107,0.6234567901234568
mistral_qwen,"mistral_nemo,qwen_30b",250,always_qwen_30b,197,64,0.3248730964467005,0.934010152284264,0.9375,0.0,0.0,
mistral_qwen,"mistral_nemo,qwen_30b",250,oracle,197,64,0.3248730964467005,0.9543147208121827,1.0,6.25,0.6954314720812182,
mistral_qwen,"mistral_nemo,qwen_30b",250,logistic_router,197,64,0.3248730964467005,0.766497461928934,0.421875,-51.5625,0.6395939086294417,0.6984126984126984
mistral_qwen,"mistral_nemo,qwen_30b",250,linear_svm_router,197,64,0.3248730964467005,0.7563451776649747,0.390625,-54.6875,0.6700507614213198,0.6818181818181818
mistral_qwen,"mistral_nemo,qwen_30b",250,knn_router,197,64,0.3248730964467005,0.6751269035532995,0.140625,-79.6875,0.949238578680203,0.6577540106951871
mistral_qwen,"mistral_nemo,qwen_30b",250,decision_tree_router,197,64,0.3248730964467005,0.8020304568527918,0.53125,-40.625,0.5431472081218274,0.6915887850467289
mistral_qwen,"mistral_nemo,qwen_30b",250,random_forest_router,197,64,0.3248730964467005,0.7817258883248731,0.46875,-46.875,0.700507614213198,0.7246376811594203
mistral_qwen,"mistral_nemo,qwen_30b",250,extra_trees_router,197,64,0.3248730964467005,0.7918781725888325,0.5,-43.75,0.6903553299492385,0.7279411764705882
mistral_qwen,"mistral_nemo,qwen_30b",250,mlp_router,197,64,0.3248730964467005,0.7360406091370558,0.328125,-60.9375,0.8324873096446701,0.7012195121951219
mistral_qwen,"mistral_nemo,qwen_30b",250,tfidf_logistic_router,197,64,0.3248730964467005,0.766497461928934,0.421875,-51.5625,0.7157360406091371,0.7163120567375887
mistral_qwen,"mistral_nemo,qwen_30b",250,tfidf_linear_svm_router,197,64,0.3248730964467005,0.7055837563451777,0.234375,-70.3125,0.8527918781725888,0.6726190476190477
mistral_qwen,"mistral_nemo,qwen_30b",250,tfidf_mlp_router,197,64,0.3248730964467005,0.6903553299492385,0.1875,-75.0,0.8984771573604061,0.6610169491525424
mistral_qwen,"mistral_nemo,qwen_30b",251,always_qwen_30b,197,65,0.3299492385786802,0.8934010152284264,0.8153846153846154,0.0,0.0,
mistral_qwen,"mistral_nemo,qwen_30b",251,oracle,197,65,0.3299492385786802,0.9543147208121827,1.0,18.461538461538463,0.7309644670050761,
mistral_qwen,"mistral_nemo,qwen_30b",251,logistic_router,197,65,0.3299492385786802,0.766497461928934,0.4307692307692308,-38.46153846153846,0.6294416243654822,0.717741935483871
mistral_qwen,"mistral_nemo,qwen_30b",251,linear_svm_router,197,65,0.3299492385786802,0.7868020304568528,0.49230769230769234,-32.30769230769231,0.6294416243654822,0.7338709677419355
mistral_qwen,"mistral_nemo,qwen_30b",251,knn_router,197,65,0.3299492385786802,0.7208121827411168,0.2923076923076923,-52.3076923076923,0.9035532994923858,0.6966292134831461
mistral_qwen,"mistral_nemo,qwen_30b",251,decision_tree_router,197,65,0.3299492385786802,0.7918781725888325,0.5076923076923077,-30.76923076923077,0.5076142131979695,0.73
mistral_qwen,"mistral_nemo,qwen_30b",251,random_forest_router,197,65,0.3299492385786802,0.7817258883248731,0.47692307692307695,-33.84615384615384,0.6751269035532995,0.7293233082706767
mistral_qwen,"mistral_nemo,qwen_30b",251,extra_trees_router,197,65,0.3299492385786802,0.7918781725888325,0.5076923076923077,-30.76923076923077,0.6294416243654822,0.7338709677419355
mistral_qwen,"mistral_nemo,qwen_30b",251,mlp_router,197,65,0.3299492385786802,0.7411167512690355,0.35384615384615387,-46.15384615384615,0.751269035532995,0.6891891891891891
mistral_qwen,"mistral_nemo,qwen_30b",251,tfidf_logistic_router,197,65,0.3299492385786802,0.766497461928934,0.4307692307692308,-38.46153846153846,0.6548223350253807,0.7209302325581395
mistral_qwen,"mistral_nemo,qwen_30b",251,tfidf_linear_svm_router,197,65,0.3299492385786802,0.7411167512690355,0.35384615384615387,-46.15384615384615,0.766497461928934,0.695364238410596
mistral_qwen,"mistral_nemo,qwen_30b",251,tfidf_mlp_router,197,65,0.3299492385786802,0.7258883248730964,0.3076923076923077,-50.76923076923077,0.8324873096446701,0.6829268292682927
mistral_qwen,"mistral_nemo,qwen_30b",252,always_qwen_30b,197,58,0.29441624365482233,0.8883248730964467,0.8620689655172413,0.0,0.0,
mistral_qwen,"mistral_nemo,qwen_30b",252,oracle,197,58,0.29441624365482233,0.9289340101522843,1.0,13.793103448275868,0.7461928934010152,
mistral_qwen,"mistral_nemo,qwen_30b",252,logistic_router,197,58,0.29441624365482233,0.7817258883248731,0.5,-36.206896551724135,0.5989847715736041,0.7372881355932204
mistral_qwen,"mistral_nemo,qwen_30b",252,linear_svm_router,197,58,0.29441624365482233,0.7817258883248731,0.5,-36.206896551724135,0.6548223350253807,0.7286821705426356
mistral_qwen,"mistral_nemo,qwen_30b",252,knn_router,197,58,0.29441624365482233,0.6802030456852792,0.15517241379310345,-70.6896551724138,0.9796954314720813,0.6735751295336787
mistral_qwen,"mistral_nemo,qwen_30b",252,decision_tree_router,197,58,0.29441624365482233,0.868020304568528,0.7931034482758621,-6.896551724137923,0.3248730964467005,0.8125
mistral_qwen,"mistral_nemo,qwen_30b",252,random_forest_router,197,58,0.29441624365482233,0.7868020304568528,0.5172413793103449,-34.482758620689644,0.751269035532995,0.7635135135135135
mistral_qwen,"mistral_nemo,qwen_30b",252,extra_trees_router,197,58,0.29441624365482233,0.7969543147208121,0.5517241379310345,-31.034482758620683,0.6345177664974619,0.76
mistral_qwen,"mistral_nemo,qwen_30b",252,mlp_router,197,58,0.29441624365482233,0.7614213197969543,0.43103448275862066,-43.103448275862064,0.7411167512690355,0.7123287671232876
mistral_qwen,"mistral_nemo,qwen_30b",252,tfidf_logistic_router,197,58,0.29441624365482233,0.7715736040609137,0.46551724137931033,-39.655172413793096,0.7055837563451777,0.7410071942446043
mistral_qwen,"mistral_nemo,qwen_30b",252,tfidf_linear_svm_router,197,58,0.29441624365482233,0.7411167512690355,0.3620689655172414,-49.99999999999999,0.7868020304568528,0.7032258064516129
mistral_qwen,"mistral_nemo,qwen_30b",252,tfidf_mlp_router,197,58,0.29441624365482233,0.7360406091370558,0.3448275862068966,-51.72413793103448,0.8274111675126904,0.7055214723926381
mistral_qwen,"mistral_nemo,qwen_30b",253,always_qwen_30b,197,62,0.3147208121827411,0.9187817258883249,0.9193548387096774,0.0,0.0,
mistral_qwen,"mistral_nemo,qwen_30b",253,oracle,197,62,0.3147208121827411,0.9441624365482234,1.0,8.064516129032262,0.7106598984771574,
mistral_qwen,"mistral_nemo,qwen_30b",253,logistic_router,197,62,0.3147208121827411,0.7868020304568528,0.5,-41.93548387096774,0.5989847715736041,0.7203389830508474
mistral_qwen,"mistral_nemo,qwen_30b",253,linear_svm_router,197,62,0.3147208121827411,0.7918781725888325,0.5161290322580645,-40.32258064516129,0.6243654822335025,0.7235772357723578
mistral_qwen,"mistral_nemo,qwen_30b",253,knn_router,197,62,0.3147208121827411,0.6751269035532995,0.14516129032258066,-77.41935483870968,0.934010152284264,0.657608695652174
mistral_qwen,"mistral_nemo,qwen_30b",253,decision_tree_router,197,62,0.3147208121827411,0.8274111675126904,0.6290322580645161,-29.032258064516125,0.39086294416243655,0.7272727272727273
mistral_qwen,"mistral_nemo,qwen_30b",253,random_forest_router,197,62,0.3147208121827411,0.766497461928934,0.43548387096774194,-48.387096774193544,0.751269035532995,0.7162162162162162
mistral_qwen,"mistral_nemo,qwen_30b",253,extra_trees_router,197,62,0.3147208121827411,0.7715736040609137,0.45161290322580644,-46.774193548387096,0.6751269035532995,0.6917293233082706
mistral_qwen,"mistral_nemo,qwen_30b",253,mlp_router,197,62,0.3147208121827411,0.7309644670050761,0.3225806451612903,-59.677419354838705,0.7309644670050761,0.6666666666666666
mistral_qwen,"mistral_nemo,qwen_30b",253,tfidf_logistic_router,197,62,0.3147208121827411,0.7614213197969543,0.41935483870967744,-49.99999999999999,0.6802030456852792,0.6791044776119403
mistral_qwen,"mistral_nemo,qwen_30b",253,tfidf_linear_svm_router,197,62,0.3147208121827411,0.7360406091370558,0.3387096774193548,-58.06451612903225,0.751269035532995,0.6554054054054054
mistral_qwen,"mistral_nemo,qwen_30b",253,tfidf_mlp_router,197,62,0.3147208121827411,0.7157360406091371,0.27419354838709675,-64.51612903225806,0.8223350253807107,0.6604938271604939
mistral_qwen,"mistral_nemo,qwen_30b",254,always_qwen_30b,197,62,0.3147208121827411,0.8629441624365483,0.8387096774193549,0.0,0.0,
mistral_qwen,"mistral_nemo,qwen_30b",254,oracle,197,62,0.3147208121827411,0.9137055837563451,1.0,16.129032258064512,0.7360406091370558,
mistral_qwen,"mistral_nemo,qwen_30b",254,logistic_router,197,62,0.3147208121827411,0.751269035532995,0.4838709677419355,-35.483870967741936,0.583756345177665,0.6782608695652174
mistral_qwen,"mistral_nemo,qwen_30b",254,linear_svm_router,197,62,0.3147208121827411,0.7258883248730964,0.4032258064516129,-43.5483870967742,0.6192893401015228,0.6475409836065574
mistral_qwen,"mistral_nemo,qwen_30b",254,knn_router,197,62,0.3147208121827411,0.6649746192893401,0.20967741935483872,-62.903225806451616,0.9441624365482234,0.6505376344086021
mistral_qwen,"mistral_nemo,qwen_30b",254,decision_tree_router,197,62,0.3147208121827411,0.8121827411167513,0.6774193548387096,-16.129032258064523,0.3248730964467005,0.671875
mistral_qwen,"mistral_nemo,qwen_30b",254,random_forest_router,197,62,0.3147208121827411,0.7157360406091371,0.3709677419354839,-46.7741935483871,0.6700507614213198,0.6818181818181818
mistral_qwen,"mistral_nemo,qwen_30b",254,extra_trees_router,197,62,0.3147208121827411,0.7309644670050761,0.41935483870967744,-41.935483870967744,0.5939086294416244,0.6752136752136753
mistral_qwen,"mistral_nemo,qwen_30b",254,mlp_router,197,62,0.3147208121827411,0.7208121827411168,0.3870967741935484,-45.16129032258065,0.766497461928934,0.6622516556291391
mistral_qwen,"mistral_nemo,qwen_30b",254,tfidf_logistic_router,197,62,0.3147208121827411,0.7411167512690355,0.45161290322580644,-38.70967741935484,0.6446700507614214,0.6771653543307087
mistral_qwen,"mistral_nemo,qwen_30b",254,tfidf_linear_svm_router,197,62,0.3147208121827411,0.700507614213198,0.3225806451612903,-51.61290322580645,0.7563451776649747,0.6644295302013423
mistral_qwen,"mistral_nemo,qwen_30b",254,tfidf_mlp_router,197,62,0.3147208121827411,0.6649746192893401,0.20967741935483872,-62.903225806451616,0.8324873096446701,0.6341463414634146
mistral_qwen,"mistral_nemo,qwen_30b",255,always_qwen_30b,197,58,0.29441624365482233,0.8984771573604061,0.9137931034482759,0.0,0.0,
mistral_qwen,"mistral_nemo,qwen_30b",255,oracle,197,58,0.29441624365482233,0.9238578680203046,1.0,8.62068965517241,0.7309644670050761,
mistral_qwen,"mistral_nemo,qwen_30b",255,logistic_router,197,58,0.29441624365482233,0.7563451776649747,0.43103448275862066,-48.27586206896552,0.5939086294416244,0.6666666666666666
mistral_qwen,"mistral_nemo,qwen_30b",255,linear_svm_router,197,58,0.29441624365482233,0.7360406091370558,0.3620689655172414,-55.172413793103445,0.649746192893401,0.6484375
mistral_qwen,"mistral_nemo,qwen_30b",255,knn_router,197,58,0.29441624365482233,0.6700507614213198,0.13793103448275862,-77.58620689655173,0.9390862944162437,0.6486486486486487
mistral_qwen,"mistral_nemo,qwen_30b",255,decision_tree_router,197,58,0.29441624365482233,0.8020304568527918,0.5862068965517241,-32.75862068965518,0.5431472081218274,0.7383177570093458
mistral_qwen,"mistral_nemo,qwen_30b",255,random_forest_router,197,58,0.29441624365482233,0.7614213197969543,0.4482758620689655,-46.55172413793104,0.7258883248730964,0.7062937062937062
mistral_qwen,"mistral_nemo,qwen_30b",255,extra_trees_router,197,58,0.29441624365482233,0.7817258883248731,0.5172413793103449,-39.6551724137931,0.6548223350253807,0.7131782945736435
mistral_qwen,"mistral_nemo,qwen_30b",255,mlp_router,197,58,0.29441624365482233,0.7106598984771574,0.27586206896551724,-63.793103448275865,0.7969543147208121,0.6624203821656051
mistral_qwen,"mistral_nemo,qwen_30b",255,tfidf_logistic_router,197,58,0.29441624365482233,0.7563451776649747,0.43103448275862066,-48.27586206896552,0.6649746192893401,0.6946564885496184
mistral_qwen,"mistral_nemo,qwen_30b",255,tfidf_linear_svm_router,197,58,0.29441624365482233,0.7360406091370558,0.3620689655172414,-55.172413793103445,0.751269035532995,0.668918918918919
mistral_qwen,"mistral_nemo,qwen_30b",255,tfidf_mlp_router,197,58,0.29441624365482233,0.700507614213198,0.2413793103448276,-67.24137931034483,0.8324873096446701,0.6707317073170732
mistral_qwen,"mistral_nemo,qwen_30b",256,always_qwen_30b,197,69,0.350253807106599,0.8883248730964467,0.8840579710144928,0.0,0.0,
mistral_qwen,"mistral_nemo,qwen_30b",256,oracle,197,69,0.350253807106599,0.9289340101522843,1.0,11.594202898550721,0.6903553299492385,
mistral_qwen,"mistral_nemo,qwen_30b",256,logistic_router,197,69,0.350253807106599,0.7309644670050761,0.43478260869565216,-44.92753623188406,0.6446700507614214,0.6299212598425197
mistral_qwen,"mistral_nemo,qwen_30b",256,linear_svm_router,197,69,0.350253807106599,0.7106598984771574,0.37681159420289856,-50.72463768115942,0.7055837563451777,0.6258992805755396
mistral_qwen,"mistral_nemo,qwen_30b",256,knn_router,197,69,0.350253807106599,0.6345177664974619,0.15942028985507245,-72.46376811594205,0.9543147208121827,0.6223404255319149
mistral_qwen,"mistral_nemo,qwen_30b",256,decision_tree_router,197,69,0.350253807106599,0.7817258883248731,0.5797101449275363,-30.434782608695656,0.39593908629441626,0.6410256410256411
mistral_qwen,"mistral_nemo,qwen_30b",256,random_forest_router,197,69,0.350253807106599,0.7157360406091371,0.391304347826087,-49.275362318840585,0.7106598984771574,0.6357142857142857
mistral_qwen,"mistral_nemo,qwen_30b",256,extra_trees_router,197,69,0.350253807106599,0.7411167512690355,0.463768115942029,-42.02898550724638,0.6294416243654822,0.6451612903225806
mistral_qwen,"mistral_nemo,qwen_30b",256,mlp_router,197,69,0.350253807106599,0.6700507614213198,0.2608695652173913,-62.318840579710155,0.8477157360406091,0.6227544910179641
mistral_qwen,"mistral_nemo,qwen_30b",256,tfidf_logistic_router,197,69,0.350253807106599,0.7208121827411168,0.4057971014492754,-47.82608695652174,0.700507614213198,0.644927536231884
mistral_qwen,"mistral_nemo,qwen_30b",256,tfidf_linear_svm_router,197,69,0.350253807106599,0.700507614213198,0.34782608695652173,-53.62318840579711,0.7969543147208121,0.6496815286624203
mistral_qwen,"mistral_nemo,qwen_30b",256,tfidf_mlp_router,197,69,0.350253807106599,0.6700507614213198,0.2608695652173913,-62.318840579710155,0.868020304568528,0.6374269005847953
mistral_qwen,"mistral_nemo,qwen_30b",257,always_qwen_30b,197,64,0.3248730964467005,0.9086294416243654,0.84375,0.0,0.0,
mistral_qwen,"mistral_nemo,qwen_30b",257,oracle,197,64,0.3248730964467005,0.9593908629441624,1.0,15.625,0.7258883248730964,
mistral_qwen,"mistral_nemo,qwen_30b",257,logistic_router,197,64,0.3248730964467005,0.7614213197969543,0.390625,-45.3125,0.6142131979695431,0.7024793388429752
mistral_qwen,"mistral_nemo,qwen_30b",257,linear_svm_router,197,64,0.3248730964467005,0.7563451776649747,0.375,-46.875,0.6548223350253807,0.7131782945736435
mistral_qwen,"mistral_nemo,qwen_30b",257,knn_router,197,64,0.3248730964467005,0.700507614213198,0.203125,-64.0625,0.9289340101522843,0.6830601092896175
mistral_qwen,"mistral_nemo,qwen_30b",257,decision_tree_router,197,64,0.3248730964467005,0.8426395939086294,0.640625,-20.3125,0.47715736040609136,0.7872340425531915
mistral_qwen,"mistral_nemo,qwen_30b",257,random_forest_router,197,64,0.3248730964467005,0.7766497461928934,0.4375,-40.625,0.6903553299492385,0.7352941176470589
mistral_qwen,"mistral_nemo,qwen_30b",257,extra_trees_router,197,64,0.3248730964467005,0.8071065989847716,0.53125,-31.25,0.6294416243654822,0.7661290322580645
mistral_qwen,"mistral_nemo,qwen_30b",257,mlp_router,197,64,0.3248730964467005,0.766497461928934,0.40625,-43.75,0.7411167512690355,0.7054794520547946
mistral_qwen,"mistral_nemo,qwen_30b",257,tfidf_logistic_router,197,64,0.3248730964467005,0.7563451776649747,0.375,-46.875,0.6751269035532995,0.706766917293233
mistral_qwen,"mistral_nemo,qwen_30b",257,tfidf_linear_svm_router,197,64,0.3248730964467005,0.7461928934010152,0.34375,-50.0,0.7715736040609137,0.6973684210526315
mistral_qwen,"mistral_nemo,qwen_30b",257,tfidf_mlp_router,197,64,0.3248730964467005,0.7360406091370558,0.3125,-53.125,0.8223350253807107,0.691358024691358
mistral_qwen,"mistral_nemo,qwen_30b",258,always_qwen_30b,197,67,0.3401015228426396,0.9086294416243654,0.8805970149253731,0.0,0.0,
mistral_qwen,"mistral_nemo,qwen_30b",258,oracle,197,67,0.3401015228426396,0.949238578680203,1.0,11.940298507462687,0.700507614213198,
mistral_qwen,"mistral_nemo,qwen_30b",258,logistic_router,197,67,0.3401015228426396,0.7817258883248731,0.5074626865671642,-37.31343283582089,0.5939086294416244,0.7264957264957265
mistral_qwen,"mistral_nemo,qwen_30b",258,linear_svm_router,197,67,0.3401015228426396,0.7766497461928934,0.4925373134328358,-38.80597014925373,0.6192893401015228,0.7213114754098361
mistral_qwen,"mistral_nemo,qwen_30b",258,knn_router,197,67,0.3401015228426396,0.649746192893401,0.11940298507462686,-76.11940298507463,0.9543147208121827,0.648936170212766
mistral_qwen,"mistral_nemo,qwen_30b",258,decision_tree_router,197,67,0.3401015228426396,0.8274111675126904,0.6417910447761194,-23.880597014925375,0.38578680203045684,0.7105263157894737
mistral_qwen,"mistral_nemo,qwen_30b",258,random_forest_router,197,67,0.3401015228426396,0.766497461928934,0.4626865671641791,-41.7910447761194,0.6649746192893401,0.7175572519083969
mistral_qwen,"mistral_nemo,qwen_30b",258,extra_trees_router,197,67,0.3401015228426396,0.7868020304568528,0.5223880597014925,-35.820895522388064,0.5786802030456852,0.7456140350877193
mistral_qwen,"mistral_nemo,qwen_30b",258,mlp_router,197,67,0.3401015228426396,0.6751269035532995,0.19402985074626866,-68.65671641791045,0.8324873096446701,0.6402439024390244
mistral_qwen,"mistral_nemo,qwen_30b",258,tfidf_logistic_router,197,67,0.3401015228426396,0.7715736040609137,0.47761194029850745,-40.298507462686565,0.6802030456852792,0.7164179104477612
mistral_qwen,"mistral_nemo,qwen_30b",258,tfidf_linear_svm_router,197,67,0.3401015228426396,0.7055837563451777,0.2835820895522388,-59.70149253731343,0.7868020304568528,0.6645161290322581
mistral_qwen,"mistral_nemo,qwen_30b",258,tfidf_mlp_router,197,67,0.3401015228426396,0.6903553299492385,0.23880597014925373,-64.17910447761194,0.8781725888324873,0.6705202312138728
gemini_flash_mistral,"gemini_flash,mistral_nemo",229,always_gemini_flash,197,55,0.27918781725888325,0.868020304568528,0.8181818181818182,0.0,0.0,
gemini_flash_mistral,"gemini_flash,mistral_nemo",229,oracle,197,55,0.27918781725888325,0.9187817258883249,1.0,18.181818181818176,0.050761421319796954,
gemini_flash_mistral,"gemini_flash,mistral_nemo",229,logistic_router,197,55,0.27918781725888325,0.8223350253807107,0.6545454545454545,-16.36363636363637,0.17766497461928935,0.6
gemini_flash_mistral,"gemini_flash,mistral_nemo",229,linear_svm_router,197,55,0.27918781725888325,0.8324873096446701,0.6909090909090909,-12.727272727272732,0.15736040609137056,0.6129032258064516
gemini_flash_mistral,"gemini_flash,mistral_nemo",229,knn_router,197,55,0.27918781725888325,0.868020304568528,0.8181818181818182,0.0,0.0,
gemini_flash_mistral,"gemini_flash,mistral_nemo",229,decision_tree_router,197,55,0.27918781725888325,0.8324873096446701,0.6909090909090909,-12.727272727272732,0.3197969543147208,0.6984126984126984
gemini_flash_mistral,"gemini_flash,mistral_nemo",229,random_forest_router,197,55,0.27918781725888325,0.8883248730964467,0.8909090909090909,7.2727272727272645,0.10152284263959391,0.75
gemini_flash_mistral,"gemini_flash,mistral_nemo",229,extra_trees_router,197,55,0.27918781725888325,0.8477157360406091,0.7454545454545455,-7.272727272727275,0.2233502538071066,0.7272727272727273
gemini_flash_mistral,"gemini_flash,mistral_nemo",229,mlp_router,197,55,0.27918781725888325,0.8730964467005076,0.8363636363636363,1.8181818181818077,0.025380710659898477,0.8
gemini_flash_mistral,"gemini_flash,mistral_nemo",229,tfidf_logistic_router,197,55,0.27918781725888325,0.8324873096446701,0.6909090909090909,-12.727272727272732,0.09137055837563451,0.5
gemini_flash_mistral,"gemini_flash,mistral_nemo",229,tfidf_linear_svm_router,197,55,0.27918781725888325,0.868020304568528,0.8181818181818182,0.0,0.0,
gemini_flash_mistral,"gemini_flash,mistral_nemo",229,tfidf_mlp_router,197,55,0.27918781725888325,0.8578680203045685,0.7818181818181819,-3.6363636363636376,0.01015228426395939,0.0
gemini_flash_mistral,"gemini_flash,mistral_nemo",230,always_gemini_flash,197,66,0.3350253807106599,0.9035532994923858,0.8484848484848485,0.0,0.0,
gemini_flash_mistral,"gemini_flash,mistral_nemo",230,oracle,197,66,0.3350253807106599,0.9543147208121827,1.0,15.151515151515149,0.050761421319796954,
gemini_flash_mistral,"gemini_flash,mistral_nemo",230,logistic_router,197,66,0.3350253807106599,0.8426395939086294,0.6666666666666666,-18.181818181818187,0.2639593908629442,0.6346153846153846
gemini_flash_mistral,"gemini_flash,mistral_nemo",230,linear_svm_router,197,66,0.3350253807106599,0.8426395939086294,0.6666666666666666,-18.181818181818187,0.25380710659898476,0.66
gemini_flash_mistral,"gemini_flash,mistral_nemo",230,knn_router,197,66,0.3350253807106599,0.9035532994923858,0.8484848484848485,0.0,0.0,
gemini_flash_mistral,"gemini_flash,mistral_nemo",230,decision_tree_router,197,66,0.3350253807106599,0.8629441624365483,0.7272727272727273,-12.121212121212121,0.17766497461928935,0.5714285714285714
gemini_flash_mistral,"gemini_flash,mistral_nemo",230,random_forest_router,197,66,0.3350253807106599,0.9187817258883249,0.8939393939393939,4.545454545454541,0.07614213197969544,0.8
gemini_flash_mistral,"gemini_flash,mistral_nemo",230,extra_trees_router,197,66,0.3350253807106599,0.8781725888324873,0.7727272727272727,-7.57575757575758,0.26903553299492383,0.6792452830188679
gemini_flash_mistral,"gemini_flash,mistral_nemo",230,mlp_router,197,66,0.3350253807106599,0.9035532994923858,0.8484848484848485,0.0,0.04568527918781726,0.6666666666666666
gemini_flash_mistral,"gemini_flash,mistral_nemo",230,tfidf_logistic_router,197,66,0.3350253807106599,0.883248730964467,0.7878787878787878,-6.060606060606066,0.12690355329949238,0.68
gemini_flash_mistral,"gemini_flash,mistral_nemo",230,tfidf_linear_svm_router,197,66,0.3350253807106599,0.8984771573604061,0.8333333333333334,-1.5151515151515138,0.025380710659898477,0.6
gemini_flash_mistral,"gemini_flash,mistral_nemo",230,tfidf_mlp_router,197,66,0.3350253807106599,0.9035532994923858,0.8484848484848485,0.0,0.015228426395939087,0.6666666666666666
gemini_flash_mistral,"gemini_flash,mistral_nemo",231,always_gemini_flash,197,61,0.3096446700507614,0.868020304568528,0.7540983606557377,0.0,0.0,
gemini_flash_mistral,"gemini_flash,mistral_nemo",231,oracle,197,61,0.3096446700507614,0.9441624365482234,1.0,24.590163934426236,0.07614213197969544,
gemini_flash_mistral,"gemini_flash,mistral_nemo",231,logistic_router,197,61,0.3096446700507614,0.8527918781725888,0.7049180327868853,-4.91803278688524,0.22842639593908629,0.6888888888888889
gemini_flash_mistral,"gemini_flash,mistral_nemo",231,linear_svm_router,197,61,0.3096446700507614,0.8477157360406091,0.6885245901639344,-6.5573770491803245,0.2182741116751269,0.6976744186046512
gemini_flash_mistral,"gemini_flash,mistral_nemo",231,knn_router,197,61,0.3096446700507614,0.868020304568528,0.7540983606557377,0.0,0.0,
gemini_flash_mistral,"gemini_flash,mistral_nemo",231,decision_tree_router,197,61,0.3096446700507614,0.8730964467005076,0.7704918032786885,1.6393442622950838,0.15736040609137056,0.8064516129032258
gemini_flash_mistral,"gemini_flash,mistral_nemo",231,random_forest_router,197,61,0.3096446700507614,0.8730964467005076,0.7704918032786885,1.6393442622950838,0.05583756345177665,0.6363636363636364
gemini_flash_mistral,"gemini_flash,mistral_nemo",231,extra_trees_router,197,61,0.3096446700507614,0.883248730964467,0.8032786885245902,4.918032786885251,0.24873096446700507,0.7755102040816326
gemini_flash_mistral,"gemini_flash,mistral_nemo",231,mlp_router,197,61,0.3096446700507614,0.8730964467005076,0.7704918032786885,1.6393442622950838,0.04060913705583756,0.75
gemini_flash_mistral,"gemini_flash,mistral_nemo",231,tfidf_logistic_router,197,61,0.3096446700507614,0.8629441624365483,0.7377049180327869,-1.6393442622950727,0.12690355329949238,0.68
gemini_flash_mistral,"gemini_flash,mistral_nemo",231,tfidf_linear_svm_router,197,61,0.3096446700507614,0.8781725888324873,0.7868852459016393,3.2786885245901676,0.02030456852791878,1.0
gemini_flash_mistral,"gemini_flash,mistral_nemo",231,tfidf_mlp_router,197,61,0.3096446700507614,0.8730964467005076,0.7704918032786885,1.6393442622950838,0.005076142131979695,1.0
gemini_flash_mistral,"gemini_flash,mistral_nemo",232,always_gemini_flash,197,68,0.34517766497461927,0.8883248730964467,0.8235294117647058,0.0,0.0,
gemini_flash_mistral,"gemini_flash,mistral_nemo",232,oracle,197,68,0.34517766497461927,0.949238578680203,1.0,17.647058823529417,0.06091370558375635,
gemini_flash_mistral,"gemini_flash,mistral_nemo",232,logistic_router,197,68,0.34517766497461927,0.8375634517766497,0.6764705882352942,-14.705882352941169,0.26903553299492383,0.660377358490566
gemini_flash_mistral,"gemini_flash,mistral_nemo",232,linear_svm_router,197,68,0.34517766497461927,0.8375634517766497,0.6764705882352942,-14.705882352941169,0.2233502538071066,0.6818181818181818
gemini_flash_mistral,"gemini_flash,mistral_nemo",232,knn_router,197,68,0.34517766497461927,0.8883248730964467,0.8235294117647058,0.0,0.0,
gemini_flash_mistral,"gemini_flash,mistral_nemo",232,decision_tree_router,197,68,0.34517766497461927,0.8375634517766497,0.6764705882352942,-14.705882352941169,0.26903553299492383,0.6037735849056604
gemini_flash_mistral,"gemini_flash,mistral_nemo",232,random_forest_router,197,68,0.34517766497461927,0.8934010152284264,0.8382352941176471,1.4705882352941235,0.04568527918781726,0.5555555555555556
gemini_flash_mistral,"gemini_flash,mistral_nemo",232,extra_trees_router,197,68,0.34517766497461927,0.883248730964467,0.8088235294117647,-1.4705882352941124,0.17766497461928935,0.6857142857142857
gemini_flash_mistral,"gemini_flash,mistral_nemo",232,mlp_router,197,68,0.34517766497461927,0.8883248730964467,0.8235294117647058,0.0,0.03553299492385787,0.7142857142857143
gemini_flash_mistral,"gemini_flash,mistral_nemo",232,tfidf_logistic_router,197,68,0.34517766497461927,0.8629441624365483,0.75,-7.352941176470584,0.13705583756345177,0.6296296296296297
gemini_flash_mistral,"gemini_flash,mistral_nemo",232,tfidf_linear_svm_router,197,68,0.34517766497461927,0.8781725888324873,0.7941176470588235,-2.941176470588236,0.030456852791878174,0.6666666666666666
gemini_flash_mistral,"gemini_flash,mistral_nemo",232,tfidf_mlp_router,197,68,0.34517766497461927,0.883248730964467,0.8088235294117647,-1.4705882352941124,0.015228426395939087,0.6666666666666666
gemini_flash_mistral,"gemini_flash,mistral_nemo",233,always_gemini_flash,197,67,0.3401015228426396,0.8883248730964467,0.835820895522388,0.0,0.0,
gemini_flash_mistral,"gemini_flash,mistral_nemo",233,oracle,197,67,0.3401015228426396,0.9441624365482234,1.0,16.417910447761198,0.05583756345177665,
gemini_flash_mistral,"gemini_flash,mistral_nemo",233,logistic_router,197,67,0.3401015228426396,0.8781725888324873,0.8059701492537313,-2.985074626865669,0.20812182741116753,0.7804878048780488
gemini_flash_mistral,"gemini_flash,mistral_nemo",233,linear_svm_router,197,67,0.3401015228426396,0.8629441624365483,0.7611940298507462,-7.462686567164178,0.19289340101522842,0.7631578947368421
gemini_flash_mistral,"gemini_flash,mistral_nemo",233,knn_router,197,67,0.3401015228426396,0.8883248730964467,0.835820895522388,0.0,0.0,
gemini_flash_mistral,"gemini_flash,mistral_nemo",233,decision_tree_router,197,67,0.3401015228426396,0.8477157360406091,0.7164179104477612,-11.940298507462687,0.29949238578680204,0.6949152542372882
gemini_flash_mistral,"gemini_flash,mistral_nemo",233,random_forest_router,197,67,0.3401015228426396,0.8984771573604061,0.8656716417910447,2.985074626865669,0.07106598984771574,0.7857142857142857
gemini_flash_mistral,"gemini_flash,mistral_nemo",233,extra_trees_router,197,67,0.3401015228426396,0.8934010152284264,0.8507462686567164,1.4925373134328401,0.233502538071066,0.8260869565217391
gemini_flash_mistral,"gemini_flash,mistral_nemo",233,mlp_router,197,67,0.3401015228426396,0.8781725888324873,0.8059701492537313,-2.985074626865669,0.03553299492385787,0.5714285714285714
gemini_flash_mistral,"gemini_flash,mistral_nemo",233,tfidf_logistic_router,197,67,0.3401015228426396,0.8781725888324873,0.8059701492537313,-2.985074626865669,0.1116751269035533,0.7727272727272727
gemini_flash_mistral,"gemini_flash,mistral_nemo",233,tfidf_linear_svm_router,197,67,0.3401015228426396,0.8883248730964467,0.835820895522388,0.0,0.02030456852791878,0.75
gemini_flash_mistral,"gemini_flash,mistral_nemo",233,tfidf_mlp_router,197,67,0.3401015228426396,0.883248730964467,0.8208955223880597,-1.492537313432829,0.01015228426395939,0.0
gemini_flash_mistral,"gemini_flash,mistral_nemo",234,always_gemini_flash,197,67,0.3401015228426396,0.8527918781725888,0.7761194029850746,0.0,0.0,
gemini_flash_mistral,"gemini_flash,mistral_nemo",234,oracle,197,67,0.3401015228426396,0.9289340101522843,1.0,22.388059701492537,0.07614213197969544,
gemini_flash_mistral,"gemini_flash,mistral_nemo",234,logistic_router,197,67,0.3401015228426396,0.7817258883248731,0.5671641791044776,-20.895522388059707,0.2182741116751269,0.5581395348837209
gemini_flash_mistral,"gemini_flash,mistral_nemo",234,linear_svm_router,197,67,0.3401015228426396,0.8020304568527918,0.6268656716417911,-14.925373134328357,0.16751269035532995,0.5454545454545454
gemini_flash_mistral,"gemini_flash,mistral_nemo",234,knn_router,197,67,0.3401015228426396,0.8527918781725888,0.7761194029850746,0.0,0.0,
gemini_flash_mistral,"gemini_flash,mistral_nemo",234,decision_tree_router,197,67,0.3401015228426396,0.8223350253807107,0.6865671641791045,-8.955223880597018,0.19289340101522842,0.6052631578947368
gemini_flash_mistral,"gemini_flash,mistral_nemo",234,random_forest_router,197,67,0.3401015228426396,0.868020304568528,0.8208955223880597,4.477611940298509,0.09644670050761421,0.7894736842105263
gemini_flash_mistral,"gemini_flash,mistral_nemo",234,extra_trees_router,197,67,0.3401015228426396,0.8375634517766497,0.7313432835820896,-4.477611940298509,0.25888324873096447,0.7058823529411765
gemini_flash_mistral,"gemini_flash,mistral_nemo",234,mlp_router,197,67,0.3401015228426396,0.8527918781725888,0.7761194029850746,0.0,0.04568527918781726,0.7777777777777778
gemini_flash_mistral,"gemini_flash,mistral_nemo",234,tfidf_logistic_router,197,67,0.3401015228426396,0.8426395939086294,0.746268656716418,-2.985074626865669,0.09137055837563451,0.7777777777777778
gemini_flash_mistral,"gemini_flash,mistral_nemo",234,tfidf_linear_svm_router,197,67,0.3401015228426396,0.8477157360406091,0.7611940298507462,-1.4925373134328401,0.025380710659898477,0.6
gemini_flash_mistral,"gemini_flash,mistral_nemo",234,tfidf_mlp_router,197,67,0.3401015228426396,0.8527918781725888,0.7761194029850746,0.0,0.005076142131979695,1.0
gemini_flash_mistral,"gemini_flash,mistral_nemo",235,always_gemini_flash,197,63,0.3197969543147208,0.8629441624365483,0.8095238095238095,0.0,0.0,
gemini_flash_mistral,"gemini_flash,mistral_nemo",235,oracle,197,63,0.3197969543147208,0.9238578680203046,1.0,19.047619047619047,0.06091370558375635,
gemini_flash_mistral,"gemini_flash,mistral_nemo",235,logistic_router,197,63,0.3197969543147208,0.8274111675126904,0.6984126984126984,-11.111111111111116,0.23857868020304568,0.6808510638297872
gemini_flash_mistral,"gemini_flash,mistral_nemo",235,linear_svm_router,197,63,0.3197969543147208,0.8477157360406091,0.7619047619047619,-4.761904761904767,0.17766497461928935,0.6857142857142857
gemini_flash_mistral,"gemini_flash,mistral_nemo",235,knn_router,197,63,0.3197969543147208,0.8629441624365483,0.8095238095238095,0.0,0.0,
gemini_flash_mistral,"gemini_flash,mistral_nemo",235,decision_tree_router,197,63,0.3197969543147208,0.8477157360406091,0.7619047619047619,-4.761904761904767,0.20812182741116753,0.5609756097560976
gemini_flash_mistral,"gemini_flash,mistral_nemo",235,random_forest_router,197,63,0.3197969543147208,0.8629441624365483,0.8095238095238095,0.0,0.09644670050761421,0.7368421052631579
gemini_flash_mistral,"gemini_flash,mistral_nemo",235,extra_trees_router,197,63,0.3197969543147208,0.8527918781725888,0.7777777777777778,-3.1746031746031744,0.25380710659898476,0.74
gemini_flash_mistral,"gemini_flash,mistral_nemo",235,mlp_router,197,63,0.3197969543147208,0.8578680203045685,0.7936507936507936,-1.5873015873015928,0.04568527918781726,0.5555555555555556
gemini_flash_mistral,"gemini_flash,mistral_nemo",235,tfidf_logistic_router,197,63,0.3197969543147208,0.8527918781725888,0.7777777777777778,-3.1746031746031744,0.13705583756345177,0.7037037037037037
gemini_flash_mistral,"gemini_flash,mistral_nemo",235,tfidf_linear_svm_router,197,63,0.3197969543147208,0.8578680203045685,0.7936507936507936,-1.5873015873015928,0.050761421319796954,0.7
gemini_flash_mistral,"gemini_flash,mistral_nemo",235,tfidf_mlp_router,197,63,0.3197969543147208,0.8527918781725888,0.7777777777777778,-3.1746031746031744,0.02030456852791878,0.25
gemini_flash_mistral,"gemini_flash,mistral_nemo",236,always_gemini_flash,197,64,0.3248730964467005,0.868020304568528,0.875,0.0,0.0,
gemini_flash_mistral,"gemini_flash,mistral_nemo",236,oracle,197,64,0.3248730964467005,0.9086294416243654,1.0,12.5,0.04060913705583756,
gemini_flash_mistral,"gemini_flash,mistral_nemo",236,logistic_router,197,64,0.3248730964467005,0.8223350253807107,0.734375,-14.0625,0.24873096446700507,0.6326530612244898
gemini_flash_mistral,"gemini_flash,mistral_nemo",236,linear_svm_router,197,64,0.3248730964467005,0.8274111675126904,0.75,-12.5,0.19289340101522842,0.6842105263157895
gemini_flash_mistral,"gemini_flash,mistral_nemo",236,knn_router,197,64,0.3248730964467005,0.868020304568528,0.875,0.0,0.0,
gemini_flash_mistral,"gemini_flash,mistral_nemo",236,decision_tree_router,197,64,0.3248730964467005,0.7766497461928934,0.59375,-28.125,0.28426395939086296,0.5714285714285714
gemini_flash_mistral,"gemini_flash,mistral_nemo",236,random_forest_router,197,64,0.3248730964467005,0.868020304568528,0.875,0.0,0.08629441624365482,0.7058823529411765
gemini_flash_mistral,"gemini_flash,mistral_nemo",236,extra_trees_router,197,64,0.3248730964467005,0.8477157360406091,0.8125,-6.25,0.2131979695431472,0.6904761904761905
gemini_flash_mistral,"gemini_flash,mistral_nemo",236,mlp_router,197,64,0.3248730964467005,0.8629441624365483,0.859375,-1.5625,0.09137055837563451,0.6666666666666666
gemini_flash_mistral,"gemini_flash,mistral_nemo",236,tfidf_logistic_router,197,64,0.3248730964467005,0.8477157360406091,0.8125,-6.25,0.15736040609137056,0.6451612903225806
gemini_flash_mistral,"gemini_flash,mistral_nemo",236,tfidf_linear_svm_router,197,64,0.3248730964467005,0.8578680203045685,0.84375,-3.125,0.04568527918781726,0.5555555555555556
gemini_flash_mistral,"gemini_flash,mistral_nemo",236,tfidf_mlp_router,197,64,0.3248730964467005,0.8578680203045685,0.84375,-3.125,0.03553299492385787,0.42857142857142855
gemini_flash_mistral,"gemini_flash,mistral_nemo",237,always_gemini_flash,197,65,0.3299492385786802,0.8984771573604061,0.9230769230769231,0.0,0.0,
gemini_flash_mistral,"gemini_flash,mistral_nemo",237,oracle,197,65,0.3299492385786802,0.9238578680203046,1.0,7.692307692307687,0.025380710659898477,
gemini_flash_mistral,"gemini_flash,mistral_nemo",237,logistic_router,197,65,0.3299492385786802,0.8324873096446701,0.7230769230769231,-20.000000000000007,0.2182741116751269,0.5581395348837209
gemini_flash_mistral,"gemini_flash,mistral_nemo",237,linear_svm_router,197,65,0.3299492385786802,0.8578680203045685,0.8,-12.307692307692308,0.17258883248730963,0.6470588235294118
gemini_flash_mistral,"gemini_flash,mistral_nemo",237,knn_router,197,65,0.3299492385786802,0.8984771573604061,0.9230769230769231,0.0,0.0,
gemini_flash_mistral,"gemini_flash,mistral_nemo",237,decision_tree_router,197,65,0.3299492385786802,0.7868020304568528,0.5846153846153846,-33.84615384615385,0.3299492385786802,0.49230769230769234
gemini_flash_mistral,"gemini_flash,mistral_nemo",237,random_forest_router,197,65,0.3299492385786802,0.883248730964467,0.8769230769230769,-4.615384615384621,0.1218274111675127,0.5833333333333334
gemini_flash_mistral,"gemini_flash,mistral_nemo",237,extra_trees_router,197,65,0.3299492385786802,0.8426395939086294,0.7538461538461538,-16.92307692307693,0.28426395939086296,0.625
gemini_flash_mistral,"gemini_flash,mistral_nemo",237,mlp_router,197,65,0.3299492385786802,0.883248730964467,0.8769230769230769,-4.615384615384621,0.06091370558375635,0.4166666666666667
gemini_flash_mistral,"gemini_flash,mistral_nemo",237,tfidf_logistic_router,197,65,0.3299492385786802,0.8629441624365483,0.8153846153846154,-10.769230769230775,0.15736040609137056,0.6129032258064516
gemini_flash_mistral,"gemini_flash,mistral_nemo",237,tfidf_linear_svm_router,197,65,0.3299492385786802,0.8781725888324873,0.8615384615384616,-6.153846153846154,0.04060913705583756,0.5
gemini_flash_mistral,"gemini_flash,mistral_nemo",237,tfidf_mlp_router,197,65,0.3299492385786802,0.8883248730964467,0.8923076923076924,-3.076923076923077,0.03553299492385787,0.42857142857142855
gemini_flash_mistral,"gemini_flash,mistral_nemo",238,always_gemini_flash,197,67,0.3401015228426396,0.868020304568528,0.7910447761194029,0.0,0.0,
gemini_flash_mistral,"gemini_flash,mistral_nemo",238,oracle,197,67,0.3401015228426396,0.9390862944162437,1.0,20.895522388059707,0.07106598984771574,
gemini_flash_mistral,"gemini_flash,mistral_nemo",238,logistic_router,197,67,0.3401015228426396,0.8426395939086294,0.7164179104477612,-7.462686567164178,0.18274111675126903,0.6111111111111112
gemini_flash_mistral,"gemini_flash,mistral_nemo",238,linear_svm_router,197,67,0.3401015228426396,0.8426395939086294,0.7164179104477612,-7.462686567164178,0.15228426395939088,0.6333333333333333
gemini_flash_mistral,"gemini_flash,mistral_nemo",238,knn_router,197,67,0.3401015228426396,0.868020304568528,0.7910447761194029,0.0,0.0,
gemini_flash_mistral,"gemini_flash,mistral_nemo",238,decision_tree_router,197,67,0.3401015228426396,0.8477157360406091,0.7313432835820896,-5.970149253731338,0.350253807106599,0.7391304347826086
gemini_flash_mistral,"gemini_flash,mistral_nemo",238,random_forest_router,197,67,0.3401015228426396,0.883248730964467,0.835820895522388,4.477611940298509,0.07106598984771574,0.7857142857142857
gemini_flash_mistral,"gemini_flash,mistral_nemo",238,extra_trees_router,197,67,0.3401015228426396,0.8730964467005076,0.8059701492537313,1.4925373134328401,0.20304568527918782,0.75
gemini_flash_mistral,"gemini_flash,mistral_nemo",238,mlp_router,197,67,0.3401015228426396,0.8629441624365483,0.7761194029850746,-1.492537313432829,0.05583756345177665,0.6363636363636364
gemini_flash_mistral,"gemini_flash,mistral_nemo",238,tfidf_logistic_router,197,67,0.3401015228426396,0.8477157360406091,0.7313432835820896,-5.970149253731338,0.09644670050761421,0.5263157894736842
gemini_flash_mistral,"gemini_flash,mistral_nemo",238,tfidf_linear_svm_router,197,67,0.3401015228426396,0.8730964467005076,0.8059701492537313,1.4925373134328401,0.015228426395939087,1.0
gemini_flash_mistral,"gemini_flash,mistral_nemo",238,tfidf_mlp_router,197,67,0.3401015228426396,0.868020304568528,0.7910447761194029,0.0,0.005076142131979695,1.0
gemini_flash_mistral,"gemini_flash,mistral_nemo",239,always_gemini_flash,197,59,0.29949238578680204,0.883248730964467,0.8305084745762712,0.0,0.0,
gemini_flash_mistral,"gemini_flash,mistral_nemo",239,oracle,197,59,0.29949238578680204,0.934010152284264,1.0,16.94915254237288,0.050761421319796954,
gemini_flash_mistral,"gemini_flash,mistral_nemo",239,logistic_router,197,59,0.29949238578680204,0.8477157360406091,0.711864406779661,-11.864406779661019,0.2436548223350254,0.6875
gemini_flash_mistral,"gemini_flash,mistral_nemo",239,linear_svm_router,197,59,0.29949238578680204,0.8629441624365483,0.7627118644067796,-6.779661016949157,0.233502538071066,0.717391304347826
gemini_flash_mistral,"gemini_flash,mistral_nemo",239,knn_router,197,59,0.29949238578680204,0.883248730964467,0.8305084745762712,0.0,0.0,
gemini_flash_mistral,"gemini_flash,mistral_nemo",239,decision_tree_router,197,59,0.29949238578680204,0.8527918781725888,0.7288135593220338,-10.169491525423735,0.3299492385786802,0.7076923076923077
gemini_flash_mistral,"gemini_flash,mistral_nemo",239,random_forest_router,197,59,0.29949238578680204,0.8984771573604061,0.8813559322033898,5.0847457627118615,0.09644670050761421,0.7894736842105263
gemini_flash_mistral,"gemini_flash,mistral_nemo",239,extra_trees_router,197,59,0.29949238578680204,0.868020304568528,0.7796610169491526,-5.0847457627118615,0.23857868020304568,0.7021276595744681
gemini_flash_mistral,"gemini_flash,mistral_nemo",239,mlp_router,197,59,0.29949238578680204,0.8883248730964467,0.847457627118644,1.6949152542372836,0.07106598984771574,0.7857142857142857
gemini_flash_mistral,"gemini_flash,mistral_nemo",239,tfidf_logistic_router,197,59,0.29949238578680204,0.8730964467005076,0.7966101694915254,-3.3898305084745783,0.14720812182741116,0.7241379310344828
gemini_flash_mistral,"gemini_flash,mistral_nemo",239,tfidf_linear_svm_router,197,59,0.29949238578680204,0.883248730964467,0.8305084745762712,0.0,0.03553299492385787,0.7142857142857143
gemini_flash_mistral,"gemini_flash,mistral_nemo",239,tfidf_mlp_router,197,59,0.29949238578680204,0.883248730964467,0.8305084745762712,0.0,0.02030456852791878,0.75
gemini_flash_mistral,"gemini_flash,mistral_nemo",240,always_gemini_flash,197,65,0.3299492385786802,0.9187817258883249,0.8,0.0,0.0,
gemini_flash_mistral,"gemini_flash,mistral_nemo",240,oracle,197,65,0.3299492385786802,0.9847715736040609,1.0,19.999999999999996,0.06598984771573604,
gemini_flash_mistral,"gemini_flash,mistral_nemo",240,logistic_router,197,65,0.3299492385786802,0.9238578680203046,0.8153846153846154,1.538461538461533,0.20304568527918782,0.775
gemini_flash_mistral,"gemini_flash,mistral_nemo",240,linear_svm_router,197,65,0.3299492385786802,0.9238578680203046,0.8153846153846154,1.538461538461533,0.14720812182741116,0.8620689655172413
gemini_flash_mistral,"gemini_flash,mistral_nemo",240,knn_router,197,65,0.3299492385786802,0.9187817258883249,0.8,0.0,0.0,
gemini_flash_mistral,"gemini_flash,mistral_nemo",240,decision_tree_router,197,65,0.3299492385786802,0.8629441624365483,0.6307692307692307,-16.92307692307693,0.3299492385786802,0.7230769230769231
gemini_flash_mistral,"gemini_flash,mistral_nemo",240,random_forest_router,197,65,0.3299492385786802,0.9390862944162437,0.8615384615384616,6.153846153846154,0.07106598984771574,0.9285714285714286
gemini_flash_mistral,"gemini_flash,mistral_nemo",240,extra_trees_router,197,65,0.3299492385786802,0.9390862944162437,0.8615384615384616,6.153846153846154,0.25380710659898476,0.88
gemini_flash_mistral,"gemini_flash,mistral_nemo",240,mlp_router,197,65,0.3299492385786802,0.9187817258883249,0.8,0.0,0.025380710659898477,0.8
gemini_flash_mistral,"gemini_flash,mistral_nemo",240,tfidf_logistic_router,197,65,0.3299492385786802,0.9390862944162437,0.8615384615384616,6.153846153846154,0.09644670050761421,0.8421052631578947
gemini_flash_mistral,"gemini_flash,mistral_nemo",240,tfidf_linear_svm_router,197,65,0.3299492385786802,0.9187817258883249,0.8,0.0,0.005076142131979695,1.0
gemini_flash_mistral,"gemini_flash,mistral_nemo",240,tfidf_mlp_router,197,65,0.3299492385786802,0.9187817258883249,0.8,0.0,0.0,
gemini_flash_mistral,"gemini_flash,mistral_nemo",241,always_gemini_flash,197,62,0.3147208121827411,0.8578680203045685,0.8064516129032258,0.0,0.0,
gemini_flash_mistral,"gemini_flash,mistral_nemo",241,oracle,197,62,0.3147208121827411,0.9187817258883249,1.0,19.354838709677423,0.06091370558375635,
gemini_flash_mistral,"gemini_flash,mistral_nemo",241,logistic_router,197,62,0.3147208121827411,0.8324873096446701,0.7258064516129032,-8.064516129032251,0.2436548223350254,0.6458333333333334
gemini_flash_mistral,"gemini_flash,mistral_nemo",241,linear_svm_router,197,62,0.3147208121827411,0.8426395939086294,0.7580645161290323,-4.8387096774193505,0.16751269035532995,0.6363636363636364
gemini_flash_mistral,"gemini_flash,mistral_nemo",241,knn_router,197,62,0.3147208121827411,0.8578680203045685,0.8064516129032258,0.0,0.0,
gemini_flash_mistral,"gemini_flash,mistral_nemo",241,decision_tree_router,197,62,0.3147208121827411,0.8324873096446701,0.7258064516129032,-8.064516129032251,0.2639593908629442,0.6346153846153846
gemini_flash_mistral,"gemini_flash,mistral_nemo",241,random_forest_router,197,62,0.3147208121827411,0.8730964467005076,0.8548387096774194,4.838709677419361,0.07614213197969544,0.8
gemini_flash_mistral,"gemini_flash,mistral_nemo",241,extra_trees_router,197,62,0.3147208121827411,0.8477157360406091,0.7741935483870968,-3.2258064516129004,0.22842639593908629,0.7111111111111111
gemini_flash_mistral,"gemini_flash,mistral_nemo",241,mlp_router,197,62,0.3147208121827411,0.8578680203045685,0.8064516129032258,0.0,0.02030456852791878,0.5
gemini_flash_mistral,"gemini_flash,mistral_nemo",241,tfidf_logistic_router,197,62,0.3147208121827411,0.8527918781725888,0.7903225806451613,-1.6129032258064502,0.1065989847715736,0.8095238095238095
gemini_flash_mistral,"gemini_flash,mistral_nemo",241,tfidf_linear_svm_router,197,62,0.3147208121827411,0.8527918781725888,0.7903225806451613,-1.6129032258064502,0.005076142131979695,0.0
gemini_flash_mistral,"gemini_flash,mistral_nemo",241,tfidf_mlp_router,197,62,0.3147208121827411,0.8629441624365483,0.8225806451612904,1.6129032258064613,0.005076142131979695,1.0
gemini_flash_mistral,"gemini_flash,mistral_nemo",242,always_gemini_flash,197,63,0.3197969543147208,0.8730964467005076,0.7619047619047619,0.0,0.0,
gemini_flash_mistral,"gemini_flash,mistral_nemo",242,oracle,197,63,0.3197969543147208,0.949238578680203,1.0,23.809523809523814,0.07614213197969544,
gemini_flash_mistral,"gemini_flash,mistral_nemo",242,logistic_router,197,63,0.3197969543147208,0.8578680203045685,0.7142857142857143,-4.761904761904756,0.14720812182741116,0.6896551724137931
gemini_flash_mistral,"gemini_flash,mistral_nemo",242,linear_svm_router,197,63,0.3197969543147208,0.8578680203045685,0.7142857142857143,-4.761904761904756,0.1319796954314721,0.7307692307692307
gemini_flash_mistral,"gemini_flash,mistral_nemo",242,knn_router,197,63,0.3197969543147208,0.8730964467005076,0.7619047619047619,0.0,0.0,
gemini_flash_mistral,"gemini_flash,mistral_nemo",242,decision_tree_router,197,63,0.3197969543147208,0.8781725888324873,0.7777777777777778,1.5873015873015928,0.06091370558375635,0.8333333333333334
gemini_flash_mistral,"gemini_flash,mistral_nemo",242,random_forest_router,197,63,0.3197969543147208,0.883248730964467,0.7936507936507936,3.1746031746031744,0.08121827411167512,0.6875
gemini_flash_mistral,"gemini_flash,mistral_nemo",242,extra_trees_router,197,63,0.3197969543147208,0.868020304568528,0.746031746031746,-1.5873015873015817,0.2131979695431472,0.7619047619047619
gemini_flash_mistral,"gemini_flash,mistral_nemo",242,mlp_router,197,63,0.3197969543147208,0.8730964467005076,0.7619047619047619,0.0,0.04060913705583756,0.625
gemini_flash_mistral,"gemini_flash,mistral_nemo",242,tfidf_logistic_router,197,63,0.3197969543147208,0.8578680203045685,0.7142857142857143,-4.761904761904756,0.06091370558375635,0.5833333333333334
gemini_flash_mistral,"gemini_flash,mistral_nemo",242,tfidf_linear_svm_router,197,63,0.3197969543147208,0.868020304568528,0.746031746031746,-1.5873015873015817,0.005076142131979695,0.0
gemini_flash_mistral,"gemini_flash,mistral_nemo",242,tfidf_mlp_router,197,63,0.3197969543147208,0.868020304568528,0.746031746031746,-1.5873015873015817,0.01015228426395939,0.0
gemini_flash_mistral,"gemini_flash,mistral_nemo",243,always_gemini_flash,197,60,0.30456852791878175,0.8477157360406091,0.7,0.0,0.0,
gemini_flash_mistral,"gemini_flash,mistral_nemo",243,oracle,197,60,0.30456852791878175,0.9390862944162437,1.0,30.000000000000004,0.09137055837563451,
gemini_flash_mistral,"gemini_flash,mistral_nemo",243,logistic_router,197,60,0.30456852791878175,0.817258883248731,0.6,-9.999999999999998,0.2182741116751269,0.7209302325581395
gemini_flash_mistral,"gemini_flash,mistral_nemo",243,linear_svm_router,197,60,0.30456852791878175,0.8375634517766497,0.6666666666666666,-3.3333333333333326,0.17258883248730963,0.7058823529411765
gemini_flash_mistral,"gemini_flash,mistral_nemo",243,knn_router,197,60,0.30456852791878175,0.8477157360406091,0.7,0.0,0.0,
gemini_flash_mistral,"gemini_flash,mistral_nemo",243,decision_tree_router,197,60,0.30456852791878175,0.8426395939086294,0.6833333333333333,-1.6666666666666607,0.20812182741116753,0.7804878048780488
gemini_flash_mistral,"gemini_flash,mistral_nemo",243,random_forest_router,197,60,0.30456852791878175,0.8578680203045685,0.7333333333333333,3.3333333333333326,0.08121827411167512,0.6875
gemini_flash_mistral,"gemini_flash,mistral_nemo",243,extra_trees_router,197,60,0.30456852791878175,0.8730964467005076,0.7833333333333333,8.333333333333337,0.27411167512690354,0.7962962962962963
gemini_flash_mistral,"gemini_flash,mistral_nemo",243,mlp_router,197,60,0.30456852791878175,0.8629441624365483,0.75,5.000000000000004,0.04060913705583756,0.875
gemini_flash_mistral,"gemini_flash,mistral_nemo",243,tfidf_logistic_router,197,60,0.30456852791878175,0.8426395939086294,0.6833333333333333,-1.6666666666666607,0.13705583756345177,0.7037037037037037
gemini_flash_mistral,"gemini_flash,mistral_nemo",243,tfidf_linear_svm_router,197,60,0.30456852791878175,0.8375634517766497,0.6666666666666666,-3.3333333333333326,0.015228426395939087,0.3333333333333333
gemini_flash_mistral,"gemini_flash,mistral_nemo",243,tfidf_mlp_router,197,60,0.30456852791878175,0.8477157360406091,0.7,0.0,0.01015228426395939,1.0
gemini_flash_mistral,"gemini_flash,mistral_nemo",244,always_gemini_flash,197,61,0.3096446700507614,0.8934010152284264,0.8524590163934426,0.0,0.0,
gemini_flash_mistral,"gemini_flash,mistral_nemo",244,oracle,197,61,0.3096446700507614,0.9390862944162437,1.0,14.754098360655743,0.04568527918781726,
gemini_flash_mistral,"gemini_flash,mistral_nemo",244,logistic_router,197,61,0.3096446700507614,0.8426395939086294,0.6885245901639344,-16.393442622950815,0.2182741116751269,0.5581395348837209
gemini_flash_mistral,"gemini_flash,mistral_nemo",244,linear_svm_router,197,61,0.3096446700507614,0.8578680203045685,0.7377049180327869,-11.475409836065564,0.15228426395939088,0.6
gemini_flash_mistral,"gemini_flash,mistral_nemo",244,knn_router,197,61,0.3096446700507614,0.8934010152284264,0.8524590163934426,0.0,0.0,
gemini_flash_mistral,"gemini_flash,mistral_nemo",244,decision_tree_router,197,61,0.3096446700507614,0.8629441624365483,0.7540983606557377,-9.836065573770492,0.23857868020304568,0.723404255319149
gemini_flash_mistral,"gemini_flash,mistral_nemo",244,random_forest_router,197,61,0.3096446700507614,0.8934010152284264,0.8524590163934426,0.0,0.10152284263959391,0.75
gemini_flash_mistral,"gemini_flash,mistral_nemo",244,extra_trees_router,197,61,0.3096446700507614,0.868020304568528,0.7704918032786885,-8.196721311475407,0.25380710659898476,0.72
gemini_flash_mistral,"gemini_flash,mistral_nemo",244,mlp_router,197,61,0.3096446700507614,0.883248730964467,0.819672131147541,-3.2786885245901565,0.07106598984771574,0.7142857142857143
gemini_flash_mistral,"gemini_flash,mistral_nemo",244,tfidf_logistic_router,197,61,0.3096446700507614,0.868020304568528,0.7704918032786885,-8.196721311475407,0.08121827411167512,0.5
gemini_flash_mistral,"gemini_flash,mistral_nemo",244,tfidf_linear_svm_router,197,61,0.3096446700507614,0.8781725888324873,0.8032786885245902,-4.91803278688524,0.02030456852791878,0.25
gemini_flash_mistral,"gemini_flash,mistral_nemo",244,tfidf_mlp_router,197,61,0.3096446700507614,0.8883248730964467,0.8360655737704918,-1.6393442622950727,0.005076142131979695,0.0
gemini_flash_mistral,"gemini_flash,mistral_nemo",245,always_gemini_flash,197,65,0.3299492385786802,0.8629441624365483,0.7538461538461538,0.0,0.0,
gemini_flash_mistral,"gemini_flash,mistral_nemo",245,oracle,197,65,0.3299492385786802,0.9441624365482234,1.0,24.615384615384617,0.08121827411167512,
gemini_flash_mistral,"gemini_flash,mistral_nemo",245,logistic_router,197,65,0.3299492385786802,0.8426395939086294,0.6923076923076923,-6.153846153846154,0.15228426395939088,0.6666666666666666
gemini_flash_mistral,"gemini_flash,mistral_nemo",245,linear_svm_router,197,65,0.3299492385786802,0.8578680203045685,0.7384615384615385,-1.538461538461533,0.13705583756345177,0.8518518518518519
gemini_flash_mistral,"gemini_flash,mistral_nemo",245,knn_router,197,65,0.3299492385786802,0.8629441624365483,0.7538461538461538,0.0,0.0,
gemini_flash_mistral,"gemini_flash,mistral_nemo",245,decision_tree_router,197,65,0.3299492385786802,0.817258883248731,0.6153846153846154,-13.846153846153841,0.3147208121827411,0.6774193548387096
gemini_flash_mistral,"gemini_flash,mistral_nemo",245,random_forest_router,197,65,0.3299492385786802,0.8934010152284264,0.8461538461538461,9.230769230769232,0.08121827411167512,0.9375
gemini_flash_mistral,"gemini_flash,mistral_nemo",245,extra_trees_router,197,65,0.3299492385786802,0.8781725888324873,0.8,4.615384615384621,0.2131979695431472,0.7857142857142857
gemini_flash_mistral,"gemini_flash,mistral_nemo",245,mlp_router,197,65,0.3299492385786802,0.868020304568528,0.7692307692307693,1.538461538461544,0.030456852791878174,0.6666666666666666
gemini_flash_mistral,"gemini_flash,mistral_nemo",245,tfidf_logistic_router,197,65,0.3299492385786802,0.8578680203045685,0.7384615384615385,-1.538461538461533,0.09644670050761421,0.7894736842105263
gemini_flash_mistral,"gemini_flash,mistral_nemo",245,tfidf_linear_svm_router,197,65,0.3299492385786802,0.8578680203045685,0.7384615384615385,-1.538461538461533,0.01015228426395939,0.5
gemini_flash_mistral,"gemini_flash,mistral_nemo",245,tfidf_mlp_router,197,65,0.3299492385786802,0.8578680203045685,0.7384615384615385,-1.538461538461533,0.01015228426395939,0.5
gemini_flash_mistral,"gemini_flash,mistral_nemo",246,always_gemini_flash,197,61,0.3096446700507614,0.8781725888324873,0.819672131147541,0.0,0.0,
gemini_flash_mistral,"gemini_flash,mistral_nemo",246,oracle,197,61,0.3096446700507614,0.934010152284264,1.0,18.032786885245898,0.05583756345177665,
gemini_flash_mistral,"gemini_flash,mistral_nemo",246,logistic_router,197,61,0.3096446700507614,0.8375634517766497,0.6885245901639344,-13.11475409836066,0.20304568527918782,0.6
gemini_flash_mistral,"gemini_flash,mistral_nemo",246,linear_svm_router,197,61,0.3096446700507614,0.8578680203045685,0.7540983606557377,-6.557377049180335,0.15736040609137056,0.6774193548387096
gemini_flash_mistral,"gemini_flash,mistral_nemo",246,knn_router,197,61,0.3096446700507614,0.8781725888324873,0.819672131147541,0.0,0.0,
gemini_flash_mistral,"gemini_flash,mistral_nemo",246,decision_tree_router,197,61,0.3096446700507614,0.8324873096446701,0.6721311475409836,-14.754098360655743,0.2639593908629442,0.6346153846153846
gemini_flash_mistral,"gemini_flash,mistral_nemo",246,random_forest_router,197,61,0.3096446700507614,0.8934010152284264,0.8688524590163934,4.91803278688524,0.08629441624365482,0.8823529411764706
gemini_flash_mistral,"gemini_flash,mistral_nemo",246,extra_trees_router,197,61,0.3096446700507614,0.868020304568528,0.7868852459016393,-3.2786885245901676,0.233502538071066,0.7608695652173914
gemini_flash_mistral,"gemini_flash,mistral_nemo",246,mlp_router,197,61,0.3096446700507614,0.8781725888324873,0.819672131147541,0.0,0.050761421319796954,0.8
gemini_flash_mistral,"gemini_flash,mistral_nemo",246,tfidf_logistic_router,197,61,0.3096446700507614,0.868020304568528,0.7868852459016393,-3.2786885245901676,0.1116751269035533,0.6363636363636364
gemini_flash_mistral,"gemini_flash,mistral_nemo",246,tfidf_linear_svm_router,197,61,0.3096446700507614,0.883248730964467,0.8360655737704918,1.6393442622950838,0.025380710659898477,0.8
gemini_flash_mistral,"gemini_flash,mistral_nemo",246,tfidf_mlp_router,197,61,0.3096446700507614,0.883248730964467,0.8360655737704918,1.6393442622950838,0.02030456852791878,0.75
gemini_flash_mistral,"gemini_flash,mistral_nemo",247,always_gemini_flash,197,58,0.29441624365482233,0.9238578680203046,0.896551724137931,0.0,0.0,
gemini_flash_mistral,"gemini_flash,mistral_nemo",247,oracle,197,58,0.29441624365482233,0.9543147208121827,1.0,10.344827586206895,0.030456852791878174,
gemini_flash_mistral,"gemini_flash,mistral_nemo",247,logistic_router,197,58,0.29441624365482233,0.8781725888324873,0.7413793103448276,-15.517241379310342,0.19289340101522842,0.7105263157894737
gemini_flash_mistral,"gemini_flash,mistral_nemo",247,linear_svm_router,197,58,0.29441624365482233,0.8781725888324873,0.7413793103448276,-15.517241379310342,0.15228426395939088,0.7
gemini_flash_mistral,"gemini_flash,mistral_nemo",247,knn_router,197,58,0.29441624365482233,0.9238578680203046,0.896551724137931,0.0,0.0,
gemini_flash_mistral,"gemini_flash,mistral_nemo",247,decision_tree_router,197,58,0.29441624365482233,0.8527918781725888,0.6551724137931034,-24.13793103448276,0.3756345177664975,0.7027027027027027
gemini_flash_mistral,"gemini_flash,mistral_nemo",247,random_forest_router,197,58,0.29441624365482233,0.9238578680203046,0.896551724137931,0.0,0.1065989847715736,0.7142857142857143
gemini_flash_mistral,"gemini_flash,mistral_nemo",247,extra_trees_router,197,58,0.29441624365482233,0.8934010152284264,0.7931034482758621,-10.344827586206895,0.25888324873096447,0.7647058823529411
gemini_flash_mistral,"gemini_flash,mistral_nemo",247,mlp_router,197,58,0.29441624365482233,0.9238578680203046,0.896551724137931,0.0,0.05583756345177665,0.8181818181818182
gemini_flash_mistral,"gemini_flash,mistral_nemo",247,tfidf_logistic_router,197,58,0.29441624365482233,0.8883248730964467,0.7758620689655172,-12.06896551724138,0.1065989847715736,0.6190476190476191
gemini_flash_mistral,"gemini_flash,mistral_nemo",247,tfidf_linear_svm_router,197,58,0.29441624365482233,0.9086294416243654,0.8448275862068966,-5.1724137931034475,0.04060913705583756,0.625
gemini_flash_mistral,"gemini_flash,mistral_nemo",247,tfidf_mlp_router,197,58,0.29441624365482233,0.9187817258883249,0.8793103448275862,-1.7241379310344862,0.005076142131979695,0.0
gemini_flash_mistral,"gemini_flash,mistral_nemo",248,always_gemini_flash,197,56,0.28426395939086296,0.8883248730964467,0.8928571428571429,0.0,0.0,
gemini_flash_mistral,"gemini_flash,mistral_nemo",248,oracle,197,56,0.28426395939086296,0.9187817258883249,1.0,10.71428571428571,0.030456852791878174,
gemini_flash_mistral,"gemini_flash,mistral_nemo",248,logistic_router,197,56,0.28426395939086296,0.8477157360406091,0.75,-14.28571428571429,0.22842639593908629,0.6
gemini_flash_mistral,"gemini_flash,mistral_nemo",248,linear_svm_router,197,56,0.28426395939086296,0.868020304568528,0.8214285714285714,-7.142857142857151,0.12690355329949238,0.68
gemini_flash_mistral,"gemini_flash,mistral_nemo",248,knn_router,197,56,0.28426395939086296,0.8883248730964467,0.8928571428571429,0.0,0.0,
gemini_flash_mistral,"gemini_flash,mistral_nemo",248,decision_tree_router,197,56,0.28426395939086296,0.8274111675126904,0.6785714285714286,-21.42857142857143,0.3401015228426396,0.6716417910447762
gemini_flash_mistral,"gemini_flash,mistral_nemo",248,random_forest_router,197,56,0.28426395939086296,0.883248730964467,0.875,-1.7857142857142905,0.08121827411167512,0.5625
gemini_flash_mistral,"gemini_flash,mistral_nemo",248,extra_trees_router,197,56,0.28426395939086296,0.8629441624365483,0.8035714285714286,-8.92857142857143,0.2233502538071066,0.6363636363636364
gemini_flash_mistral,"gemini_flash,mistral_nemo",248,mlp_router,197,56,0.28426395939086296,0.8730964467005076,0.8392857142857143,-5.35714285714286,0.03553299492385787,0.42857142857142855
gemini_flash_mistral,"gemini_flash,mistral_nemo",248,tfidf_logistic_router,197,56,0.28426395939086296,0.8730964467005076,0.8392857142857143,-5.35714285714286,0.1319796954314721,0.6538461538461539
gemini_flash_mistral,"gemini_flash,mistral_nemo",248,tfidf_linear_svm_router,197,56,0.28426395939086296,0.8781725888324873,0.8571428571428571,-3.571428571428581,0.015228426395939087,0.3333333333333333
gemini_flash_mistral,"gemini_flash,mistral_nemo",248,tfidf_mlp_router,197,56,0.28426395939086296,0.883248730964467,0.875,-1.7857142857142905,0.015228426395939087,0.3333333333333333
gemini_flash_mistral,"gemini_flash,mistral_nemo",249,always_gemini_flash,197,73,0.37055837563451777,0.8477157360406091,0.8082191780821918,0.0,0.0,
gemini_flash_mistral,"gemini_flash,mistral_nemo",249,oracle,197,73,0.37055837563451777,0.9187817258883249,1.0,19.17808219178082,0.07106598984771574,
gemini_flash_mistral,"gemini_flash,mistral_nemo",249,logistic_router,197,73,0.37055837563451777,0.8274111675126904,0.7534246575342466,-5.47945205479452,0.233502538071066,0.6304347826086957
gemini_flash_mistral,"gemini_flash,mistral_nemo",249,linear_svm_router,197,73,0.37055837563451777,0.817258883248731,0.726027397260274,-8.21917808219178,0.17766497461928935,0.6285714285714286
gemini_flash_mistral,"gemini_flash,mistral_nemo",249,knn_router,197,73,0.37055837563451777,0.8477157360406091,0.8082191780821918,0.0,0.0,
gemini_flash_mistral,"gemini_flash,mistral_nemo",249,decision_tree_router,197,73,0.37055837563451777,0.8274111675126904,0.7534246575342466,-5.47945205479452,0.2893401015228426,0.7017543859649122
gemini_flash_mistral,"gemini_flash,mistral_nemo",249,random_forest_router,197,73,0.37055837563451777,0.8578680203045685,0.8356164383561644,2.73972602739726,0.12690355329949238,0.68
gemini_flash_mistral,"gemini_flash,mistral_nemo",249,extra_trees_router,197,73,0.37055837563451777,0.8578680203045685,0.8356164383561644,2.73972602739726,0.20812182741116753,0.7317073170731707
gemini_flash_mistral,"gemini_flash,mistral_nemo",249,mlp_router,197,73,0.37055837563451777,0.8477157360406091,0.8082191780821918,0.0,0.04568527918781726,0.7777777777777778
gemini_flash_mistral,"gemini_flash,mistral_nemo",249,tfidf_logistic_router,197,73,0.37055837563451777,0.8375634517766497,0.7808219178082192,-2.73972602739726,0.1116751269035533,0.5909090909090909
gemini_flash_mistral,"gemini_flash,mistral_nemo",249,tfidf_linear_svm_router,197,73,0.37055837563451777,0.8426395939086294,0.7945205479452054,-1.3698630136986356,0.025380710659898477,0.4
gemini_flash_mistral,"gemini_flash,mistral_nemo",249,tfidf_mlp_router,197,73,0.37055837563451777,0.8477157360406091,0.8082191780821918,0.0,0.005076142131979695,0.0
gemini_flash_mistral,"gemini_flash,mistral_nemo",250,always_gemini_flash,197,67,0.3401015228426396,0.9086294416243654,0.8805970149253731,0.0,0.0,
gemini_flash_mistral,"gemini_flash,mistral_nemo",250,oracle,197,67,0.3401015228426396,0.949238578680203,1.0,11.940298507462687,0.04060913705583756,
gemini_flash_mistral,"gemini_flash,mistral_nemo",250,logistic_router,197,67,0.3401015228426396,0.8578680203045685,0.7313432835820896,-14.925373134328357,0.28426395939086296,0.6428571428571429
gemini_flash_mistral,"gemini_flash,mistral_nemo",250,linear_svm_router,197,67,0.3401015228426396,0.8781725888324873,0.7910447761194029,-8.955223880597018,0.2639593908629442,0.6538461538461539
gemini_flash_mistral,"gemini_flash,mistral_nemo",250,knn_router,197,67,0.3401015228426396,0.9086294416243654,0.8805970149253731,0.0,0.0,
gemini_flash_mistral,"gemini_flash,mistral_nemo",250,decision_tree_router,197,67,0.3401015228426396,0.8426395939086294,0.6865671641791045,-19.402985074626866,0.29949238578680204,0.5932203389830508
gemini_flash_mistral,"gemini_flash,mistral_nemo",250,random_forest_router,197,67,0.3401015228426396,0.8883248730964467,0.8208955223880597,-5.970149253731338,0.08121827411167512,0.5625
gemini_flash_mistral,"gemini_flash,mistral_nemo",250,extra_trees_router,197,67,0.3401015228426396,0.8629441624365483,0.746268656716418,-13.432835820895516,0.27411167512690354,0.6666666666666666
gemini_flash_mistral,"gemini_flash,mistral_nemo",250,mlp_router,197,67,0.3401015228426396,0.9187817258883249,0.9104477611940298,2.985074626865669,0.05583756345177665,0.9090909090909091
gemini_flash_mistral,"gemini_flash,mistral_nemo",250,tfidf_logistic_router,197,67,0.3401015228426396,0.8730964467005076,0.7761194029850746,-10.447761194029848,0.14720812182741116,0.5517241379310345
gemini_flash_mistral,"gemini_flash,mistral_nemo",250,tfidf_linear_svm_router,197,67,0.3401015228426396,0.8984771573604061,0.8507462686567164,-2.985074626865669,0.03553299492385787,0.42857142857142855
gemini_flash_mistral,"gemini_flash,mistral_nemo",250,tfidf_mlp_router,197,67,0.3401015228426396,0.9035532994923858,0.8656716417910447,-1.4925373134328401,0.015228426395939087,0.3333333333333333
gemini_flash_mistral,"gemini_flash,mistral_nemo",251,always_gemini_flash,197,64,0.3248730964467005,0.8984771573604061,0.828125,0.0,0.0,
gemini_flash_mistral,"gemini_flash,mistral_nemo",251,oracle,197,64,0.3248730964467005,0.9543147208121827,1.0,17.1875,0.05583756345177665,
gemini_flash_mistral,"gemini_flash,mistral_nemo",251,logistic_router,197,64,0.3248730964467005,0.8629441624365483,0.71875,-10.9375,0.20812182741116753,0.6341463414634146
gemini_flash_mistral,"gemini_flash,mistral_nemo",251,linear_svm_router,197,64,0.3248730964467005,0.868020304568528,0.734375,-9.375,0.17766497461928935,0.6571428571428571
gemini_flash_mistral,"gemini_flash,mistral_nemo",251,knn_router,197,64,0.3248730964467005,0.8984771573604061,0.828125,0.0,0.0,
gemini_flash_mistral,"gemini_flash,mistral_nemo",251,decision_tree_router,197,64,0.3248730964467005,0.8730964467005076,0.75,-7.8125,0.39086294416243655,0.7402597402597403
gemini_flash_mistral,"gemini_flash,mistral_nemo",251,random_forest_router,197,64,0.3248730964467005,0.8984771573604061,0.828125,0.0,0.09137055837563451,0.6666666666666666
gemini_flash_mistral,"gemini_flash,mistral_nemo",251,extra_trees_router,197,64,0.3248730964467005,0.8629441624365483,0.71875,-10.9375,0.2639593908629442,0.6730769230769231
gemini_flash_mistral,"gemini_flash,mistral_nemo",251,mlp_router,197,64,0.3248730964467005,0.883248730964467,0.78125,-4.6875,0.09137055837563451,0.5555555555555556
gemini_flash_mistral,"gemini_flash,mistral_nemo",251,tfidf_logistic_router,197,64,0.3248730964467005,0.8781725888324873,0.765625,-6.25,0.12690355329949238,0.68
gemini_flash_mistral,"gemini_flash,mistral_nemo",251,tfidf_linear_svm_router,197,64,0.3248730964467005,0.8934010152284264,0.8125,-1.5625,0.030456852791878174,0.8333333333333334
gemini_flash_mistral,"gemini_flash,mistral_nemo",251,tfidf_mlp_router,197,64,0.3248730964467005,0.8883248730964467,0.796875,-3.125,0.01015228426395939,0.0
gemini_flash_mistral,"gemini_flash,mistral_nemo",252,always_gemini_flash,197,61,0.3096446700507614,0.8527918781725888,0.7868852459016393,0.0,0.0,
gemini_flash_mistral,"gemini_flash,mistral_nemo",252,oracle,197,61,0.3096446700507614,0.9187817258883249,1.0,21.311475409836067,0.06598984771573604,
gemini_flash_mistral,"gemini_flash,mistral_nemo",252,logistic_router,197,61,0.3096446700507614,0.8324873096446701,0.7213114754098361,-6.5573770491803245,0.16751269035532995,0.696969696969697
gemini_flash_mistral,"gemini_flash,mistral_nemo",252,linear_svm_router,197,61,0.3096446700507614,0.8426395939086294,0.7540983606557377,-3.2786885245901676,0.14720812182741116,0.6896551724137931
gemini_flash_mistral,"gemini_flash,mistral_nemo",252,knn_router,197,61,0.3096446700507614,0.8527918781725888,0.7868852459016393,0.0,0.0,
gemini_flash_mistral,"gemini_flash,mistral_nemo",252,decision_tree_router,197,61,0.3096446700507614,0.8477157360406091,0.7704918032786885,-1.6393442622950838,0.2893401015228426,0.7192982456140351
gemini_flash_mistral,"gemini_flash,mistral_nemo",252,random_forest_router,197,61,0.3096446700507614,0.8629441624365483,0.819672131147541,3.2786885245901676,0.10152284263959391,0.75
gemini_flash_mistral,"gemini_flash,mistral_nemo",252,extra_trees_router,197,61,0.3096446700507614,0.8629441624365483,0.819672131147541,3.2786885245901676,0.2182741116751269,0.7441860465116279
gemini_flash_mistral,"gemini_flash,mistral_nemo",252,mlp_router,197,61,0.3096446700507614,0.8477157360406091,0.7704918032786885,-1.6393442622950838,0.04568527918781726,0.4444444444444444
gemini_flash_mistral,"gemini_flash,mistral_nemo",252,tfidf_logistic_router,197,61,0.3096446700507614,0.8426395939086294,0.7540983606557377,-3.2786885245901676,0.09644670050761421,0.6842105263157895
gemini_flash_mistral,"gemini_flash,mistral_nemo",252,tfidf_linear_svm_router,197,61,0.3096446700507614,0.8527918781725888,0.7868852459016393,0.0,0.02030456852791878,0.75
gemini_flash_mistral,"gemini_flash,mistral_nemo",252,tfidf_mlp_router,197,61,0.3096446700507614,0.8426395939086294,0.7540983606557377,-3.2786885245901676,0.015228426395939087,0.0
gemini_flash_mistral,"gemini_flash,mistral_nemo",253,always_gemini_flash,197,62,0.3147208121827411,0.8375634517766497,0.7903225806451613,0.0,0.0,
gemini_flash_mistral,"gemini_flash,mistral_nemo",253,oracle,197,62,0.3147208121827411,0.9035532994923858,1.0,20.967741935483875,0.06598984771573604,
gemini_flash_mistral,"gemini_flash,mistral_nemo",253,logistic_router,197,62,0.3147208121827411,0.8071065989847716,0.6935483870967742,-9.677419354838701,0.18274111675126903,0.5555555555555556
gemini_flash_mistral,"gemini_flash,mistral_nemo",253,linear_svm_router,197,62,0.3147208121827411,0.8020304568527918,0.6774193548387096,-11.290322580645162,0.14720812182741116,0.5517241379310345
gemini_flash_mistral,"gemini_flash,mistral_nemo",253,knn_router,197,62,0.3147208121827411,0.8375634517766497,0.7903225806451613,0.0,0.0,
gemini_flash_mistral,"gemini_flash,mistral_nemo",253,decision_tree_router,197,62,0.3147208121827411,0.817258883248731,0.7258064516129032,-6.451612903225801,0.19796954314720813,0.6923076923076923
gemini_flash_mistral,"gemini_flash,mistral_nemo",253,random_forest_router,197,62,0.3147208121827411,0.8527918781725888,0.8387096774193549,4.838709677419361,0.07106598984771574,0.7142857142857143
gemini_flash_mistral,"gemini_flash,mistral_nemo",253,extra_trees_router,197,62,0.3147208121827411,0.8426395939086294,0.8064516129032258,1.6129032258064502,0.18781725888324874,0.7027027027027027
gemini_flash_mistral,"gemini_flash,mistral_nemo",253,mlp_router,197,62,0.3147208121827411,0.8223350253807107,0.7419354838709677,-4.8387096774193505,0.07106598984771574,0.5714285714285714
gemini_flash_mistral,"gemini_flash,mistral_nemo",253,tfidf_logistic_router,197,62,0.3147208121827411,0.8375634517766497,0.7903225806451613,0.0,0.07614213197969544,0.6666666666666666
gemini_flash_mistral,"gemini_flash,mistral_nemo",253,tfidf_linear_svm_router,197,62,0.3147208121827411,0.8375634517766497,0.7903225806451613,0.0,0.04060913705583756,0.625
gemini_flash_mistral,"gemini_flash,mistral_nemo",253,tfidf_mlp_router,197,62,0.3147208121827411,0.8426395939086294,0.8064516129032258,1.6129032258064502,0.005076142131979695,1.0
gemini_flash_mistral,"gemini_flash,mistral_nemo",254,always_gemini_flash,197,63,0.3197969543147208,0.8274111675126904,0.7777777777777778,0.0,0.0,
gemini_flash_mistral,"gemini_flash,mistral_nemo",254,oracle,197,63,0.3197969543147208,0.8984771573604061,1.0,22.22222222222222,0.07106598984771574,
gemini_flash_mistral,"gemini_flash,mistral_nemo",254,logistic_router,197,63,0.3197969543147208,0.8020304568527918,0.6984126984126984,-7.936507936507942,0.2233502538071066,0.5909090909090909
gemini_flash_mistral,"gemini_flash,mistral_nemo",254,linear_svm_router,197,63,0.3197969543147208,0.8121827411167513,0.7301587301587301,-4.761904761904767,0.17766497461928935,0.6857142857142857
gemini_flash_mistral,"gemini_flash,mistral_nemo",254,knn_router,197,63,0.3197969543147208,0.8274111675126904,0.7777777777777778,0.0,0.0,
gemini_flash_mistral,"gemini_flash,mistral_nemo",254,decision_tree_router,197,63,0.3197969543147208,0.7868020304568528,0.6507936507936508,-12.698412698412698,0.28426395939086296,0.625
gemini_flash_mistral,"gemini_flash,mistral_nemo",254,random_forest_router,197,63,0.3197969543147208,0.8527918781725888,0.8571428571428571,7.9365079365079305,0.07614213197969544,0.8666666666666667
gemini_flash_mistral,"gemini_flash,mistral_nemo",254,extra_trees_router,197,63,0.3197969543147208,0.8223350253807107,0.7619047619047619,-1.5873015873015928,0.27411167512690354,0.6851851851851852
gemini_flash_mistral,"gemini_flash,mistral_nemo",254,mlp_router,197,63,0.3197969543147208,0.817258883248731,0.746031746031746,-3.1746031746031744,0.015228426395939087,0.0
gemini_flash_mistral,"gemini_flash,mistral_nemo",254,tfidf_logistic_router,197,63,0.3197969543147208,0.817258883248731,0.746031746031746,-3.1746031746031744,0.12690355329949238,0.64
gemini_flash_mistral,"gemini_flash,mistral_nemo",254,tfidf_linear_svm_router,197,63,0.3197969543147208,0.8274111675126904,0.7777777777777778,0.0,0.025380710659898477,0.6
gemini_flash_mistral,"gemini_flash,mistral_nemo",254,tfidf_mlp_router,197,63,0.3197969543147208,0.8324873096446701,0.7936507936507936,1.5873015873015817,0.005076142131979695,1.0
gemini_flash_mistral,"gemini_flash,mistral_nemo",255,always_gemini_flash,197,60,0.30456852791878175,0.868020304568528,0.85,0.0,0.0,
gemini_flash_mistral,"gemini_flash,mistral_nemo",255,oracle,197,60,0.30456852791878175,0.9137055837563451,1.0,15.000000000000002,0.04568527918781726,
gemini_flash_mistral,"gemini_flash,mistral_nemo",255,logistic_router,197,60,0.30456852791878175,0.8274111675126904,0.7166666666666667,-13.33333333333333,0.2182741116751269,0.6046511627906976
gemini_flash_mistral,"gemini_flash,mistral_nemo",255,linear_svm_router,197,60,0.30456852791878175,0.8223350253807107,0.7,-15.000000000000002,0.18781725888324874,0.5405405405405406
gemini_flash_mistral,"gemini_flash,mistral_nemo",255,knn_router,197,60,0.30456852791878175,0.868020304568528,0.85,0.0,0.0,
gemini_flash_mistral,"gemini_flash,mistral_nemo",255,decision_tree_router,197,60,0.30456852791878175,0.8071065989847716,0.65,-19.999999999999996,0.3299492385786802,0.6153846153846154
gemini_flash_mistral,"gemini_flash,mistral_nemo",255,random_forest_router,197,60,0.30456852791878175,0.8730964467005076,0.8666666666666667,1.6666666666666718,0.09644670050761421,0.7368421052631579
gemini_flash_mistral,"gemini_flash,mistral_nemo",255,extra_trees_router,197,60,0.30456852791878175,0.8375634517766497,0.75,-9.999999999999998,0.24873096446700507,0.6938775510204082
gemini_flash_mistral,"gemini_flash,mistral_nemo",255,mlp_router,197,60,0.30456852791878175,0.8730964467005076,0.8666666666666667,1.6666666666666718,0.050761421319796954,0.7
gemini_flash_mistral,"gemini_flash,mistral_nemo",255,tfidf_logistic_router,197,60,0.30456852791878175,0.868020304568528,0.85,0.0,0.12690355329949238,0.76
gemini_flash_mistral,"gemini_flash,mistral_nemo",255,tfidf_linear_svm_router,197,60,0.30456852791878175,0.8781725888324873,0.8833333333333333,3.3333333333333326,0.025380710659898477,1.0
gemini_flash_mistral,"gemini_flash,mistral_nemo",255,tfidf_mlp_router,197,60,0.30456852791878175,0.8629441624365483,0.8333333333333334,-1.6666666666666607,0.005076142131979695,0.0
gemini_flash_mistral,"gemini_flash,mistral_nemo",256,always_gemini_flash,197,75,0.38071065989847713,0.8781725888324873,0.84,0.0,0.0,
gemini_flash_mistral,"gemini_flash,mistral_nemo",256,oracle,197,75,0.38071065989847713,0.9390862944162437,1.0,16.000000000000004,0.06091370558375635,
gemini_flash_mistral,"gemini_flash,mistral_nemo",256,logistic_router,197,75,0.38071065989847713,0.8223350253807107,0.6933333333333334,-14.66666666666666,0.20304568527918782,0.575
gemini_flash_mistral,"gemini_flash,mistral_nemo",256,linear_svm_router,197,75,0.38071065989847713,0.8375634517766497,0.7333333333333333,-10.666666666666668,0.1319796954314721,0.5769230769230769
gemini_flash_mistral,"gemini_flash,mistral_nemo",256,knn_router,197,75,0.38071065989847713,0.8781725888324873,0.84,0.0,0.0,
gemini_flash_mistral,"gemini_flash,mistral_nemo",256,decision_tree_router,197,75,0.38071065989847713,0.8223350253807107,0.6933333333333334,-14.66666666666666,0.2639593908629442,0.6346153846153846
gemini_flash_mistral,"gemini_flash,mistral_nemo",256,random_forest_router,197,75,0.38071065989847713,0.8730964467005076,0.8266666666666667,-1.3333333333333308,0.09137055837563451,0.6111111111111112
gemini_flash_mistral,"gemini_flash,mistral_nemo",256,extra_trees_router,197,75,0.38071065989847713,0.8578680203045685,0.7866666666666666,-5.333333333333334,0.2182741116751269,0.6511627906976745
gemini_flash_mistral,"gemini_flash,mistral_nemo",256,mlp_router,197,75,0.38071065989847713,0.8730964467005076,0.8266666666666667,-1.3333333333333308,0.06091370558375635,0.6666666666666666
gemini_flash_mistral,"gemini_flash,mistral_nemo",256,tfidf_logistic_router,197,75,0.38071065989847713,0.8426395939086294,0.7466666666666667,-9.333333333333327,0.1065989847715736,0.5714285714285714
gemini_flash_mistral,"gemini_flash,mistral_nemo",256,tfidf_linear_svm_router,197,75,0.38071065989847713,0.8527918781725888,0.7733333333333333,-6.666666666666665,0.03553299492385787,0.2857142857142857
gemini_flash_mistral,"gemini_flash,mistral_nemo",256,tfidf_mlp_router,197,75,0.38071065989847713,0.8629441624365483,0.8,-3.9999999999999925,0.015228426395939087,0.0
gemini_flash_mistral,"gemini_flash,mistral_nemo",257,always_gemini_flash,197,63,0.3197969543147208,0.9137055837563451,0.8571428571428571,0.0,0.0,
gemini_flash_mistral,"gemini_flash,mistral_nemo",257,oracle,197,63,0.3197969543147208,0.9593908629441624,1.0,14.28571428571429,0.04568527918781726,
gemini_flash_mistral,"gemini_flash,mistral_nemo",257,logistic_router,197,63,0.3197969543147208,0.8629441624365483,0.6984126984126984,-15.873015873015872,0.24873096446700507,0.6122448979591837
gemini_flash_mistral,"gemini_flash,mistral_nemo",257,linear_svm_router,197,63,0.3197969543147208,0.8730964467005076,0.7301587301587301,-12.698412698412698,0.20304568527918782,0.675
gemini_flash_mistral,"gemini_flash,mistral_nemo",257,knn_router,197,63,0.3197969543147208,0.9137055837563451,0.8571428571428571,0.0,0.0,
gemini_flash_mistral,"gemini_flash,mistral_nemo",257,decision_tree_router,197,63,0.3197969543147208,0.868020304568528,0.7142857142857143,-14.28571428571428,0.26903553299492383,0.6792452830188679
gemini_flash_mistral,"gemini_flash,mistral_nemo",257,random_forest_router,197,63,0.3197969543147208,0.9086294416243654,0.8412698412698413,-1.5873015873015817,0.1065989847715736,0.6666666666666666
gemini_flash_mistral,"gemini_flash,mistral_nemo",257,extra_trees_router,197,63,0.3197969543147208,0.8883248730964467,0.7777777777777778,-7.9365079365079305,0.2182741116751269,0.7209302325581395
gemini_flash_mistral,"gemini_flash,mistral_nemo",257,mlp_router,197,63,0.3197969543147208,0.9035532994923858,0.8253968253968254,-3.1746031746031744,0.07106598984771574,0.6428571428571429
gemini_flash_mistral,"gemini_flash,mistral_nemo",257,tfidf_logistic_router,197,63,0.3197969543147208,0.8984771573604061,0.8095238095238095,-4.761904761904756,0.1319796954314721,0.7307692307692307
gemini_flash_mistral,"gemini_flash,mistral_nemo",257,tfidf_linear_svm_router,197,63,0.3197969543147208,0.8984771573604061,0.8095238095238095,-4.761904761904756,0.03553299492385787,0.5714285714285714
gemini_flash_mistral,"gemini_flash,mistral_nemo",257,tfidf_mlp_router,197,63,0.3197969543147208,0.9035532994923858,0.8253968253968254,-3.1746031746031744,0.015228426395939087,0.3333333333333333
gemini_flash_mistral,"gemini_flash,mistral_nemo",258,always_gemini_flash,197,68,0.34517766497461927,0.883248730964467,0.8382352941176471,0.0,0.0,
gemini_flash_mistral,"gemini_flash,mistral_nemo",258,oracle,197,68,0.34517766497461927,0.9390862944162437,1.0,16.176470588235293,0.05583756345177665,
gemini_flash_mistral,"gemini_flash,mistral_nemo",258,logistic_router,197,68,0.34517766497461927,0.8883248730964467,0.8529411764705882,1.4705882352941124,0.19796954314720813,0.8205128205128205
gemini_flash_mistral,"gemini_flash,mistral_nemo",258,linear_svm_router,197,68,0.34517766497461927,0.883248730964467,0.8382352941176471,0.0,0.14720812182741116,0.896551724137931
gemini_flash_mistral,"gemini_flash,mistral_nemo",258,knn_router,197,68,0.34517766497461927,0.883248730964467,0.8382352941176471,0.0,0.0,
gemini_flash_mistral,"gemini_flash,mistral_nemo",258,decision_tree_router,197,68,0.34517766497461927,0.8730964467005076,0.8088235294117647,-2.941176470588236,0.25380710659898476,0.78
gemini_flash_mistral,"gemini_flash,mistral_nemo",258,random_forest_router,197,68,0.34517766497461927,0.8934010152284264,0.8676470588235294,2.941176470588236,0.08121827411167512,0.8125
gemini_flash_mistral,"gemini_flash,mistral_nemo",258,extra_trees_router,197,68,0.34517766497461927,0.8984771573604061,0.8823529411764706,4.411764705882348,0.23857868020304568,0.8297872340425532
gemini_flash_mistral,"gemini_flash,mistral_nemo",258,mlp_router,197,68,0.34517766497461927,0.868020304568528,0.7941176470588235,-4.4117647058823595,0.06091370558375635,0.6666666666666666
gemini_flash_mistral,"gemini_flash,mistral_nemo",258,tfidf_logistic_router,197,68,0.34517766497461927,0.8883248730964467,0.8529411764705882,1.4705882352941124,0.1065989847715736,0.7619047619047619
gemini_flash_mistral,"gemini_flash,mistral_nemo",258,tfidf_linear_svm_router,197,68,0.34517766497461927,0.883248730964467,0.8382352941176471,0.0,0.02030456852791878,0.5
gemini_flash_mistral,"gemini_flash,mistral_nemo",258,tfidf_mlp_router,197,68,0.34517766497461927,0.8730964467005076,0.8088235294117647,-2.941176470588236,0.015228426395939087,0.0
