policy,accuracy,avg_cost,utility,regret,route_acc,group,models,seed
always_gemini_flash_lite,0.9238578680203046,0.00011875888324873097,0.9238578680203046,0.02030456852791878,0.9796954314720813,2model_gemini_flash_lite_qwen_30b,"gemini_flash_lite,qwen_30b",229
always_qwen_30b,0.883248730964467,2.4050889340101523e-05,0.883248730964467,0.06091370558375635,0.02030456852791878,2model_gemini_flash_lite_qwen_30b,"gemini_flash_lite,qwen_30b",229
oracle,0.9441624365482234,0.00011601099695431473,0.9441624365482234,0.0,1.0,2model_gemini_flash_lite_qwen_30b,"gemini_flash_lite,qwen_30b",229
random,0.9035532994923858,6.888950659898476e-05,0.9035532994923858,0.04060913705583756,0.4720812182741117,2model_gemini_flash_lite_qwen_30b,"gemini_flash_lite,qwen_30b",229
correctness_logistic,0.9035532994923858,8.450798984771572e-05,0.9035532994923858,0.04060913705583756,0.5939086294416244,2model_gemini_flash_lite_qwen_30b,"gemini_flash_lite,qwen_30b",229
correctness_random_forest,0.9137055837563451,8.300667005076141e-05,0.9137055837563451,0.030456852791878174,0.5532994923857868,2model_gemini_flash_lite_qwen_30b,"gemini_flash_lite,qwen_30b",229
correctness_extra_trees,0.9137055837563451,7.379799796954316e-05,0.9137055837563451,0.030456852791878174,0.49238578680203043,2model_gemini_flash_lite_qwen_30b,"gemini_flash_lite,qwen_30b",229
correctness_tfidf_logistic,0.9035532994923858,8.376208527918782e-05,0.9035532994923858,0.04060913705583756,0.5939086294416244,2model_gemini_flash_lite_qwen_30b,"gemini_flash_lite,qwen_30b",229
always_gemini_flash_lite,0.9593908629441624,0.00012148604060913703,0.9593908629441624,0.02030456852791878,0.9796954314720813,2model_gemini_flash_lite_qwen_30b,"gemini_flash_lite,qwen_30b",230
always_qwen_30b,0.9187817258883249,2.5177516751269037e-05,0.9187817258883249,0.06091370558375635,0.02030456852791878,2model_gemini_flash_lite_qwen_30b,"gemini_flash_lite,qwen_30b",230
oracle,0.9796954314720813,0.00011917422538071066,0.9796954314720813,0.0,1.0,2model_gemini_flash_lite_qwen_30b,"gemini_flash_lite,qwen_30b",230
random,0.9390862944162437,7.696675736040609e-05,0.9390862944162437,0.04060913705583756,0.5076142131979695,2model_gemini_flash_lite_qwen_30b,"gemini_flash_lite,qwen_30b",230
correctness_logistic,0.9289340101522843,7.320864162436549e-05,0.9289340101522843,0.050761421319796954,0.467005076142132,2model_gemini_flash_lite_qwen_30b,"gemini_flash_lite,qwen_30b",230
correctness_random_forest,0.934010152284264,7.627203451776651e-05,0.934010152284264,0.04568527918781726,0.49238578680203043,2model_gemini_flash_lite_qwen_30b,"gemini_flash_lite,qwen_30b",230
correctness_extra_trees,0.9187817258883249,7.03811269035533e-05,0.9187817258883249,0.06091370558375635,0.4213197969543147,2model_gemini_flash_lite_qwen_30b,"gemini_flash_lite,qwen_30b",230
correctness_tfidf_logistic,0.934010152284264,7.575792893401014e-05,0.934010152284264,0.04568527918781726,0.49746192893401014,2model_gemini_flash_lite_qwen_30b,"gemini_flash_lite,qwen_30b",230
always_gemini_flash_lite,0.949238578680203,0.00011937563451776651,0.949238578680203,0.02030456852791878,0.9796954314720813,2model_gemini_flash_lite_qwen_30b,"gemini_flash_lite,qwen_30b",231
always_qwen_30b,0.9086294416243654,2.4685005076142135e-05,0.9086294416243654,0.06091370558375635,0.02030456852791878,2model_gemini_flash_lite_qwen_30b,"gemini_flash_lite,qwen_30b",231
oracle,0.9695431472081218,0.00011685009340101523,0.9695431472081218,0.0,1.0,2model_gemini_flash_lite_qwen_30b,"gemini_flash_lite,qwen_30b",231
random,0.934010152284264,6.999206294416243e-05,0.934010152284264,0.03553299492385787,0.5025380710659898,2model_gemini_flash_lite_qwen_30b,"gemini_flash_lite,qwen_30b",231
correctness_logistic,0.9238578680203046,6.932709644670049e-05,0.9238578680203046,0.04568527918781726,0.43147208121827413,2model_gemini_flash_lite_qwen_30b,"gemini_flash_lite,qwen_30b",231
correctness_random_forest,0.934010152284264,7.563020304568528e-05,0.934010152284264,0.03553299492385787,0.4873096446700508,2model_gemini_flash_lite_qwen_30b,"gemini_flash_lite,qwen_30b",231
correctness_extra_trees,0.9035532994923858,6.451705177664975e-05,0.9035532994923858,0.06598984771573604,0.3553299492385787,2model_gemini_flash_lite_qwen_30b,"gemini_flash_lite,qwen_30b",231
correctness_tfidf_logistic,0.9289340101522843,7.697947005076143e-05,0.9289340101522843,0.04060913705583756,0.5126903553299492,2model_gemini_flash_lite_qwen_30b,"gemini_flash_lite,qwen_30b",231
always_gemini_flash_lite,0.9390862944162437,0.00012262690355329948,0.9390862944162437,0.03553299492385787,0.9644670050761421,2model_gemini_flash_lite_qwen_30b,"gemini_flash_lite,qwen_30b",232
always_qwen_30b,0.9035532994923858,2.511733604060913e-05,0.9035532994923858,0.07106598984771574,0.03553299492385787,2model_gemini_flash_lite_qwen_30b,"gemini_flash_lite,qwen_30b",232
oracle,0.9746192893401016,0.00011773442233502539,0.9746192893401016,0.0,1.0,2model_gemini_flash_lite_qwen_30b,"gemini_flash_lite,qwen_30b",232
random,0.9238578680203046,7.567547817258883e-05,0.9238578680203046,0.050761421319796954,0.49238578680203043,2model_gemini_flash_lite_qwen_30b,"gemini_flash_lite,qwen_30b",232
correctness_logistic,0.9187817258883249,7.891029644670051e-05,0.9187817258883249,0.05583756345177665,0.5025380710659898,2model_gemini_flash_lite_qwen_30b,"gemini_flash_lite,qwen_30b",232
correctness_random_forest,0.9137055837563451,9.013226802030458e-05,0.9137055837563451,0.06091370558375635,0.5685279187817259,2model_gemini_flash_lite_qwen_30b,"gemini_flash_lite,qwen_30b",232
correctness_extra_trees,0.9086294416243654,8.399337461928935e-05,0.9086294416243654,0.06598984771573604,0.5076142131979695,2model_gemini_flash_lite_qwen_30b,"gemini_flash_lite,qwen_30b",232
correctness_tfidf_logistic,0.9086294416243654,8.200827208121826e-05,0.9086294416243654,0.06598984771573604,0.5329949238578681,2model_gemini_flash_lite_qwen_30b,"gemini_flash_lite,qwen_30b",232
always_gemini_flash_lite,0.949238578680203,0.00012163578680203047,0.949238578680203,0.030456852791878174,0.9695431472081218,2model_gemini_flash_lite_qwen_30b,"gemini_flash_lite,qwen_30b",233
always_qwen_30b,0.9137055837563451,2.5185965482233502e-05,0.9137055837563451,0.06598984771573604,0.030456852791878174,2model_gemini_flash_lite_qwen_30b,"gemini_flash_lite,qwen_30b",233
oracle,0.9796954314720813,0.00011706484060913704,0.9796954314720813,0.0,1.0,2model_gemini_flash_lite_qwen_30b,"gemini_flash_lite,qwen_30b",233
random,0.9289340101522843,6.830356954314721e-05,0.9289340101522843,0.050761421319796954,0.47715736040609136,2model_gemini_flash_lite_qwen_30b,"gemini_flash_lite,qwen_30b",233
correctness_logistic,0.9441624365482234,7.669489340101523e-05,0.9441624365482234,0.03553299492385787,0.49238578680203043,2model_gemini_flash_lite_qwen_30b,"gemini_flash_lite,qwen_30b",233
correctness_random_forest,0.9441624365482234,8.447746192893401e-05,0.9441624365482234,0.03553299492385787,0.5634517766497462,2model_gemini_flash_lite_qwen_30b,"gemini_flash_lite,qwen_30b",233
correctness_extra_trees,0.934010152284264,7.601291979695432e-05,0.934010152284264,0.04568527918781726,0.48223350253807107,2model_gemini_flash_lite_qwen_30b,"gemini_flash_lite,qwen_30b",233
correctness_tfidf_logistic,0.9441624365482234,7.856023350253807e-05,0.9441624365482234,0.03553299492385787,0.5177664974619289,2model_gemini_flash_lite_qwen_30b,"gemini_flash_lite,qwen_30b",233
always_gemini_flash_lite,0.9238578680203046,0.00011875888324873097,0.9238578680203046,0.02030456852791878,0.9796954314720813,2model_gemini_flash_lite_llama_70b,"gemini_flash_lite,llama_70b",229
always_llama_70b,0.8781725888324873,5.466173604060913e-05,0.8781725888324873,0.06598984771573604,0.02030456852791878,2model_gemini_flash_lite_llama_70b,"gemini_flash_lite,llama_70b",229
oracle,0.9441624365482234,0.00011662601522842641,0.9441624365482234,0.0,1.0,2model_gemini_flash_lite_llama_70b,"gemini_flash_lite,llama_70b",229
random,0.8984771573604061,8.404247715736041e-05,0.8984771573604061,0.04568527918781726,0.48223350253807107,2model_gemini_flash_lite_llama_70b,"gemini_flash_lite,llama_70b",229
correctness_logistic,0.9137055837563451,8.679775126903555e-05,0.9137055837563451,0.030456852791878174,0.5025380710659898,2model_gemini_flash_lite_llama_70b,"gemini_flash_lite,llama_70b",229
correctness_random_forest,0.9187817258883249,8.80108223350254e-05,0.9187817258883249,0.025380710659898477,0.5228426395939086,2model_gemini_flash_lite_llama_70b,"gemini_flash_lite,llama_70b",229
correctness_extra_trees,0.9187817258883249,8.80454416243655e-05,0.9187817258883249,0.025380710659898477,0.5025380710659898,2model_gemini_flash_lite_llama_70b,"gemini_flash_lite,llama_70b",229
correctness_tfidf_logistic,0.9187817258883249,8.694419289340103e-05,0.9187817258883249,0.025380710659898477,0.5279187817258884,2model_gemini_flash_lite_llama_70b,"gemini_flash_lite,llama_70b",229
always_gemini_flash_lite,0.9593908629441624,0.00012148604060913703,0.9593908629441624,0.015228426395939087,0.9847715736040609,2model_gemini_flash_lite_llama_70b,"gemini_flash_lite,llama_70b",230
always_llama_70b,0.9187817258883249,5.905986294416244e-05,0.9187817258883249,0.05583756345177665,0.015228426395939087,2model_gemini_flash_lite_llama_70b,"gemini_flash_lite,llama_70b",230
oracle,0.9746192893401016,0.00012006208121827411,0.9746192893401016,0.0,1.0,2model_gemini_flash_lite_llama_70b,"gemini_flash_lite,llama_70b",230
random,0.934010152284264,9.235471065989847e-05,0.934010152284264,0.04060913705583756,0.5126903553299492,2model_gemini_flash_lite_llama_70b,"gemini_flash_lite,llama_70b",230
correctness_logistic,0.9543147208121827,9.424849746192893e-05,0.9543147208121827,0.02030456852791878,0.4720812182741117,2model_gemini_flash_lite_llama_70b,"gemini_flash_lite,llama_70b",230
correctness_random_forest,0.949238578680203,9.696714720812183e-05,0.949238578680203,0.025380710659898477,0.5431472081218274,2model_gemini_flash_lite_llama_70b,"gemini_flash_lite,llama_70b",230
correctness_extra_trees,0.949238578680203,9.577456345177663e-05,0.949238578680203,0.025380710659898477,0.49238578680203043,2model_gemini_flash_lite_llama_70b,"gemini_flash_lite,llama_70b",230
correctness_tfidf_logistic,0.9593908629441624,9.538554822335024e-05,0.9593908629441624,0.015228426395939087,0.5025380710659898,2model_gemini_flash_lite_llama_70b,"gemini_flash_lite,llama_70b",230
always_gemini_flash_lite,0.949238578680203,0.00011937563451776651,0.949238578680203,0.030456852791878174,0.9695431472081218,2model_gemini_flash_lite_llama_70b,"gemini_flash_lite,llama_70b",231
always_llama_70b,0.9289340101522843,5.2613131979695435e-05,0.9289340101522843,0.050761421319796954,0.030456852791878174,2model_gemini_flash_lite_llama_70b,"gemini_flash_lite,llama_70b",231
oracle,0.9796954314720813,0.00011826692385786804,0.9796954314720813,0.0,1.0,2model_gemini_flash_lite_llama_70b,"gemini_flash_lite,llama_70b",231
random,0.9543147208121827,8.43105989847716e-05,0.9543147208121827,0.025380710659898477,0.5126903553299492,2model_gemini_flash_lite_llama_70b,"gemini_flash_lite,llama_70b",231
correctness_logistic,0.9441624365482234,7.649883248730965e-05,0.9441624365482234,0.03553299492385787,0.4010152284263959,2model_gemini_flash_lite_llama_70b,"gemini_flash_lite,llama_70b",231
correctness_random_forest,0.9543147208121827,7.967649238578681e-05,0.9543147208121827,0.025380710659898477,0.4517766497461929,2model_gemini_flash_lite_llama_70b,"gemini_flash_lite,llama_70b",231
correctness_extra_trees,0.9441624365482234,7.902331472081219e-05,0.9441624365482234,0.03553299492385787,0.4213197969543147,2model_gemini_flash_lite_llama_70b,"gemini_flash_lite,llama_70b",231
correctness_tfidf_logistic,0.9390862944162437,7.908017766497462e-05,0.9390862944162437,0.04060913705583756,0.4517766497461929,2model_gemini_flash_lite_llama_70b,"gemini_flash_lite,llama_70b",231
always_gemini_flash_lite,0.9390862944162437,0.00012262690355329948,0.9390862944162437,0.025380710659898477,0.9746192893401016,2model_gemini_flash_lite_llama_70b,"gemini_flash_lite,llama_70b",232
always_llama_70b,0.9035532994923858,5.291847715736041e-05,0.9035532994923858,0.06091370558375635,0.025380710659898477,2model_gemini_flash_lite_llama_70b,"gemini_flash_lite,llama_70b",232
oracle,0.9644670050761421,0.00011953751269035533,0.9644670050761421,0.0,1.0,2model_gemini_flash_lite_llama_70b,"gemini_flash_lite,llama_70b",232
random,0.934010152284264,8.914723350253806e-05,0.934010152284264,0.030456852791878174,0.5126903553299492,2model_gemini_flash_lite_llama_70b,"gemini_flash_lite,llama_70b",232
correctness_logistic,0.9289340101522843,8.293467005076142e-05,0.9289340101522843,0.03553299492385787,0.39593908629441626,2model_gemini_flash_lite_llama_70b,"gemini_flash_lite,llama_70b",232
correctness_random_forest,0.9441624365482234,9.598906091370559e-05,0.9441624365482234,0.02030456852791878,0.5532994923857868,2model_gemini_flash_lite_llama_70b,"gemini_flash_lite,llama_70b",232
correctness_extra_trees,0.9289340101522843,8.555865482233502e-05,0.9289340101522843,0.03553299492385787,0.43147208121827413,2model_gemini_flash_lite_llama_70b,"gemini_flash_lite,llama_70b",232
correctness_tfidf_logistic,0.9289340101522843,8.716383248730964e-05,0.9289340101522843,0.03553299492385787,0.4416243654822335,2model_gemini_flash_lite_llama_70b,"gemini_flash_lite,llama_70b",232
always_gemini_flash_lite,0.949238578680203,0.00012163578680203047,0.949238578680203,0.015228426395939087,0.9847715736040609,2model_gemini_flash_lite_llama_70b,"gemini_flash_lite,llama_70b",233
always_llama_70b,0.8984771573604061,5.5636507614213196e-05,0.8984771573604061,0.06598984771573604,0.015228426395939087,2model_gemini_flash_lite_llama_70b,"gemini_flash_lite,llama_70b",233
oracle,0.9644670050761421,0.00012080263959390862,0.9644670050761421,0.0,1.0,2model_gemini_flash_lite_llama_70b,"gemini_flash_lite,llama_70b",233
random,0.9289340101522843,8.579378172588834e-05,0.9289340101522843,0.03553299492385787,0.48223350253807107,2model_gemini_flash_lite_llama_70b,"gemini_flash_lite,llama_70b",233
correctness_logistic,0.9390862944162437,9.227619796954314e-05,0.9390862944162437,0.025380710659898477,0.5279187817258884,2model_gemini_flash_lite_llama_70b,"gemini_flash_lite,llama_70b",233
correctness_random_forest,0.9543147208121827,8.778553807106599e-05,0.9543147208121827,0.01015228426395939,0.5431472081218274,2model_gemini_flash_lite_llama_70b,"gemini_flash_lite,llama_70b",233
correctness_extra_trees,0.949238578680203,8.791629949238578e-05,0.949238578680203,0.015228426395939087,0.4873096446700508,2model_gemini_flash_lite_llama_70b,"gemini_flash_lite,llama_70b",233
correctness_tfidf_logistic,0.9390862944162437,9.501962436548224e-05,0.9390862944162437,0.025380710659898477,0.5786802030456852,2model_gemini_flash_lite_llama_70b,"gemini_flash_lite,llama_70b",233
always_gemini_flash_lite,0.9238578680203046,0.00011875888324873097,0.9238578680203046,0.015228426395939087,0.9847715736040609,2model_gemini_flash_lite_deepseek_v3,"gemini_flash_lite,deepseek_v3",229
always_deepseek_v3,0.9137055837563451,6.778710659898477e-05,0.9137055837563451,0.025380710659898477,0.015228426395939087,2model_gemini_flash_lite_deepseek_v3,"gemini_flash_lite,deepseek_v3",229
oracle,0.9390862944162437,0.0001169994923857868,0.9390862944162437,0.0,1.0,2model_gemini_flash_lite_deepseek_v3,"gemini_flash_lite,deepseek_v3",229
random,0.9187817258883249,9.123255837563453e-05,0.9187817258883249,0.02030456852791878,0.467005076142132,2model_gemini_flash_lite_deepseek_v3,"gemini_flash_lite,deepseek_v3",229
correctness_logistic,0.9238578680203046,9.389583756345176e-05,0.9238578680203046,0.015228426395939087,0.5025380710659898,2model_gemini_flash_lite_deepseek_v3,"gemini_flash_lite,deepseek_v3",229
correctness_random_forest,0.9187817258883249,9.3824e-05,0.9187817258883249,0.02030456852791878,0.48223350253807107,2model_gemini_flash_lite_deepseek_v3,"gemini_flash_lite,deepseek_v3",229
correctness_extra_trees,0.9289340101522843,8.904590862944162e-05,0.9289340101522843,0.01015228426395939,0.41624365482233505,2model_gemini_flash_lite_deepseek_v3,"gemini_flash_lite,deepseek_v3",229
correctness_tfidf_logistic,0.9187817258883249,9.407857868020303e-05,0.9187817258883249,0.02030456852791878,0.49238578680203043,2model_gemini_flash_lite_deepseek_v3,"gemini_flash_lite,deepseek_v3",229
always_gemini_flash_lite,0.9593908629441624,0.00012148604060913703,0.9593908629441624,0.02030456852791878,0.9796954314720813,2model_gemini_flash_lite_deepseek_v3,"gemini_flash_lite,deepseek_v3",230
always_deepseek_v3,0.9289340101522843,7.100308629441626e-05,0.9289340101522843,0.050761421319796954,0.02030456852791878,2model_gemini_flash_lite_deepseek_v3,"gemini_flash_lite,deepseek_v3",230
oracle,0.9796954314720813,0.00012032989847715733,0.9796954314720813,0.0,1.0,2model_gemini_flash_lite_deepseek_v3,"gemini_flash_lite,deepseek_v3",230
random,0.9543147208121827,9.766847715736042e-05,0.9543147208121827,0.025380710659898477,0.5177664974619289,2model_gemini_flash_lite_deepseek_v3,"gemini_flash_lite,deepseek_v3",230
correctness_logistic,0.9543147208121827,9.819412182741116e-05,0.9543147208121827,0.025380710659898477,0.5126903553299492,2model_gemini_flash_lite_deepseek_v3,"gemini_flash_lite,deepseek_v3",230
correctness_random_forest,0.934010152284264,9.993973604060914e-05,0.934010152284264,0.04568527918781726,0.5380710659898477,2model_gemini_flash_lite_deepseek_v3,"gemini_flash_lite,deepseek_v3",230
correctness_extra_trees,0.949238578680203,9.586931979695431e-05,0.949238578680203,0.030456852791878174,0.45685279187817257,2model_gemini_flash_lite_deepseek_v3,"gemini_flash_lite,deepseek_v3",230
correctness_tfidf_logistic,0.9593908629441624,9.854685279187816e-05,0.9593908629441624,0.02030456852791878,0.5380710659898477,2model_gemini_flash_lite_deepseek_v3,"gemini_flash_lite,deepseek_v3",230
always_gemini_flash_lite,0.949238578680203,0.00011937563451776651,0.949238578680203,0.005076142131979695,0.9949238578680203,2model_gemini_flash_lite_deepseek_v3,"gemini_flash_lite,deepseek_v3",231
always_deepseek_v3,0.8984771573604061,6.883886294416244e-05,0.8984771573604061,0.05583756345177665,0.005076142131979695,2model_gemini_flash_lite_deepseek_v3,"gemini_flash_lite,deepseek_v3",231
oracle,0.9543147208121827,0.00011879649746192893,0.9543147208121827,0.0,1.0,2model_gemini_flash_lite_deepseek_v3,"gemini_flash_lite,deepseek_v3",231
random,0.9137055837563451,9.259613197969542e-05,0.9137055837563451,0.04060913705583756,0.49746192893401014,2model_gemini_flash_lite_deepseek_v3,"gemini_flash_lite,deepseek_v3",231
correctness_logistic,0.9390862944162437,9.343513705583756e-05,0.9390862944162437,0.015228426395939087,0.4416243654822335,2model_gemini_flash_lite_deepseek_v3,"gemini_flash_lite,deepseek_v3",231
correctness_random_forest,0.949238578680203,9.422008121827412e-05,0.949238578680203,0.005076142131979695,0.4416243654822335,2model_gemini_flash_lite_deepseek_v3,"gemini_flash_lite,deepseek_v3",231
correctness_extra_trees,0.934010152284264,9.09210152284264e-05,0.934010152284264,0.02030456852791878,0.38578680203045684,2model_gemini_flash_lite_deepseek_v3,"gemini_flash_lite,deepseek_v3",231
correctness_tfidf_logistic,0.9390862944162437,9.425248730964467e-05,0.9390862944162437,0.015228426395939087,0.4517766497461929,2model_gemini_flash_lite_deepseek_v3,"gemini_flash_lite,deepseek_v3",231
always_gemini_flash_lite,0.9390862944162437,0.00012262690355329948,0.9390862944162437,0.015228426395939087,0.9847715736040609,2model_gemini_flash_lite_deepseek_v3,"gemini_flash_lite,deepseek_v3",232
always_deepseek_v3,0.8934010152284264,7.1633269035533e-05,0.8934010152284264,0.06091370558375635,0.015228426395939087,2model_gemini_flash_lite_deepseek_v3,"gemini_flash_lite,deepseek_v3",232
oracle,0.9543147208121827,0.00012115233502538071,0.9543147208121827,0.0,1.0,2model_gemini_flash_lite_deepseek_v3,"gemini_flash_lite,deepseek_v3",232
random,0.9187817258883249,9.865201015228426e-05,0.9187817258883249,0.03553299492385787,0.49238578680203043,2model_gemini_flash_lite_deepseek_v3,"gemini_flash_lite,deepseek_v3",232
correctness_logistic,0.934010152284264,9.975865989847715e-05,0.934010152284264,0.02030456852791878,0.5025380710659898,2model_gemini_flash_lite_deepseek_v3,"gemini_flash_lite,deepseek_v3",232
correctness_random_forest,0.9187817258883249,0.00010082264974619289,0.9187817258883249,0.03553299492385787,0.5228426395939086,2model_gemini_flash_lite_deepseek_v3,"gemini_flash_lite,deepseek_v3",232
correctness_extra_trees,0.9137055837563451,9.896510659898478e-05,0.9137055837563451,0.04060913705583756,0.4619289340101523,2model_gemini_flash_lite_deepseek_v3,"gemini_flash_lite,deepseek_v3",232
correctness_tfidf_logistic,0.9289340101522843,9.818009137055838e-05,0.9289340101522843,0.025380710659898477,0.48223350253807107,2model_gemini_flash_lite_deepseek_v3,"gemini_flash_lite,deepseek_v3",232
always_gemini_flash_lite,0.949238578680203,0.00012163578680203047,0.949238578680203,0.02030456852791878,0.9796954314720813,2model_gemini_flash_lite_deepseek_v3,"gemini_flash_lite,deepseek_v3",233
always_deepseek_v3,0.9137055837563451,7.156977664974619e-05,0.9137055837563451,0.05583756345177665,0.02030456852791878,2model_gemini_flash_lite_deepseek_v3,"gemini_flash_lite,deepseek_v3",233
oracle,0.9695431472081218,0.00012030883248730965,0.9695431472081218,0.0,1.0,2model_gemini_flash_lite_deepseek_v3,"gemini_flash_lite,deepseek_v3",233
random,0.934010152284264,9.652459898477157e-05,0.934010152284264,0.03553299492385787,0.47715736040609136,2model_gemini_flash_lite_deepseek_v3,"gemini_flash_lite,deepseek_v3",233
correctness_logistic,0.934010152284264,9.514821319796954e-05,0.934010152284264,0.03553299492385787,0.47715736040609136,2model_gemini_flash_lite_deepseek_v3,"gemini_flash_lite,deepseek_v3",233
correctness_random_forest,0.9441624365482234,9.433574619289339e-05,0.9441624365482234,0.025380710659898477,0.45685279187817257,2model_gemini_flash_lite_deepseek_v3,"gemini_flash_lite,deepseek_v3",233
correctness_extra_trees,0.9441624365482234,9.255264974619287e-05,0.9441624365482234,0.025380710659898477,0.4467005076142132,2model_gemini_flash_lite_deepseek_v3,"gemini_flash_lite,deepseek_v3",233
correctness_tfidf_logistic,0.9441624365482234,9.94710964467005e-05,0.9441624365482234,0.025380710659898477,0.5939086294416244,2model_gemini_flash_lite_deepseek_v3,"gemini_flash_lite,deepseek_v3",233
always_gemini_flash_lite,0.9238578680203046,0.00011875888324873097,0.9238578680203046,0.025380710659898477,0.9746192893401016,2model_gemini_flash_lite_granite_8b,"gemini_flash_lite,granite_8b",229
always_granite_8b,0.8223350253807107,1.5404060913705585e-05,0.8223350253807107,0.12690355329949238,0.025380710659898477,2model_gemini_flash_lite_granite_8b,"gemini_flash_lite,granite_8b",229
oracle,0.949238578680203,0.0001141781725888325,0.949238578680203,0.0,1.0,2model_gemini_flash_lite_granite_8b,"gemini_flash_lite,granite_8b",229
random,0.883248730964467,6.285634517766497e-05,0.883248730964467,0.06598984771573604,0.47715736040609136,2model_gemini_flash_lite_granite_8b,"gemini_flash_lite,granite_8b",229
correctness_logistic,0.8934010152284264,7.503147208121828e-05,0.8934010152284264,0.05583756345177665,0.5076142131979695,2model_gemini_flash_lite_granite_8b,"gemini_flash_lite,granite_8b",229
correctness_random_forest,0.8984771573604061,7.553553299492386e-05,0.8984771573604061,0.050761421319796954,0.5025380710659898,2model_gemini_flash_lite_granite_8b,"gemini_flash_lite,granite_8b",229
correctness_extra_trees,0.9035532994923858,7.259365482233503e-05,0.9035532994923858,0.04568527918781726,0.49238578680203043,2model_gemini_flash_lite_granite_8b,"gemini_flash_lite,granite_8b",229
correctness_tfidf_logistic,0.9086294416243654,8.034695431472081e-05,0.9086294416243654,0.04060913705583756,0.5685279187817259,2model_gemini_flash_lite_granite_8b,"gemini_flash_lite,granite_8b",229
always_gemini_flash_lite,0.9593908629441624,0.00012148604060913703,0.9593908629441624,0.025380710659898477,0.9746192893401016,2model_gemini_flash_lite_granite_8b,"gemini_flash_lite,granite_8b",230
always_granite_8b,0.8324873096446701,1.597741116751269e-05,0.8324873096446701,0.15228426395939088,0.025380710659898477,2model_gemini_flash_lite_granite_8b,"gemini_flash_lite,granite_8b",230
oracle,0.9847715736040609,0.0001186743654822335,0.9847715736040609,0.0,1.0,2model_gemini_flash_lite_granite_8b,"gemini_flash_lite,granite_8b",230
random,0.9137055837563451,7.254568527918782e-05,0.9137055837563451,0.07106598984771574,0.5126903553299492,2model_gemini_flash_lite_granite_8b,"gemini_flash_lite,granite_8b",230
correctness_logistic,0.9137055837563451,7.988807106598985e-05,0.9137055837563451,0.07106598984771574,0.5279187817258884,2model_gemini_flash_lite_granite_8b,"gemini_flash_lite,granite_8b",230
correctness_random_forest,0.9238578680203046,8.034187817258883e-05,0.9238578680203046,0.06091370558375635,0.5380710659898477,2model_gemini_flash_lite_granite_8b,"gemini_flash_lite,granite_8b",230
correctness_extra_trees,0.9187817258883249,7.40253807106599e-05,0.9187817258883249,0.06598984771573604,0.467005076142132,2model_gemini_flash_lite_granite_8b,"gemini_flash_lite,granite_8b",230
correctness_tfidf_logistic,0.9187817258883249,8.298527918781727e-05,0.9187817258883249,0.06598984771573604,0.5583756345177665,2model_gemini_flash_lite_granite_8b,"gemini_flash_lite,granite_8b",230
always_gemini_flash_lite,0.949238578680203,0.00011937563451776651,0.949238578680203,0.030456852791878174,0.9695431472081218,2model_gemini_flash_lite_granite_8b,"gemini_flash_lite,granite_8b",231
always_granite_8b,0.8527918781725888,1.571776649746193e-05,0.8527918781725888,0.12690355329949238,0.030456852791878174,2model_gemini_flash_lite_granite_8b,"gemini_flash_lite,granite_8b",231
oracle,0.9796954314720813,0.00011576979695431472,0.9796954314720813,0.0,1.0,2model_gemini_flash_lite_granite_8b,"gemini_flash_lite,granite_8b",231
random,0.9137055837563451,6.544644670050762e-05,0.9137055837563451,0.06598984771573604,0.5126903553299492,2model_gemini_flash_lite_granite_8b,"gemini_flash_lite,granite_8b",231
correctness_logistic,0.934010152284264,7.334517766497462e-05,0.934010152284264,0.04568527918781726,0.5177664974619289,2model_gemini_flash_lite_granite_8b,"gemini_flash_lite,granite_8b",231
correctness_random_forest,0.9593908629441624,8.069162436548224e-05,0.9593908629441624,0.02030456852791878,0.5939086294416244,2model_gemini_flash_lite_granite_8b,"gemini_flash_lite,granite_8b",231
correctness_extra_trees,0.949238578680203,7.942258883248731e-05,0.949238578680203,0.030456852791878174,0.5532994923857868,2model_gemini_flash_lite_granite_8b,"gemini_flash_lite,granite_8b",231
correctness_tfidf_logistic,0.934010152284264,7.755939086294416e-05,0.934010152284264,0.04568527918781726,0.5685279187817259,2model_gemini_flash_lite_granite_8b,"gemini_flash_lite,granite_8b",231
always_gemini_flash_lite,0.9390862944162437,0.00012262690355329948,0.9390862944162437,0.025380710659898477,0.9746192893401016,2model_gemini_flash_lite_granite_8b,"gemini_flash_lite,granite_8b",232
always_granite_8b,0.8578680203045685,1.598223350253807e-05,0.8578680203045685,0.1065989847715736,0.025380710659898477,2model_gemini_flash_lite_granite_8b,"gemini_flash_lite,granite_8b",232
oracle,0.9644670050761421,0.00011870050761421321,0.9644670050761421,0.0,1.0,2model_gemini_flash_lite_granite_8b,"gemini_flash_lite,granite_8b",232
random,0.8934010152284264,7.22279187817259e-05,0.8934010152284264,0.07106598984771574,0.5025380710659898,2model_gemini_flash_lite_granite_8b,"gemini_flash_lite,granite_8b",232
correctness_logistic,0.8984771573604061,7.43796954314721e-05,0.8984771573604061,0.06598984771573604,0.49746192893401014,2model_gemini_flash_lite_granite_8b,"gemini_flash_lite,granite_8b",232
correctness_random_forest,0.9137055837563451,7.857182741116753e-05,0.9137055837563451,0.050761421319796954,0.5431472081218274,2model_gemini_flash_lite_granite_8b,"gemini_flash_lite,granite_8b",232
correctness_extra_trees,0.9035532994923858,7.80296954314721e-05,0.9035532994923858,0.06091370558375635,0.5228426395939086,2model_gemini_flash_lite_granite_8b,"gemini_flash_lite,granite_8b",232
correctness_tfidf_logistic,0.9035532994923858,7.976446700507615e-05,0.9035532994923858,0.06091370558375635,0.5482233502538071,2model_gemini_flash_lite_granite_8b,"gemini_flash_lite,granite_8b",232
always_gemini_flash_lite,0.949238578680203,0.00012163578680203047,0.949238578680203,0.02030456852791878,0.9796954314720813,2model_gemini_flash_lite_granite_8b,"gemini_flash_lite,granite_8b",233
always_granite_8b,0.8578680203045685,1.605736040609137e-05,0.8578680203045685,0.1116751269035533,0.02030456852791878,2model_gemini_flash_lite_granite_8b,"gemini_flash_lite,granite_8b",233
oracle,0.9695431472081218,0.00011847106598984771,0.9695431472081218,0.0,1.0,2model_gemini_flash_lite_granite_8b,"gemini_flash_lite,granite_8b",233
random,0.8883248730964467,6.358274111675126e-05,0.8883248730964467,0.08121827411167512,0.4873096446700508,2model_gemini_flash_lite_granite_8b,"gemini_flash_lite,granite_8b",233
correctness_logistic,0.9137055837563451,6.60007614213198e-05,0.9137055837563451,0.05583756345177665,0.4213197969543147,2model_gemini_flash_lite_granite_8b,"gemini_flash_lite,granite_8b",233
correctness_random_forest,0.949238578680203,8.149619289340101e-05,0.949238578680203,0.02030456852791878,0.6091370558375635,2model_gemini_flash_lite_granite_8b,"gemini_flash_lite,granite_8b",233
correctness_extra_trees,0.9441624365482234,7.310482233502539e-05,0.9441624365482234,0.025380710659898477,0.5228426395939086,2model_gemini_flash_lite_granite_8b,"gemini_flash_lite,granite_8b",233
correctness_tfidf_logistic,0.9187817258883249,7.325862944162436e-05,0.9187817258883249,0.050761421319796954,0.5025380710659898,2model_gemini_flash_lite_granite_8b,"gemini_flash_lite,granite_8b",233
always_qwen_30b,0.883248730964467,2.4050889340101523e-05,0.883248730964467,0.04060913705583756,0.9593908629441624,2model_qwen_30b_llama_70b,"qwen_30b,llama_70b",229
always_llama_70b,0.8781725888324873,5.466173604060913e-05,0.8781725888324873,0.04568527918781726,0.04060913705583756,2model_qwen_30b_llama_70b,"qwen_30b,llama_70b",229
oracle,0.9238578680203046,2.472104771573604e-05,0.9238578680203046,0.0,1.0,2model_qwen_30b_llama_70b,"qwen_30b,llama_70b",229
random,0.8781725888324873,3.9203859898477155e-05,0.8781725888324873,0.04568527918781726,0.4720812182741117,2model_qwen_30b_llama_70b,"qwen_30b,llama_70b",229
correctness_logistic,0.868020304568528,4.284411776649746e-05,0.868020304568528,0.05583756345177665,0.4416243654822335,2model_qwen_30b_llama_70b,"qwen_30b,llama_70b",229
correctness_random_forest,0.868020304568528,3.781231878172589e-05,0.868020304568528,0.05583756345177665,0.5126903553299492,2model_qwen_30b_llama_70b,"qwen_30b,llama_70b",229
correctness_extra_trees,0.868020304568528,4.145658375634518e-05,0.868020304568528,0.05583756345177665,0.4467005076142132,2model_qwen_30b_llama_70b,"qwen_30b,llama_70b",229
correctness_tfidf_logistic,0.868020304568528,4.0911714720812185e-05,0.868020304568528,0.05583756345177665,0.49746192893401014,2model_qwen_30b_llama_70b,"qwen_30b,llama_70b",229
always_qwen_30b,0.9187817258883249,2.5177516751269037e-05,0.9187817258883249,0.03553299492385787,0.9644670050761421,2model_qwen_30b_llama_70b,"qwen_30b,llama_70b",230
always_llama_70b,0.9187817258883249,5.905986294416244e-05,0.9187817258883249,0.03553299492385787,0.03553299492385787,2model_qwen_30b_llama_70b,"qwen_30b,llama_70b",230
oracle,0.9543147208121827,2.5740914720812185e-05,0.9543147208121827,0.0,1.0,2model_qwen_30b_llama_70b,"qwen_30b,llama_70b",230
random,0.9137055837563451,4.056547005076143e-05,0.9137055837563451,0.04060913705583756,0.5025380710659898,2model_qwen_30b_llama_70b,"qwen_30b,llama_70b",230
correctness_logistic,0.9187817258883249,4.194248629441625e-05,0.9187817258883249,0.03553299492385787,0.5126903553299492,2model_qwen_30b_llama_70b,"qwen_30b,llama_70b",230
correctness_random_forest,0.9187817258883249,4.2582841624365475e-05,0.9187817258883249,0.03553299492385787,0.49238578680203043,2model_qwen_30b_llama_70b,"qwen_30b,llama_70b",230
correctness_extra_trees,0.9086294416243654,4.6253778680203046e-05,0.9086294416243654,0.04568527918781726,0.41116751269035534,2model_qwen_30b_llama_70b,"qwen_30b,llama_70b",230
correctness_tfidf_logistic,0.9238578680203046,4.0336101522842645e-05,0.9238578680203046,0.030456852791878174,0.5380710659898477,2model_qwen_30b_llama_70b,"qwen_30b,llama_70b",230
always_qwen_30b,0.9086294416243654,2.4685005076142135e-05,0.9086294416243654,0.06091370558375635,0.9390862944162437,2model_qwen_30b_llama_70b,"qwen_30b,llama_70b",231
always_llama_70b,0.9289340101522843,5.2613131979695435e-05,0.9289340101522843,0.04060913705583756,0.06091370558375635,2model_qwen_30b_llama_70b,"qwen_30b,llama_70b",231
oracle,0.9695431472081218,2.7098519796954313e-05,0.9695431472081218,0.0,1.0,2model_qwen_30b_llama_70b,"qwen_30b,llama_70b",231
random,0.9289340101522843,3.9003541116751266e-05,0.9289340101522843,0.04060913705583756,0.5025380710659898,2model_qwen_30b_llama_70b,"qwen_30b,llama_70b",231
correctness_logistic,0.9289340101522843,4.0742123857868024e-05,0.9289340101522843,0.04060913705583756,0.4720812182741117,2model_qwen_30b_llama_70b,"qwen_30b,llama_70b",231
correctness_random_forest,0.9289340101522843,3.517228629441624e-05,0.9289340101522843,0.04060913705583756,0.5482233502538071,2model_qwen_30b_llama_70b,"qwen_30b,llama_70b",231
correctness_extra_trees,0.9289340101522843,4.100532487309645e-05,0.9289340101522843,0.04060913705583756,0.5228426395939086,2model_qwen_30b_llama_70b,"qwen_30b,llama_70b",231
correctness_tfidf_logistic,0.9289340101522843,3.879297868020304e-05,0.9289340101522843,0.04060913705583756,0.5126903553299492,2model_qwen_30b_llama_70b,"qwen_30b,llama_70b",231
always_qwen_30b,0.9035532994923858,2.511733604060913e-05,0.9035532994923858,0.04060913705583756,0.9593908629441624,2model_qwen_30b_llama_70b,"qwen_30b,llama_70b",232
always_llama_70b,0.9035532994923858,5.291847715736041e-05,0.9035532994923858,0.04060913705583756,0.04060913705583756,2model_qwen_30b_llama_70b,"qwen_30b,llama_70b",232
oracle,0.9441624365482234,2.5377222335025375e-05,0.9441624365482234,0.0,1.0,2model_qwen_30b_llama_70b,"qwen_30b,llama_70b",232
random,0.9137055837563451,3.858909137055837e-05,0.9137055837563451,0.030456852791878174,0.5076142131979695,2model_qwen_30b_llama_70b,"qwen_30b,llama_70b",232
correctness_logistic,0.8984771573604061,4.2409938071065996e-05,0.8984771573604061,0.04568527918781726,0.4517766497461929,2model_qwen_30b_llama_70b,"qwen_30b,llama_70b",232
correctness_random_forest,0.8934010152284264,4.286461827411168e-05,0.8934010152284264,0.050761421319796954,0.38071065989847713,2model_qwen_30b_llama_70b,"qwen_30b,llama_70b",232
correctness_extra_trees,0.8883248730964467,4.451133096446701e-05,0.8883248730964467,0.05583756345177665,0.38071065989847713,2model_qwen_30b_llama_70b,"qwen_30b,llama_70b",232
correctness_tfidf_logistic,0.8934010152284264,4.1674442639593904e-05,0.8934010152284264,0.050761421319796954,0.4619289340101523,2model_qwen_30b_llama_70b,"qwen_30b,llama_70b",232
always_qwen_30b,0.9137055837563451,2.5185965482233502e-05,0.9137055837563451,0.03553299492385787,0.9644670050761421,2model_qwen_30b_llama_70b,"qwen_30b,llama_70b",233
always_llama_70b,0.8984771573604061,5.5636507614213196e-05,0.8984771573604061,0.050761421319796954,0.03553299492385787,2model_qwen_30b_llama_70b,"qwen_30b,llama_70b",233
oracle,0.949238578680203,2.6300964467005076e-05,0.949238578680203,0.0,1.0,2model_qwen_30b_llama_70b,"qwen_30b,llama_70b",233
random,0.9137055837563451,4.267617766497462e-05,0.9137055837563451,0.03553299492385787,0.4720812182741117,2model_qwen_30b_llama_70b,"qwen_30b,llama_70b",233
correctness_logistic,0.9137055837563451,3.8591196954314725e-05,0.9137055837563451,0.03553299492385787,0.5685279187817259,2model_qwen_30b_llama_70b,"qwen_30b,llama_70b",233
correctness_random_forest,0.9137055837563451,3.808676243654822e-05,0.9137055837563451,0.03553299492385787,0.5634517766497462,2model_qwen_30b_llama_70b,"qwen_30b,llama_70b",233
correctness_extra_trees,0.9137055837563451,4.165049543147208e-05,0.9137055837563451,0.03553299492385787,0.5126903553299492,2model_qwen_30b_llama_70b,"qwen_30b,llama_70b",233
correctness_tfidf_logistic,0.9137055837563451,3.8378689340101525e-05,0.9137055837563451,0.03553299492385787,0.5939086294416244,2model_qwen_30b_llama_70b,"qwen_30b,llama_70b",233
always_qwen_30b,0.883248730964467,2.4050889340101523e-05,0.883248730964467,0.04568527918781726,0.9543147208121827,2model_qwen_30b_deepseek_v3,"qwen_30b,deepseek_v3",229
always_deepseek_v3,0.9137055837563451,6.778710659898477e-05,0.9137055837563451,0.015228426395939087,0.04568527918781726,2model_qwen_30b_deepseek_v3,"qwen_30b,deepseek_v3",229
oracle,0.9289340101522843,2.5565059898477163e-05,0.9289340101522843,0.0,1.0,2model_qwen_30b_deepseek_v3,"qwen_30b,deepseek_v3",229
random,0.8984771573604061,4.639394111675127e-05,0.8984771573604061,0.030456852791878174,0.467005076142132,2model_qwen_30b_deepseek_v3,"qwen_30b,deepseek_v3",229
correctness_logistic,0.9086294416243654,4.92937502538071e-05,0.9086294416243654,0.02030456852791878,0.4416243654822335,2model_qwen_30b_deepseek_v3,"qwen_30b,deepseek_v3",229
correctness_random_forest,0.8984771573604061,4.9993449746192905e-05,0.8984771573604061,0.030456852791878174,0.4517766497461929,2model_qwen_30b_deepseek_v3,"qwen_30b,deepseek_v3",229
correctness_extra_trees,0.8883248730964467,5.230629847715736e-05,0.8883248730964467,0.04060913705583756,0.36548223350253806,2model_qwen_30b_deepseek_v3,"qwen_30b,deepseek_v3",229
correctness_tfidf_logistic,0.9035532994923858,4.8146030456852795e-05,0.9035532994923858,0.025380710659898477,0.49746192893401014,2model_qwen_30b_deepseek_v3,"qwen_30b,deepseek_v3",229
always_qwen_30b,0.9187817258883249,2.5177516751269037e-05,0.9187817258883249,0.04568527918781726,0.9543147208121827,2model_qwen_30b_deepseek_v3,"qwen_30b,deepseek_v3",230
always_deepseek_v3,0.9289340101522843,7.100308629441626e-05,0.9289340101522843,0.03553299492385787,0.04568527918781726,2model_qwen_30b_deepseek_v3,"qwen_30b,deepseek_v3",230
oracle,0.9644670050761421,2.776324060913706e-05,0.9644670050761421,0.0,1.0,2model_qwen_30b_deepseek_v3,"qwen_30b,deepseek_v3",230
random,0.934010152284264,4.587923654822335e-05,0.934010152284264,0.030456852791878174,0.5025380710659898,2model_qwen_30b_deepseek_v3,"qwen_30b,deepseek_v3",230
correctness_logistic,0.9187817258883249,4.454937868020305e-05,0.9187817258883249,0.04568527918781726,0.5532994923857868,2model_qwen_30b_deepseek_v3,"qwen_30b,deepseek_v3",230
correctness_random_forest,0.9137055837563451,4.817418274111675e-05,0.9137055837563451,0.050761421319796954,0.5126903553299492,2model_qwen_30b_deepseek_v3,"qwen_30b,deepseek_v3",230
correctness_extra_trees,0.9137055837563451,4.543314517766498e-05,0.9137055837563451,0.050761421319796954,0.5786802030456852,2model_qwen_30b_deepseek_v3,"qwen_30b,deepseek_v3",230
correctness_tfidf_logistic,0.9289340101522843,4.753743959390863e-05,0.9289340101522843,0.03553299492385787,0.5228426395939086,2model_qwen_30b_deepseek_v3,"qwen_30b,deepseek_v3",230
always_qwen_30b,0.9086294416243654,2.4685005076142135e-05,0.9086294416243654,0.03553299492385787,0.9644670050761421,2model_qwen_30b_deepseek_v3,"qwen_30b,deepseek_v3",231
always_deepseek_v3,0.8984771573604061,6.883886294416244e-05,0.8984771573604061,0.04568527918781726,0.03553299492385787,2model_qwen_30b_deepseek_v3,"qwen_30b,deepseek_v3",231
oracle,0.9441624365482234,2.5989090355329953e-05,0.9441624365482234,0.0,1.0,2model_qwen_30b_deepseek_v3,"qwen_30b,deepseek_v3",231
random,0.8883248730964467,4.7289074111675124e-05,0.8883248730964467,0.05583756345177665,0.47715736040609136,2model_qwen_30b_deepseek_v3,"qwen_30b,deepseek_v3",231
correctness_logistic,0.8984771573604061,4.718106395939086e-05,0.8984771573604061,0.04568527918781726,0.49238578680203043,2model_qwen_30b_deepseek_v3,"qwen_30b,deepseek_v3",231
correctness_random_forest,0.8934010152284264,5.073362030456853e-05,0.8934010152284264,0.050761421319796954,0.4619289340101523,2model_qwen_30b_deepseek_v3,"qwen_30b,deepseek_v3",231
correctness_extra_trees,0.883248730964467,4.692598578680203e-05,0.883248730964467,0.06091370558375635,0.5329949238578681,2model_qwen_30b_deepseek_v3,"qwen_30b,deepseek_v3",231
correctness_tfidf_logistic,0.8984771573604061,4.668444467005076e-05,0.8984771573604061,0.04568527918781726,0.5126903553299492,2model_qwen_30b_deepseek_v3,"qwen_30b,deepseek_v3",231
always_qwen_30b,0.9035532994923858,2.511733604060913e-05,0.9035532994923858,0.03553299492385787,0.9644670050761421,2model_qwen_30b_deepseek_v3,"qwen_30b,deepseek_v3",232
always_deepseek_v3,0.8934010152284264,7.1633269035533e-05,0.8934010152284264,0.04568527918781726,0.03553299492385787,2model_qwen_30b_deepseek_v3,"qwen_30b,deepseek_v3",232
oracle,0.9390862944162437,2.608828426395939e-05,0.9390862944162437,0.0,1.0,2model_qwen_30b_deepseek_v3,"qwen_30b,deepseek_v3",232
random,0.8984771573604061,4.809386802030456e-05,0.8984771573604061,0.04060913705583756,0.49238578680203043,2model_qwen_30b_deepseek_v3,"qwen_30b,deepseek_v3",232
correctness_logistic,0.8934010152284264,5.154209340101523e-05,0.8934010152284264,0.04568527918781726,0.4467005076142132,2model_qwen_30b_deepseek_v3,"qwen_30b,deepseek_v3",232
correctness_random_forest,0.8883248730964467,5.168613197969542e-05,0.8883248730964467,0.050761421319796954,0.4619289340101523,2model_qwen_30b_deepseek_v3,"qwen_30b,deepseek_v3",232
correctness_extra_trees,0.8934010152284264,5.29737888324873e-05,0.8934010152284264,0.04568527918781726,0.4263959390862944,2model_qwen_30b_deepseek_v3,"qwen_30b,deepseek_v3",232
correctness_tfidf_logistic,0.8984771573604061,5.4166982741116745e-05,0.8984771573604061,0.04060913705583756,0.41116751269035534,2model_qwen_30b_deepseek_v3,"qwen_30b,deepseek_v3",232
always_qwen_30b,0.9137055837563451,2.5185965482233502e-05,0.9137055837563451,0.03553299492385787,0.9644670050761421,2model_qwen_30b_deepseek_v3,"qwen_30b,deepseek_v3",233
always_deepseek_v3,0.9137055837563451,7.156977664974619e-05,0.9137055837563451,0.03553299492385787,0.03553299492385787,2model_qwen_30b_deepseek_v3,"qwen_30b,deepseek_v3",233
oracle,0.949238578680203,2.7288962436548226e-05,0.949238578680203,0.0,1.0,2model_qwen_30b_deepseek_v3,"qwen_30b,deepseek_v3",233
random,0.9187817258883249,5.340699492385787e-05,0.9187817258883249,0.030456852791878174,0.48223350253807107,2model_qwen_30b_deepseek_v3,"qwen_30b,deepseek_v3",233
correctness_logistic,0.9187817258883249,4.904616446700508e-05,0.9187817258883249,0.030456852791878174,0.5076142131979695,2model_qwen_30b_deepseek_v3,"qwen_30b,deepseek_v3",233
correctness_random_forest,0.9187817258883249,5.293335431472081e-05,0.9187817258883249,0.030456852791878174,0.4263959390862944,2model_qwen_30b_deepseek_v3,"qwen_30b,deepseek_v3",233
correctness_extra_trees,0.9238578680203046,4.7633303553299484e-05,0.9238578680203046,0.025380710659898477,0.5532994923857868,2model_qwen_30b_deepseek_v3,"qwen_30b,deepseek_v3",233
correctness_tfidf_logistic,0.9137055837563451,5.1129260913705576e-05,0.9137055837563451,0.03553299492385787,0.47715736040609136,2model_qwen_30b_deepseek_v3,"qwen_30b,deepseek_v3",233
always_qwen_30b,0.883248730964467,2.4050889340101523e-05,0.883248730964467,0.02030456852791878,0.9796954314720813,2model_qwen_30b_granite_8b,"qwen_30b,granite_8b",229
always_granite_8b,0.8223350253807107,1.5404060913705585e-05,0.8223350253807107,0.08121827411167512,0.02030456852791878,2model_qwen_30b_granite_8b,"qwen_30b,granite_8b",229
oracle,0.9035532994923858,2.398900507614213e-05,0.9035532994923858,0.0,1.0,2model_qwen_30b_granite_8b,"qwen_30b,granite_8b",229
random,0.8629441624365483,1.8017727918781726e-05,0.8629441624365483,0.04060913705583756,0.4720812182741117,2model_qwen_30b_granite_8b,"qwen_30b,granite_8b",229
correctness_logistic,0.8934010152284264,1.9578580710659902e-05,0.8934010152284264,0.01015228426395939,0.49746192893401014,2model_qwen_30b_granite_8b,"qwen_30b,granite_8b",229
correctness_random_forest,0.8883248730964467,2.0743571573604057e-05,0.8883248730964467,0.015228426395939087,0.5685279187817259,2model_qwen_30b_granite_8b,"qwen_30b,granite_8b",229
correctness_extra_trees,0.8883248730964467,1.9868970558375635e-05,0.8883248730964467,0.015228426395939087,0.48223350253807107,2model_qwen_30b_granite_8b,"qwen_30b,granite_8b",229
correctness_tfidf_logistic,0.8934010152284264,2.019335431472081e-05,0.8934010152284264,0.01015228426395939,0.5329949238578681,2model_qwen_30b_granite_8b,"qwen_30b,granite_8b",229
always_qwen_30b,0.9187817258883249,2.5177516751269037e-05,0.9187817258883249,0.03553299492385787,0.9644670050761421,2model_qwen_30b_granite_8b,"qwen_30b,granite_8b",230
always_granite_8b,0.8324873096446701,1.597741116751269e-05,0.8324873096446701,0.1218274111675127,0.03553299492385787,2model_qwen_30b_granite_8b,"qwen_30b,granite_8b",230
oracle,0.9543147208121827,2.489366294416244e-05,0.9543147208121827,0.0,1.0,2model_qwen_30b_granite_8b,"qwen_30b,granite_8b",230
random,0.8934010152284264,2.0756444670050763e-05,0.8934010152284264,0.06091370558375635,0.5126903553299492,2model_qwen_30b_granite_8b,"qwen_30b,granite_8b",230
correctness_logistic,0.8730964467005076,2.111465989847716e-05,0.8730964467005076,0.08121827411167512,0.5177664974619289,2model_qwen_30b_granite_8b,"qwen_30b,granite_8b",230
correctness_random_forest,0.9137055837563451,2.285831675126904e-05,0.9137055837563451,0.04060913705583756,0.6091370558375635,2model_qwen_30b_granite_8b,"qwen_30b,granite_8b",230
correctness_extra_trees,0.9086294416243654,2.2143376649746194e-05,0.9086294416243654,0.04568527918781726,0.5583756345177665,2model_qwen_30b_granite_8b,"qwen_30b,granite_8b",230
correctness_tfidf_logistic,0.8730964467005076,2.184595532994924e-05,0.8730964467005076,0.08121827411167512,0.5685279187817259,2model_qwen_30b_granite_8b,"qwen_30b,granite_8b",230
always_qwen_30b,0.9086294416243654,2.4685005076142135e-05,0.9086294416243654,0.04060913705583756,0.9593908629441624,2model_qwen_30b_granite_8b,"qwen_30b,granite_8b",231
always_granite_8b,0.8527918781725888,1.571776649746193e-05,0.8527918781725888,0.09644670050761421,0.04060913705583756,2model_qwen_30b_granite_8b,"qwen_30b,granite_8b",231
oracle,0.949238578680203,2.4491991878172593e-05,0.949238578680203,0.0,1.0,2model_qwen_30b_granite_8b,"qwen_30b,granite_8b",231
random,0.8883248730964467,2.0139388832487307e-05,0.8883248730964467,0.06091370558375635,0.5025380710659898,2model_qwen_30b_granite_8b,"qwen_30b,granite_8b",231
correctness_logistic,0.9187817258883249,2.050541319796954e-05,0.9187817258883249,0.030456852791878174,0.5329949238578681,2model_qwen_30b_granite_8b,"qwen_30b,granite_8b",231
correctness_random_forest,0.9137055837563451,2.1861102538071068e-05,0.9137055837563451,0.03553299492385787,0.6294416243654822,2model_qwen_30b_granite_8b,"qwen_30b,granite_8b",231
correctness_extra_trees,0.9238578680203046,2.1431449746192896e-05,0.9238578680203046,0.025380710659898477,0.5939086294416244,2model_qwen_30b_granite_8b,"qwen_30b,granite_8b",231
correctness_tfidf_logistic,0.9187817258883249,2.133607106598985e-05,0.9187817258883249,0.030456852791878174,0.6091370558375635,2model_qwen_30b_granite_8b,"qwen_30b,granite_8b",231
always_qwen_30b,0.9035532994923858,2.511733604060913e-05,0.9035532994923858,0.02030456852791878,0.9796954314720813,2model_qwen_30b_granite_8b,"qwen_30b,granite_8b",232
always_granite_8b,0.8578680203045685,1.598223350253807e-05,0.8578680203045685,0.06598984771573604,0.02030456852791878,2model_qwen_30b_granite_8b,"qwen_30b,granite_8b",232
oracle,0.9238578680203046,2.5006475126903544e-05,0.9238578680203046,0.0,1.0,2model_qwen_30b_granite_8b,"qwen_30b,granite_8b",232
random,0.8730964467005076,2.166977664974619e-05,0.8730964467005076,0.050761421319796954,0.49746192893401014,2model_qwen_30b_granite_8b,"qwen_30b,granite_8b",232
correctness_logistic,0.883248730964467,2.0407126903553295e-05,0.883248730964467,0.04060913705583756,0.49746192893401014,2model_qwen_30b_granite_8b,"qwen_30b,granite_8b",232
correctness_random_forest,0.883248730964467,2.0644564467005073e-05,0.883248730964467,0.04060913705583756,0.5126903553299492,2model_qwen_30b_granite_8b,"qwen_30b,granite_8b",232
correctness_extra_trees,0.883248730964467,2.135135634517766e-05,0.883248730964467,0.04060913705583756,0.5329949238578681,2model_qwen_30b_granite_8b,"qwen_30b,granite_8b",232
correctness_tfidf_logistic,0.8883248730964467,2.0580972588832485e-05,0.8883248730964467,0.03553299492385787,0.5279187817258884,2model_qwen_30b_granite_8b,"qwen_30b,granite_8b",232
always_qwen_30b,0.9137055837563451,2.5185965482233502e-05,0.9137055837563451,0.030456852791878174,0.9695431472081218,2model_qwen_30b_granite_8b,"qwen_30b,granite_8b",233
always_granite_8b,0.8578680203045685,1.605736040609137e-05,0.8578680203045685,0.08629441624365482,0.030456852791878174,2model_qwen_30b_granite_8b,"qwen_30b,granite_8b",233
oracle,0.9441624365482234,2.4951855837563452e-05,0.9441624365482234,0.0,1.0,2model_qwen_30b_granite_8b,"qwen_30b,granite_8b",233
random,0.8730964467005076,2.0465137055837563e-05,0.8730964467005076,0.07106598984771574,0.47715736040609136,2model_qwen_30b_granite_8b,"qwen_30b,granite_8b",233
correctness_logistic,0.9086294416243654,2.070743147208122e-05,0.9086294416243654,0.03553299492385787,0.45685279187817257,2model_qwen_30b_granite_8b,"qwen_30b,granite_8b",233
correctness_random_forest,0.9086294416243654,2.202129949238579e-05,0.9086294416243654,0.03553299492385787,0.5939086294416244,2model_qwen_30b_granite_8b,"qwen_30b,granite_8b",233
correctness_extra_trees,0.9137055837563451,2.1700797969543147e-05,0.9137055837563451,0.030456852791878174,0.5228426395939086,2model_qwen_30b_granite_8b,"qwen_30b,granite_8b",233
correctness_tfidf_logistic,0.9086294416243654,2.13971269035533e-05,0.9086294416243654,0.03553299492385787,0.5177664974619289,2model_qwen_30b_granite_8b,"qwen_30b,granite_8b",233
always_llama_70b,0.8781725888324873,5.466173604060913e-05,0.8781725888324873,0.050761421319796954,0.949238578680203,2model_llama_70b_deepseek_v3,"llama_70b,deepseek_v3",229
always_deepseek_v3,0.9137055837563451,6.778710659898477e-05,0.9137055837563451,0.015228426395939087,0.050761421319796954,2model_llama_70b_deepseek_v3,"llama_70b,deepseek_v3",229
oracle,0.9289340101522843,5.6177695431472074e-05,0.9289340101522843,0.0,1.0,2model_llama_70b_deepseek_v3,"llama_70b,deepseek_v3",229
random,0.8984771573604061,6.185181725888325e-05,0.8984771573604061,0.030456852791878174,0.48223350253807107,2model_llama_70b_deepseek_v3,"llama_70b,deepseek_v3",229
correctness_logistic,0.9035532994923858,6.068619796954314e-05,0.9035532994923858,0.025380710659898477,0.5025380710659898,2model_llama_70b_deepseek_v3,"llama_70b,deepseek_v3",229
correctness_random_forest,0.9035532994923858,6.0908192893401014e-05,0.9035532994923858,0.025380710659898477,0.4619289340101523,2model_llama_70b_deepseek_v3,"llama_70b,deepseek_v3",229
correctness_extra_trees,0.883248730964467,6.040446192893401e-05,0.883248730964467,0.04568527918781726,0.5126903553299492,2model_llama_70b_deepseek_v3,"llama_70b,deepseek_v3",229
correctness_tfidf_logistic,0.8984771573604061,6.179094923857868e-05,0.8984771573604061,0.030456852791878174,0.45685279187817257,2model_llama_70b_deepseek_v3,"llama_70b,deepseek_v3",229
always_llama_70b,0.9187817258883249,5.905986294416244e-05,0.9187817258883249,0.04568527918781726,0.9543147208121827,2model_llama_70b_deepseek_v3,"llama_70b,deepseek_v3",230
always_deepseek_v3,0.9289340101522843,7.100308629441626e-05,0.9289340101522843,0.03553299492385787,0.04568527918781726,2model_llama_70b_deepseek_v3,"llama_70b,deepseek_v3",230
oracle,0.9644670050761421,5.944270050761422e-05,0.9644670050761421,0.0,1.0,2model_llama_70b_deepseek_v3,"llama_70b,deepseek_v3",230
random,0.9390862944162437,6.437362944162437e-05,0.9390862944162437,0.025380710659898477,0.5228426395939086,2model_llama_70b_deepseek_v3,"llama_70b,deepseek_v3",230
correctness_logistic,0.9390862944162437,6.436811675126904e-05,0.9390862944162437,0.025380710659898477,0.5989847715736041,2model_llama_70b_deepseek_v3,"llama_70b,deepseek_v3",230
correctness_random_forest,0.9390862944162437,6.830335532994923e-05,0.9390862944162437,0.025380710659898477,0.4873096446700508,2model_llama_70b_deepseek_v3,"llama_70b,deepseek_v3",230
correctness_extra_trees,0.949238578680203,6.615843654822336e-05,0.949238578680203,0.015228426395939087,0.583756345177665,2model_llama_70b_deepseek_v3,"llama_70b,deepseek_v3",230
correctness_tfidf_logistic,0.949238578680203,6.300753807106599e-05,0.949238578680203,0.015228426395939087,0.5431472081218274,2model_llama_70b_deepseek_v3,"llama_70b,deepseek_v3",230
always_llama_70b,0.9289340101522843,5.2613131979695435e-05,0.9289340101522843,0.03553299492385787,0.9644670050761421,2model_llama_70b_deepseek_v3,"llama_70b,deepseek_v3",231
always_deepseek_v3,0.8984771573604061,6.883886294416244e-05,0.8984771573604061,0.06598984771573604,0.03553299492385787,2model_llama_70b_deepseek_v3,"llama_70b,deepseek_v3",231
oracle,0.9644670050761421,5.377998477157361e-05,0.9644670050761421,0.0,1.0,2model_llama_70b_deepseek_v3,"llama_70b,deepseek_v3",231
random,0.8883248730964467,6.089866497461928e-05,0.8883248730964467,0.07614213197969544,0.47715736040609136,2model_llama_70b_deepseek_v3,"llama_70b,deepseek_v3",231
correctness_logistic,0.934010152284264,5.982843654822335e-05,0.934010152284264,0.030456852791878174,0.5126903553299492,2model_llama_70b_deepseek_v3,"llama_70b,deepseek_v3",231
correctness_random_forest,0.9238578680203046,6.0314137055837564e-05,0.9238578680203046,0.04060913705583756,0.4517766497461929,2model_llama_70b_deepseek_v3,"llama_70b,deepseek_v3",231
correctness_extra_trees,0.9390862944162437,6.0299695431472086e-05,0.9390862944162437,0.025380710659898477,0.5279187817258884,2model_llama_70b_deepseek_v3,"llama_70b,deepseek_v3",231
correctness_tfidf_logistic,0.9390862944162437,6.119875126903553e-05,0.9390862944162437,0.025380710659898477,0.48223350253807107,2model_llama_70b_deepseek_v3,"llama_70b,deepseek_v3",231
always_llama_70b,0.9035532994923858,5.291847715736041e-05,0.9035532994923858,0.04568527918781726,0.9543147208121827,2model_llama_70b_deepseek_v3,"llama_70b,deepseek_v3",232
always_deepseek_v3,0.8934010152284264,7.1633269035533e-05,0.8934010152284264,0.05583756345177665,0.04568527918781726,2model_llama_70b_deepseek_v3,"llama_70b,deepseek_v3",232
oracle,0.949238578680203,5.356698477157361e-05,0.949238578680203,0.0,1.0,2model_llama_70b_deepseek_v3,"llama_70b,deepseek_v3",232
random,0.8883248730964467,6.242325380710659e-05,0.8883248730964467,0.06091370558375635,0.49238578680203043,2model_llama_70b_deepseek_v3,"llama_70b,deepseek_v3",232
correctness_logistic,0.9137055837563451,6.27471269035533e-05,0.9137055837563451,0.03553299492385787,0.5532994923857868,2model_llama_70b_deepseek_v3,"llama_70b,deepseek_v3",232
correctness_random_forest,0.8984771573604061,6.185696446700508e-05,0.8984771573604061,0.050761421319796954,0.5177664974619289,2model_llama_70b_deepseek_v3,"llama_70b,deepseek_v3",232
correctness_extra_trees,0.8984771573604061,6.411809644670052e-05,0.8984771573604061,0.050761421319796954,0.5583756345177665,2model_llama_70b_deepseek_v3,"llama_70b,deepseek_v3",232
correctness_tfidf_logistic,0.9137055837563451,6.3998269035533e-05,0.9137055837563451,0.03553299492385787,0.48223350253807107,2model_llama_70b_deepseek_v3,"llama_70b,deepseek_v3",232
always_llama_70b,0.8984771573604061,5.5636507614213196e-05,0.8984771573604061,0.050761421319796954,0.949238578680203,2model_llama_70b_deepseek_v3,"llama_70b,deepseek_v3",233
always_deepseek_v3,0.9137055837563451,7.156977664974619e-05,0.9137055837563451,0.03553299492385787,0.050761421319796954,2model_llama_70b_deepseek_v3,"llama_70b,deepseek_v3",233
oracle,0.949238578680203,5.640086294416243e-05,0.949238578680203,0.0,1.0,2model_llama_70b_deepseek_v3,"llama_70b,deepseek_v3",233
random,0.9035532994923858,6.636732487309644e-05,0.9035532994923858,0.04568527918781726,0.467005076142132,2model_llama_70b_deepseek_v3,"llama_70b,deepseek_v3",233
correctness_logistic,0.9238578680203046,6.608446700507614e-05,0.9238578680203046,0.025380710659898477,0.4365482233502538,2model_llama_70b_deepseek_v3,"llama_70b,deepseek_v3",233
correctness_random_forest,0.9289340101522843,6.164908629441624e-05,0.9289340101522843,0.02030456852791878,0.43147208121827413,2model_llama_70b_deepseek_v3,"llama_70b,deepseek_v3",233
correctness_extra_trees,0.9289340101522843,6.536521827411167e-05,0.9289340101522843,0.02030456852791878,0.49746192893401014,2model_llama_70b_deepseek_v3,"llama_70b,deepseek_v3",233
correctness_tfidf_logistic,0.9187817258883249,6.649692385786801e-05,0.9187817258883249,0.030456852791878174,0.39086294416243655,2model_llama_70b_deepseek_v3,"llama_70b,deepseek_v3",233
always_llama_70b,0.8781725888324873,5.466173604060913e-05,0.8781725888324873,0.03553299492385787,0.9644670050761421,2model_llama_70b_granite_8b,"llama_70b,granite_8b",229
always_granite_8b,0.8223350253807107,1.5404060913705585e-05,0.8223350253807107,0.09137055837563451,0.03553299492385787,2model_llama_70b_granite_8b,"llama_70b,granite_8b",229
oracle,0.9137055837563451,5.358097461928934e-05,0.9137055837563451,0.0,1.0,2model_llama_70b_granite_8b,"llama_70b,granite_8b",229
random,0.8629441624365483,3.34756040609137e-05,0.8629441624365483,0.050761421319796954,0.47715736040609136,2model_llama_70b_granite_8b,"llama_70b,granite_8b",229
correctness_logistic,0.8629441624365483,3.536290355329949e-05,0.8629441624365483,0.050761421319796954,0.49238578680203043,2model_llama_70b_granite_8b,"llama_70b,granite_8b",229
correctness_random_forest,0.868020304568528,3.588434517766497e-05,0.868020304568528,0.04568527918781726,0.5228426395939086,2model_llama_70b_granite_8b,"llama_70b,granite_8b",229
correctness_extra_trees,0.8730964467005076,3.5588862944162436e-05,0.8730964467005076,0.04060913705583756,0.5076142131979695,2model_llama_70b_granite_8b,"llama_70b,granite_8b",229
correctness_tfidf_logistic,0.8629441624365483,3.766719796954315e-05,0.8629441624365483,0.050761421319796954,0.5177664974619289,2model_llama_70b_granite_8b,"llama_70b,granite_8b",229
always_llama_70b,0.9187817258883249,5.905986294416244e-05,0.9187817258883249,0.05583756345177665,0.9441624365482234,2model_llama_70b_granite_8b,"llama_70b,granite_8b",230
always_granite_8b,0.8324873096446701,1.597741116751269e-05,0.8324873096446701,0.14213197969543148,0.05583756345177665,2model_llama_70b_granite_8b,"llama_70b,granite_8b",230
oracle,0.9746192893401016,5.6701512690355324e-05,0.9746192893401016,0.0,1.0,2model_llama_70b_granite_8b,"llama_70b,granite_8b",230
random,0.8984771573604061,3.925083756345177e-05,0.8984771573604061,0.07614213197969544,0.5228426395939086,2model_llama_70b_granite_8b,"llama_70b,granite_8b",230
correctness_logistic,0.8984771573604061,4.309159390862945e-05,0.8984771573604061,0.07614213197969544,0.583756345177665,2model_llama_70b_granite_8b,"llama_70b,granite_8b",230
correctness_random_forest,0.9086294416243654,4.705854822335026e-05,0.9086294416243654,0.06598984771573604,0.6395939086294417,2model_llama_70b_granite_8b,"llama_70b,granite_8b",230
correctness_extra_trees,0.9137055837563451,4.262342131979695e-05,0.9137055837563451,0.06091370558375635,0.583756345177665,2model_llama_70b_granite_8b,"llama_70b,granite_8b",230
correctness_tfidf_logistic,0.9035532994923858,4.4331695431472086e-05,0.9035532994923858,0.07106598984771574,0.6091370558375635,2model_llama_70b_granite_8b,"llama_70b,granite_8b",230
always_llama_70b,0.9289340101522843,5.2613131979695435e-05,0.9289340101522843,0.025380710659898477,0.9746192893401016,2model_llama_70b_granite_8b,"llama_70b,granite_8b",231
always_granite_8b,0.8527918781725888,1.571776649746193e-05,0.8527918781725888,0.10152284263959391,0.025380710659898477,2model_llama_70b_granite_8b,"llama_70b,granite_8b",231
oracle,0.9543147208121827,5.183780203045685e-05,0.9543147208121827,0.0,1.0,2model_llama_70b_granite_8b,"llama_70b,granite_8b",231
random,0.8883248730964467,3.374897969543147e-05,0.8883248730964467,0.06598984771573604,0.4873096446700508,2model_llama_70b_granite_8b,"llama_70b,granite_8b",231
correctness_logistic,0.9390862944162437,3.640997969543147e-05,0.9390862944162437,0.015228426395939087,0.5431472081218274,2model_llama_70b_granite_8b,"llama_70b,granite_8b",231
correctness_random_forest,0.9289340101522843,3.724468020304568e-05,0.9289340101522843,0.025380710659898477,0.5888324873096447,2model_llama_70b_granite_8b,"llama_70b,granite_8b",231
correctness_extra_trees,0.9289340101522843,3.9848050761421313e-05,0.9289340101522843,0.025380710659898477,0.6192893401015228,2model_llama_70b_granite_8b,"llama_70b,granite_8b",231
correctness_tfidf_logistic,0.9390862944162437,3.9975365482233497e-05,0.9390862944162437,0.015228426395939087,0.5888324873096447,2model_llama_70b_granite_8b,"llama_70b,granite_8b",231
always_llama_70b,0.9035532994923858,5.291847715736041e-05,0.9035532994923858,0.04060913705583756,0.9593908629441624,2model_llama_70b_granite_8b,"llama_70b,granite_8b",232
always_granite_8b,0.8578680203045685,1.598223350253807e-05,0.8578680203045685,0.08629441624365482,0.04060913705583756,2model_llama_70b_granite_8b,"llama_70b,granite_8b",232
oracle,0.9441624365482234,5.1200456852791875e-05,0.9441624365482234,0.0,1.0,2model_llama_70b_granite_8b,"llama_70b,granite_8b",232
random,0.8629441624365483,3.599916243654822e-05,0.8629441624365483,0.08121827411167512,0.4873096446700508,2model_llama_70b_granite_8b,"llama_70b,granite_8b",232
correctness_logistic,0.883248730964467,3.551593908629442e-05,0.883248730964467,0.06091370558375635,0.47715736040609136,2model_llama_70b_granite_8b,"llama_70b,granite_8b",232
correctness_random_forest,0.8781725888324873,4.074137055837563e-05,0.8781725888324873,0.06598984771573604,0.6294416243654822,2model_llama_70b_granite_8b,"llama_70b,granite_8b",232
correctness_extra_trees,0.8730964467005076,4.117591370558376e-05,0.8730964467005076,0.07106598984771574,0.5888324873096447,2model_llama_70b_granite_8b,"llama_70b,granite_8b",232
correctness_tfidf_logistic,0.883248730964467,3.7911522842639595e-05,0.883248730964467,0.06091370558375635,0.5228426395939086,2model_llama_70b_granite_8b,"llama_70b,granite_8b",232
always_llama_70b,0.8984771573604061,5.5636507614213196e-05,0.8984771573604061,0.04568527918781726,0.9543147208121827,2model_llama_70b_granite_8b,"llama_70b,granite_8b",233
always_granite_8b,0.8578680203045685,1.605736040609137e-05,0.8578680203045685,0.08629441624365482,0.04568527918781726,2model_llama_70b_granite_8b,"llama_70b,granite_8b",233
oracle,0.9441624365482234,5.4140060913705585e-05,0.9441624365482234,0.0,1.0,2model_llama_70b_granite_8b,"llama_70b,granite_8b",233
random,0.8578680203045685,3.342546700507614e-05,0.8578680203045685,0.08629441624365482,0.4619289340101523,2model_llama_70b_granite_8b,"llama_70b,granite_8b",233
correctness_logistic,0.9086294416243654,3.1228918781725885e-05,0.9086294416243654,0.03553299492385787,0.41116751269035534,2model_llama_70b_granite_8b,"llama_70b,granite_8b",233
correctness_random_forest,0.9187817258883249,3.910609644670051e-05,0.9187817258883249,0.025380710659898477,0.6040609137055838,2model_llama_70b_granite_8b,"llama_70b,granite_8b",233
correctness_extra_trees,0.9086294416243654,3.665381725888325e-05,0.9086294416243654,0.03553299492385787,0.5329949238578681,2model_llama_70b_granite_8b,"llama_70b,granite_8b",233
correctness_tfidf_logistic,0.9137055837563451,3.336082233502538e-05,0.9137055837563451,0.030456852791878174,0.467005076142132,2model_llama_70b_granite_8b,"llama_70b,granite_8b",233
always_deepseek_v3,0.9137055837563451,6.778710659898477e-05,0.9137055837563451,0.01015228426395939,0.9898477157360406,2model_deepseek_v3_granite_8b,"deepseek_v3,granite_8b",229
always_granite_8b,0.8223350253807107,1.5404060913705585e-05,0.8223350253807107,0.10152284263959391,0.01015228426395939,2model_deepseek_v3_granite_8b,"deepseek_v3,granite_8b",229
oracle,0.9238578680203046,6.678263959390862e-05,0.9238578680203046,0.0,1.0,2model_deepseek_v3_granite_8b,"deepseek_v3,granite_8b",229
random,0.8781725888324873,3.941089340101523e-05,0.8781725888324873,0.04568527918781726,0.4720812182741117,2model_deepseek_v3_granite_8b,"deepseek_v3,granite_8b",229
correctness_logistic,0.8984771573604061,4.3194223350253806e-05,0.8984771573604061,0.025380710659898477,0.49238578680203043,2model_deepseek_v3_granite_8b,"deepseek_v3,granite_8b",229
correctness_random_forest,0.883248730964467,4.504909644670051e-05,0.883248730964467,0.04060913705583756,0.48223350253807107,2model_deepseek_v3_granite_8b,"deepseek_v3,granite_8b",229
correctness_extra_trees,0.8883248730964467,4.400230456852791e-05,0.8883248730964467,0.03553299492385787,0.5025380710659898,2model_deepseek_v3_granite_8b,"deepseek_v3,granite_8b",229
correctness_tfidf_logistic,0.8934010152284264,4.492124873096447e-05,0.8934010152284264,0.030456852791878174,0.5329949238578681,2model_deepseek_v3_granite_8b,"deepseek_v3,granite_8b",229
always_deepseek_v3,0.9289340101522843,7.100308629441626e-05,0.9289340101522843,0.030456852791878174,0.9695431472081218,2model_deepseek_v3_granite_8b,"deepseek_v3,granite_8b",230
always_granite_8b,0.8324873096446701,1.597741116751269e-05,0.8324873096446701,0.12690355329949238,0.030456852791878174,2model_deepseek_v3_granite_8b,"deepseek_v3,granite_8b",230
oracle,0.9593908629441624,6.872023350253807e-05,0.9593908629441624,0.0,1.0,2model_deepseek_v3_granite_8b,"deepseek_v3,granite_8b",230
random,0.8883248730964467,4.588029441624365e-05,0.8883248730964467,0.07106598984771574,0.5076142131979695,2model_deepseek_v3_granite_8b,"deepseek_v3,granite_8b",230
correctness_logistic,0.9035532994923858,4.320620304568528e-05,0.9035532994923858,0.05583756345177665,0.4720812182741117,2model_deepseek_v3_granite_8b,"deepseek_v3,granite_8b",230
correctness_random_forest,0.9137055837563451,5.081165482233502e-05,0.9137055837563451,0.04568527918781726,0.5583756345177665,2model_deepseek_v3_granite_8b,"deepseek_v3,granite_8b",230
correctness_extra_trees,0.9086294416243654,4.513700507614213e-05,0.9086294416243654,0.050761421319796954,0.45685279187817257,2model_deepseek_v3_granite_8b,"deepseek_v3,granite_8b",230
correctness_tfidf_logistic,0.9086294416243654,4.76104771573604e-05,0.9086294416243654,0.050761421319796954,0.5583756345177665,2model_deepseek_v3_granite_8b,"deepseek_v3,granite_8b",230
always_deepseek_v3,0.8984771573604061,6.883886294416244e-05,0.8984771573604061,0.04568527918781726,0.9543147208121827,2model_deepseek_v3_granite_8b,"deepseek_v3,granite_8b",231
always_granite_8b,0.8527918781725888,1.571776649746193e-05,0.8527918781725888,0.09137055837563451,0.04568527918781726,2model_deepseek_v3_granite_8b,"deepseek_v3,granite_8b",231
oracle,0.9441624365482234,6.649132994923858e-05,0.9441624365482234,0.0,1.0,2model_deepseek_v3_granite_8b,"deepseek_v3,granite_8b",231
random,0.8984771573604061,4.1689177664974624e-05,0.8984771573604061,0.04568527918781726,0.5177664974619289,2model_deepseek_v3_granite_8b,"deepseek_v3,granite_8b",231
correctness_logistic,0.9086294416243654,4.635904568527918e-05,0.9086294416243654,0.03553299492385787,0.5583756345177665,2model_deepseek_v3_granite_8b,"deepseek_v3,granite_8b",231
correctness_random_forest,0.9238578680203046,4.945843654822335e-05,0.9238578680203046,0.02030456852791878,0.6142131979695431,2model_deepseek_v3_granite_8b,"deepseek_v3,granite_8b",231
correctness_extra_trees,0.9086294416243654,4.821153299492385e-05,0.9086294416243654,0.03553299492385787,0.5482233502538071,2model_deepseek_v3_granite_8b,"deepseek_v3,granite_8b",231
correctness_tfidf_logistic,0.9086294416243654,4.750540101522842e-05,0.9086294416243654,0.03553299492385787,0.5786802030456852,2model_deepseek_v3_granite_8b,"deepseek_v3,granite_8b",231
always_deepseek_v3,0.8934010152284264,7.1633269035533e-05,0.8934010152284264,0.04060913705583756,0.9593908629441624,2model_deepseek_v3_granite_8b,"deepseek_v3,granite_8b",232
always_granite_8b,0.8578680203045685,1.598223350253807e-05,0.8578680203045685,0.07614213197969544,0.04060913705583756,2model_deepseek_v3_granite_8b,"deepseek_v3,granite_8b",232
oracle,0.934010152284264,6.972824365482233e-05,0.934010152284264,0.0,1.0,2model_deepseek_v3_granite_8b,"deepseek_v3,granite_8b",232
random,0.868020304568528,4.520917766497463e-05,0.868020304568528,0.06598984771573604,0.49746192893401014,2model_deepseek_v3_granite_8b,"deepseek_v3,granite_8b",232
correctness_logistic,0.9035532994923858,4.226318781725888e-05,0.9035532994923858,0.030456852791878174,0.47715736040609136,2model_deepseek_v3_granite_8b,"deepseek_v3,granite_8b",232
correctness_random_forest,0.8934010152284264,4.6096700507614216e-05,0.8934010152284264,0.04060913705583756,0.5329949238578681,2model_deepseek_v3_granite_8b,"deepseek_v3,granite_8b",232
correctness_extra_trees,0.883248730964467,4.585767512690355e-05,0.883248730964467,0.050761421319796954,0.5126903553299492,2model_deepseek_v3_granite_8b,"deepseek_v3,granite_8b",232
correctness_tfidf_logistic,0.8984771573604061,4.728260913705583e-05,0.8984771573604061,0.03553299492385787,0.5685279187817259,2model_deepseek_v3_granite_8b,"deepseek_v3,granite_8b",232
always_deepseek_v3,0.9137055837563451,7.156977664974619e-05,0.9137055837563451,0.030456852791878174,0.9695431472081218,2model_deepseek_v3_granite_8b,"deepseek_v3,granite_8b",233
always_granite_8b,0.8578680203045685,1.605736040609137e-05,0.8578680203045685,0.08629441624365482,0.030456852791878174,2model_deepseek_v3_granite_8b,"deepseek_v3,granite_8b",233
oracle,0.9441624365482234,6.928297461928933e-05,0.9441624365482234,0.0,1.0,2model_deepseek_v3_granite_8b,"deepseek_v3,granite_8b",233
random,0.868020304568528,3.862791878172589e-05,0.868020304568528,0.07614213197969544,0.47715736040609136,2model_deepseek_v3_granite_8b,"deepseek_v3,granite_8b",233
correctness_logistic,0.9035532994923858,4.048575634517766e-05,0.9035532994923858,0.04060913705583756,0.45685279187817257,2model_deepseek_v3_granite_8b,"deepseek_v3,granite_8b",233
correctness_random_forest,0.8934010152284264,5.094821319796954e-05,0.8934010152284264,0.050761421319796954,0.6294416243654822,2model_deepseek_v3_granite_8b,"deepseek_v3,granite_8b",233
correctness_extra_trees,0.9137055837563451,4.4444954314720804e-05,0.9137055837563451,0.030456852791878174,0.49746192893401014,2model_deepseek_v3_granite_8b,"deepseek_v3,granite_8b",233
correctness_tfidf_logistic,0.9137055837563451,4.349863959390863e-05,0.9137055837563451,0.030456852791878174,0.5126903553299492,2model_deepseek_v3_granite_8b,"deepseek_v3,granite_8b",233
always_gemini_flash_lite,0.9238578680203046,0.00011875888324873097,0.9238578680203046,0.030456852791878174,0.9695431472081218,3model_gemini_flash_lite_qwen_30b_llama_70b,"gemini_flash_lite,qwen_30b,llama_70b",229
always_qwen_30b,0.883248730964467,2.4050889340101523e-05,0.883248730964467,0.07106598984771574,0.02030456852791878,3model_gemini_flash_lite_qwen_30b_llama_70b,"gemini_flash_lite,qwen_30b,llama_70b",229
always_llama_70b,0.8781725888324873,5.466173604060913e-05,0.8781725888324873,0.07614213197969544,0.01015228426395939,3model_gemini_flash_lite_qwen_30b_llama_70b,"gemini_flash_lite,qwen_30b,llama_70b",229
oracle,0.9543147208121827,0.0001150712,0.9543147208121827,0.0,1.0,3model_gemini_flash_lite_qwen_30b_llama_70b,"gemini_flash_lite,qwen_30b,llama_70b",229
random,0.9035532994923858,6.422421319796953e-05,0.9035532994923858,0.050761421319796954,0.3248730964467005,3model_gemini_flash_lite_qwen_30b_llama_70b,"gemini_flash_lite,qwen_30b,llama_70b",229
correctness_logistic,0.8984771573604061,7.58202111675127e-05,0.8984771573604061,0.05583756345177665,0.38578680203045684,3model_gemini_flash_lite_qwen_30b_llama_70b,"gemini_flash_lite,qwen_30b,llama_70b",229
correctness_random_forest,0.9086294416243654,7.225705380710661e-05,0.9086294416243654,0.04568527918781726,0.38071065989847713,3model_gemini_flash_lite_qwen_30b_llama_70b,"gemini_flash_lite,qwen_30b,llama_70b",229
correctness_extra_trees,0.9035532994923858,7.115233197969543e-05,0.9035532994923858,0.050761421319796954,0.3299492385786802,3model_gemini_flash_lite_qwen_30b_llama_70b,"gemini_flash_lite,qwen_30b,llama_70b",229
correctness_tfidf_logistic,0.9086294416243654,7.538343147208123e-05,0.9086294416243654,0.04568527918781726,0.41624365482233505,3model_gemini_flash_lite_qwen_30b_llama_70b,"gemini_flash_lite,qwen_30b,llama_70b",229
always_gemini_flash_lite,0.9593908629441624,0.00012148604060913703,0.9593908629441624,0.02030456852791878,0.9796954314720813,3model_gemini_flash_lite_qwen_30b_llama_70b,"gemini_flash_lite,qwen_30b,llama_70b",230
always_qwen_30b,0.9187817258883249,2.5177516751269037e-05,0.9187817258883249,0.06091370558375635,0.02030456852791878,3model_gemini_flash_lite_qwen_30b_llama_70b,"gemini_flash_lite,qwen_30b,llama_70b",230
always_llama_70b,0.9187817258883249,5.905986294416244e-05,0.9187817258883249,0.06091370558375635,0.0,3model_gemini_flash_lite_qwen_30b_llama_70b,"gemini_flash_lite,qwen_30b,llama_70b",230
oracle,0.9796954314720813,0.00011917422538071066,0.9796954314720813,0.0,1.0,3model_gemini_flash_lite_qwen_30b_llama_70b,"gemini_flash_lite,qwen_30b,llama_70b",230
random,0.934010152284264,7.383518172588833e-05,0.934010152284264,0.04568527918781726,0.38071065989847713,3model_gemini_flash_lite_qwen_30b_llama_70b,"gemini_flash_lite,qwen_30b,llama_70b",230
correctness_logistic,0.9238578680203046,6.997985076142132e-05,0.9238578680203046,0.05583756345177665,0.30456852791878175,3model_gemini_flash_lite_qwen_30b_llama_70b,"gemini_flash_lite,qwen_30b,llama_70b",230
correctness_random_forest,0.9289340101522843,7.860022538071066e-05,0.9289340101522843,0.050761421319796954,0.37055837563451777,3model_gemini_flash_lite_qwen_30b_llama_70b,"gemini_flash_lite,qwen_30b,llama_70b",230
correctness_extra_trees,0.9137055837563451,7.519458274111674e-05,0.9137055837563451,0.06598984771573604,0.3096446700507614,3model_gemini_flash_lite_qwen_30b_llama_70b,"gemini_flash_lite,qwen_30b,llama_70b",230
correctness_tfidf_logistic,0.9390862944162437,7.112058578680204e-05,0.9390862944162437,0.04060913705583756,0.3248730964467005,3model_gemini_flash_lite_qwen_30b_llama_70b,"gemini_flash_lite,qwen_30b,llama_70b",230
always_gemini_flash_lite,0.949238578680203,0.00011937563451776651,0.949238578680203,0.04060913705583756,0.9593908629441624,3model_gemini_flash_lite_qwen_30b_llama_70b,"gemini_flash_lite,qwen_30b,llama_70b",231
always_qwen_30b,0.9086294416243654,2.4685005076142135e-05,0.9086294416243654,0.08121827411167512,0.02030456852791878,3model_gemini_flash_lite_qwen_30b_llama_70b,"gemini_flash_lite,qwen_30b,llama_70b",231
always_llama_70b,0.9289340101522843,5.2613131979695435e-05,0.9289340101522843,0.06091370558375635,0.02030456852791878,3model_gemini_flash_lite_qwen_30b_llama_70b,"gemini_flash_lite,qwen_30b,llama_70b",231
oracle,0.9898477157360406,0.00011689803248730967,0.9898477157360406,0.0,1.0,3model_gemini_flash_lite_qwen_30b_llama_70b,"gemini_flash_lite,qwen_30b,llama_70b",231
random,0.949238578680203,6.346928934010152e-05,0.949238578680203,0.04060913705583756,0.3096446700507614,3model_gemini_flash_lite_qwen_30b_llama_70b,"gemini_flash_lite,qwen_30b,llama_70b",231
correctness_logistic,0.934010152284264,6.632075025380711e-05,0.934010152284264,0.05583756345177665,0.3197969543147208,3model_gemini_flash_lite_qwen_30b_llama_70b,"gemini_flash_lite,qwen_30b,llama_70b",231
correctness_random_forest,0.9441624365482234,6.323841827411167e-05,0.9441624365482234,0.04568527918781726,0.3299492385786802,3model_gemini_flash_lite_qwen_30b_llama_70b,"gemini_flash_lite,qwen_30b,llama_70b",231
correctness_extra_trees,0.9137055837563451,6.128513807106598e-05,0.9137055837563451,0.07614213197969544,0.2436548223350254,3model_gemini_flash_lite_qwen_30b_llama_70b,"gemini_flash_lite,qwen_30b,llama_70b",231
correctness_tfidf_logistic,0.934010152284264,7.011920609137056e-05,0.934010152284264,0.05583756345177665,0.3604060913705584,3model_gemini_flash_lite_qwen_30b_llama_70b,"gemini_flash_lite,qwen_30b,llama_70b",231
always_gemini_flash_lite,0.9390862944162437,0.00012262690355329948,0.9390862944162437,0.04060913705583756,0.9593908629441624,3model_gemini_flash_lite_qwen_30b_llama_70b,"gemini_flash_lite,qwen_30b,llama_70b",232
always_qwen_30b,0.9035532994923858,2.511733604060913e-05,0.9035532994923858,0.07614213197969544,0.03553299492385787,3model_gemini_flash_lite_qwen_30b_llama_70b,"gemini_flash_lite,qwen_30b,llama_70b",232
always_llama_70b,0.9035532994923858,5.291847715736041e-05,0.9035532994923858,0.07614213197969544,0.005076142131979695,3model_gemini_flash_lite_qwen_30b_llama_70b,"gemini_flash_lite,qwen_30b,llama_70b",232
oracle,0.9796954314720813,0.0001172651076142132,0.9796954314720813,0.0,1.0,3model_gemini_flash_lite_qwen_30b_llama_70b,"gemini_flash_lite,qwen_30b,llama_70b",232
random,0.9238578680203046,6.396732182741116e-05,0.9238578680203046,0.05583756345177665,0.3197969543147208,3model_gemini_flash_lite_qwen_30b_llama_70b,"gemini_flash_lite,qwen_30b,llama_70b",232
correctness_logistic,0.9289340101522843,6.645951573604062e-05,0.9289340101522843,0.050761421319796954,0.26903553299492383,3model_gemini_flash_lite_qwen_30b_llama_70b,"gemini_flash_lite,qwen_30b,llama_70b",232
correctness_random_forest,0.9137055837563451,8.439563451776649e-05,0.9137055837563451,0.06598984771573604,0.41116751269035534,3model_gemini_flash_lite_qwen_30b_llama_70b,"gemini_flash_lite,qwen_30b,llama_70b",232
correctness_extra_trees,0.8984771573604061,7.220944060913707e-05,0.8984771573604061,0.08121827411167512,0.28426395939086296,3model_gemini_flash_lite_qwen_30b_llama_70b,"gemini_flash_lite,qwen_30b,llama_70b",232
correctness_tfidf_logistic,0.9137055837563451,6.840794416243654e-05,0.9137055837563451,0.06598984771573604,0.27918781725888325,3model_gemini_flash_lite_qwen_30b_llama_70b,"gemini_flash_lite,qwen_30b,llama_70b",232
always_gemini_flash_lite,0.949238578680203,0.00012163578680203047,0.949238578680203,0.030456852791878174,0.9695431472081218,3model_gemini_flash_lite_qwen_30b_llama_70b,"gemini_flash_lite,qwen_30b,llama_70b",233
always_qwen_30b,0.9137055837563451,2.5185965482233502e-05,0.9137055837563451,0.06598984771573604,0.030456852791878174,3model_gemini_flash_lite_qwen_30b_llama_70b,"gemini_flash_lite,qwen_30b,llama_70b",233
always_llama_70b,0.8984771573604061,5.5636507614213196e-05,0.8984771573604061,0.08121827411167512,0.0,3model_gemini_flash_lite_qwen_30b_llama_70b,"gemini_flash_lite,qwen_30b,llama_70b",233
oracle,0.9796954314720813,0.00011706484060913704,0.9796954314720813,0.0,1.0,3model_gemini_flash_lite_qwen_30b_llama_70b,"gemini_flash_lite,qwen_30b,llama_70b",233
random,0.934010152284264,6.600963959390862e-05,0.934010152284264,0.04568527918781726,0.3299492385786802,3model_gemini_flash_lite_qwen_30b_llama_70b,"gemini_flash_lite,qwen_30b,llama_70b",233
correctness_logistic,0.9390862944162437,7.723147614213198e-05,0.9390862944162437,0.04060913705583756,0.39593908629441626,3model_gemini_flash_lite_qwen_30b_llama_70b,"gemini_flash_lite,qwen_30b,llama_70b",233
correctness_random_forest,0.9441624365482234,7.125278071065989e-05,0.9441624365482234,0.03553299492385787,0.41116751269035534,3model_gemini_flash_lite_qwen_30b_llama_70b,"gemini_flash_lite,qwen_30b,llama_70b",233
correctness_extra_trees,0.934010152284264,7.135895837563451e-05,0.934010152284264,0.04568527918781726,0.350253807106599,3model_gemini_flash_lite_qwen_30b_llama_70b,"gemini_flash_lite,qwen_30b,llama_70b",233
correctness_tfidf_logistic,0.9390862944162437,7.739338071065989e-05,0.9390862944162437,0.04060913705583756,0.40609137055837563,3model_gemini_flash_lite_qwen_30b_llama_70b,"gemini_flash_lite,qwen_30b,llama_70b",233
always_gemini_flash_lite,0.9238578680203046,0.00011875888324873097,0.9238578680203046,0.025380710659898477,0.9746192893401016,3model_gemini_flash_lite_qwen_30b_deepseek_v3,"gemini_flash_lite,qwen_30b,deepseek_v3",229
always_qwen_30b,0.883248730964467,2.4050889340101523e-05,0.883248730964467,0.06598984771573604,0.02030456852791878,3model_gemini_flash_lite_qwen_30b_deepseek_v3,"gemini_flash_lite,qwen_30b,deepseek_v3",229
always_deepseek_v3,0.9137055837563451,6.778710659898477e-05,0.9137055837563451,0.03553299492385787,0.005076142131979695,3model_gemini_flash_lite_qwen_30b_deepseek_v3,"gemini_flash_lite,qwen_30b,deepseek_v3",229
oracle,0.949238578680203,0.00011546064162436549,0.949238578680203,0.0,1.0,3model_gemini_flash_lite_qwen_30b_deepseek_v3,"gemini_flash_lite,qwen_30b,deepseek_v3",229
random,0.9187817258883249,6.90169847715736e-05,0.9187817258883249,0.030456852791878174,0.3248730964467005,3model_gemini_flash_lite_qwen_30b_deepseek_v3,"gemini_flash_lite,qwen_30b,deepseek_v3",229
correctness_logistic,0.9187817258883249,8.554377461928933e-05,0.9187817258883249,0.030456852791878174,0.4517766497461929,3model_gemini_flash_lite_qwen_30b_deepseek_v3,"gemini_flash_lite,qwen_30b,deepseek_v3",229
correctness_random_forest,0.9086294416243654,7.807643654822335e-05,0.9086294416243654,0.04060913705583756,0.37055837563451777,3model_gemini_flash_lite_qwen_30b_deepseek_v3,"gemini_flash_lite,qwen_30b,deepseek_v3",229
correctness_extra_trees,0.9187817258883249,7.714805482233503e-05,0.9187817258883249,0.030456852791878174,0.3350253807106599,3model_gemini_flash_lite_qwen_30b_deepseek_v3,"gemini_flash_lite,qwen_30b,deepseek_v3",229
correctness_tfidf_logistic,0.9187817258883249,8.125030862944162e-05,0.9187817258883249,0.030456852791878174,0.41624365482233505,3model_gemini_flash_lite_qwen_30b_deepseek_v3,"gemini_flash_lite,qwen_30b,deepseek_v3",229
always_gemini_flash_lite,0.9593908629441624,0.00012148604060913703,0.9593908629441624,0.025380710659898477,0.9746192893401016,3model_gemini_flash_lite_qwen_30b_deepseek_v3,"gemini_flash_lite,qwen_30b,deepseek_v3",230
always_qwen_30b,0.9187817258883249,2.5177516751269037e-05,0.9187817258883249,0.06598984771573604,0.02030456852791878,3model_gemini_flash_lite_qwen_30b_deepseek_v3,"gemini_flash_lite,qwen_30b,deepseek_v3",230
always_deepseek_v3,0.9289340101522843,7.100308629441626e-05,0.9289340101522843,0.05583756345177665,0.005076142131979695,3model_gemini_flash_lite_qwen_30b_deepseek_v3,"gemini_flash_lite,qwen_30b,deepseek_v3",230
oracle,0.9847715736040609,0.00011877412385786802,0.9847715736040609,0.0,1.0,3model_gemini_flash_lite_qwen_30b_deepseek_v3,"gemini_flash_lite,qwen_30b,deepseek_v3",230
random,0.934010152284264,7.740310050761421e-05,0.934010152284264,0.050761421319796954,0.38071065989847713,3model_gemini_flash_lite_qwen_30b_deepseek_v3,"gemini_flash_lite,qwen_30b,deepseek_v3",230
correctness_logistic,0.9289340101522843,7.597215634517767e-05,0.9289340101522843,0.05583756345177665,0.3756345177664975,3model_gemini_flash_lite_qwen_30b_deepseek_v3,"gemini_flash_lite,qwen_30b,deepseek_v3",230
correctness_random_forest,0.9238578680203046,7.991479796954315e-05,0.9238578680203046,0.06091370558375635,0.38071065989847713,3model_gemini_flash_lite_qwen_30b_deepseek_v3,"gemini_flash_lite,qwen_30b,deepseek_v3",230
correctness_extra_trees,0.9137055837563451,7.112560203045685e-05,0.9137055837563451,0.07106598984771574,0.30456852791878175,3model_gemini_flash_lite_qwen_30b_deepseek_v3,"gemini_flash_lite,qwen_30b,deepseek_v3",230
correctness_tfidf_logistic,0.9390862944162437,7.661417868020305e-05,0.9390862944162437,0.04568527918781726,0.38578680203045684,3model_gemini_flash_lite_qwen_30b_deepseek_v3,"gemini_flash_lite,qwen_30b,deepseek_v3",230
always_gemini_flash_lite,0.949238578680203,0.00011937563451776651,0.949238578680203,0.02030456852791878,0.9796954314720813,3model_gemini_flash_lite_qwen_30b_deepseek_v3,"gemini_flash_lite,qwen_30b,deepseek_v3",231
always_qwen_30b,0.9086294416243654,2.4685005076142135e-05,0.9086294416243654,0.06091370558375635,0.02030456852791878,3model_gemini_flash_lite_qwen_30b_deepseek_v3,"gemini_flash_lite,qwen_30b,deepseek_v3",231
always_deepseek_v3,0.8984771573604061,6.883886294416244e-05,0.8984771573604061,0.07106598984771574,0.0,3model_gemini_flash_lite_qwen_30b_deepseek_v3,"gemini_flash_lite,qwen_30b,deepseek_v3",231
oracle,0.9695431472081218,0.00011685009340101523,0.9695431472081218,0.0,1.0,3model_gemini_flash_lite_qwen_30b_deepseek_v3,"gemini_flash_lite,qwen_30b,deepseek_v3",231
random,0.9137055837563451,6.789306598984771e-05,0.9137055837563451,0.05583756345177665,0.29949238578680204,3model_gemini_flash_lite_qwen_30b_deepseek_v3,"gemini_flash_lite,qwen_30b,deepseek_v3",231
correctness_logistic,0.9187817258883249,7.086814822335026e-05,0.9187817258883249,0.050761421319796954,0.3350253807106599,3model_gemini_flash_lite_qwen_30b_deepseek_v3,"gemini_flash_lite,qwen_30b,deepseek_v3",231
correctness_random_forest,0.9390862944162437,7.471951269035533e-05,0.9390862944162437,0.030456852791878174,0.3096446700507614,3model_gemini_flash_lite_qwen_30b_deepseek_v3,"gemini_flash_lite,qwen_30b,deepseek_v3",231
correctness_extra_trees,0.9086294416243654,6.563421725888325e-05,0.9086294416243654,0.06091370558375635,0.23857868020304568,3model_gemini_flash_lite_qwen_30b_deepseek_v3,"gemini_flash_lite,qwen_30b,deepseek_v3",231
correctness_tfidf_logistic,0.9238578680203046,7.372562030456852e-05,0.9238578680203046,0.04568527918781726,0.34517766497461927,3model_gemini_flash_lite_qwen_30b_deepseek_v3,"gemini_flash_lite,qwen_30b,deepseek_v3",231
always_gemini_flash_lite,0.9390862944162437,0.00012262690355329948,0.9390862944162437,0.03553299492385787,0.9644670050761421,3model_gemini_flash_lite_qwen_30b_deepseek_v3,"gemini_flash_lite,qwen_30b,deepseek_v3",232
always_qwen_30b,0.9035532994923858,2.511733604060913e-05,0.9035532994923858,0.07106598984771574,0.03553299492385787,3model_gemini_flash_lite_qwen_30b_deepseek_v3,"gemini_flash_lite,qwen_30b,deepseek_v3",232
always_deepseek_v3,0.8934010152284264,7.1633269035533e-05,0.8934010152284264,0.08121827411167512,0.0,3model_gemini_flash_lite_qwen_30b_deepseek_v3,"gemini_flash_lite,qwen_30b,deepseek_v3",232
oracle,0.9746192893401016,0.00011773442233502539,0.9746192893401016,0.0,1.0,3model_gemini_flash_lite_qwen_30b_deepseek_v3,"gemini_flash_lite,qwen_30b,deepseek_v3",232
random,0.9137055837563451,7.066627614213196e-05,0.9137055837563451,0.06091370558375635,0.3147208121827411,3model_gemini_flash_lite_qwen_30b_deepseek_v3,"gemini_flash_lite,qwen_30b,deepseek_v3",232
correctness_logistic,0.9289340101522843,8.739307208121827e-05,0.9289340101522843,0.04568527918781726,0.4416243654822335,3model_gemini_flash_lite_qwen_30b_deepseek_v3,"gemini_flash_lite,qwen_30b,deepseek_v3",232
correctness_random_forest,0.9086294416243654,8.647108223350255e-05,0.9086294416243654,0.06598984771573604,0.41624365482233505,3model_gemini_flash_lite_qwen_30b_deepseek_v3,"gemini_flash_lite,qwen_30b,deepseek_v3",232
correctness_extra_trees,0.9086294416243654,8.319609746192894e-05,0.9086294416243654,0.06598984771573604,0.36548223350253806,3model_gemini_flash_lite_qwen_30b_deepseek_v3,"gemini_flash_lite,qwen_30b,deepseek_v3",232
correctness_tfidf_logistic,0.9187817258883249,8.490244873096446e-05,0.9187817258883249,0.05583756345177665,0.38578680203045684,3model_gemini_flash_lite_qwen_30b_deepseek_v3,"gemini_flash_lite,qwen_30b,deepseek_v3",232
always_gemini_flash_lite,0.949238578680203,0.00012163578680203047,0.949238578680203,0.030456852791878174,0.9695431472081218,3model_gemini_flash_lite_qwen_30b_deepseek_v3,"gemini_flash_lite,qwen_30b,deepseek_v3",233
always_qwen_30b,0.9137055837563451,2.5185965482233502e-05,0.9137055837563451,0.06598984771573604,0.030456852791878174,3model_gemini_flash_lite_qwen_30b_deepseek_v3,"gemini_flash_lite,qwen_30b,deepseek_v3",233
always_deepseek_v3,0.9137055837563451,7.156977664974619e-05,0.9137055837563451,0.06598984771573604,0.0,3model_gemini_flash_lite_qwen_30b_deepseek_v3,"gemini_flash_lite,qwen_30b,deepseek_v3",233
oracle,0.9796954314720813,0.00011706484060913704,0.9796954314720813,0.0,1.0,3model_gemini_flash_lite_qwen_30b_deepseek_v3,"gemini_flash_lite,qwen_30b,deepseek_v3",233
random,0.9390862944162437,7.261826395939087e-05,0.9390862944162437,0.04060913705583756,0.3299492385786802,3model_gemini_flash_lite_qwen_30b_deepseek_v3,"gemini_flash_lite,qwen_30b,deepseek_v3",233
correctness_logistic,0.949238578680203,8.062507005076142e-05,0.949238578680203,0.030456852791878174,0.41116751269035534,3model_gemini_flash_lite_qwen_30b_deepseek_v3,"gemini_flash_lite,qwen_30b,deepseek_v3",233
correctness_random_forest,0.949238578680203,8.154030862944162e-05,0.949238578680203,0.030456852791878174,0.3756345177664975,3model_gemini_flash_lite_qwen_30b_deepseek_v3,"gemini_flash_lite,qwen_30b,deepseek_v3",233
correctness_extra_trees,0.9441624365482234,7.536966497461929e-05,0.9441624365482234,0.03553299492385787,0.36548223350253806,3model_gemini_flash_lite_qwen_30b_deepseek_v3,"gemini_flash_lite,qwen_30b,deepseek_v3",233
correctness_tfidf_logistic,0.9543147208121827,8.257032690355329e-05,0.9543147208121827,0.025380710659898477,0.4517766497461929,3model_gemini_flash_lite_qwen_30b_deepseek_v3,"gemini_flash_lite,qwen_30b,deepseek_v3",233
always_gemini_flash_lite,0.9238578680203046,0.00011875888324873097,0.9238578680203046,0.030456852791878174,0.9695431472081218,3model_gemini_flash_lite_qwen_30b_granite_8b,"gemini_flash_lite,qwen_30b,granite_8b",229
always_qwen_30b,0.883248730964467,2.4050889340101523e-05,0.883248730964467,0.07106598984771574,0.02030456852791878,3model_gemini_flash_lite_qwen_30b_granite_8b,"gemini_flash_lite,qwen_30b,granite_8b",229
always_granite_8b,0.8223350253807107,1.5404060913705585e-05,0.8223350253807107,0.1319796954314721,0.01015228426395939,3model_gemini_flash_lite_qwen_30b_granite_8b,"gemini_flash_lite,qwen_30b,granite_8b",229
oracle,0.9543147208121827,0.00011411074314720814,0.9543147208121827,0.0,1.0,3model_gemini_flash_lite_qwen_30b_granite_8b,"gemini_flash_lite,qwen_30b,granite_8b",229
random,0.8934010152284264,4.85280304568528e-05,0.8934010152284264,0.06091370558375635,0.3299492385786802,3model_gemini_flash_lite_qwen_30b_granite_8b,"gemini_flash_lite,qwen_30b,granite_8b",229
correctness_logistic,0.8984771573604061,6.573618883248732e-05,0.8984771573604061,0.05583756345177665,0.41116751269035534,3model_gemini_flash_lite_qwen_30b_granite_8b,"gemini_flash_lite,qwen_30b,granite_8b",229
correctness_random_forest,0.8984771573604061,6.771098883248731e-05,0.8984771573604061,0.05583756345177665,0.4010152284263959,3model_gemini_flash_lite_qwen_30b_granite_8b,"gemini_flash_lite,qwen_30b,granite_8b",229
correctness_extra_trees,0.9035532994923858,5.738118375634518e-05,0.9035532994923858,0.050761421319796954,0.3350253807106599,3model_gemini_flash_lite_qwen_30b_granite_8b,"gemini_flash_lite,qwen_30b,granite_8b",229
correctness_tfidf_logistic,0.9086294416243654,6.893760406091371e-05,0.9086294416243654,0.04568527918781726,0.4416243654822335,3model_gemini_flash_lite_qwen_30b_granite_8b,"gemini_flash_lite,qwen_30b,granite_8b",229
always_gemini_flash_lite,0.9593908629441624,0.00012148604060913703,0.9593908629441624,0.025380710659898477,0.9746192893401016,3model_gemini_flash_lite_qwen_30b_granite_8b,"gemini_flash_lite,qwen_30b,granite_8b",230
always_qwen_30b,0.9187817258883249,2.5177516751269037e-05,0.9187817258883249,0.06598984771573604,0.02030456852791878,3model_gemini_flash_lite_qwen_30b_granite_8b,"gemini_flash_lite,qwen_30b,granite_8b",230
always_granite_8b,0.8324873096446701,1.597741116751269e-05,0.8324873096446701,0.15228426395939088,0.005076142131979695,3model_gemini_flash_lite_qwen_30b_granite_8b,"gemini_flash_lite,qwen_30b,granite_8b",230
oracle,0.9847715736040609,0.00011881711878172587,0.9847715736040609,0.0,1.0,3model_gemini_flash_lite_qwen_30b_granite_8b,"gemini_flash_lite,qwen_30b,granite_8b",230
random,0.9137055837563451,5.940483654822334e-05,0.9137055837563451,0.07106598984771574,0.38071065989847713,3model_gemini_flash_lite_qwen_30b_granite_8b,"gemini_flash_lite,qwen_30b,granite_8b",230
correctness_logistic,0.8984771573604061,6.217860101522843e-05,0.8984771573604061,0.08629441624365482,0.3553299492385787,3model_gemini_flash_lite_qwen_30b_granite_8b,"gemini_flash_lite,qwen_30b,granite_8b",230
correctness_random_forest,0.9238578680203046,6.866439390862945e-05,0.9238578680203046,0.06091370558375635,0.41116751269035534,3model_gemini_flash_lite_qwen_30b_granite_8b,"gemini_flash_lite,qwen_30b,granite_8b",230
correctness_extra_trees,0.9035532994923858,5.823399593908629e-05,0.9035532994923858,0.08121827411167512,0.3147208121827411,3model_gemini_flash_lite_qwen_30b_granite_8b,"gemini_flash_lite,qwen_30b,granite_8b",230
correctness_tfidf_logistic,0.9035532994923858,6.466795532994923e-05,0.9035532994923858,0.08121827411167512,0.3756345177664975,3model_gemini_flash_lite_qwen_30b_granite_8b,"gemini_flash_lite,qwen_30b,granite_8b",230
always_gemini_flash_lite,0.949238578680203,0.00011937563451776651,0.949238578680203,0.04060913705583756,0.9593908629441624,3model_gemini_flash_lite_qwen_30b_granite_8b,"gemini_flash_lite,qwen_30b,granite_8b",231
always_qwen_30b,0.9086294416243654,2.4685005076142135e-05,0.9086294416243654,0.08121827411167512,0.02030456852791878,3model_gemini_flash_lite_qwen_30b_granite_8b,"gemini_flash_lite,qwen_30b,granite_8b",231
always_granite_8b,0.8527918781725888,1.571776649746193e-05,0.8527918781725888,0.13705583756345177,0.02030456852791878,3model_gemini_flash_lite_qwen_30b_granite_8b,"gemini_flash_lite,qwen_30b,granite_8b",231
oracle,0.9898477157360406,0.00011494780913705584,0.9898477157360406,0.0,1.0,3model_gemini_flash_lite_qwen_30b_granite_8b,"gemini_flash_lite,qwen_30b,granite_8b",231
random,0.9187817258883249,4.981092385786803e-05,0.9187817258883249,0.07106598984771574,0.30456852791878175,3model_gemini_flash_lite_qwen_30b_granite_8b,"gemini_flash_lite,qwen_30b,granite_8b",231
correctness_logistic,0.9289340101522843,5.6098422335025375e-05,0.9289340101522843,0.06091370558375635,0.3350253807106599,3model_gemini_flash_lite_qwen_30b_granite_8b,"gemini_flash_lite,qwen_30b,granite_8b",231
correctness_random_forest,0.949238578680203,6.333058680203045e-05,0.949238578680203,0.04060913705583756,0.39593908629441626,3model_gemini_flash_lite_qwen_30b_granite_8b,"gemini_flash_lite,qwen_30b,granite_8b",231
correctness_extra_trees,0.9187817258883249,5.711286294416243e-05,0.9187817258883249,0.07106598984771574,0.3147208121827411,3model_gemini_flash_lite_qwen_30b_granite_8b,"gemini_flash_lite,qwen_30b,granite_8b",231
correctness_tfidf_logistic,0.9289340101522843,6.252296040609136e-05,0.9289340101522843,0.06091370558375635,0.39086294416243655,3model_gemini_flash_lite_qwen_30b_granite_8b,"gemini_flash_lite,qwen_30b,granite_8b",231
always_gemini_flash_lite,0.9390862944162437,0.00012262690355329948,0.9390862944162437,0.03553299492385787,0.9644670050761421,3model_gemini_flash_lite_qwen_30b_granite_8b,"gemini_flash_lite,qwen_30b,granite_8b",232
always_qwen_30b,0.9035532994923858,2.511733604060913e-05,0.9035532994923858,0.07106598984771574,0.03553299492385787,3model_gemini_flash_lite_qwen_30b_granite_8b,"gemini_flash_lite,qwen_30b,granite_8b",232
always_granite_8b,0.8578680203045685,1.598223350253807e-05,0.8578680203045685,0.116751269035533,0.0,3model_gemini_flash_lite_qwen_30b_granite_8b,"gemini_flash_lite,qwen_30b,granite_8b",232
oracle,0.9746192893401016,0.00011773442233502539,0.9746192893401016,0.0,1.0,3model_gemini_flash_lite_qwen_30b_granite_8b,"gemini_flash_lite,qwen_30b,granite_8b",232
random,0.8934010152284264,5.198021522842639e-05,0.8934010152284264,0.08121827411167512,0.3147208121827411,3model_gemini_flash_lite_qwen_30b_granite_8b,"gemini_flash_lite,qwen_30b,granite_8b",232
correctness_logistic,0.9035532994923858,6.034395532994923e-05,0.9035532994923858,0.07106598984771574,0.3604060913705584,3model_gemini_flash_lite_qwen_30b_granite_8b,"gemini_flash_lite,qwen_30b,granite_8b",232
correctness_random_forest,0.9086294416243654,7.050184365482233e-05,0.9086294416243654,0.06598984771573604,0.4416243654822335,3model_gemini_flash_lite_qwen_30b_granite_8b,"gemini_flash_lite,qwen_30b,granite_8b",232
correctness_extra_trees,0.8934010152284264,6.691242639593909e-05,0.8934010152284264,0.08121827411167512,0.4010152284263959,3model_gemini_flash_lite_qwen_30b_granite_8b,"gemini_flash_lite,qwen_30b,granite_8b",232
correctness_tfidf_logistic,0.9035532994923858,6.329739695431472e-05,0.9035532994923858,0.07106598984771574,0.38071065989847713,3model_gemini_flash_lite_qwen_30b_granite_8b,"gemini_flash_lite,qwen_30b,granite_8b",232
always_gemini_flash_lite,0.949238578680203,0.00012163578680203047,0.949238578680203,0.030456852791878174,0.9695431472081218,3model_gemini_flash_lite_qwen_30b_granite_8b,"gemini_flash_lite,qwen_30b,granite_8b",233
always_qwen_30b,0.9137055837563451,2.5185965482233502e-05,0.9137055837563451,0.06598984771573604,0.030456852791878174,3model_gemini_flash_lite_qwen_30b_granite_8b,"gemini_flash_lite,qwen_30b,granite_8b",233
always_granite_8b,0.8578680203045685,1.605736040609137e-05,0.8578680203045685,0.1218274111675127,0.0,3model_gemini_flash_lite_qwen_30b_granite_8b,"gemini_flash_lite,qwen_30b,granite_8b",233
oracle,0.9796954314720813,0.00011706484060913704,0.9796954314720813,0.0,1.0,3model_gemini_flash_lite_qwen_30b_granite_8b,"gemini_flash_lite,qwen_30b,granite_8b",233
random,0.9035532994923858,5.0619766497461935e-05,0.9035532994923858,0.07614213197969544,0.3299492385786802,3model_gemini_flash_lite_qwen_30b_granite_8b,"gemini_flash_lite,qwen_30b,granite_8b",233
correctness_logistic,0.9289340101522843,5.4987713705583755e-05,0.9289340101522843,0.050761421319796954,0.30456852791878175,3model_gemini_flash_lite_qwen_30b_granite_8b,"gemini_flash_lite,qwen_30b,granite_8b",233
correctness_random_forest,0.9390862944162437,6.652667005076141e-05,0.9390862944162437,0.04060913705583756,0.4263959390862944,3model_gemini_flash_lite_qwen_30b_granite_8b,"gemini_flash_lite,qwen_30b,granite_8b",233
correctness_extra_trees,0.9390862944162437,5.90057076142132e-05,0.9390862944162437,0.04060913705583756,0.3604060913705584,3model_gemini_flash_lite_qwen_30b_granite_8b,"gemini_flash_lite,qwen_30b,granite_8b",233
correctness_tfidf_logistic,0.9289340101522843,5.976612182741117e-05,0.9289340101522843,0.050761421319796954,0.3553299492385787,3model_gemini_flash_lite_qwen_30b_granite_8b,"gemini_flash_lite,qwen_30b,granite_8b",233
always_gemini_flash_lite,0.9238578680203046,0.00011875888324873097,0.9238578680203046,0.025380710659898477,0.9746192893401016,3model_gemini_flash_lite_llama_70b_deepseek_v3,"gemini_flash_lite,llama_70b,deepseek_v3",229
always_llama_70b,0.8781725888324873,5.466173604060913e-05,0.8781725888324873,0.07106598984771574,0.02030456852791878,3model_gemini_flash_lite_llama_70b_deepseek_v3,"gemini_flash_lite,llama_70b,deepseek_v3",229
always_deepseek_v3,0.9137055837563451,6.778710659898477e-05,0.9137055837563451,0.03553299492385787,0.005076142131979695,3model_gemini_flash_lite_llama_70b_deepseek_v3,"gemini_flash_lite,llama_70b,deepseek_v3",229
oracle,0.949238578680203,0.00011627337563451778,0.949238578680203,0.0,1.0,3model_gemini_flash_lite_llama_70b_deepseek_v3,"gemini_flash_lite,llama_70b,deepseek_v3",229
random,0.9035532994923858,7.735801522842639e-05,0.9035532994923858,0.04568527918781726,0.3147208121827411,3model_gemini_flash_lite_llama_70b_deepseek_v3,"gemini_flash_lite,llama_70b,deepseek_v3",229
correctness_logistic,0.9137055837563451,8.37605228426396e-05,0.9137055837563451,0.03553299492385787,0.38071065989847713,3model_gemini_flash_lite_llama_70b_deepseek_v3,"gemini_flash_lite,llama_70b,deepseek_v3",229
correctness_random_forest,0.9187817258883249,8.317465989847714e-05,0.9187817258883249,0.030456852791878174,0.41116751269035534,3model_gemini_flash_lite_llama_70b_deepseek_v3,"gemini_flash_lite,llama_70b,deepseek_v3",229
correctness_extra_trees,0.9187817258883249,8.184631472081217e-05,0.9187817258883249,0.030456852791878174,0.3553299492385787,3model_gemini_flash_lite_llama_70b_deepseek_v3,"gemini_flash_lite,llama_70b,deepseek_v3",229
correctness_tfidf_logistic,0.9137055837563451,8.386808629441625e-05,0.9137055837563451,0.03553299492385787,0.3756345177664975,3model_gemini_flash_lite_llama_70b_deepseek_v3,"gemini_flash_lite,llama_70b,deepseek_v3",229
always_gemini_flash_lite,0.9593908629441624,0.00012148604060913703,0.9593908629441624,0.025380710659898477,0.9746192893401016,3model_gemini_flash_lite_llama_70b_deepseek_v3,"gemini_flash_lite,llama_70b,deepseek_v3",230
always_llama_70b,0.9187817258883249,5.905986294416244e-05,0.9187817258883249,0.06598984771573604,0.015228426395939087,3model_gemini_flash_lite_llama_70b_deepseek_v3,"gemini_flash_lite,llama_70b,deepseek_v3",230
always_deepseek_v3,0.9289340101522843,7.100308629441626e-05,0.9289340101522843,0.05583756345177665,0.01015228426395939,3model_gemini_flash_lite_llama_70b_deepseek_v3,"gemini_flash_lite,llama_70b,deepseek_v3",230
oracle,0.9847715736040609,0.00011977461928934009,0.9847715736040609,0.0,1.0,3model_gemini_flash_lite_llama_70b_deepseek_v3,"gemini_flash_lite,llama_70b,deepseek_v3",230
random,0.934010152284264,8.794829441624367e-05,0.934010152284264,0.050761421319796954,0.38071065989847713,3model_gemini_flash_lite_llama_70b_deepseek_v3,"gemini_flash_lite,llama_70b,deepseek_v3",230
correctness_logistic,0.9543147208121827,9.013339086294417e-05,0.9543147208121827,0.030456852791878174,0.36548223350253806,3model_gemini_flash_lite_llama_70b_deepseek_v3,"gemini_flash_lite,llama_70b,deepseek_v3",230
correctness_random_forest,0.934010152284264,9.523744162436549e-05,0.934010152284264,0.050761421319796954,0.41624365482233505,3model_gemini_flash_lite_llama_70b_deepseek_v3,"gemini_flash_lite,llama_70b,deepseek_v3",230
correctness_extra_trees,0.9441624365482234,9.247559390862944e-05,0.9441624365482234,0.04060913705583756,0.3756345177664975,3model_gemini_flash_lite_llama_70b_deepseek_v3,"gemini_flash_lite,llama_70b,deepseek_v3",230
correctness_tfidf_logistic,0.9543147208121827,8.845732487309643e-05,0.9543147208121827,0.030456852791878174,0.36548223350253806,3model_gemini_flash_lite_llama_70b_deepseek_v3,"gemini_flash_lite,llama_70b,deepseek_v3",230
always_gemini_flash_lite,0.949238578680203,0.00011937563451776651,0.949238578680203,0.030456852791878174,0.9695431472081218,3model_gemini_flash_lite_llama_70b_deepseek_v3,"gemini_flash_lite,llama_70b,deepseek_v3",231
always_llama_70b,0.9289340101522843,5.2613131979695435e-05,0.9289340101522843,0.050761421319796954,0.030456852791878174,3model_gemini_flash_lite_llama_70b_deepseek_v3,"gemini_flash_lite,llama_70b,deepseek_v3",231
always_deepseek_v3,0.8984771573604061,6.883886294416244e-05,0.8984771573604061,0.08121827411167512,0.0,3model_gemini_flash_lite_llama_70b_deepseek_v3,"gemini_flash_lite,llama_70b,deepseek_v3",231
oracle,0.9796954314720813,0.00011826692385786804,0.9796954314720813,0.0,1.0,3model_gemini_flash_lite_llama_70b_deepseek_v3,"gemini_flash_lite,llama_70b,deepseek_v3",231
random,0.9086294416243654,7.80554111675127e-05,0.9086294416243654,0.07106598984771574,0.29441624365482233,3model_gemini_flash_lite_llama_70b_deepseek_v3,"gemini_flash_lite,llama_70b,deepseek_v3",231
correctness_logistic,0.9441624365482234,7.568677157360406e-05,0.9441624365482234,0.03553299492385787,0.29441624365482233,3model_gemini_flash_lite_llama_70b_deepseek_v3,"gemini_flash_lite,llama_70b,deepseek_v3",231
correctness_random_forest,0.9543147208121827,7.813498477157361e-05,0.9543147208121827,0.025380710659898477,0.3197969543147208,3model_gemini_flash_lite_llama_70b_deepseek_v3,"gemini_flash_lite,llama_70b,deepseek_v3",231
correctness_extra_trees,0.9390862944162437,7.516125888324874e-05,0.9390862944162437,0.04060913705583756,0.2893401015228426,3model_gemini_flash_lite_llama_70b_deepseek_v3,"gemini_flash_lite,llama_70b,deepseek_v3",231
correctness_tfidf_logistic,0.9390862944162437,7.68166345177665e-05,0.9390862944162437,0.04060913705583756,0.29949238578680204,3model_gemini_flash_lite_llama_70b_deepseek_v3,"gemini_flash_lite,llama_70b,deepseek_v3",231
always_gemini_flash_lite,0.9390862944162437,0.00012262690355329948,0.9390862944162437,0.030456852791878174,0.9695431472081218,3model_gemini_flash_lite_llama_70b_deepseek_v3,"gemini_flash_lite,llama_70b,deepseek_v3",232
always_llama_70b,0.9035532994923858,5.291847715736041e-05,0.9035532994923858,0.06598984771573604,0.025380710659898477,3model_gemini_flash_lite_llama_70b_deepseek_v3,"gemini_flash_lite,llama_70b,deepseek_v3",232
always_deepseek_v3,0.8934010152284264,7.1633269035533e-05,0.8934010152284264,0.07614213197969544,0.005076142131979695,3model_gemini_flash_lite_llama_70b_deepseek_v3,"gemini_flash_lite,llama_70b,deepseek_v3",232
oracle,0.9695431472081218,0.00011917822335025381,0.9695431472081218,0.0,1.0,3model_gemini_flash_lite_llama_70b_deepseek_v3,"gemini_flash_lite,llama_70b,deepseek_v3",232
random,0.9187817258883249,8.038225888324873e-05,0.9187817258883249,0.050761421319796954,0.3147208121827411,3model_gemini_flash_lite_llama_70b_deepseek_v3,"gemini_flash_lite,llama_70b,deepseek_v3",232
correctness_logistic,0.9390862944162437,7.953172081218274e-05,0.9390862944162437,0.030456852791878174,0.30456852791878175,3model_gemini_flash_lite_llama_70b_deepseek_v3,"gemini_flash_lite,llama_70b,deepseek_v3",232
correctness_random_forest,0.9289340101522843,8.884929441624365e-05,0.9289340101522843,0.04060913705583756,0.39593908629441626,3model_gemini_flash_lite_llama_70b_deepseek_v3,"gemini_flash_lite,llama_70b,deepseek_v3",232
correctness_extra_trees,0.9035532994923858,8.337323857868021e-05,0.9035532994923858,0.06598984771573604,0.3096446700507614,3model_gemini_flash_lite_llama_70b_deepseek_v3,"gemini_flash_lite,llama_70b,deepseek_v3",232
correctness_tfidf_logistic,0.934010152284264,8.370122842639593e-05,0.934010152284264,0.03553299492385787,0.3299492385786802,3model_gemini_flash_lite_llama_70b_deepseek_v3,"gemini_flash_lite,llama_70b,deepseek_v3",232
always_gemini_flash_lite,0.949238578680203,0.00012163578680203047,0.949238578680203,0.025380710659898477,0.9746192893401016,3model_gemini_flash_lite_llama_70b_deepseek_v3,"gemini_flash_lite,llama_70b,deepseek_v3",233
always_llama_70b,0.8984771573604061,5.5636507614213196e-05,0.8984771573604061,0.07614213197969544,0.015228426395939087,3model_gemini_flash_lite_llama_70b_deepseek_v3,"gemini_flash_lite,llama_70b,deepseek_v3",233
always_deepseek_v3,0.9137055837563451,7.156977664974619e-05,0.9137055837563451,0.06091370558375635,0.01015228426395939,3model_gemini_flash_lite_llama_70b_deepseek_v3,"gemini_flash_lite,llama_70b,deepseek_v3",233
oracle,0.9746192893401016,0.00012010081218274111,0.9746192893401016,0.0,1.0,3model_gemini_flash_lite_llama_70b_deepseek_v3,"gemini_flash_lite,llama_70b,deepseek_v3",233
random,0.9187817258883249,8.295654822335026e-05,0.9187817258883249,0.05583756345177665,0.3197969543147208,3model_gemini_flash_lite_llama_70b_deepseek_v3,"gemini_flash_lite,llama_70b,deepseek_v3",233
correctness_logistic,0.9390862944162437,9.048471065989848e-05,0.9390862944162437,0.03553299492385787,0.40609137055837563,3model_gemini_flash_lite_llama_70b_deepseek_v3,"gemini_flash_lite,llama_70b,deepseek_v3",233
correctness_random_forest,0.9543147208121827,8.225278172588831e-05,0.9543147208121827,0.02030456852791878,0.37055837563451777,3model_gemini_flash_lite_llama_70b_deepseek_v3,"gemini_flash_lite,llama_70b,deepseek_v3",233
correctness_extra_trees,0.949238578680203,8.355934517766498e-05,0.949238578680203,0.025380710659898477,0.34517766497461927,3model_gemini_flash_lite_llama_70b_deepseek_v3,"gemini_flash_lite,llama_70b,deepseek_v3",233
correctness_tfidf_logistic,0.9441624365482234,9.115819289340101e-05,0.9441624365482234,0.030456852791878174,0.45685279187817257,3model_gemini_flash_lite_llama_70b_deepseek_v3,"gemini_flash_lite,llama_70b,deepseek_v3",233
always_gemini_flash_lite,0.9238578680203046,0.00011875888324873097,0.9238578680203046,0.030456852791878174,0.9695431472081218,3model_gemini_flash_lite_llama_70b_granite_8b,"gemini_flash_lite,llama_70b,granite_8b",229
always_llama_70b,0.8781725888324873,5.466173604060913e-05,0.8781725888324873,0.07614213197969544,0.02030456852791878,3model_gemini_flash_lite_llama_70b_granite_8b,"gemini_flash_lite,llama_70b,granite_8b",229
always_granite_8b,0.8223350253807107,1.5404060913705585e-05,0.8223350253807107,0.1319796954314721,0.01015228426395939,3model_gemini_flash_lite_llama_70b_granite_8b,"gemini_flash_lite,llama_70b,granite_8b",229
oracle,0.9543147208121827,0.00011436078680203047,0.9543147208121827,0.0,1.0,3model_gemini_flash_lite_llama_70b_granite_8b,"gemini_flash_lite,llama_70b,granite_8b",229
random,0.8781725888324873,5.6869060913705585e-05,0.8781725888324873,0.07614213197969544,0.3197969543147208,3model_gemini_flash_lite_llama_70b_granite_8b,"gemini_flash_lite,llama_70b,granite_8b",229
correctness_logistic,0.8934010152284264,6.813761928934011e-05,0.8934010152284264,0.06091370558375635,0.37055837563451777,3model_gemini_flash_lite_llama_70b_granite_8b,"gemini_flash_lite,llama_70b,granite_8b",229
correctness_random_forest,0.8934010152284264,6.569022842639594e-05,0.8934010152284264,0.06091370558375635,0.38071065989847713,3model_gemini_flash_lite_llama_70b_granite_8b,"gemini_flash_lite,llama_70b,granite_8b",229
correctness_extra_trees,0.8984771573604061,6.597786802030457e-05,0.8984771573604061,0.05583756345177665,0.36548223350253806,3model_gemini_flash_lite_llama_70b_granite_8b,"gemini_flash_lite,llama_70b,granite_8b",229
correctness_tfidf_logistic,0.9035532994923858,7.223393908629443e-05,0.9035532994923858,0.050761421319796954,0.41624365482233505,3model_gemini_flash_lite_llama_70b_granite_8b,"gemini_flash_lite,llama_70b,granite_8b",229
always_gemini_flash_lite,0.9593908629441624,0.00012148604060913703,0.9593908629441624,0.025380710659898477,0.9746192893401016,3model_gemini_flash_lite_llama_70b_granite_8b,"gemini_flash_lite,llama_70b,granite_8b",230
always_llama_70b,0.9187817258883249,5.905986294416244e-05,0.9187817258883249,0.06598984771573604,0.015228426395939087,3model_gemini_flash_lite_llama_70b_granite_8b,"gemini_flash_lite,llama_70b,granite_8b",230
always_granite_8b,0.8324873096446701,1.597741116751269e-05,0.8324873096446701,0.15228426395939088,0.01015228426395939,3model_gemini_flash_lite_llama_70b_granite_8b,"gemini_flash_lite,llama_70b,granite_8b",230
oracle,0.9847715736040609,0.00011927248730964467,0.9847715736040609,0.0,1.0,3model_gemini_flash_lite_llama_70b_granite_8b,"gemini_flash_lite,llama_70b,granite_8b",230
random,0.9137055837563451,6.99500304568528e-05,0.9137055837563451,0.07106598984771574,0.38071065989847713,3model_gemini_flash_lite_llama_70b_granite_8b,"gemini_flash_lite,llama_70b,granite_8b",230
correctness_logistic,0.9238578680203046,7.654045177664974e-05,0.9238578680203046,0.06091370558375635,0.350253807106599,3model_gemini_flash_lite_llama_70b_granite_8b,"gemini_flash_lite,llama_70b,granite_8b",230
correctness_random_forest,0.9137055837563451,8.031552284263959e-05,0.9137055837563451,0.07106598984771574,0.39086294416243655,3model_gemini_flash_lite_llama_70b_granite_8b,"gemini_flash_lite,llama_70b,granite_8b",230
correctness_extra_trees,0.9137055837563451,7.548999492385788e-05,0.9137055837563451,0.07106598984771574,0.3553299492385787,3model_gemini_flash_lite_llama_70b_granite_8b,"gemini_flash_lite,llama_70b,granite_8b",230
correctness_tfidf_logistic,0.9187817258883249,7.805303553299491e-05,0.9187817258883249,0.06598984771573604,0.3756345177664975,3model_gemini_flash_lite_llama_70b_granite_8b,"gemini_flash_lite,llama_70b,granite_8b",230
always_gemini_flash_lite,0.949238578680203,0.00011937563451776651,0.949238578680203,0.03553299492385787,0.9644670050761421,3model_gemini_flash_lite_llama_70b_granite_8b,"gemini_flash_lite,llama_70b,granite_8b",231
always_llama_70b,0.9289340101522843,5.2613131979695435e-05,0.9289340101522843,0.05583756345177665,0.030456852791878174,3model_gemini_flash_lite_llama_70b_granite_8b,"gemini_flash_lite,llama_70b,granite_8b",231
always_granite_8b,0.8527918781725888,1.571776649746193e-05,0.8527918781725888,0.1319796954314721,0.005076142131979695,3model_gemini_flash_lite_llama_70b_granite_8b,"gemini_flash_lite,llama_70b,granite_8b",231
oracle,0.9847715736040609,0.00011790981725888325,0.9847715736040609,0.0,1.0,3model_gemini_flash_lite_llama_70b_granite_8b,"gemini_flash_lite,llama_70b,granite_8b",231
random,0.9137055837563451,5.9973269035533e-05,0.9137055837563451,0.07106598984771574,0.29441624365482233,3model_gemini_flash_lite_llama_70b_granite_8b,"gemini_flash_lite,llama_70b,granite_8b",231
correctness_logistic,0.9441624365482234,6.160969035532995e-05,0.9441624365482234,0.04060913705583756,0.3147208121827411,3model_gemini_flash_lite_llama_70b_granite_8b,"gemini_flash_lite,llama_70b,granite_8b",231
correctness_random_forest,0.9543147208121827,6.612044670050762e-05,0.9543147208121827,0.030456852791878174,0.3604060913705584,3model_gemini_flash_lite_llama_70b_granite_8b,"gemini_flash_lite,llama_70b,granite_8b",231
correctness_extra_trees,0.9441624365482234,6.596896954314721e-05,0.9441624365482234,0.04060913705583756,0.3401015228426396,3model_gemini_flash_lite_llama_70b_granite_8b,"gemini_flash_lite,llama_70b,granite_8b",231
correctness_tfidf_logistic,0.9390862944162437,6.836142131979695e-05,0.9390862944162437,0.04568527918781726,0.3604060913705584,3model_gemini_flash_lite_llama_70b_granite_8b,"gemini_flash_lite,llama_70b,granite_8b",231
always_gemini_flash_lite,0.9390862944162437,0.00012262690355329948,0.9390862944162437,0.030456852791878174,0.9695431472081218,3model_gemini_flash_lite_llama_70b_granite_8b,"gemini_flash_lite,llama_70b,granite_8b",232
always_llama_70b,0.9035532994923858,5.291847715736041e-05,0.9035532994923858,0.06598984771573604,0.025380710659898477,3model_gemini_flash_lite_llama_70b_granite_8b,"gemini_flash_lite,llama_70b,granite_8b",232
always_granite_8b,0.8578680203045685,1.598223350253807e-05,0.8578680203045685,0.1116751269035533,0.005076142131979695,3model_gemini_flash_lite_llama_70b_granite_8b,"gemini_flash_lite,llama_70b,granite_8b",232
oracle,0.9695431472081218,0.00011902253807106599,0.9695431472081218,0.0,1.0,3model_gemini_flash_lite_llama_70b_granite_8b,"gemini_flash_lite,llama_70b,granite_8b",232
random,0.8984771573604061,6.169619796954314e-05,0.8984771573604061,0.07106598984771574,0.3147208121827411,3model_gemini_flash_lite_llama_70b_granite_8b,"gemini_flash_lite,llama_70b,granite_8b",232
correctness_logistic,0.9086294416243654,6.506852791878172e-05,0.9086294416243654,0.06091370558375635,0.3248730964467005,3model_gemini_flash_lite_llama_70b_granite_8b,"gemini_flash_lite,llama_70b,granite_8b",232
correctness_random_forest,0.9137055837563451,7.615347715736042e-05,0.9137055837563451,0.05583756345177665,0.4263959390862944,3model_gemini_flash_lite_llama_70b_granite_8b,"gemini_flash_lite,llama_70b,granite_8b",232
correctness_extra_trees,0.8934010152284264,6.891931472081219e-05,0.8934010152284264,0.07614213197969544,0.34517766497461927,3model_gemini_flash_lite_llama_70b_granite_8b,"gemini_flash_lite,llama_70b,granite_8b",232
correctness_tfidf_logistic,0.9035532994923858,7.120692893401015e-05,0.9035532994923858,0.06598984771573604,0.36548223350253806,3model_gemini_flash_lite_llama_70b_granite_8b,"gemini_flash_lite,llama_70b,granite_8b",232
always_gemini_flash_lite,0.949238578680203,0.00012163578680203047,0.949238578680203,0.02030456852791878,0.9796954314720813,3model_gemini_flash_lite_llama_70b_granite_8b,"gemini_flash_lite,llama_70b,granite_8b",233
always_llama_70b,0.8984771573604061,5.5636507614213196e-05,0.8984771573604061,0.07106598984771574,0.015228426395939087,3model_gemini_flash_lite_llama_70b_granite_8b,"gemini_flash_lite,llama_70b,granite_8b",233
always_granite_8b,0.8578680203045685,1.605736040609137e-05,0.8578680203045685,0.1116751269035533,0.005076142131979695,3model_gemini_flash_lite_llama_70b_granite_8b,"gemini_flash_lite,llama_70b,granite_8b",233
oracle,0.9695431472081218,0.00011970137055837562,0.9695431472081218,0.0,1.0,3model_gemini_flash_lite_llama_70b_granite_8b,"gemini_flash_lite,llama_70b,granite_8b",233
random,0.883248730964467,6.095805076142131e-05,0.883248730964467,0.08629441624365482,0.3248730964467005,3model_gemini_flash_lite_llama_70b_granite_8b,"gemini_flash_lite,llama_70b,granite_8b",233
correctness_logistic,0.934010152284264,6.406452284263959e-05,0.934010152284264,0.03553299492385787,0.3350253807106599,3model_gemini_flash_lite_llama_70b_granite_8b,"gemini_flash_lite,llama_70b,granite_8b",233
correctness_random_forest,0.949238578680203,7.505786802030456e-05,0.949238578680203,0.02030456852791878,0.4619289340101523,3model_gemini_flash_lite_llama_70b_granite_8b,"gemini_flash_lite,llama_70b,granite_8b",233
correctness_extra_trees,0.9441624365482234,6.941147715736041e-05,0.9441624365482234,0.025380710659898477,0.4010152284263959,3model_gemini_flash_lite_llama_70b_granite_8b,"gemini_flash_lite,llama_70b,granite_8b",233
correctness_tfidf_logistic,0.934010152284264,7.08562994923858e-05,0.934010152284264,0.03553299492385787,0.40609137055837563,3model_gemini_flash_lite_llama_70b_granite_8b,"gemini_flash_lite,llama_70b,granite_8b",233
always_gemini_flash_lite,0.9238578680203046,0.00011875888324873097,0.9238578680203046,0.025380710659898477,0.9746192893401016,3model_gemini_flash_lite_deepseek_v3_granite_8b,"gemini_flash_lite,deepseek_v3,granite_8b",229
always_deepseek_v3,0.9137055837563451,6.778710659898477e-05,0.9137055837563451,0.03553299492385787,0.015228426395939087,3model_gemini_flash_lite_deepseek_v3_granite_8b,"gemini_flash_lite,deepseek_v3,granite_8b",229
always_granite_8b,0.8223350253807107,1.5404060913705585e-05,0.8223350253807107,0.12690355329949238,0.01015228426395939,3model_gemini_flash_lite_deepseek_v3_granite_8b,"gemini_flash_lite,deepseek_v3,granite_8b",229
oracle,0.949238578680203,0.00011546903553299492,0.949238578680203,0.0,1.0,3model_gemini_flash_lite_deepseek_v3_granite_8b,"gemini_flash_lite,deepseek_v3,granite_8b",229
random,0.8883248730964467,6.175554314720813e-05,0.8883248730964467,0.06091370558375635,0.3248730964467005,3model_gemini_flash_lite_deepseek_v3_granite_8b,"gemini_flash_lite,deepseek_v3,granite_8b",229
correctness_logistic,0.9187817258883249,7.185248730964468e-05,0.9187817258883249,0.030456852791878174,0.3756345177664975,3model_gemini_flash_lite_deepseek_v3_granite_8b,"gemini_flash_lite,deepseek_v3,granite_8b",229
correctness_random_forest,0.8934010152284264,7.072105583756344e-05,0.8934010152284264,0.05583756345177665,0.34517766497461927,3model_gemini_flash_lite_deepseek_v3_granite_8b,"gemini_flash_lite,deepseek_v3,granite_8b",229
correctness_extra_trees,0.9086294416243654,6.367693401015229e-05,0.9086294416243654,0.04060913705583756,0.28426395939086296,3model_gemini_flash_lite_deepseek_v3_granite_8b,"gemini_flash_lite,deepseek_v3,granite_8b",229
correctness_tfidf_logistic,0.9187817258883249,7.435433502538072e-05,0.9187817258883249,0.030456852791878174,0.3553299492385787,3model_gemini_flash_lite_deepseek_v3_granite_8b,"gemini_flash_lite,deepseek_v3,granite_8b",229
always_gemini_flash_lite,0.9593908629441624,0.00012148604060913703,0.9593908629441624,0.030456852791878174,0.9695431472081218,3model_gemini_flash_lite_deepseek_v3_granite_8b,"gemini_flash_lite,deepseek_v3,granite_8b",230
always_deepseek_v3,0.9289340101522843,7.100308629441626e-05,0.9289340101522843,0.06091370558375635,0.02030456852791878,3model_gemini_flash_lite_deepseek_v3_granite_8b,"gemini_flash_lite,deepseek_v3,granite_8b",230
always_granite_8b,0.8324873096446701,1.597741116751269e-05,0.8324873096446701,0.15736040609137056,0.01015228426395939,3model_gemini_flash_lite_deepseek_v3_granite_8b,"gemini_flash_lite,deepseek_v3,granite_8b",230
oracle,0.9898477157360406,0.00011923624365482232,0.9898477157360406,0.0,1.0,3model_gemini_flash_lite_deepseek_v3_granite_8b,"gemini_flash_lite,deepseek_v3,granite_8b",230
random,0.9289340101522843,7.243995939086294e-05,0.9289340101522843,0.06091370558375635,0.38071065989847713,3model_gemini_flash_lite_deepseek_v3_granite_8b,"gemini_flash_lite,deepseek_v3,granite_8b",230
correctness_logistic,0.9187817258883249,7.426440609137055e-05,0.9187817258883249,0.07106598984771574,0.37055837563451777,3model_gemini_flash_lite_deepseek_v3_granite_8b,"gemini_flash_lite,deepseek_v3,granite_8b",230
correctness_random_forest,0.9187817258883249,7.702386802030457e-05,0.9187817258883249,0.07106598984771574,0.39086294416243655,3model_gemini_flash_lite_deepseek_v3_granite_8b,"gemini_flash_lite,deepseek_v3,granite_8b",230
correctness_extra_trees,0.9187817258883249,6.855276142131981e-05,0.9187817258883249,0.07106598984771574,0.3197969543147208,3model_gemini_flash_lite_deepseek_v3_granite_8b,"gemini_flash_lite,deepseek_v3,granite_8b",230
correctness_tfidf_logistic,0.9187817258883249,7.651244670050761e-05,0.9187817258883249,0.07106598984771574,0.38071065989847713,3model_gemini_flash_lite_deepseek_v3_granite_8b,"gemini_flash_lite,deepseek_v3,granite_8b",230
always_gemini_flash_lite,0.949238578680203,0.00011937563451776651,0.949238578680203,0.030456852791878174,0.9695431472081218,3model_gemini_flash_lite_deepseek_v3_granite_8b,"gemini_flash_lite,deepseek_v3,granite_8b",231
always_deepseek_v3,0.8984771573604061,6.883886294416244e-05,0.8984771573604061,0.08121827411167512,0.005076142131979695,3model_gemini_flash_lite_deepseek_v3_granite_8b,"gemini_flash_lite,deepseek_v3,granite_8b",231
always_granite_8b,0.8527918781725888,1.571776649746193e-05,0.8527918781725888,0.12690355329949238,0.025380710659898477,3model_gemini_flash_lite_deepseek_v3_granite_8b,"gemini_flash_lite,deepseek_v3,granite_8b",231
oracle,0.9796954314720813,0.0001160581725888325,0.9796954314720813,0.0,1.0,3model_gemini_flash_lite_deepseek_v3_granite_8b,"gemini_flash_lite,deepseek_v3,granite_8b",231
random,0.9137055837563451,6.545080203045685e-05,0.9137055837563451,0.06598984771573604,0.3096446700507614,3model_gemini_flash_lite_deepseek_v3_granite_8b,"gemini_flash_lite,deepseek_v3,granite_8b",231
correctness_logistic,0.934010152284264,6.885664974619289e-05,0.934010152284264,0.04568527918781726,0.3147208121827411,3model_gemini_flash_lite_deepseek_v3_granite_8b,"gemini_flash_lite,deepseek_v3,granite_8b",231
correctness_random_forest,0.9593908629441624,7.29154923857868e-05,0.9593908629441624,0.02030456852791878,0.3248730964467005,3model_gemini_flash_lite_deepseek_v3_granite_8b,"gemini_flash_lite,deepseek_v3,granite_8b",231
correctness_extra_trees,0.9441624365482234,7.029367512690355e-05,0.9441624365482234,0.03553299492385787,0.29949238578680204,3model_gemini_flash_lite_deepseek_v3_granite_8b,"gemini_flash_lite,deepseek_v3,granite_8b",231
correctness_tfidf_logistic,0.9390862944162437,7.120922842639594e-05,0.9390862944162437,0.04060913705583756,0.3248730964467005,3model_gemini_flash_lite_deepseek_v3_granite_8b,"gemini_flash_lite,deepseek_v3,granite_8b",231
always_gemini_flash_lite,0.9390862944162437,0.00012262690355329948,0.9390862944162437,0.025380710659898477,0.9746192893401016,3model_gemini_flash_lite_deepseek_v3_granite_8b,"gemini_flash_lite,deepseek_v3,granite_8b",232
always_deepseek_v3,0.8934010152284264,7.1633269035533e-05,0.8934010152284264,0.07106598984771574,0.015228426395939087,3model_gemini_flash_lite_deepseek_v3_granite_8b,"gemini_flash_lite,deepseek_v3,granite_8b",232
always_granite_8b,0.8578680203045685,1.598223350253807e-05,0.8578680203045685,0.1065989847715736,0.01015228426395939,3model_gemini_flash_lite_deepseek_v3_granite_8b,"gemini_flash_lite,deepseek_v3,granite_8b",232
oracle,0.9644670050761421,0.0001195797461928934,0.9644670050761421,0.0,1.0,3model_gemini_flash_lite_deepseek_v3_granite_8b,"gemini_flash_lite,deepseek_v3,granite_8b",232
random,0.883248730964467,6.813879187817259e-05,0.883248730964467,0.08121827411167512,0.3147208121827411,3model_gemini_flash_lite_deepseek_v3_granite_8b,"gemini_flash_lite,deepseek_v3,granite_8b",232
correctness_logistic,0.9187817258883249,7.234186802030458e-05,0.9187817258883249,0.04568527918781726,0.37055837563451777,3model_gemini_flash_lite_deepseek_v3_granite_8b,"gemini_flash_lite,deepseek_v3,granite_8b",232
correctness_random_forest,0.9035532994923858,7.619426395939088e-05,0.9035532994923858,0.06091370558375635,0.39086294416243655,3model_gemini_flash_lite_deepseek_v3_granite_8b,"gemini_flash_lite,deepseek_v3,granite_8b",232
correctness_extra_trees,0.8984771573604061,7.405216243654822e-05,0.8984771573604061,0.06598984771573604,0.3756345177664975,3model_gemini_flash_lite_deepseek_v3_granite_8b,"gemini_flash_lite,deepseek_v3,granite_8b",232
correctness_tfidf_logistic,0.9187817258883249,7.70659695431472e-05,0.9187817258883249,0.04568527918781726,0.39086294416243655,3model_gemini_flash_lite_deepseek_v3_granite_8b,"gemini_flash_lite,deepseek_v3,granite_8b",232
always_gemini_flash_lite,0.949238578680203,0.00012163578680203047,0.949238578680203,0.025380710659898477,0.9746192893401016,3model_gemini_flash_lite_deepseek_v3_granite_8b,"gemini_flash_lite,deepseek_v3,granite_8b",233
always_deepseek_v3,0.9137055837563451,7.156977664974619e-05,0.9137055837563451,0.06091370558375635,0.02030456852791878,3model_gemini_flash_lite_deepseek_v3_granite_8b,"gemini_flash_lite,deepseek_v3,granite_8b",233
always_granite_8b,0.8578680203045685,1.605736040609137e-05,0.8578680203045685,0.116751269035533,0.005076142131979695,3model_gemini_flash_lite_deepseek_v3_granite_8b,"gemini_flash_lite,deepseek_v3,granite_8b",233
oracle,0.9746192893401016,0.0001194727918781726,0.9746192893401016,0.0,1.0,3model_gemini_flash_lite_deepseek_v3_granite_8b,"gemini_flash_lite,deepseek_v3,granite_8b",233
random,0.8883248730964467,6.636105583756345e-05,0.8883248730964467,0.08629441624365482,0.3299492385786802,3model_gemini_flash_lite_deepseek_v3_granite_8b,"gemini_flash_lite,deepseek_v3,granite_8b",233
correctness_logistic,0.934010152284264,6.464582741116751e-05,0.934010152284264,0.04060913705583756,0.30456852791878175,3model_gemini_flash_lite_deepseek_v3_granite_8b,"gemini_flash_lite,deepseek_v3,granite_8b",233
correctness_random_forest,0.9390862944162437,7.602440609137056e-05,0.9390862944162437,0.03553299492385787,0.3604060913705584,3model_gemini_flash_lite_deepseek_v3_granite_8b,"gemini_flash_lite,deepseek_v3,granite_8b",233
correctness_extra_trees,0.949238578680203,6.711078172588833e-05,0.949238578680203,0.025380710659898477,0.3197969543147208,3model_gemini_flash_lite_deepseek_v3_granite_8b,"gemini_flash_lite,deepseek_v3,granite_8b",233
correctness_tfidf_logistic,0.9390862944162437,6.978587817258883e-05,0.9390862944162437,0.03553299492385787,0.38071065989847713,3model_gemini_flash_lite_deepseek_v3_granite_8b,"gemini_flash_lite,deepseek_v3,granite_8b",233
always_qwen_30b,0.883248730964467,2.4050889340101523e-05,0.883248730964467,0.05583756345177665,0.9441624365482234,3model_qwen_30b_llama_70b_deepseek_v3,"qwen_30b,llama_70b,deepseek_v3",229
always_llama_70b,0.8781725888324873,5.466173604060913e-05,0.8781725888324873,0.06091370558375635,0.04060913705583756,3model_qwen_30b_llama_70b_deepseek_v3,"qwen_30b,llama_70b,deepseek_v3",229
always_deepseek_v3,0.9137055837563451,6.778710659898477e-05,0.9137055837563451,0.025380710659898477,0.015228426395939087,3model_qwen_30b_llama_70b_deepseek_v3,"qwen_30b,llama_70b,deepseek_v3",229
oracle,0.9390862944162437,2.5207597969543152e-05,0.9390862944162437,0.0,1.0,3model_qwen_30b_llama_70b_deepseek_v3,"qwen_30b,llama_70b,deepseek_v3",229
random,0.883248730964467,4.8682455837563455e-05,0.883248730964467,0.05583756345177665,0.29441624365482233,3model_qwen_30b_llama_70b_deepseek_v3,"qwen_30b,llama_70b,deepseek_v3",229
correctness_logistic,0.8984771573604061,5.246865786802029e-05,0.8984771573604061,0.04060913705583756,0.25380710659898476,3model_qwen_30b_llama_70b_deepseek_v3,"qwen_30b,llama_70b,deepseek_v3",229
correctness_random_forest,0.8883248730964467,4.953949746192893e-05,0.8883248730964467,0.050761421319796954,0.3147208121827411,3model_qwen_30b_llama_70b_deepseek_v3,"qwen_30b,llama_70b,deepseek_v3",229
correctness_extra_trees,0.868020304568528,5.3597269035532996e-05,0.868020304568528,0.07106598984771574,0.19796954314720813,3model_qwen_30b_llama_70b_deepseek_v3,"qwen_30b,llama_70b,deepseek_v3",229
correctness_tfidf_logistic,0.8883248730964467,5.160890253807106e-05,0.8883248730964467,0.050761421319796954,0.29949238578680204,3model_qwen_30b_llama_70b_deepseek_v3,"qwen_30b,llama_70b,deepseek_v3",229
always_qwen_30b,0.9187817258883249,2.5177516751269037e-05,0.9187817258883249,0.050761421319796954,0.949238578680203,3model_qwen_30b_llama_70b_deepseek_v3,"qwen_30b,llama_70b,deepseek_v3",230
always_llama_70b,0.9187817258883249,5.905986294416244e-05,0.9187817258883249,0.050761421319796954,0.03553299492385787,3model_qwen_30b_llama_70b_deepseek_v3,"qwen_30b,llama_70b,deepseek_v3",230
always_deepseek_v3,0.9289340101522843,7.100308629441626e-05,0.9289340101522843,0.04060913705583756,0.015228426395939087,3model_qwen_30b_llama_70b_deepseek_v3,"qwen_30b,llama_70b,deepseek_v3",230
oracle,0.9695431472081218,2.632016954314721e-05,0.9695431472081218,0.0,1.0,3model_qwen_30b_llama_70b_deepseek_v3,"qwen_30b,llama_70b,deepseek_v3",230
random,0.9187817258883249,5.027683654822335e-05,0.9187817258883249,0.050761421319796954,0.37055837563451777,3model_qwen_30b_llama_70b_deepseek_v3,"qwen_30b,llama_70b,deepseek_v3",230
correctness_logistic,0.9238578680203046,4.5510509644670056e-05,0.9238578680203046,0.04568527918781726,0.4213197969543147,3model_qwen_30b_llama_70b_deepseek_v3,"qwen_30b,llama_70b,deepseek_v3",230
correctness_random_forest,0.9289340101522843,5.311910456852793e-05,0.9289340101522843,0.04060913705583756,0.350253807106599,3model_qwen_30b_llama_70b_deepseek_v3,"qwen_30b,llama_70b,deepseek_v3",230
correctness_extra_trees,0.9137055837563451,5.3558894416243656e-05,0.9137055837563451,0.05583756345177665,0.2893401015228426,3model_qwen_30b_llama_70b_deepseek_v3,"qwen_30b,llama_70b,deepseek_v3",230
correctness_tfidf_logistic,0.934010152284264,4.747160203045686e-05,0.934010152284264,0.03553299492385787,0.39086294416243655,3model_qwen_30b_llama_70b_deepseek_v3,"qwen_30b,llama_70b,deepseek_v3",230
always_qwen_30b,0.9086294416243654,2.4685005076142135e-05,0.9086294416243654,0.07106598984771574,0.9289340101522843,3model_qwen_30b_llama_70b_deepseek_v3,"qwen_30b,llama_70b,deepseek_v3",231
always_llama_70b,0.9289340101522843,5.2613131979695435e-05,0.9289340101522843,0.050761421319796954,0.06091370558375635,3model_qwen_30b_llama_70b_deepseek_v3,"qwen_30b,llama_70b,deepseek_v3",231
always_deepseek_v3,0.8984771573604061,6.883886294416244e-05,0.8984771573604061,0.08121827411167512,0.01015228426395939,3model_qwen_30b_llama_70b_deepseek_v3,"qwen_30b,llama_70b,deepseek_v3",231
oracle,0.9796954314720813,2.7554022335025384e-05,0.9796954314720813,0.0,1.0,3model_qwen_30b_llama_70b_deepseek_v3,"qwen_30b,llama_70b,deepseek_v3",231
random,0.8934010152284264,5.0306603045685276e-05,0.8934010152284264,0.08629441624365482,0.29441624365482233,3model_qwen_30b_llama_70b_deepseek_v3,"qwen_30b,llama_70b,deepseek_v3",231
correctness_logistic,0.9238578680203046,4.997102741116751e-05,0.9238578680203046,0.05583756345177665,0.29949238578680204,3model_qwen_30b_llama_70b_deepseek_v3,"qwen_30b,llama_70b,deepseek_v3",231
correctness_random_forest,0.9086294416243654,4.934949441624365e-05,0.9086294416243654,0.07106598984771574,0.3096446700507614,3model_qwen_30b_llama_70b_deepseek_v3,"qwen_30b,llama_70b,deepseek_v3",231
correctness_extra_trees,0.9137055837563451,5.080126497461928e-05,0.9137055837563451,0.06598984771573604,0.3299492385786802,3model_qwen_30b_llama_70b_deepseek_v3,"qwen_30b,llama_70b,deepseek_v3",231
correctness_tfidf_logistic,0.9238578680203046,5.082267208121826e-05,0.9238578680203046,0.05583756345177665,0.3197969543147208,3model_qwen_30b_llama_70b_deepseek_v3,"qwen_30b,llama_70b,deepseek_v3",231
always_qwen_30b,0.9035532994923858,2.511733604060913e-05,0.9035532994923858,0.05583756345177665,0.9441624365482234,3model_qwen_30b_llama_70b_deepseek_v3,"qwen_30b,llama_70b,deepseek_v3",232
always_llama_70b,0.9035532994923858,5.291847715736041e-05,0.9035532994923858,0.05583756345177665,0.04060913705583756,3model_qwen_30b_llama_70b_deepseek_v3,"qwen_30b,llama_70b,deepseek_v3",232
always_deepseek_v3,0.8934010152284264,7.1633269035533e-05,0.8934010152284264,0.06598984771573604,0.015228426395939087,3model_qwen_30b_llama_70b_deepseek_v3,"qwen_30b,llama_70b,deepseek_v3",232
oracle,0.9593908629441624,2.5972631472081217e-05,0.9593908629441624,0.0,1.0,3model_qwen_30b_llama_70b_deepseek_v3,"qwen_30b,llama_70b,deepseek_v3",232
random,0.9086294416243654,5.090820609137056e-05,0.9086294416243654,0.050761421319796954,0.3096446700507614,3model_qwen_30b_llama_70b_deepseek_v3,"qwen_30b,llama_70b,deepseek_v3",232
correctness_logistic,0.8934010152284264,5.129138680203046e-05,0.8934010152284264,0.06598984771573604,0.30456852791878175,3model_qwen_30b_llama_70b_deepseek_v3,"qwen_30b,llama_70b,deepseek_v3",232
correctness_random_forest,0.8934010152284264,5.3193373604060914e-05,0.8934010152284264,0.06598984771573604,0.233502538071066,3model_qwen_30b_llama_70b_deepseek_v3,"qwen_30b,llama_70b,deepseek_v3",232
correctness_extra_trees,0.883248730964467,5.4962871065989846e-05,0.883248730964467,0.07614213197969544,0.22842639593908629,3model_qwen_30b_llama_70b_deepseek_v3,"qwen_30b,llama_70b,deepseek_v3",232
correctness_tfidf_logistic,0.8984771573604061,5.355648730964467e-05,0.8984771573604061,0.06091370558375635,0.26903553299492383,3model_qwen_30b_llama_70b_deepseek_v3,"qwen_30b,llama_70b,deepseek_v3",232
always_qwen_30b,0.9137055837563451,2.5185965482233502e-05,0.9137055837563451,0.050761421319796954,0.949238578680203,3model_qwen_30b_llama_70b_deepseek_v3,"qwen_30b,llama_70b,deepseek_v3",233
always_llama_70b,0.8984771573604061,5.5636507614213196e-05,0.8984771573604061,0.06598984771573604,0.03553299492385787,3model_qwen_30b_llama_70b_deepseek_v3,"qwen_30b,llama_70b,deepseek_v3",233
always_deepseek_v3,0.9137055837563451,7.156977664974619e-05,0.9137055837563451,0.050761421319796954,0.015228426395939087,3model_qwen_30b_llama_70b_deepseek_v3,"qwen_30b,llama_70b,deepseek_v3",233
oracle,0.9644670050761421,2.6877033502538072e-05,0.9644670050761421,0.0,1.0,3model_qwen_30b_llama_70b_deepseek_v3,"qwen_30b,llama_70b,deepseek_v3",233
random,0.9035532994923858,5.4324330964467004e-05,0.9035532994923858,0.06091370558375635,0.3248730964467005,3model_qwen_30b_llama_70b_deepseek_v3,"qwen_30b,llama_70b,deepseek_v3",233
correctness_logistic,0.9238578680203046,5.085402233502538e-05,0.9238578680203046,0.04060913705583756,0.3553299492385787,3model_qwen_30b_llama_70b_deepseek_v3,"qwen_30b,llama_70b,deepseek_v3",233
correctness_random_forest,0.9187817258883249,5.166892994923858e-05,0.9187817258883249,0.04568527918781726,0.26903553299492383,3model_qwen_30b_llama_70b_deepseek_v3,"qwen_30b,llama_70b,deepseek_v3",233
correctness_extra_trees,0.934010152284264,5.237414720812182e-05,0.934010152284264,0.030456852791878174,0.29949238578680204,3model_qwen_30b_llama_70b_deepseek_v3,"qwen_30b,llama_70b,deepseek_v3",233
correctness_tfidf_logistic,0.9187817258883249,5.276895329949238e-05,0.9187817258883249,0.04568527918781726,0.350253807106599,3model_qwen_30b_llama_70b_deepseek_v3,"qwen_30b,llama_70b,deepseek_v3",233
always_qwen_30b,0.883248730964467,2.4050889340101523e-05,0.883248730964467,0.050761421319796954,0.949238578680203,3model_qwen_30b_llama_70b_granite_8b,"qwen_30b,llama_70b,granite_8b",229
always_llama_70b,0.8781725888324873,5.466173604060913e-05,0.8781725888324873,0.05583756345177665,0.04060913705583756,3model_qwen_30b_llama_70b_granite_8b,"qwen_30b,llama_70b,granite_8b",229
always_granite_8b,0.8223350253807107,1.5404060913705585e-05,0.8223350253807107,0.1116751269035533,0.01015228426395939,3model_qwen_30b_llama_70b_granite_8b,"qwen_30b,llama_70b,granite_8b",229
oracle,0.934010152284264,2.46761076142132e-05,0.934010152284264,0.0,1.0,3model_qwen_30b_llama_70b_granite_8b,"qwen_30b,llama_70b,granite_8b",229
random,0.8578680203045685,2.819350152284264e-05,0.8578680203045685,0.07614213197969544,0.29949238578680204,3model_qwen_30b_llama_70b_granite_8b,"qwen_30b,llama_70b,granite_8b",229
correctness_logistic,0.8629441624365483,3.234459796954315e-05,0.8629441624365483,0.07106598984771574,0.26903553299492383,3model_qwen_30b_llama_70b_granite_8b,"qwen_30b,llama_70b,granite_8b",229
correctness_random_forest,0.868020304568528,3.0820308629441624e-05,0.868020304568528,0.06598984771573604,0.3147208121827411,3model_qwen_30b_llama_70b_granite_8b,"qwen_30b,llama_70b,granite_8b",229
correctness_extra_trees,0.868020304568528,2.991047208121827e-05,0.868020304568528,0.06598984771573604,0.2893401015228426,3model_qwen_30b_llama_70b_granite_8b,"qwen_30b,llama_70b,granite_8b",229
correctness_tfidf_logistic,0.8629441624365483,3.3593434517766496e-05,0.8629441624365483,0.07106598984771574,0.3299492385786802,3model_qwen_30b_llama_70b_granite_8b,"qwen_30b,llama_70b,granite_8b",229
always_qwen_30b,0.9187817258883249,2.5177516751269037e-05,0.9187817258883249,0.06091370558375635,0.9390862944162437,3model_qwen_30b_llama_70b_granite_8b,"qwen_30b,llama_70b,granite_8b",230
always_llama_70b,0.9187817258883249,5.905986294416244e-05,0.9187817258883249,0.06091370558375635,0.03553299492385787,3model_qwen_30b_llama_70b_granite_8b,"qwen_30b,llama_70b,granite_8b",230
always_granite_8b,0.8324873096446701,1.597741116751269e-05,0.8324873096446701,0.14720812182741116,0.025380710659898477,3model_qwen_30b_llama_70b_granite_8b,"qwen_30b,llama_70b,granite_8b",230
oracle,0.9796954314720813,2.5558971573604062e-05,0.9796954314720813,0.0,1.0,3model_qwen_30b_llama_70b_granite_8b,"qwen_30b,llama_70b,granite_8b",230
random,0.8984771573604061,3.2278572588832487e-05,0.8984771573604061,0.08121827411167512,0.3756345177664975,3model_qwen_30b_llama_70b_granite_8b,"qwen_30b,llama_70b,granite_8b",230
correctness_logistic,0.8883248730964467,3.640919898477157e-05,0.8883248730964467,0.09137055837563451,0.3248730964467005,3model_qwen_30b_llama_70b_granite_8b,"qwen_30b,llama_70b,granite_8b",230
correctness_random_forest,0.9035532994923858,3.712496954314721e-05,0.9035532994923858,0.07614213197969544,0.3147208121827411,3model_qwen_30b_llama_70b_granite_8b,"qwen_30b,llama_70b,granite_8b",230
correctness_extra_trees,0.8984771573604061,3.70012730964467e-05,0.8984771573604061,0.08121827411167512,0.27918781725888325,3model_qwen_30b_llama_70b_granite_8b,"qwen_30b,llama_70b,granite_8b",230
correctness_tfidf_logistic,0.8984771573604061,3.578816649746193e-05,0.8984771573604061,0.08121827411167512,0.37055837563451777,3model_qwen_30b_llama_70b_granite_8b,"qwen_30b,llama_70b,granite_8b",230
always_qwen_30b,0.9086294416243654,2.4685005076142135e-05,0.9086294416243654,0.07106598984771574,0.9289340101522843,3model_qwen_30b_llama_70b_granite_8b,"qwen_30b,llama_70b,granite_8b",231
always_llama_70b,0.9289340101522843,5.2613131979695435e-05,0.9289340101522843,0.050761421319796954,0.06091370558375635,3model_qwen_30b_llama_70b_granite_8b,"qwen_30b,llama_70b,granite_8b",231
always_granite_8b,0.8527918781725888,1.571776649746193e-05,0.8527918781725888,0.12690355329949238,0.01015228426395939,3model_qwen_30b_llama_70b_granite_8b,"qwen_30b,llama_70b,granite_8b",231
oracle,0.9796954314720813,2.7050678172588833e-05,0.9796954314720813,0.0,1.0,3model_qwen_30b_llama_70b_granite_8b,"qwen_30b,llama_70b,granite_8b",231
random,0.8984771573604061,3.222446091370558e-05,0.8984771573604061,0.08121827411167512,0.29949238578680204,3model_qwen_30b_llama_70b_granite_8b,"qwen_30b,llama_70b,granite_8b",231
correctness_logistic,0.934010152284264,3.1937922842639596e-05,0.934010152284264,0.04568527918781726,0.2893401015228426,3model_qwen_30b_llama_70b_granite_8b,"qwen_30b,llama_70b,granite_8b",231
correctness_random_forest,0.9238578680203046,3.113879695431472e-05,0.9238578680203046,0.05583756345177665,0.3553299492385787,3model_qwen_30b_llama_70b_granite_8b,"qwen_30b,llama_70b,granite_8b",231
correctness_extra_trees,0.9390862944162437,3.489908020304568e-05,0.9390862944162437,0.04060913705583756,0.3553299492385787,3model_qwen_30b_llama_70b_granite_8b,"qwen_30b,llama_70b,granite_8b",231
correctness_tfidf_logistic,0.9390862944162437,3.413991878172589e-05,0.9390862944162437,0.04060913705583756,0.3756345177664975,3model_qwen_30b_llama_70b_granite_8b,"qwen_30b,llama_70b,granite_8b",231
always_qwen_30b,0.9035532994923858,2.511733604060913e-05,0.9035532994923858,0.050761421319796954,0.949238578680203,3model_qwen_30b_llama_70b_granite_8b,"qwen_30b,llama_70b,granite_8b",232
always_llama_70b,0.9035532994923858,5.291847715736041e-05,0.9035532994923858,0.050761421319796954,0.04060913705583756,3model_qwen_30b_llama_70b_granite_8b,"qwen_30b,llama_70b,granite_8b",232
always_granite_8b,0.8578680203045685,1.598223350253807e-05,0.8578680203045685,0.09644670050761421,0.01015228426395939,3model_qwen_30b_llama_70b_granite_8b,"qwen_30b,llama_70b,granite_8b",232
oracle,0.9543147208121827,2.528344162436548e-05,0.9543147208121827,0.0,1.0,3model_qwen_30b_llama_70b_granite_8b,"qwen_30b,llama_70b,granite_8b",232
random,0.8883248730964467,3.222214517766497e-05,0.8883248730964467,0.06598984771573604,0.3096446700507614,3model_qwen_30b_llama_70b_granite_8b,"qwen_30b,llama_70b,granite_8b",232
correctness_logistic,0.883248730964467,3.395677157360406e-05,0.883248730964467,0.07106598984771574,0.3299492385786802,3model_qwen_30b_llama_70b_granite_8b,"qwen_30b,llama_70b,granite_8b",232
correctness_random_forest,0.883248730964467,3.508688324873096e-05,0.883248730964467,0.07106598984771574,0.26903553299492383,3model_qwen_30b_llama_70b_granite_8b,"qwen_30b,llama_70b,granite_8b",232
correctness_extra_trees,0.868020304568528,3.698636446700507e-05,0.868020304568528,0.08629441624365482,0.25380710659898476,3model_qwen_30b_llama_70b_granite_8b,"qwen_30b,llama_70b,granite_8b",232
correctness_tfidf_logistic,0.8781725888324873,3.5331489340101525e-05,0.8781725888324873,0.07614213197969544,0.3350253807106599,3model_qwen_30b_llama_70b_granite_8b,"qwen_30b,llama_70b,granite_8b",232
always_qwen_30b,0.9137055837563451,2.5185965482233502e-05,0.9137055837563451,0.050761421319796954,0.949238578680203,3model_qwen_30b_llama_70b_granite_8b,"qwen_30b,llama_70b,granite_8b",233
always_llama_70b,0.8984771573604061,5.5636507614213196e-05,0.8984771573604061,0.06598984771573604,0.03553299492385787,3model_qwen_30b_llama_70b_granite_8b,"qwen_30b,llama_70b,granite_8b",233
always_granite_8b,0.8578680203045685,1.605736040609137e-05,0.8578680203045685,0.1065989847715736,0.015228426395939087,3model_qwen_30b_llama_70b_granite_8b,"qwen_30b,llama_70b,granite_8b",233
oracle,0.9644670050761421,2.6157709644670054e-05,0.9644670050761421,0.0,1.0,3model_qwen_30b_llama_70b_granite_8b,"qwen_30b,llama_70b,granite_8b",233
random,0.868020304568528,3.232583350253807e-05,0.868020304568528,0.09644670050761421,0.3248730964467005,3model_qwen_30b_llama_70b_granite_8b,"qwen_30b,llama_70b,granite_8b",233
correctness_logistic,0.9187817258883249,2.8165029441624366e-05,0.9187817258883249,0.04568527918781726,0.350253807106599,3model_qwen_30b_llama_70b_granite_8b,"qwen_30b,llama_70b,granite_8b",233
correctness_random_forest,0.9187817258883249,3.3452498477157356e-05,0.9187817258883249,0.04568527918781726,0.4010152284263959,3model_qwen_30b_llama_70b_granite_8b,"qwen_30b,llama_70b,granite_8b",233
correctness_extra_trees,0.9187817258883249,3.2209006091370555e-05,0.9187817258883249,0.04568527918781726,0.3604060913705584,3model_qwen_30b_llama_70b_granite_8b,"qwen_30b,llama_70b,granite_8b",233
correctness_tfidf_logistic,0.9238578680203046,2.9788710659898476e-05,0.9238578680203046,0.04060913705583756,0.38578680203045684,3model_qwen_30b_llama_70b_granite_8b,"qwen_30b,llama_70b,granite_8b",233
always_qwen_30b,0.883248730964467,2.4050889340101523e-05,0.883248730964467,0.050761421319796954,0.949238578680203,3model_qwen_30b_deepseek_v3_granite_8b,"qwen_30b,deepseek_v3,granite_8b",229
always_deepseek_v3,0.9137055837563451,6.778710659898477e-05,0.9137055837563451,0.02030456852791878,0.04568527918781726,3model_qwen_30b_deepseek_v3_granite_8b,"qwen_30b,deepseek_v3,granite_8b",229
always_granite_8b,0.8223350253807107,1.5404060913705585e-05,0.8223350253807107,0.1116751269035533,0.005076142131979695,3model_qwen_30b_deepseek_v3_granite_8b,"qwen_30b,deepseek_v3,granite_8b",229
oracle,0.934010152284264,2.558433299492386e-05,0.934010152284264,0.0,1.0,3model_qwen_30b_deepseek_v3_granite_8b,"qwen_30b,deepseek_v3,granite_8b",229
random,0.868020304568528,3.3079983756345184e-05,0.868020304568528,0.06598984771573604,0.29441624365482233,3model_qwen_30b_deepseek_v3_granite_8b,"qwen_30b,deepseek_v3,granite_8b",229
correctness_logistic,0.9035532994923858,3.836079390862945e-05,0.9035532994923858,0.030456852791878174,0.19289340101522842,3model_qwen_30b_deepseek_v3_granite_8b,"qwen_30b,deepseek_v3,granite_8b",229
correctness_random_forest,0.8883248730964467,4.1361459898477156e-05,0.8883248730964467,0.04568527918781726,0.23857868020304568,3model_qwen_30b_deepseek_v3_granite_8b,"qwen_30b,deepseek_v3,granite_8b",229
correctness_extra_trees,0.883248730964467,3.7758901522842645e-05,0.883248730964467,0.050761421319796954,0.15228426395939088,3model_qwen_30b_deepseek_v3_granite_8b,"qwen_30b,deepseek_v3,granite_8b",229
correctness_tfidf_logistic,0.9035532994923858,3.9146540101522846e-05,0.9035532994923858,0.030456852791878174,0.25380710659898476,3model_qwen_30b_deepseek_v3_granite_8b,"qwen_30b,deepseek_v3,granite_8b",229
always_qwen_30b,0.9187817258883249,2.5177516751269037e-05,0.9187817258883249,0.06091370558375635,0.9390862944162437,3model_qwen_30b_deepseek_v3_granite_8b,"qwen_30b,deepseek_v3,granite_8b",230
always_deepseek_v3,0.9289340101522843,7.100308629441626e-05,0.9289340101522843,0.050761421319796954,0.04568527918781726,3model_qwen_30b_deepseek_v3_granite_8b,"qwen_30b,deepseek_v3,granite_8b",230
always_granite_8b,0.8324873096446701,1.597741116751269e-05,0.8324873096446701,0.14720812182741116,0.015228426395939087,3model_qwen_30b_deepseek_v3_granite_8b,"qwen_30b,deepseek_v3,granite_8b",230
oracle,0.9796954314720813,2.7675585786802036e-05,0.9796954314720813,0.0,1.0,3model_qwen_30b_deepseek_v3_granite_8b,"qwen_30b,deepseek_v3,granite_8b",230
random,0.9137055837563451,3.476850152284264e-05,0.9137055837563451,0.06598984771573604,0.38578680203045684,3model_qwen_30b_deepseek_v3_granite_8b,"qwen_30b,deepseek_v3,granite_8b",230
correctness_logistic,0.8781725888324873,3.327206091370558e-05,0.8781725888324873,0.10152284263959391,0.3350253807106599,3model_qwen_30b_deepseek_v3_granite_8b,"qwen_30b,deepseek_v3,granite_8b",230
correctness_random_forest,0.9086294416243654,4.095422538071066e-05,0.9086294416243654,0.07106598984771574,0.3096446700507614,3model_qwen_30b_deepseek_v3_granite_8b,"qwen_30b,deepseek_v3,granite_8b",230
correctness_extra_trees,0.9035532994923858,3.617451776649746e-05,0.9035532994923858,0.07614213197969544,0.29949238578680204,3model_qwen_30b_deepseek_v3_granite_8b,"qwen_30b,deepseek_v3,granite_8b",230
correctness_tfidf_logistic,0.8883248730964467,3.6973386802030455e-05,0.8883248730964467,0.09137055837563451,0.3553299492385787,3model_qwen_30b_deepseek_v3_granite_8b,"qwen_30b,deepseek_v3,granite_8b",230
always_qwen_30b,0.9086294416243654,2.4685005076142135e-05,0.9086294416243654,0.06091370558375635,0.9390862944162437,3model_qwen_30b_deepseek_v3_granite_8b,"qwen_30b,deepseek_v3,granite_8b",231
always_deepseek_v3,0.8984771573604061,6.883886294416244e-05,0.8984771573604061,0.07106598984771574,0.03553299492385787,3model_qwen_30b_deepseek_v3_granite_8b,"qwen_30b,deepseek_v3,granite_8b",231
always_granite_8b,0.8527918781725888,1.571776649746193e-05,0.8527918781725888,0.116751269035533,0.025380710659898477,3model_qwen_30b_deepseek_v3_granite_8b,"qwen_30b,deepseek_v3,granite_8b",231
oracle,0.9695431472081218,2.5917252791878175e-05,0.9695431472081218,0.0,1.0,3model_qwen_30b_deepseek_v3_granite_8b,"qwen_30b,deepseek_v3,granite_8b",231
random,0.8984771573604061,3.770199390862944e-05,0.8984771573604061,0.07106598984771574,0.30456852791878175,3model_qwen_30b_deepseek_v3_granite_8b,"qwen_30b,deepseek_v3,granite_8b",231
correctness_logistic,0.9086294416243654,3.6445007106598995e-05,0.9086294416243654,0.06091370558375635,0.30456852791878175,3model_qwen_30b_deepseek_v3_granite_8b,"qwen_30b,deepseek_v3,granite_8b",231
correctness_random_forest,0.9086294416243654,4.4709648730964464e-05,0.9086294416243654,0.06091370558375635,0.29949238578680204,3model_qwen_30b_deepseek_v3_granite_8b,"qwen_30b,deepseek_v3,granite_8b",231
correctness_extra_trees,0.9137055837563451,4.091336446700507e-05,0.9137055837563451,0.05583756345177665,0.3147208121827411,3model_qwen_30b_deepseek_v3_granite_8b,"qwen_30b,deepseek_v3,granite_8b",231
correctness_tfidf_logistic,0.9086294416243654,3.736742944162436e-05,0.9086294416243654,0.06091370558375635,0.350253807106599,3model_qwen_30b_deepseek_v3_granite_8b,"qwen_30b,deepseek_v3,granite_8b",231
always_qwen_30b,0.9035532994923858,2.511733604060913e-05,0.9035532994923858,0.04568527918781726,0.9543147208121827,3model_qwen_30b_deepseek_v3_granite_8b,"qwen_30b,deepseek_v3,granite_8b",232
always_deepseek_v3,0.8934010152284264,7.1633269035533e-05,0.8934010152284264,0.05583756345177665,0.03553299492385787,3model_qwen_30b_deepseek_v3_granite_8b,"qwen_30b,deepseek_v3,granite_8b",232
always_granite_8b,0.8578680203045685,1.598223350253807e-05,0.8578680203045685,0.09137055837563451,0.01015228426395939,3model_qwen_30b_deepseek_v3_granite_8b,"qwen_30b,deepseek_v3,granite_8b",232
oracle,0.949238578680203,2.602601015228426e-05,0.949238578680203,0.0,1.0,3model_qwen_30b_deepseek_v3_granite_8b,"qwen_30b,deepseek_v3,granite_8b",232
random,0.8730964467005076,3.866473908629441e-05,0.8730964467005076,0.07614213197969544,0.3147208121827411,3model_qwen_30b_deepseek_v3_granite_8b,"qwen_30b,deepseek_v3,granite_8b",232
correctness_logistic,0.8883248730964467,3.36991269035533e-05,0.8883248730964467,0.06091370558375635,0.28426395939086296,3model_qwen_30b_deepseek_v3_granite_8b,"qwen_30b,deepseek_v3,granite_8b",232
correctness_random_forest,0.8883248730964467,3.832272487309644e-05,0.8883248730964467,0.06091370558375635,0.23857868020304568,3model_qwen_30b_deepseek_v3_granite_8b,"qwen_30b,deepseek_v3,granite_8b",232
correctness_extra_trees,0.8883248730964467,3.823206903553299e-05,0.8883248730964467,0.06091370558375635,0.25380710659898476,3model_qwen_30b_deepseek_v3_granite_8b,"qwen_30b,deepseek_v3,granite_8b",232
correctness_tfidf_logistic,0.8984771573604061,3.8296712690355333e-05,0.8984771573604061,0.050761421319796954,0.27411167512690354,3model_qwen_30b_deepseek_v3_granite_8b,"qwen_30b,deepseek_v3,granite_8b",232
always_qwen_30b,0.9137055837563451,2.5185965482233502e-05,0.9137055837563451,0.04060913705583756,0.9593908629441624,3model_qwen_30b_deepseek_v3_granite_8b,"qwen_30b,deepseek_v3,granite_8b",233
always_deepseek_v3,0.9137055837563451,7.156977664974619e-05,0.9137055837563451,0.04060913705583756,0.03553299492385787,3model_qwen_30b_deepseek_v3_granite_8b,"qwen_30b,deepseek_v3,granite_8b",233
always_granite_8b,0.8578680203045685,1.605736040609137e-05,0.8578680203045685,0.09644670050761421,0.005076142131979695,3model_qwen_30b_deepseek_v3_granite_8b,"qwen_30b,deepseek_v3,granite_8b",233
oracle,0.9543147208121827,2.7225256852791878e-05,0.9543147208121827,0.0,1.0,3model_qwen_30b_deepseek_v3_granite_8b,"qwen_30b,deepseek_v3,granite_8b",233
random,0.8730964467005076,3.7728838578680205e-05,0.8730964467005076,0.08121827411167512,0.3147208121827411,3model_qwen_30b_deepseek_v3_granite_8b,"qwen_30b,deepseek_v3,granite_8b",233
correctness_logistic,0.9187817258883249,3.3411669035533e-05,0.9187817258883249,0.03553299492385787,0.25380710659898476,3model_qwen_30b_deepseek_v3_granite_8b,"qwen_30b,deepseek_v3,granite_8b",233
correctness_random_forest,0.9137055837563451,4.196874923857867e-05,0.9137055837563451,0.04060913705583756,0.3197969543147208,3model_qwen_30b_deepseek_v3_granite_8b,"qwen_30b,deepseek_v3,granite_8b",233
correctness_extra_trees,0.934010152284264,3.498838984771574e-05,0.934010152284264,0.02030456852791878,0.29441624365482233,3model_qwen_30b_deepseek_v3_granite_8b,"qwen_30b,deepseek_v3,granite_8b",233
correctness_tfidf_logistic,0.9238578680203046,3.8197969543147204e-05,0.9238578680203046,0.030456852791878174,0.2639593908629442,3model_qwen_30b_deepseek_v3_granite_8b,"qwen_30b,deepseek_v3,granite_8b",233
always_llama_70b,0.8781725888324873,5.466173604060913e-05,0.8781725888324873,0.05583756345177665,0.9441624365482234,3model_llama_70b_deepseek_v3_granite_8b,"llama_70b,deepseek_v3,granite_8b",229
always_deepseek_v3,0.9137055837563451,6.778710659898477e-05,0.9137055837563451,0.02030456852791878,0.050761421319796954,3model_llama_70b_deepseek_v3_granite_8b,"llama_70b,deepseek_v3,granite_8b",229
always_granite_8b,0.8223350253807107,1.5404060913705585e-05,0.8223350253807107,0.1116751269035533,0.005076142131979695,3model_llama_70b_deepseek_v3_granite_8b,"llama_70b,deepseek_v3,granite_8b",229
oracle,0.934010152284264,5.597175634517766e-05,0.934010152284264,0.0,1.0,3model_llama_70b_deepseek_v3_granite_8b,"llama_70b,deepseek_v3,granite_8b",229
random,0.8781725888324873,4.385203553299492e-05,0.8781725888324873,0.05583756345177665,0.3147208121827411,3model_llama_70b_deepseek_v3_granite_8b,"llama_70b,deepseek_v3,granite_8b",229
correctness_logistic,0.883248730964467,4.510723350253808e-05,0.883248730964467,0.050761421319796954,0.26903553299492383,3model_llama_70b_deepseek_v3_granite_8b,"llama_70b,deepseek_v3,granite_8b",229
correctness_random_forest,0.883248730964467,4.396159390862945e-05,0.883248730964467,0.050761421319796954,0.23857868020304568,3model_llama_70b_deepseek_v3_granite_8b,"llama_70b,deepseek_v3,granite_8b",229
correctness_extra_trees,0.868020304568528,4.538608121827411e-05,0.868020304568528,0.06598984771573604,0.233502538071066,3model_llama_70b_deepseek_v3_granite_8b,"llama_70b,deepseek_v3,granite_8b",229
correctness_tfidf_logistic,0.8781725888324873,4.808305583756345e-05,0.8781725888324873,0.05583756345177665,0.25888324873096447,3model_llama_70b_deepseek_v3_granite_8b,"llama_70b,deepseek_v3,granite_8b",229
always_llama_70b,0.9187817258883249,5.905986294416244e-05,0.9187817258883249,0.06091370558375635,0.9390862944162437,3model_llama_70b_deepseek_v3_granite_8b,"llama_70b,deepseek_v3,granite_8b",230
always_deepseek_v3,0.9289340101522843,7.100308629441626e-05,0.9289340101522843,0.050761421319796954,0.04568527918781726,3model_llama_70b_deepseek_v3_granite_8b,"llama_70b,deepseek_v3,granite_8b",230
always_granite_8b,0.8324873096446701,1.597741116751269e-05,0.8324873096446701,0.14720812182741116,0.015228426395939087,3model_llama_70b_deepseek_v3_granite_8b,"llama_70b,deepseek_v3,granite_8b",230
oracle,0.9796954314720813,5.8915187817258884e-05,0.9796954314720813,0.0,1.0,3model_llama_70b_deepseek_v3_granite_8b,"llama_70b,deepseek_v3,granite_8b",230
random,0.9137055837563451,4.711944670050761e-05,0.9137055837563451,0.06598984771573604,0.39086294416243655,3model_llama_70b_deepseek_v3_granite_8b,"llama_70b,deepseek_v3,granite_8b",230
correctness_logistic,0.9137055837563451,4.9984360406091365e-05,0.9137055837563451,0.06598984771573604,0.39593908629441626,3model_llama_70b_deepseek_v3_granite_8b,"llama_70b,deepseek_v3,granite_8b",230
correctness_random_forest,0.9238578680203046,5.635592385786802e-05,0.9238578680203046,0.05583756345177665,0.350253807106599,3model_llama_70b_deepseek_v3_granite_8b,"llama_70b,deepseek_v3,granite_8b",230
correctness_extra_trees,0.9238578680203046,4.914995939086295e-05,0.9238578680203046,0.05583756345177665,0.3299492385786802,3model_llama_70b_deepseek_v3_granite_8b,"llama_70b,deepseek_v3,granite_8b",230
correctness_tfidf_logistic,0.9238578680203046,5.1067101522842634e-05,0.9238578680203046,0.05583756345177665,0.39086294416243655,3model_llama_70b_deepseek_v3_granite_8b,"llama_70b,deepseek_v3,granite_8b",230
always_llama_70b,0.9289340101522843,5.2613131979695435e-05,0.9289340101522843,0.04060913705583756,0.9593908629441624,3model_llama_70b_deepseek_v3_granite_8b,"llama_70b,deepseek_v3,granite_8b",231
always_deepseek_v3,0.8984771573604061,6.883886294416244e-05,0.8984771573604061,0.07106598984771574,0.03553299492385787,3model_llama_70b_deepseek_v3_granite_8b,"llama_70b,deepseek_v3,granite_8b",231
always_granite_8b,0.8527918781725888,1.571776649746193e-05,0.8527918781725888,0.116751269035533,0.005076142131979695,3model_llama_70b_deepseek_v3_granite_8b,"llama_70b,deepseek_v3,granite_8b",231
oracle,0.9695431472081218,5.3592065989847705e-05,0.9695431472081218,0.0,1.0,3model_llama_70b_deepseek_v3_granite_8b,"llama_70b,deepseek_v3,granite_8b",231
random,0.8984771573604061,4.4432299492385784e-05,0.8984771573604061,0.07106598984771574,0.2893401015228426,3model_llama_70b_deepseek_v3_granite_8b,"llama_70b,deepseek_v3,granite_8b",231
correctness_logistic,0.9390862944162437,4.5235730964467005e-05,0.9390862944162437,0.030456852791878174,0.3147208121827411,3model_llama_70b_deepseek_v3_granite_8b,"llama_70b,deepseek_v3,granite_8b",231
correctness_random_forest,0.9390862944162437,5.024846700507614e-05,0.9390862944162437,0.030456852791878174,0.3299492385786802,3model_llama_70b_deepseek_v3_granite_8b,"llama_70b,deepseek_v3,granite_8b",231
correctness_extra_trees,0.9390862944162437,4.89989847715736e-05,0.9390862944162437,0.030456852791878174,0.3147208121827411,3model_llama_70b_deepseek_v3_granite_8b,"llama_70b,deepseek_v3,granite_8b",231
correctness_tfidf_logistic,0.9390862944162437,5.130382233502538e-05,0.9390862944162437,0.030456852791878174,0.3350253807106599,3model_llama_70b_deepseek_v3_granite_8b,"llama_70b,deepseek_v3,granite_8b",231
always_llama_70b,0.9035532994923858,5.291847715736041e-05,0.9035532994923858,0.050761421319796954,0.949238578680203,3model_llama_70b_deepseek_v3_granite_8b,"llama_70b,deepseek_v3,granite_8b",232
always_deepseek_v3,0.8934010152284264,7.1633269035533e-05,0.8934010152284264,0.06091370558375635,0.04568527918781726,3model_llama_70b_deepseek_v3_granite_8b,"llama_70b,deepseek_v3,granite_8b",232
always_granite_8b,0.8578680203045685,1.598223350253807e-05,0.8578680203045685,0.09644670050761421,0.005076142131979695,3model_llama_70b_deepseek_v3_granite_8b,"llama_70b,deepseek_v3,granite_8b",232
oracle,0.9543147208121827,5.340840609137056e-05,0.9543147208121827,0.0,1.0,3model_llama_70b_deepseek_v3_granite_8b,"llama_70b,deepseek_v3,granite_8b",232
random,0.8578680203045685,4.737396446700508e-05,0.8578680203045685,0.09644670050761421,0.28426395939086296,3model_llama_70b_deepseek_v3_granite_8b,"llama_70b,deepseek_v3,granite_8b",232
correctness_logistic,0.9035532994923858,4.676969035532995e-05,0.9035532994923858,0.050761421319796954,0.3096446700507614,3model_llama_70b_deepseek_v3_granite_8b,"llama_70b,deepseek_v3,granite_8b",232
correctness_random_forest,0.8781725888324873,5.167068527918782e-05,0.8781725888324873,0.07614213197969544,0.3756345177664975,3model_llama_70b_deepseek_v3_granite_8b,"llama_70b,deepseek_v3,granite_8b",232
correctness_extra_trees,0.8781725888324873,4.890564467005076e-05,0.8781725888324873,0.07614213197969544,0.34517766497461927,3model_llama_70b_deepseek_v3_granite_8b,"llama_70b,deepseek_v3,granite_8b",232
correctness_tfidf_logistic,0.9035532994923858,5.2043446700507614e-05,0.9035532994923858,0.050761421319796954,0.3197969543147208,3model_llama_70b_deepseek_v3_granite_8b,"llama_70b,deepseek_v3,granite_8b",232
always_llama_70b,0.8984771573604061,5.5636507614213196e-05,0.8984771573604061,0.06091370558375635,0.9390862944162437,3model_llama_70b_deepseek_v3_granite_8b,"llama_70b,deepseek_v3,granite_8b",233
always_deepseek_v3,0.9137055837563451,7.156977664974619e-05,0.9137055837563451,0.04568527918781726,0.050761421319796954,3model_llama_70b_deepseek_v3_granite_8b,"llama_70b,deepseek_v3,granite_8b",233
always_granite_8b,0.8578680203045685,1.605736040609137e-05,0.8578680203045685,0.10152284263959391,0.01015228426395939,3model_llama_70b_deepseek_v3_granite_8b,"llama_70b,deepseek_v3,granite_8b",233
oracle,0.9593908629441624,5.6111624365482234e-05,0.9593908629441624,0.0,1.0,3model_llama_70b_deepseek_v3_granite_8b,"llama_70b,deepseek_v3,granite_8b",233
random,0.8730964467005076,4.564963959390863e-05,0.8730964467005076,0.08629441624365482,0.3350253807106599,3model_llama_70b_deepseek_v3_granite_8b,"llama_70b,deepseek_v3,granite_8b",233
correctness_logistic,0.9137055837563451,4.2821964467005076e-05,0.9137055837563451,0.04568527918781726,0.19289340101522842,3model_llama_70b_deepseek_v3_granite_8b,"llama_70b,deepseek_v3,granite_8b",233
correctness_random_forest,0.9238578680203046,5.30248426395939e-05,0.9238578680203046,0.03553299492385787,0.3096446700507614,3model_llama_70b_deepseek_v3_granite_8b,"llama_70b,deepseek_v3,granite_8b",233
correctness_extra_trees,0.9289340101522843,4.8703543147208116e-05,0.9289340101522843,0.030456852791878174,0.23857868020304568,3model_llama_70b_deepseek_v3_granite_8b,"llama_70b,deepseek_v3,granite_8b",233
correctness_tfidf_logistic,0.9238578680203046,4.621786294416243e-05,0.9238578680203046,0.03553299492385787,0.19796954314720813,3model_llama_70b_deepseek_v3_granite_8b,"llama_70b,deepseek_v3,granite_8b",233
