group,models,seed,policy,accuracy,avg_cost,utility,regret,cost_weight,route_acc
2model_gemini_flash_lite_gemini_flash,"gemini_flash_lite,gemini_flash",229,always_gemini_flash_lite,0.9108910891089109,0.0001168069306930693,0.9108910891089109,0.0,0.0,
2model_gemini_flash_lite_gemini_flash,"gemini_flash_lite,gemini_flash",229,always_gemini_flash,0.8712871287128713,0.0001869188118811881,0.8712871287128713,0.039603960396039604,0.0,
2model_gemini_flash_lite_gemini_flash,"gemini_flash_lite,gemini_flash",229,random,0.8811881188118812,0.00015441138613861386,0.8811881188118812,0.0297029702970297,0.0,
2model_gemini_flash_lite_gemini_flash,"gemini_flash_lite,gemini_flash",229,oracle,0.9108910891089109,0.0001168069306930693,0.9108910891089109,0.0,0.0,
2model_gemini_flash_lite_gemini_flash,"gemini_flash_lite,gemini_flash",229,logistic_router,0.9108910891089109,0.00012378465346534652,0.9108910891089109,0.0,0.0,
2model_gemini_flash_lite_gemini_flash,"gemini_flash_lite,gemini_flash",229,linear_svm_router,0.9108910891089109,0.00011858118811881188,0.9108910891089109,0.0,0.0,
2model_gemini_flash_lite_gemini_flash,"gemini_flash_lite,gemini_flash",229,knn_router,0.9108910891089109,0.0001168069306930693,0.9108910891089109,0.0,0.0,
2model_gemini_flash_lite_gemini_flash,"gemini_flash_lite,gemini_flash",229,decision_tree_router,0.9108910891089109,0.00011802029702970298,0.9108910891089109,0.0,0.0,
2model_gemini_flash_lite_gemini_flash,"gemini_flash_lite,gemini_flash",229,random_forest_router,0.9108910891089109,0.0001168069306930693,0.9108910891089109,0.0,0.0,
2model_gemini_flash_lite_gemini_flash,"gemini_flash_lite,gemini_flash",229,extra_trees_router,0.9108910891089109,0.0001168069306930693,0.9108910891089109,0.0,0.0,
2model_gemini_flash_lite_gemini_flash,"gemini_flash_lite,gemini_flash",229,tfidf_logistic_router,0.9108910891089109,0.0001196831683168317,0.9108910891089109,0.0,0.0,
2model_gemini_flash_lite_gemini_flash,"gemini_flash_lite,gemini_flash",229,tfidf_linear_svm_router,0.9108910891089109,0.0001168069306930693,0.9108910891089109,0.0,0.0,
2model_gemini_flash_lite_gemini_flash,"gemini_flash_lite,gemini_flash",230,always_gemini_flash_lite,0.9702970297029703,0.00012524999999999998,0.9702970297029703,0.0,0.0,
2model_gemini_flash_lite_gemini_flash,"gemini_flash_lite,gemini_flash",230,always_gemini_flash,0.8811881188118812,0.00020017524752475246,0.8811881188118812,0.0891089108910891,0.0,
2model_gemini_flash_lite_gemini_flash,"gemini_flash_lite,gemini_flash",230,random,0.9405940594059405,0.000160780198019802,0.9405940594059405,0.0297029702970297,0.0,
2model_gemini_flash_lite_gemini_flash,"gemini_flash_lite,gemini_flash",230,oracle,0.9702970297029703,0.00012524999999999998,0.9702970297029703,0.0,0.0,
2model_gemini_flash_lite_gemini_flash,"gemini_flash_lite,gemini_flash",230,logistic_router,0.9702970297029703,0.00012963415841584156,0.9702970297029703,0.0,0.0,
2model_gemini_flash_lite_gemini_flash,"gemini_flash_lite,gemini_flash",230,linear_svm_router,0.9702970297029703,0.00012903366336633663,0.9702970297029703,0.0,0.0,
2model_gemini_flash_lite_gemini_flash,"gemini_flash_lite,gemini_flash",230,knn_router,0.9702970297029703,0.00012524999999999998,0.9702970297029703,0.0,0.0,
2model_gemini_flash_lite_gemini_flash,"gemini_flash_lite,gemini_flash",230,decision_tree_router,0.9702970297029703,0.0001303628712871287,0.9702970297029703,0.0,0.0,
2model_gemini_flash_lite_gemini_flash,"gemini_flash_lite,gemini_flash",230,random_forest_router,0.9702970297029703,0.00012524999999999998,0.9702970297029703,0.0,0.0,
2model_gemini_flash_lite_gemini_flash,"gemini_flash_lite,gemini_flash",230,extra_trees_router,0.9702970297029703,0.00012490693069306928,0.9702970297029703,0.0,0.0,
2model_gemini_flash_lite_gemini_flash,"gemini_flash_lite,gemini_flash",230,tfidf_logistic_router,0.9702970297029703,0.0001272529702970297,0.9702970297029703,0.0,0.0,
2model_gemini_flash_lite_gemini_flash,"gemini_flash_lite,gemini_flash",230,tfidf_linear_svm_router,0.9702970297029703,0.00012524999999999998,0.9702970297029703,0.0,0.0,
2model_gemini_flash_lite_gemini_flash,"gemini_flash_lite,gemini_flash",231,always_gemini_flash_lite,0.9306930693069307,0.00012613366336633661,0.9306930693069307,0.0,0.0,
2model_gemini_flash_lite_gemini_flash,"gemini_flash_lite,gemini_flash",231,always_gemini_flash,0.8316831683168316,0.00020165940594059402,0.8316831683168316,0.09900990099009901,0.0,
2model_gemini_flash_lite_gemini_flash,"gemini_flash_lite,gemini_flash",231,random,0.8910891089108911,0.00015855148514851486,0.8910891089108911,0.039603960396039604,0.0,
2model_gemini_flash_lite_gemini_flash,"gemini_flash_lite,gemini_flash",231,oracle,0.9306930693069307,0.00012613366336633661,0.9306930693069307,0.0,0.0,
2model_gemini_flash_lite_gemini_flash,"gemini_flash_lite,gemini_flash",231,logistic_router,0.9306930693069307,0.00013247326732673267,0.9306930693069307,0.0,0.0,
2model_gemini_flash_lite_gemini_flash,"gemini_flash_lite,gemini_flash",231,linear_svm_router,0.9306930693069307,0.00013110594059405939,0.9306930693069307,0.0,0.0,
2model_gemini_flash_lite_gemini_flash,"gemini_flash_lite,gemini_flash",231,knn_router,0.9306930693069307,0.00012613366336633661,0.9306930693069307,0.0,0.0,
2model_gemini_flash_lite_gemini_flash,"gemini_flash_lite,gemini_flash",231,decision_tree_router,0.9306930693069307,0.00013012871287128712,0.9306930693069307,0.0,0.0,
2model_gemini_flash_lite_gemini_flash,"gemini_flash_lite,gemini_flash",231,random_forest_router,0.9306930693069307,0.00012613366336633661,0.9306930693069307,0.0,0.0,
2model_gemini_flash_lite_gemini_flash,"gemini_flash_lite,gemini_flash",231,extra_trees_router,0.9207920792079208,0.0001282188118811881,0.9207920792079208,0.009900990099009901,0.0,
2model_gemini_flash_lite_gemini_flash,"gemini_flash_lite,gemini_flash",231,tfidf_logistic_router,0.9306930693069307,0.00012939059405940592,0.9306930693069307,0.0,0.0,
2model_gemini_flash_lite_gemini_flash,"gemini_flash_lite,gemini_flash",231,tfidf_linear_svm_router,0.9306930693069307,0.00012613366336633661,0.9306930693069307,0.0,0.0,
2model_gemini_flash_lite_gemini_flash,"gemini_flash_lite,gemini_flash",232,always_gemini_flash_lite,0.9603960396039604,0.00011580445544554458,0.9603960396039604,0.0,0.0,
2model_gemini_flash_lite_gemini_flash,"gemini_flash_lite,gemini_flash",232,always_gemini_flash,0.900990099009901,0.0001824257425742574,0.900990099009901,0.0594059405940594,0.0,
2model_gemini_flash_lite_gemini_flash,"gemini_flash_lite,gemini_flash",232,random,0.9405940594059405,0.00014780396039603959,0.9405940594059405,0.019801980198019802,0.0,
2model_gemini_flash_lite_gemini_flash,"gemini_flash_lite,gemini_flash",232,oracle,0.9603960396039604,0.00011580445544554458,0.9603960396039604,0.0,0.0,
2model_gemini_flash_lite_gemini_flash,"gemini_flash_lite,gemini_flash",232,logistic_router,0.9603960396039604,0.0001161361386138614,0.9603960396039604,0.0,0.0,
2model_gemini_flash_lite_gemini_flash,"gemini_flash_lite,gemini_flash",232,linear_svm_router,0.9603960396039604,0.00011757871287128715,0.9603960396039604,0.0,0.0,
2model_gemini_flash_lite_gemini_flash,"gemini_flash_lite,gemini_flash",232,knn_router,0.9603960396039604,0.00011580445544554458,0.9603960396039604,0.0,0.0,
2model_gemini_flash_lite_gemini_flash,"gemini_flash_lite,gemini_flash",232,decision_tree_router,0.9603960396039604,0.00011731683168316834,0.9603960396039604,0.0,0.0,
2model_gemini_flash_lite_gemini_flash,"gemini_flash_lite,gemini_flash",232,random_forest_router,0.9603960396039604,0.00011580445544554458,0.9603960396039604,0.0,0.0,
2model_gemini_flash_lite_gemini_flash,"gemini_flash_lite,gemini_flash",232,extra_trees_router,0.9603960396039604,0.00011580445544554458,0.9603960396039604,0.0,0.0,
2model_gemini_flash_lite_gemini_flash,"gemini_flash_lite,gemini_flash",232,tfidf_logistic_router,0.9603960396039604,0.00011580445544554458,0.9603960396039604,0.0,0.0,
2model_gemini_flash_lite_gemini_flash,"gemini_flash_lite,gemini_flash",232,tfidf_linear_svm_router,0.9603960396039604,0.00011580445544554458,0.9603960396039604,0.0,0.0,
2model_gemini_flash_lite_gemini_flash,"gemini_flash_lite,gemini_flash",233,always_gemini_flash_lite,0.9306930693069307,0.00012366089108910893,0.9306930693069307,0.0,0.0,
2model_gemini_flash_lite_gemini_flash,"gemini_flash_lite,gemini_flash",233,always_gemini_flash,0.8217821782178217,0.00019657623762376237,0.8217821782178217,0.10891089108910891,0.0,
2model_gemini_flash_lite_gemini_flash,"gemini_flash_lite,gemini_flash",233,random,0.8811881188118812,0.00015877970297029702,0.8811881188118812,0.04950495049504951,0.0,
2model_gemini_flash_lite_gemini_flash,"gemini_flash_lite,gemini_flash",233,oracle,0.9306930693069307,0.00012366089108910893,0.9306930693069307,0.0,0.0,
2model_gemini_flash_lite_gemini_flash,"gemini_flash_lite,gemini_flash",233,logistic_router,0.9108910891089109,0.00012445396039603961,0.9108910891089109,0.019801980198019802,0.0,
2model_gemini_flash_lite_gemini_flash,"gemini_flash_lite,gemini_flash",233,linear_svm_router,0.9108910891089109,0.00012518910891089107,0.9108910891089109,0.019801980198019802,0.0,
2model_gemini_flash_lite_gemini_flash,"gemini_flash_lite,gemini_flash",233,knn_router,0.9306930693069307,0.00012366089108910893,0.9306930693069307,0.0,0.0,
2model_gemini_flash_lite_gemini_flash,"gemini_flash_lite,gemini_flash",233,decision_tree_router,0.9306930693069307,0.0001261371287128713,0.9306930693069307,0.0,0.0,
2model_gemini_flash_lite_gemini_flash,"gemini_flash_lite,gemini_flash",233,random_forest_router,0.9306930693069307,0.00012366089108910893,0.9306930693069307,0.0,0.0,
2model_gemini_flash_lite_gemini_flash,"gemini_flash_lite,gemini_flash",233,extra_trees_router,0.9306930693069307,0.00012322178217821783,0.9306930693069307,0.0,0.0,
2model_gemini_flash_lite_gemini_flash,"gemini_flash_lite,gemini_flash",233,tfidf_logistic_router,0.9306930693069307,0.00012366089108910893,0.9306930693069307,0.0,0.0,
2model_gemini_flash_lite_gemini_flash,"gemini_flash_lite,gemini_flash",233,tfidf_linear_svm_router,0.9306930693069307,0.00012366089108910893,0.9306930693069307,0.0,0.0,
2model_gemini_flash_lite_qwen_30b,"gemini_flash_lite,qwen_30b",229,always_gemini_flash_lite,0.9108910891089109,0.0001168069306930693,0.9108910891089109,0.0297029702970297,0.0,0.9702970297029703
2model_gemini_flash_lite_qwen_30b,"gemini_flash_lite,qwen_30b",229,always_qwen_30b,0.8811881188118812,2.3685825742574253e-05,0.8811881188118812,0.0594059405940594,0.0,0.0297029702970297
2model_gemini_flash_lite_qwen_30b,"gemini_flash_lite,qwen_30b",229,random,0.8910891089108911,6.733935049504951e-05,0.8910891089108911,0.04950495049504951,0.0,0.48514851485148514
2model_gemini_flash_lite_qwen_30b,"gemini_flash_lite,qwen_30b",229,oracle,0.9405940594059405,0.00011414039207920793,0.9405940594059405,0.0,0.0,1.0
2model_gemini_flash_lite_qwen_30b,"gemini_flash_lite,qwen_30b",229,logistic_router,0.9207920792079208,0.0001080273188118812,0.9207920792079208,0.019801980198019802,0.0,0.900990099009901
2model_gemini_flash_lite_qwen_30b,"gemini_flash_lite,qwen_30b",229,linear_svm_router,0.9108910891089109,0.0001119294376237624,0.9108910891089109,0.0297029702970297,0.0,0.9108910891089109
2model_gemini_flash_lite_qwen_30b,"gemini_flash_lite,qwen_30b",229,knn_router,0.9108910891089109,0.0001168069306930693,0.9108910891089109,0.0297029702970297,0.0,0.9702970297029703
2model_gemini_flash_lite_qwen_30b,"gemini_flash_lite,qwen_30b",229,decision_tree_router,0.8811881188118812,0.00010081258217821783,0.8811881188118812,0.0594059405940594,0.0,0.8217821782178217
2model_gemini_flash_lite_qwen_30b,"gemini_flash_lite,qwen_30b",229,random_forest_router,0.9108910891089109,0.0001168069306930693,0.9108910891089109,0.0297029702970297,0.0,0.9702970297029703
2model_gemini_flash_lite_qwen_30b,"gemini_flash_lite,qwen_30b",229,extra_trees_router,0.9207920792079208,0.0001095602099009901,0.9207920792079208,0.019801980198019802,0.0,0.900990099009901
2model_gemini_flash_lite_qwen_30b,"gemini_flash_lite,qwen_30b",229,tfidf_logistic_router,0.9108910891089109,0.00011489369504950494,0.9108910891089109,0.0297029702970297,0.0,0.9504950495049505
2model_gemini_flash_lite_qwen_30b,"gemini_flash_lite,qwen_30b",229,tfidf_linear_svm_router,0.9108910891089109,0.0001168069306930693,0.9108910891089109,0.0297029702970297,0.0,0.9702970297029703
2model_gemini_flash_lite_qwen_30b,"gemini_flash_lite,qwen_30b",230,always_gemini_flash_lite,0.9702970297029703,0.00012524999999999998,0.9702970297029703,0.009900990099009901,0.0,0.9900990099009901
2model_gemini_flash_lite_qwen_30b,"gemini_flash_lite,qwen_30b",230,always_qwen_30b,0.9207920792079208,2.5462792079207926e-05,0.9207920792079208,0.0594059405940594,0.0,0.009900990099009901
2model_gemini_flash_lite_qwen_30b,"gemini_flash_lite,qwen_30b",230,random,0.9405940594059405,8.043405544554455e-05,0.9405940594059405,0.039603960396039604,0.0,0.5346534653465347
2model_gemini_flash_lite_qwen_30b,"gemini_flash_lite,qwen_30b",230,oracle,0.9801980198019802,0.0001243768316831683,0.9801980198019802,0.0,0.0,1.0
2model_gemini_flash_lite_qwen_30b,"gemini_flash_lite,qwen_30b",230,logistic_router,0.9603960396039604,0.00010748929108910891,0.9603960396039604,0.019801980198019802,0.0,0.8712871287128713
2model_gemini_flash_lite_qwen_30b,"gemini_flash_lite,qwen_30b",230,linear_svm_router,0.9603960396039604,0.00011180440396039605,0.9603960396039604,0.019801980198019802,0.0,0.8712871287128713
2model_gemini_flash_lite_qwen_30b,"gemini_flash_lite,qwen_30b",230,knn_router,0.9702970297029703,0.00012524999999999998,0.9702970297029703,0.009900990099009901,0.0,0.9900990099009901
2model_gemini_flash_lite_qwen_30b,"gemini_flash_lite,qwen_30b",230,decision_tree_router,0.9504950495049505,9.883057029702968e-05,0.9504950495049505,0.0297029702970297,0.0,0.7821782178217822
2model_gemini_flash_lite_qwen_30b,"gemini_flash_lite,qwen_30b",230,random_forest_router,0.9702970297029703,0.00012524999999999998,0.9702970297029703,0.009900990099009901,0.0,0.9900990099009901
2model_gemini_flash_lite_qwen_30b,"gemini_flash_lite,qwen_30b",230,extra_trees_router,0.9801980198019802,0.0001220737386138614,0.9801980198019802,0.0,0.0,0.9702970297029703
2model_gemini_flash_lite_qwen_30b,"gemini_flash_lite,qwen_30b",230,tfidf_logistic_router,0.9603960396039604,0.0001184620514851485,0.9603960396039604,0.019801980198019802,0.0,0.9504950495049505
2model_gemini_flash_lite_qwen_30b,"gemini_flash_lite,qwen_30b",230,tfidf_linear_svm_router,0.9702970297029703,0.00012524999999999998,0.9702970297029703,0.009900990099009901,0.0,0.9900990099009901
2model_gemini_flash_lite_qwen_30b,"gemini_flash_lite,qwen_30b",231,always_gemini_flash_lite,0.9306930693069307,0.00012613366336633661,0.9306930693069307,0.009900990099009901,0.0,0.9900990099009901
2model_gemini_flash_lite_qwen_30b,"gemini_flash_lite,qwen_30b",231,always_qwen_30b,0.8613861386138614,2.4274570297029705e-05,0.8613861386138614,0.07920792079207921,0.0,0.009900990099009901
2model_gemini_flash_lite_qwen_30b,"gemini_flash_lite,qwen_30b",231,random,0.8910891089108911,7.428375445544554e-05,0.8910891089108911,0.04950495049504951,0.0,0.46534653465346537
2model_gemini_flash_lite_qwen_30b,"gemini_flash_lite,qwen_30b",231,oracle,0.9405940594059405,0.00012531548514851484,0.9405940594059405,0.0,0.0,1.0
2model_gemini_flash_lite_qwen_30b,"gemini_flash_lite,qwen_30b",231,logistic_router,0.9207920792079208,0.00011257494257425741,0.9207920792079208,0.019801980198019802,0.0,0.8613861386138614
2model_gemini_flash_lite_qwen_30b,"gemini_flash_lite,qwen_30b",231,linear_svm_router,0.9207920792079208,0.00011466250297029704,0.9207920792079208,0.019801980198019802,0.0,0.8910891089108911
2model_gemini_flash_lite_qwen_30b,"gemini_flash_lite,qwen_30b",231,knn_router,0.9306930693069307,0.00012613366336633661,0.9306930693069307,0.009900990099009901,0.0,0.9900990099009901
2model_gemini_flash_lite_qwen_30b,"gemini_flash_lite,qwen_30b",231,decision_tree_router,0.9207920792079208,0.00011479745742574257,0.9207920792079208,0.019801980198019802,0.0,0.8811881188118812
2model_gemini_flash_lite_qwen_30b,"gemini_flash_lite,qwen_30b",231,random_forest_router,0.9306930693069307,0.00012385838811881188,0.9306930693069307,0.009900990099009901,0.0,0.9603960396039604
2model_gemini_flash_lite_qwen_30b,"gemini_flash_lite,qwen_30b",231,extra_trees_router,0.9207920792079208,0.00011857083960396038,0.9207920792079208,0.019801980198019802,0.0,0.900990099009901
2model_gemini_flash_lite_qwen_30b,"gemini_flash_lite,qwen_30b",231,tfidf_logistic_router,0.9207920792079208,0.00011703558811881186,0.9207920792079208,0.019801980198019802,0.0,0.9108910891089109
2model_gemini_flash_lite_qwen_30b,"gemini_flash_lite,qwen_30b",231,tfidf_linear_svm_router,0.9207920792079208,0.00012342550891089108,0.9207920792079208,0.019801980198019802,0.0,0.9801980198019802
2model_gemini_flash_lite_qwen_30b,"gemini_flash_lite,qwen_30b",232,always_gemini_flash_lite,0.9603960396039604,0.00011580445544554458,0.9603960396039604,0.0,0.0,
2model_gemini_flash_lite_qwen_30b,"gemini_flash_lite,qwen_30b",232,always_qwen_30b,0.8910891089108911,2.3704570297029702e-05,0.8910891089108911,0.06930693069306931,0.0,
2model_gemini_flash_lite_qwen_30b,"gemini_flash_lite,qwen_30b",232,random,0.9207920792079208,7.1574499009901e-05,0.9207920792079208,0.039603960396039604,0.0,
2model_gemini_flash_lite_qwen_30b,"gemini_flash_lite,qwen_30b",232,oracle,0.9603960396039604,0.00011580445544554458,0.9603960396039604,0.0,0.0,
2model_gemini_flash_lite_qwen_30b,"gemini_flash_lite,qwen_30b",232,logistic_router,0.9603960396039604,0.00010599810297029703,0.9603960396039604,0.0,0.0,
2model_gemini_flash_lite_qwen_30b,"gemini_flash_lite,qwen_30b",232,linear_svm_router,0.9603960396039604,0.00010661463762376236,0.9603960396039604,0.0,0.0,
2model_gemini_flash_lite_qwen_30b,"gemini_flash_lite,qwen_30b",232,knn_router,0.9603960396039604,0.00011580445544554458,0.9603960396039604,0.0,0.0,
2model_gemini_flash_lite_qwen_30b,"gemini_flash_lite,qwen_30b",232,decision_tree_router,0.9504950495049505,0.00010205760396039603,0.9504950495049505,0.009900990099009901,0.0,
2model_gemini_flash_lite_qwen_30b,"gemini_flash_lite,qwen_30b",232,random_forest_router,0.9603960396039604,0.00011580445544554458,0.9603960396039604,0.0,0.0,
2model_gemini_flash_lite_qwen_30b,"gemini_flash_lite,qwen_30b",232,extra_trees_router,0.9504950495049505,0.00011385207920792077,0.9504950495049505,0.009900990099009901,0.0,
2model_gemini_flash_lite_qwen_30b,"gemini_flash_lite,qwen_30b",232,tfidf_logistic_router,0.9603960396039604,0.00011580445544554458,0.9603960396039604,0.0,0.0,
2model_gemini_flash_lite_qwen_30b,"gemini_flash_lite,qwen_30b",232,tfidf_linear_svm_router,0.9603960396039604,0.00011580445544554458,0.9603960396039604,0.0,0.0,
2model_gemini_flash_lite_qwen_30b,"gemini_flash_lite,qwen_30b",233,always_gemini_flash_lite,0.9306930693069307,0.00012366089108910893,0.9306930693069307,0.009900990099009901,0.0,0.9900990099009901
2model_gemini_flash_lite_qwen_30b,"gemini_flash_lite,qwen_30b",233,always_qwen_30b,0.8910891089108911,2.4048427722772278e-05,0.8910891089108911,0.04950495049504951,0.0,0.009900990099009901
2model_gemini_flash_lite_qwen_30b,"gemini_flash_lite,qwen_30b",233,random,0.8910891089108911,7.614826138613861e-05,0.8910891089108911,0.04950495049504951,0.0,0.5247524752475248
2model_gemini_flash_lite_qwen_30b,"gemini_flash_lite,qwen_30b",233,oracle,0.9405940594059405,0.00012268569900990097,0.9405940594059405,0.0,0.0,1.0
2model_gemini_flash_lite_qwen_30b,"gemini_flash_lite,qwen_30b",233,logistic_router,0.9207920792079208,0.00011455364752475244,0.9207920792079208,0.019801980198019802,0.0,0.8910891089108911
2model_gemini_flash_lite_qwen_30b,"gemini_flash_lite,qwen_30b",233,linear_svm_router,0.9207920792079208,0.00011810146534653465,0.9207920792079208,0.019801980198019802,0.0,0.9207920792079208
2model_gemini_flash_lite_qwen_30b,"gemini_flash_lite,qwen_30b",233,knn_router,0.9306930693069307,0.00012366089108910893,0.9306930693069307,0.009900990099009901,0.0,0.9900990099009901
2model_gemini_flash_lite_qwen_30b,"gemini_flash_lite,qwen_30b",233,decision_tree_router,0.9306930693069307,0.00011044830891089109,0.9306930693069307,0.009900990099009901,0.0,0.8316831683168316
2model_gemini_flash_lite_qwen_30b,"gemini_flash_lite,qwen_30b",233,random_forest_router,0.9306930693069307,0.0001227198613861386,0.9306930693069307,0.009900990099009901,0.0,0.9801980198019802
2model_gemini_flash_lite_qwen_30b,"gemini_flash_lite,qwen_30b",233,extra_trees_router,0.9207920792079208,0.00012002630891089107,0.9207920792079208,0.019801980198019802,0.0,0.9405940594059405
2model_gemini_flash_lite_qwen_30b,"gemini_flash_lite,qwen_30b",233,tfidf_logistic_router,0.9207920792079208,0.00012155956435643563,0.9207920792079208,0.019801980198019802,0.0,0.9702970297029703
2model_gemini_flash_lite_qwen_30b,"gemini_flash_lite,qwen_30b",233,tfidf_linear_svm_router,0.9306930693069307,0.00012366089108910893,0.9306930693069307,0.009900990099009901,0.0,0.9900990099009901
2model_gemini_flash_lite_llama_70b,"gemini_flash_lite,llama_70b",229,always_gemini_flash_lite,0.9108910891089109,0.0001168069306930693,0.9108910891089109,0.0,0.0,
2model_gemini_flash_lite_llama_70b,"gemini_flash_lite,llama_70b",229,always_llama_70b,0.8514851485148515,5.191463366336634e-05,0.8514851485148515,0.0594059405940594,0.0,
2model_gemini_flash_lite_llama_70b,"gemini_flash_lite,llama_70b",229,random,0.8712871287128713,7.914900990099009e-05,0.8712871287128713,0.039603960396039604,0.0,
2model_gemini_flash_lite_llama_70b,"gemini_flash_lite,llama_70b",229,oracle,0.9108910891089109,0.0001168069306930693,0.9108910891089109,0.0,0.0,
2model_gemini_flash_lite_llama_70b,"gemini_flash_lite,llama_70b",229,logistic_router,0.900990099009901,0.00010505589108910889,0.900990099009901,0.009900990099009901,0.0,
2model_gemini_flash_lite_llama_70b,"gemini_flash_lite,llama_70b",229,linear_svm_router,0.900990099009901,0.00010850519801980195,0.900990099009901,0.009900990099009901,0.0,
2model_gemini_flash_lite_llama_70b,"gemini_flash_lite,llama_70b",229,knn_router,0.9108910891089109,0.0001168069306930693,0.9108910891089109,0.0,0.0,
2model_gemini_flash_lite_llama_70b,"gemini_flash_lite,llama_70b",229,decision_tree_router,0.8613861386138614,0.00010378970297029704,0.8613861386138614,0.04950495049504951,0.0,
2model_gemini_flash_lite_llama_70b,"gemini_flash_lite,llama_70b",229,random_forest_router,0.9108910891089109,0.0001168069306930693,0.9108910891089109,0.0,0.0,
2model_gemini_flash_lite_llama_70b,"gemini_flash_lite,llama_70b",229,extra_trees_router,0.900990099009901,0.00010836074257425741,0.900990099009901,0.009900990099009901,0.0,
2model_gemini_flash_lite_llama_70b,"gemini_flash_lite,llama_70b",229,tfidf_logistic_router,0.9108910891089109,0.00011674673267326734,0.9108910891089109,0.0,0.0,
2model_gemini_flash_lite_llama_70b,"gemini_flash_lite,llama_70b",229,tfidf_linear_svm_router,0.9108910891089109,0.00011674673267326734,0.9108910891089109,0.0,0.0,
2model_gemini_flash_lite_llama_70b,"gemini_flash_lite,llama_70b",230,always_gemini_flash_lite,0.9702970297029703,0.00012524999999999998,0.9702970297029703,0.0,0.0,
2model_gemini_flash_lite_llama_70b,"gemini_flash_lite,llama_70b",230,always_llama_70b,0.8910891089108911,5.2112425742574264e-05,0.8910891089108911,0.07920792079207921,0.0,
2model_gemini_flash_lite_llama_70b,"gemini_flash_lite,llama_70b",230,random,0.9207920792079208,9.147782178217823e-05,0.9207920792079208,0.04950495049504951,0.0,
2model_gemini_flash_lite_llama_70b,"gemini_flash_lite,llama_70b",230,oracle,0.9702970297029703,0.00012524999999999998,0.9702970297029703,0.0,0.0,
2model_gemini_flash_lite_llama_70b,"gemini_flash_lite,llama_70b",230,logistic_router,0.9702970297029703,0.00011567950495049505,0.9702970297029703,0.0,0.0,
2model_gemini_flash_lite_llama_70b,"gemini_flash_lite,llama_70b",230,linear_svm_router,0.9702970297029703,0.00011600683168316831,0.9702970297029703,0.0,0.0,
2model_gemini_flash_lite_llama_70b,"gemini_flash_lite,llama_70b",230,knn_router,0.9702970297029703,0.00012524999999999998,0.9702970297029703,0.0,0.0,
2model_gemini_flash_lite_llama_70b,"gemini_flash_lite,llama_70b",230,decision_tree_router,0.9504950495049505,9.070366336633664e-05,0.9504950495049505,0.019801980198019802,0.0,
2model_gemini_flash_lite_llama_70b,"gemini_flash_lite,llama_70b",230,random_forest_router,0.9702970297029703,0.00012524999999999998,0.9702970297029703,0.0,0.0,
2model_gemini_flash_lite_llama_70b,"gemini_flash_lite,llama_70b",230,extra_trees_router,0.9702970297029703,0.00012028316831683168,0.9702970297029703,0.0,0.0,
2model_gemini_flash_lite_llama_70b,"gemini_flash_lite,llama_70b",230,tfidf_logistic_router,0.9702970297029703,0.00012154287128712869,0.9702970297029703,0.0,0.0,
2model_gemini_flash_lite_llama_70b,"gemini_flash_lite,llama_70b",230,tfidf_linear_svm_router,0.9702970297029703,0.00012524999999999998,0.9702970297029703,0.0,0.0,
2model_gemini_flash_lite_llama_70b,"gemini_flash_lite,llama_70b",231,always_gemini_flash_lite,0.9306930693069307,0.00012613366336633661,0.9306930693069307,0.009900990099009901,0.0,0.9900990099009901
2model_gemini_flash_lite_llama_70b,"gemini_flash_lite,llama_70b",231,always_llama_70b,0.8613861386138614,5.35139900990099e-05,0.8613861386138614,0.07920792079207921,0.0,0.009900990099009901
2model_gemini_flash_lite_llama_70b,"gemini_flash_lite,llama_70b",231,random,0.8910891089108911,9.005478217821781e-05,0.8910891089108911,0.04950495049504951,0.0,0.46534653465346537
2model_gemini_flash_lite_llama_70b,"gemini_flash_lite,llama_70b",231,oracle,0.9405940594059405,0.00012542237623762374,0.9405940594059405,0.0,0.0,1.0
2model_gemini_flash_lite_llama_70b,"gemini_flash_lite,llama_70b",231,logistic_router,0.9306930693069307,0.00011380960396039603,0.9306930693069307,0.009900990099009901,0.0,0.8514851485148515
2model_gemini_flash_lite_llama_70b,"gemini_flash_lite,llama_70b",231,linear_svm_router,0.9306930693069307,0.00011846227722772276,0.9306930693069307,0.009900990099009901,0.0,0.8910891089108911
2model_gemini_flash_lite_llama_70b,"gemini_flash_lite,llama_70b",231,knn_router,0.9306930693069307,0.00012613366336633661,0.9306930693069307,0.009900990099009901,0.0,0.9900990099009901
2model_gemini_flash_lite_llama_70b,"gemini_flash_lite,llama_70b",231,decision_tree_router,0.8910891089108911,9.095028712871287e-05,0.8910891089108911,0.04950495049504951,0.0,0.594059405940594
2model_gemini_flash_lite_llama_70b,"gemini_flash_lite,llama_70b",231,random_forest_router,0.9306930693069307,0.00012507331683168316,0.9306930693069307,0.009900990099009901,0.0,0.9801980198019802
2model_gemini_flash_lite_llama_70b,"gemini_flash_lite,llama_70b",231,extra_trees_router,0.9108910891089109,0.00011869127722772276,0.9108910891089109,0.0297029702970297,0.0,0.8415841584158416
2model_gemini_flash_lite_llama_70b,"gemini_flash_lite,llama_70b",231,tfidf_logistic_router,0.9306930693069307,0.00012179930693069305,0.9306930693069307,0.009900990099009901,0.0,0.9504950495049505
2model_gemini_flash_lite_llama_70b,"gemini_flash_lite,llama_70b",231,tfidf_linear_svm_router,0.9306930693069307,0.00012252742574257424,0.9306930693069307,0.009900990099009901,0.0,0.9504950495049505
2model_gemini_flash_lite_llama_70b,"gemini_flash_lite,llama_70b",232,always_gemini_flash_lite,0.9603960396039604,0.00011580445544554458,0.9603960396039604,0.0,0.0,
2model_gemini_flash_lite_llama_70b,"gemini_flash_lite,llama_70b",232,always_llama_70b,0.8910891089108911,5.238212871287129e-05,0.8910891089108911,0.06930693069306931,0.0,
2model_gemini_flash_lite_llama_70b,"gemini_flash_lite,llama_70b",232,random,0.9207920792079208,8.477712871287127e-05,0.9207920792079208,0.039603960396039604,0.0,
2model_gemini_flash_lite_llama_70b,"gemini_flash_lite,llama_70b",232,oracle,0.9603960396039604,0.00011580445544554458,0.9603960396039604,0.0,0.0,
2model_gemini_flash_lite_llama_70b,"gemini_flash_lite,llama_70b",232,logistic_router,0.9603960396039604,0.00011003891089108912,0.9603960396039604,0.0,0.0,
2model_gemini_flash_lite_llama_70b,"gemini_flash_lite,llama_70b",232,linear_svm_router,0.9603960396039604,0.00011003891089108912,0.9603960396039604,0.0,0.0,
2model_gemini_flash_lite_llama_70b,"gemini_flash_lite,llama_70b",232,knn_router,0.9603960396039604,0.00011580445544554458,0.9603960396039604,0.0,0.0,
2model_gemini_flash_lite_llama_70b,"gemini_flash_lite,llama_70b",232,decision_tree_router,0.9306930693069307,0.0001022519801980198,0.9306930693069307,0.0297029702970297,0.0,
2model_gemini_flash_lite_llama_70b,"gemini_flash_lite,llama_70b",232,random_forest_router,0.9603960396039604,0.00011580445544554458,0.9603960396039604,0.0,0.0,
2model_gemini_flash_lite_llama_70b,"gemini_flash_lite,llama_70b",232,extra_trees_router,0.9603960396039604,0.00011279331683168317,0.9603960396039604,0.0,0.0,
2model_gemini_flash_lite_llama_70b,"gemini_flash_lite,llama_70b",232,tfidf_logistic_router,0.9603960396039604,0.00011574425742574257,0.9603960396039604,0.0,0.0,
2model_gemini_flash_lite_llama_70b,"gemini_flash_lite,llama_70b",232,tfidf_linear_svm_router,0.9603960396039604,0.00011574425742574257,0.9603960396039604,0.0,0.0,
2model_gemini_flash_lite_llama_70b,"gemini_flash_lite,llama_70b",233,always_gemini_flash_lite,0.9306930693069307,0.00012366089108910893,0.9306930693069307,0.009900990099009901,0.0,0.9900990099009901
2model_gemini_flash_lite_llama_70b,"gemini_flash_lite,llama_70b",233,always_llama_70b,0.8811881188118812,5.316852475247525e-05,0.8811881188118812,0.0594059405940594,0.0,0.009900990099009901
2model_gemini_flash_lite_llama_70b,"gemini_flash_lite,llama_70b",233,random,0.8910891089108911,8.684956435643564e-05,0.8910891089108911,0.04950495049504951,0.0,0.504950495049505
2model_gemini_flash_lite_llama_70b,"gemini_flash_lite,llama_70b",233,oracle,0.9405940594059405,0.00012336881188118812,0.9405940594059405,0.0,0.0,1.0
2model_gemini_flash_lite_llama_70b,"gemini_flash_lite,llama_70b",233,logistic_router,0.9108910891089109,0.00011264762376237622,0.9108910891089109,0.0297029702970297,0.0,0.8415841584158416
2model_gemini_flash_lite_llama_70b,"gemini_flash_lite,llama_70b",233,linear_svm_router,0.9108910891089109,0.00011734797029702968,0.9108910891089109,0.0297029702970297,0.0,0.8811881188118812
2model_gemini_flash_lite_llama_70b,"gemini_flash_lite,llama_70b",233,knn_router,0.9306930693069307,0.00012366089108910893,0.9306930693069307,0.009900990099009901,0.0,0.9900990099009901
2model_gemini_flash_lite_llama_70b,"gemini_flash_lite,llama_70b",233,decision_tree_router,0.9306930693069307,0.00011441718811881188,0.9306930693069307,0.009900990099009901,0.0,0.8712871287128713
2model_gemini_flash_lite_llama_70b,"gemini_flash_lite,llama_70b",233,random_forest_router,0.9306930693069307,0.00012260054455445543,0.9306930693069307,0.009900990099009901,0.0,0.9801980198019802
2model_gemini_flash_lite_llama_70b,"gemini_flash_lite,llama_70b",233,extra_trees_router,0.9207920792079208,0.00011447238613861387,0.9207920792079208,0.019801980198019802,0.0,0.8514851485148515
2model_gemini_flash_lite_llama_70b,"gemini_flash_lite,llama_70b",233,tfidf_logistic_router,0.9306930693069307,0.00012226534653465347,0.9306930693069307,0.009900990099009901,0.0,0.9801980198019802
2model_gemini_flash_lite_llama_70b,"gemini_flash_lite,llama_70b",233,tfidf_linear_svm_router,0.9306930693069307,0.00012366089108910893,0.9306930693069307,0.009900990099009901,0.0,0.9900990099009901
2model_gemini_flash_lite_deepseek_v3,"gemini_flash_lite,deepseek_v3",229,always_gemini_flash_lite,0.9108910891089109,0.0001168069306930693,0.9108910891089109,0.039603960396039604,0.0,0.9603960396039604
2model_gemini_flash_lite_deepseek_v3,"gemini_flash_lite,deepseek_v3",229,always_deepseek_v3,0.9207920792079208,6.72319207920792e-05,0.9207920792079208,0.0297029702970297,0.0,0.039603960396039604
2model_gemini_flash_lite_deepseek_v3,"gemini_flash_lite,deepseek_v3",229,random,0.9207920792079208,8.986316831683168e-05,0.9207920792079208,0.0297029702970297,0.0,0.49504950495049505
2model_gemini_flash_lite_deepseek_v3,"gemini_flash_lite,deepseek_v3",229,oracle,0.9504950495049505,0.00011524366336633661,0.9504950495049505,0.0,0.0,1.0
2model_gemini_flash_lite_deepseek_v3,"gemini_flash_lite,deepseek_v3",229,logistic_router,0.9207920792079208,0.0001142357623762376,0.9207920792079208,0.0297029702970297,0.0,0.9306930693069307
2model_gemini_flash_lite_deepseek_v3,"gemini_flash_lite,deepseek_v3",229,linear_svm_router,0.9207920792079208,0.0001142357623762376,0.9207920792079208,0.0297029702970297,0.0,0.9306930693069307
2model_gemini_flash_lite_deepseek_v3,"gemini_flash_lite,deepseek_v3",229,knn_router,0.9108910891089109,0.0001168069306930693,0.9108910891089109,0.039603960396039604,0.0,0.9603960396039604
2model_gemini_flash_lite_deepseek_v3,"gemini_flash_lite,deepseek_v3",229,decision_tree_router,0.9108910891089109,0.00011555825742574257,0.9108910891089109,0.039603960396039604,0.0,0.9405940594059405
2model_gemini_flash_lite_deepseek_v3,"gemini_flash_lite,deepseek_v3",229,random_forest_router,0.9108910891089109,0.0001168069306930693,0.9108910891089109,0.039603960396039604,0.0,0.9603960396039604
2model_gemini_flash_lite_deepseek_v3,"gemini_flash_lite,deepseek_v3",229,extra_trees_router,0.9207920792079208,0.0001142357623762376,0.9207920792079208,0.0297029702970297,0.0,0.9306930693069307
2model_gemini_flash_lite_deepseek_v3,"gemini_flash_lite,deepseek_v3",229,tfidf_logistic_router,0.9207920792079208,0.0001142357623762376,0.9207920792079208,0.0297029702970297,0.0,0.9306930693069307
2model_gemini_flash_lite_deepseek_v3,"gemini_flash_lite,deepseek_v3",229,tfidf_linear_svm_router,0.9108910891089109,0.0001168069306930693,0.9108910891089109,0.039603960396039604,0.0,0.9603960396039604
2model_gemini_flash_lite_deepseek_v3,"gemini_flash_lite,deepseek_v3",230,always_gemini_flash_lite,0.9702970297029703,0.00012524999999999998,0.9702970297029703,0.019801980198019802,0.0,0.9801980198019802
2model_gemini_flash_lite_deepseek_v3,"gemini_flash_lite,deepseek_v3",230,always_deepseek_v3,0.9306930693069307,7.106932673267325e-05,0.9306930693069307,0.0594059405940594,0.0,0.019801980198019802
2model_gemini_flash_lite_deepseek_v3,"gemini_flash_lite,deepseek_v3",230,random,0.9504950495049505,0.00010148540594059408,0.9504950495049505,0.039603960396039604,0.0,0.5445544554455446
2model_gemini_flash_lite_deepseek_v3,"gemini_flash_lite,deepseek_v3",230,oracle,0.9900990099009901,0.0001239987128712871,0.9900990099009901,0.0,0.0,1.0
2model_gemini_flash_lite_deepseek_v3,"gemini_flash_lite,deepseek_v3",230,logistic_router,0.9801980198019802,0.00012175510891089108,0.9801980198019802,0.009900990099009901,0.0,0.9405940594059405
2model_gemini_flash_lite_deepseek_v3,"gemini_flash_lite,deepseek_v3",230,linear_svm_router,0.9801980198019802,0.00012313619801980195,0.9801980198019802,0.009900990099009901,0.0,0.9603960396039604
2model_gemini_flash_lite_deepseek_v3,"gemini_flash_lite,deepseek_v3",230,knn_router,0.9702970297029703,0.00012524999999999998,0.9702970297029703,0.019801980198019802,0.0,0.9801980198019802
2model_gemini_flash_lite_deepseek_v3,"gemini_flash_lite,deepseek_v3",230,decision_tree_router,0.9801980198019802,0.00012194306930693069,0.9801980198019802,0.009900990099009901,0.0,0.9306930693069307
2model_gemini_flash_lite_deepseek_v3,"gemini_flash_lite,deepseek_v3",230,random_forest_router,0.9801980198019802,0.00012467980198019798,0.9801980198019802,0.009900990099009901,0.0,0.9900990099009901
2model_gemini_flash_lite_deepseek_v3,"gemini_flash_lite,deepseek_v3",230,extra_trees_router,0.9801980198019802,0.0001235285742574257,0.9801980198019802,0.009900990099009901,0.0,0.9702970297029703
2model_gemini_flash_lite_deepseek_v3,"gemini_flash_lite,deepseek_v3",230,tfidf_logistic_router,0.9801980198019802,0.00012420619801980194,0.9801980198019802,0.009900990099009901,0.0,0.9801980198019802
2model_gemini_flash_lite_deepseek_v3,"gemini_flash_lite,deepseek_v3",230,tfidf_linear_svm_router,0.9702970297029703,0.00012524999999999998,0.9702970297029703,0.019801980198019802,0.0,0.9801980198019802
2model_gemini_flash_lite_deepseek_v3,"gemini_flash_lite,deepseek_v3",231,always_gemini_flash_lite,0.9306930693069307,0.00012613366336633661,0.9306930693069307,0.019801980198019802,0.0,0.9801980198019802
2model_gemini_flash_lite_deepseek_v3,"gemini_flash_lite,deepseek_v3",231,always_deepseek_v3,0.8613861386138614,7.282815841584158e-05,0.8613861386138614,0.0891089108910891,0.0,0.019801980198019802
2model_gemini_flash_lite_deepseek_v3,"gemini_flash_lite,deepseek_v3",231,random,0.8712871287128713,9.944871287128713e-05,0.8712871287128713,0.07920792079207921,0.0,0.4752475247524752
2model_gemini_flash_lite_deepseek_v3,"gemini_flash_lite,deepseek_v3",231,oracle,0.9504950495049505,0.0001257831683168317,0.9504950495049505,0.0,0.0,1.0
2model_gemini_flash_lite_deepseek_v3,"gemini_flash_lite,deepseek_v3",231,logistic_router,0.9306930693069307,0.0001224207326732673,0.9306930693069307,0.019801980198019802,0.0,0.9108910891089109
2model_gemini_flash_lite_deepseek_v3,"gemini_flash_lite,deepseek_v3",231,linear_svm_router,0.9306930693069307,0.0001237785544554455,0.9306930693069307,0.019801980198019802,0.0,0.9405940594059405
2model_gemini_flash_lite_deepseek_v3,"gemini_flash_lite,deepseek_v3",231,knn_router,0.9306930693069307,0.00012613366336633661,0.9306930693069307,0.019801980198019802,0.0,0.9801980198019802
2model_gemini_flash_lite_deepseek_v3,"gemini_flash_lite,deepseek_v3",231,decision_tree_router,0.9306930693069307,0.00012115520792079208,0.9306930693069307,0.019801980198019802,0.0,0.8811881188118812
2model_gemini_flash_lite_deepseek_v3,"gemini_flash_lite,deepseek_v3",231,random_forest_router,0.9306930693069307,0.0001244887722772277,0.9306930693069307,0.019801980198019802,0.0,0.9603960396039604
2model_gemini_flash_lite_deepseek_v3,"gemini_flash_lite,deepseek_v3",231,extra_trees_router,0.9306930693069307,0.0001224207326732673,0.9306930693069307,0.019801980198019802,0.0,0.9108910891089109
2model_gemini_flash_lite_deepseek_v3,"gemini_flash_lite,deepseek_v3",231,tfidf_logistic_router,0.9306930693069307,0.0001226880594059406,0.9306930693069307,0.019801980198019802,0.0,0.9207920792079208
2model_gemini_flash_lite_deepseek_v3,"gemini_flash_lite,deepseek_v3",231,tfidf_linear_svm_router,0.9207920792079208,0.000125799900990099,0.9207920792079208,0.0297029702970297,0.0,0.9702970297029703
2model_gemini_flash_lite_deepseek_v3,"gemini_flash_lite,deepseek_v3",232,always_gemini_flash_lite,0.9603960396039604,0.00011580445544554458,0.9603960396039604,0.0,0.0,
2model_gemini_flash_lite_deepseek_v3,"gemini_flash_lite,deepseek_v3",232,always_deepseek_v3,0.8811881188118812,6.627041584158416e-05,0.8811881188118812,0.07920792079207921,0.0,
2model_gemini_flash_lite_deepseek_v3,"gemini_flash_lite,deepseek_v3",232,random,0.900990099009901,9.4223702970297e-05,0.900990099009901,0.0594059405940594,0.0,
2model_gemini_flash_lite_deepseek_v3,"gemini_flash_lite,deepseek_v3",232,oracle,0.9603960396039604,0.00011580445544554458,0.9603960396039604,0.0,0.0,
2model_gemini_flash_lite_deepseek_v3,"gemini_flash_lite,deepseek_v3",232,logistic_router,0.9504950495049505,0.00011242390099009902,0.9504950495049505,0.009900990099009901,0.0,
2model_gemini_flash_lite_deepseek_v3,"gemini_flash_lite,deepseek_v3",232,linear_svm_router,0.9504950495049505,0.00011208089108910892,0.9504950495049505,0.009900990099009901,0.0,
2model_gemini_flash_lite_deepseek_v3,"gemini_flash_lite,deepseek_v3",232,knn_router,0.9603960396039604,0.00011580445544554458,0.9603960396039604,0.0,0.0,
2model_gemini_flash_lite_deepseek_v3,"gemini_flash_lite,deepseek_v3",232,decision_tree_router,0.9504950495049505,0.00010730823762376238,0.9504950495049505,0.009900990099009901,0.0,
2model_gemini_flash_lite_deepseek_v3,"gemini_flash_lite,deepseek_v3",232,random_forest_router,0.9504950495049505,0.00011547069306930692,0.9504950495049505,0.009900990099009901,0.0,
2model_gemini_flash_lite_deepseek_v3,"gemini_flash_lite,deepseek_v3",232,extra_trees_router,0.9504950495049505,0.00011339340594059405,0.9504950495049505,0.009900990099009901,0.0,
2model_gemini_flash_lite_deepseek_v3,"gemini_flash_lite,deepseek_v3",232,tfidf_logistic_router,0.9504950495049505,0.000114258198019802,0.9504950495049505,0.009900990099009901,0.0,
2model_gemini_flash_lite_deepseek_v3,"gemini_flash_lite,deepseek_v3",232,tfidf_linear_svm_router,0.9504950495049505,0.00011547069306930692,0.9504950495049505,0.009900990099009901,0.0,
2model_gemini_flash_lite_deepseek_v3,"gemini_flash_lite,deepseek_v3",233,always_gemini_flash_lite,0.9306930693069307,0.00012366089108910893,0.9306930693069307,0.0,0.0,
2model_gemini_flash_lite_deepseek_v3,"gemini_flash_lite,deepseek_v3",233,always_deepseek_v3,0.8712871287128713,6.896013861386139e-05,0.8712871287128713,0.0594059405940594,0.0,
2model_gemini_flash_lite_deepseek_v3,"gemini_flash_lite,deepseek_v3",233,random,0.8811881188118812,9.658687128712871e-05,0.8811881188118812,0.04950495049504951,0.0,
2model_gemini_flash_lite_deepseek_v3,"gemini_flash_lite,deepseek_v3",233,oracle,0.9306930693069307,0.00012366089108910893,0.9306930693069307,0.0,0.0,
2model_gemini_flash_lite_deepseek_v3,"gemini_flash_lite,deepseek_v3",233,logistic_router,0.9108910891089109,0.0001164510891089109,0.9108910891089109,0.019801980198019802,0.0,
2model_gemini_flash_lite_deepseek_v3,"gemini_flash_lite,deepseek_v3",233,linear_svm_router,0.9207920792079208,0.00011826122772277226,0.9207920792079208,0.009900990099009901,0.0,
2model_gemini_flash_lite_deepseek_v3,"gemini_flash_lite,deepseek_v3",233,knn_router,0.9306930693069307,0.00012366089108910893,0.9306930693069307,0.0,0.0,
2model_gemini_flash_lite_deepseek_v3,"gemini_flash_lite,deepseek_v3",233,decision_tree_router,0.9306930693069307,0.00011581293069306929,0.9306930693069307,0.0,0.0,
2model_gemini_flash_lite_deepseek_v3,"gemini_flash_lite,deepseek_v3",233,random_forest_router,0.9306930693069307,0.00012302655445544554,0.9306930693069307,0.0,0.0,
2model_gemini_flash_lite_deepseek_v3,"gemini_flash_lite,deepseek_v3",233,extra_trees_router,0.9207920792079208,0.00012057768316831683,0.9207920792079208,0.009900990099009901,0.0,
2model_gemini_flash_lite_deepseek_v3,"gemini_flash_lite,deepseek_v3",233,tfidf_logistic_router,0.9207920792079208,0.00011879540594059404,0.9207920792079208,0.009900990099009901,0.0,
2model_gemini_flash_lite_deepseek_v3,"gemini_flash_lite,deepseek_v3",233,tfidf_linear_svm_router,0.9306930693069307,0.00012284776237623762,0.9306930693069307,0.0,0.0,
2model_gemini_flash_lite_granite_8b,"gemini_flash_lite,granite_8b",229,always_gemini_flash_lite,0.9108910891089109,0.0001168069306930693,0.9108910891089109,0.0297029702970297,0.0,0.9702970297029703
2model_gemini_flash_lite_granite_8b,"gemini_flash_lite,granite_8b",229,always_granite_8b,0.8613861386138614,1.5395544554455447e-05,0.8613861386138614,0.07920792079207921,0.0,0.0297029702970297
2model_gemini_flash_lite_granite_8b,"gemini_flash_lite,granite_8b",229,random,0.8811881188118812,6.181138613861386e-05,0.8811881188118812,0.0594059405940594,0.0,0.48514851485148514
2model_gemini_flash_lite_granite_8b,"gemini_flash_lite,granite_8b",229,oracle,0.9405940594059405,0.00011417920792079208,0.9405940594059405,0.0,0.0,1.0
2model_gemini_flash_lite_granite_8b,"gemini_flash_lite,granite_8b",229,logistic_router,0.9207920792079208,9.992326732673268e-05,0.9207920792079208,0.019801980198019802,0.0,0.8118811881188119
2model_gemini_flash_lite_granite_8b,"gemini_flash_lite,granite_8b",229,linear_svm_router,0.9207920792079208,0.00010480594059405942,0.9207920792079208,0.019801980198019802,0.0,0.8316831683168316
2model_gemini_flash_lite_granite_8b,"gemini_flash_lite,granite_8b",229,knn_router,0.9108910891089109,0.0001168069306930693,0.9108910891089109,0.0297029702970297,0.0,0.9702970297029703
2model_gemini_flash_lite_granite_8b,"gemini_flash_lite,granite_8b",229,decision_tree_router,0.9108910891089109,0.00010528811881188119,0.9108910891089109,0.0297029702970297,0.0,0.8613861386138614
2model_gemini_flash_lite_granite_8b,"gemini_flash_lite,granite_8b",229,random_forest_router,0.9108910891089109,0.0001168069306930693,0.9108910891089109,0.0297029702970297,0.0,0.9702970297029703
2model_gemini_flash_lite_granite_8b,"gemini_flash_lite,granite_8b",229,extra_trees_router,0.9207920792079208,0.00010764752475247526,0.9207920792079208,0.019801980198019802,0.0,0.8712871287128713
2model_gemini_flash_lite_granite_8b,"gemini_flash_lite,granite_8b",229,tfidf_logistic_router,0.9207920792079208,0.00011605742574257427,0.9207920792079208,0.019801980198019802,0.0,0.9801980198019802
2model_gemini_flash_lite_granite_8b,"gemini_flash_lite,granite_8b",229,tfidf_linear_svm_router,0.9108910891089109,0.0001168069306930693,0.9108910891089109,0.0297029702970297,0.0,0.9702970297029703
2model_gemini_flash_lite_granite_8b,"gemini_flash_lite,granite_8b",230,always_gemini_flash_lite,0.9702970297029703,0.00012524999999999998,0.9702970297029703,0.0,0.0,
2model_gemini_flash_lite_granite_8b,"gemini_flash_lite,granite_8b",230,always_granite_8b,0.8316831683168316,1.659059405940594e-05,0.8316831683168316,0.13861386138613863,0.0,
2model_gemini_flash_lite_granite_8b,"gemini_flash_lite,granite_8b",230,random,0.9207920792079208,7.551237623762376e-05,0.9207920792079208,0.04950495049504951,0.0,
2model_gemini_flash_lite_granite_8b,"gemini_flash_lite,granite_8b",230,oracle,0.9702970297029703,0.00012524999999999998,0.9702970297029703,0.0,0.0,
2model_gemini_flash_lite_granite_8b,"gemini_flash_lite,granite_8b",230,logistic_router,0.9702970297029703,0.00010558960396039604,0.9702970297029703,0.0,0.0,
2model_gemini_flash_lite_granite_8b,"gemini_flash_lite,granite_8b",230,linear_svm_router,0.9603960396039604,0.00010422920792079208,0.9603960396039604,0.009900990099009901,0.0,
2model_gemini_flash_lite_granite_8b,"gemini_flash_lite,granite_8b",230,knn_router,0.9702970297029703,0.00012524999999999998,0.9702970297029703,0.0,0.0,
2model_gemini_flash_lite_granite_8b,"gemini_flash_lite,granite_8b",230,decision_tree_router,0.9702970297029703,0.00010640594059405942,0.9702970297029703,0.0,0.0,
2model_gemini_flash_lite_granite_8b,"gemini_flash_lite,granite_8b",230,random_forest_router,0.9702970297029703,0.00012524999999999998,0.9702970297029703,0.0,0.0,
2model_gemini_flash_lite_granite_8b,"gemini_flash_lite,granite_8b",230,extra_trees_router,0.9702970297029703,0.00012278712871287127,0.9702970297029703,0.0,0.0,
2model_gemini_flash_lite_granite_8b,"gemini_flash_lite,granite_8b",230,tfidf_logistic_router,0.9702970297029703,0.00011808465346534653,0.9702970297029703,0.0,0.0,
2model_gemini_flash_lite_granite_8b,"gemini_flash_lite,granite_8b",230,tfidf_linear_svm_router,0.9702970297029703,0.00012524999999999998,0.9702970297029703,0.0,0.0,
2model_gemini_flash_lite_granite_8b,"gemini_flash_lite,granite_8b",231,always_gemini_flash_lite,0.9306930693069307,0.00012613366336633661,0.9306930693069307,0.019801980198019802,0.0,0.9801980198019802
2model_gemini_flash_lite_granite_8b,"gemini_flash_lite,granite_8b",231,always_granite_8b,0.8316831683168316,1.662079207920792e-05,0.8316831683168316,0.1188118811881188,0.0,0.019801980198019802
2model_gemini_flash_lite_granite_8b,"gemini_flash_lite,granite_8b",231,random,0.900990099009901,6.993366336633663e-05,0.900990099009901,0.04950495049504951,0.0,0.45544554455445546
2model_gemini_flash_lite_granite_8b,"gemini_flash_lite,granite_8b",231,oracle,0.9504950495049505,0.0001243881188118812,0.9504950495049505,0.0,0.0,1.0
2model_gemini_flash_lite_granite_8b,"gemini_flash_lite,granite_8b",231,logistic_router,0.9306930693069307,0.00011524207920792079,0.9306930693069307,0.019801980198019802,0.0,0.8910891089108911
2model_gemini_flash_lite_granite_8b,"gemini_flash_lite,granite_8b",231,linear_svm_router,0.9306930693069307,0.00011777623762376236,0.9306930693069307,0.019801980198019802,0.0,0.9108910891089109
2model_gemini_flash_lite_granite_8b,"gemini_flash_lite,granite_8b",231,knn_router,0.9306930693069307,0.00012613366336633661,0.9306930693069307,0.019801980198019802,0.0,0.9801980198019802
2model_gemini_flash_lite_granite_8b,"gemini_flash_lite,granite_8b",231,decision_tree_router,0.9108910891089109,0.00011468069306930692,0.9108910891089109,0.039603960396039604,0.0,0.8712871287128713
2model_gemini_flash_lite_granite_8b,"gemini_flash_lite,granite_8b",231,random_forest_router,0.9306930693069307,0.00012534009900990096,0.9306930693069307,0.019801980198019802,0.0,0.9702970297029703
2model_gemini_flash_lite_granite_8b,"gemini_flash_lite,granite_8b",231,extra_trees_router,0.9306930693069307,0.00012172772277227723,0.9306930693069307,0.019801980198019802,0.0,0.9207920792079208
2model_gemini_flash_lite_granite_8b,"gemini_flash_lite,granite_8b",231,tfidf_logistic_router,0.9306930693069307,0.0001195608910891089,0.9306930693069307,0.019801980198019802,0.0,0.9207920792079208
2model_gemini_flash_lite_granite_8b,"gemini_flash_lite,granite_8b",231,tfidf_linear_svm_router,0.9306930693069307,0.00012613366336633661,0.9306930693069307,0.019801980198019802,0.0,0.9801980198019802
2model_gemini_flash_lite_granite_8b,"gemini_flash_lite,granite_8b",232,always_gemini_flash_lite,0.9603960396039604,0.00011580445544554458,0.9603960396039604,0.009900990099009901,0.0,0.9900990099009901
2model_gemini_flash_lite_granite_8b,"gemini_flash_lite,granite_8b",232,always_granite_8b,0.8613861386138614,1.5412871287128713e-05,0.8613861386138614,0.10891089108910891,0.0,0.009900990099009901
2model_gemini_flash_lite_granite_8b,"gemini_flash_lite,granite_8b",232,random,0.9108910891089109,6.828564356435644e-05,0.9108910891089109,0.0594059405940594,0.0,0.5247524752475248
2model_gemini_flash_lite_granite_8b,"gemini_flash_lite,granite_8b",232,oracle,0.9702970297029703,0.0001150549504950495,0.9702970297029703,0.0,0.0,1.0
2model_gemini_flash_lite_granite_8b,"gemini_flash_lite,granite_8b",232,logistic_router,0.9603960396039604,9.505445544554457e-05,0.9603960396039604,0.009900990099009901,0.0,0.7821782178217822
2model_gemini_flash_lite_granite_8b,"gemini_flash_lite,granite_8b",232,linear_svm_router,0.9603960396039604,9.650643564356435e-05,0.9603960396039604,0.009900990099009901,0.0,0.7920792079207921
2model_gemini_flash_lite_granite_8b,"gemini_flash_lite,granite_8b",232,knn_router,0.9603960396039604,0.00011580445544554458,0.9603960396039604,0.009900990099009901,0.0,0.9900990099009901
2model_gemini_flash_lite_granite_8b,"gemini_flash_lite,granite_8b",232,decision_tree_router,0.9603960396039604,9.736980198019803e-05,0.9603960396039604,0.009900990099009901,0.0,0.7920792079207921
2model_gemini_flash_lite_granite_8b,"gemini_flash_lite,granite_8b",232,random_forest_router,0.9603960396039604,0.00011580445544554458,0.9603960396039604,0.009900990099009901,0.0,0.9900990099009901
2model_gemini_flash_lite_granite_8b,"gemini_flash_lite,granite_8b",232,extra_trees_router,0.9603960396039604,0.00011407722772277229,0.9603960396039604,0.009900990099009901,0.0,0.9702970297029703
2model_gemini_flash_lite_granite_8b,"gemini_flash_lite,granite_8b",232,tfidf_logistic_router,0.9603960396039604,0.00011391435643564357,0.9603960396039604,0.009900990099009901,0.0,0.9702970297029703
2model_gemini_flash_lite_granite_8b,"gemini_flash_lite,granite_8b",232,tfidf_linear_svm_router,0.9603960396039604,0.00011496336633663368,0.9603960396039604,0.009900990099009901,0.0,0.9801980198019802
2model_gemini_flash_lite_granite_8b,"gemini_flash_lite,granite_8b",233,always_gemini_flash_lite,0.9306930693069307,0.00012366089108910893,0.9306930693069307,0.009900990099009901,0.0,0.9900990099009901
2model_gemini_flash_lite_granite_8b,"gemini_flash_lite,granite_8b",233,always_granite_8b,0.8514851485148515,1.601089108910891e-05,0.8514851485148515,0.0891089108910891,0.0,0.009900990099009901
2model_gemini_flash_lite_granite_8b,"gemini_flash_lite,granite_8b",233,random,0.8811881188118812,7.150396039603959e-05,0.8811881188118812,0.0594059405940594,0.0,0.504950495049505
2model_gemini_flash_lite_granite_8b,"gemini_flash_lite,granite_8b",233,oracle,0.9405940594059405,0.00012291138613861386,0.9405940594059405,0.0,0.0,1.0
2model_gemini_flash_lite_granite_8b,"gemini_flash_lite,granite_8b",233,logistic_router,0.9207920792079208,0.00010687326732673268,0.9207920792079208,0.019801980198019802,0.0,0.8217821782178217
2model_gemini_flash_lite_granite_8b,"gemini_flash_lite,granite_8b",233,linear_svm_router,0.9207920792079208,0.00011122623762376238,0.9207920792079208,0.019801980198019802,0.0,0.8613861386138614
2model_gemini_flash_lite_granite_8b,"gemini_flash_lite,granite_8b",233,knn_router,0.9306930693069307,0.00012366089108910893,0.9306930693069307,0.009900990099009901,0.0,0.9900990099009901
2model_gemini_flash_lite_granite_8b,"gemini_flash_lite,granite_8b",233,decision_tree_router,0.9207920792079208,0.00011640594059405941,0.9207920792079208,0.019801980198019802,0.0,0.9108910891089109
2model_gemini_flash_lite_granite_8b,"gemini_flash_lite,granite_8b",233,random_forest_router,0.9306930693069307,0.00012366089108910893,0.9306930693069307,0.009900990099009901,0.0,0.9900990099009901
2model_gemini_flash_lite_granite_8b,"gemini_flash_lite,granite_8b",233,extra_trees_router,0.9108910891089109,0.0001185886138613861,0.9108910891089109,0.0297029702970297,0.0,0.9306930693069307
2model_gemini_flash_lite_granite_8b,"gemini_flash_lite,granite_8b",233,tfidf_logistic_router,0.9207920792079208,0.0001195089108910891,0.9207920792079208,0.019801980198019802,0.0,0.9504950495049505
2model_gemini_flash_lite_granite_8b,"gemini_flash_lite,granite_8b",233,tfidf_linear_svm_router,0.9306930693069307,0.00012366089108910893,0.9306930693069307,0.009900990099009901,0.0,0.9900990099009901
2model_gemini_flash_qwen_30b,"gemini_flash,qwen_30b",229,always_gemini_flash,0.8712871287128713,0.0001869188118811881,0.8712871287128713,0.04950495049504951,0.0,0.9504950495049505
2model_gemini_flash_qwen_30b,"gemini_flash,qwen_30b",229,always_qwen_30b,0.8811881188118812,2.3685825742574253e-05,0.8811881188118812,0.039603960396039604,0.0,0.04950495049504951
2model_gemini_flash_qwen_30b,"gemini_flash,qwen_30b",229,random,0.8811881188118812,9.984677623762377e-05,0.8811881188118812,0.039603960396039604,0.0,0.48514851485148514
2model_gemini_flash_qwen_30b,"gemini_flash,qwen_30b",229,oracle,0.9207920792079208,0.00017899939405940593,0.9207920792079208,0.0,0.0,1.0
2model_gemini_flash_qwen_30b,"gemini_flash,qwen_30b",229,logistic_router,0.8910891089108911,0.00015328396831683168,0.8910891089108911,0.0297029702970297,0.0,0.7920792079207921
2model_gemini_flash_qwen_30b,"gemini_flash,qwen_30b",229,linear_svm_router,0.8811881188118812,0.00016127715247524752,0.8811881188118812,0.039603960396039604,0.0,0.8415841584158416
2model_gemini_flash_qwen_30b,"gemini_flash,qwen_30b",229,knn_router,0.8712871287128713,0.0001858178217821782,0.8712871287128713,0.04950495049504951,0.0,0.9405940594059405
2model_gemini_flash_qwen_30b,"gemini_flash,qwen_30b",229,decision_tree_router,0.8910891089108911,0.00014726302574257427,0.8910891089108911,0.0297029702970297,0.0,0.7524752475247525
2model_gemini_flash_qwen_30b,"gemini_flash,qwen_30b",229,random_forest_router,0.8910891089108911,0.00017024925148514852,0.8910891089108911,0.0297029702970297,0.0,0.8712871287128713
2model_gemini_flash_qwen_30b,"gemini_flash,qwen_30b",229,extra_trees_router,0.900990099009901,0.00015706577425742577,0.900990099009901,0.019801980198019802,0.0,0.8118811881188119
2model_gemini_flash_qwen_30b,"gemini_flash,qwen_30b",229,tfidf_logistic_router,0.8910891089108911,0.00016442883168316832,0.8910891089108911,0.0297029702970297,0.0,0.8514851485148515
2model_gemini_flash_qwen_30b,"gemini_flash,qwen_30b",229,tfidf_linear_svm_router,0.8712871287128713,0.00018243904950495047,0.8712871287128713,0.04950495049504951,0.0,0.9306930693069307
2model_gemini_flash_qwen_30b,"gemini_flash,qwen_30b",230,always_gemini_flash,0.8811881188118812,0.00020017524752475246,0.8811881188118812,0.0594059405940594,0.0,0.9405940594059405
2model_gemini_flash_qwen_30b,"gemini_flash,qwen_30b",230,always_qwen_30b,0.9207920792079208,2.5462792079207926e-05,0.9207920792079208,0.019801980198019802,0.0,0.0594059405940594
2model_gemini_flash_qwen_30b,"gemini_flash,qwen_30b",230,random,0.8811881188118812,0.00011982910495049507,0.8811881188118812,0.0594059405940594,0.0,0.5247524752475248
2model_gemini_flash_qwen_30b,"gemini_flash,qwen_30b",230,oracle,0.9405940594059405,0.00019341878811881185,0.9405940594059405,0.0,0.0,1.0
2model_gemini_flash_qwen_30b,"gemini_flash,qwen_30b",230,logistic_router,0.9207920792079208,0.00016929525544554457,0.9207920792079208,0.019801980198019802,0.0,0.801980198019802
2model_gemini_flash_qwen_30b,"gemini_flash,qwen_30b",230,linear_svm_router,0.8910891089108911,0.00017504740594059405,0.8910891089108911,0.04950495049504951,0.0,0.8118811881188119
2model_gemini_flash_qwen_30b,"gemini_flash,qwen_30b",230,knn_router,0.8811881188118812,0.00020017524752475246,0.8811881188118812,0.0594059405940594,0.0,0.9405940594059405
2model_gemini_flash_qwen_30b,"gemini_flash,qwen_30b",230,decision_tree_router,0.9108910891089109,0.00017522316831683165,0.9108910891089109,0.0297029702970297,0.0,0.8217821782178217
2model_gemini_flash_qwen_30b,"gemini_flash,qwen_30b",230,random_forest_router,0.9108910891089109,0.00017990911287128715,0.9108910891089109,0.0297029702970297,0.0,0.8514851485148515
2model_gemini_flash_qwen_30b,"gemini_flash,qwen_30b",230,extra_trees_router,0.9207920792079208,0.0001708454732673267,0.9207920792079208,0.019801980198019802,0.0,0.801980198019802
2model_gemini_flash_qwen_30b,"gemini_flash,qwen_30b",230,tfidf_logistic_router,0.9108910891089109,0.00017968599603960397,0.9108910891089109,0.0297029702970297,0.0,0.8415841584158416
2model_gemini_flash_qwen_30b,"gemini_flash,qwen_30b",230,tfidf_linear_svm_router,0.8910891089108911,0.00019655742574257426,0.8910891089108911,0.04950495049504951,0.0,0.9405940594059405
2model_gemini_flash_qwen_30b,"gemini_flash,qwen_30b",231,always_gemini_flash,0.8316831683168316,0.00020165940594059402,0.8316831683168316,0.06930693069306931,0.0,0.9306930693069307
2model_gemini_flash_qwen_30b,"gemini_flash,qwen_30b",231,always_qwen_30b,0.8613861386138614,2.4274570297029705e-05,0.8613861386138614,0.039603960396039604,0.0,0.06930693069306931
2model_gemini_flash_qwen_30b,"gemini_flash,qwen_30b",231,random,0.8316831683168316,0.00011739167524752475,0.8316831683168316,0.06930693069306931,0.0,0.44554455445544555
2model_gemini_flash_qwen_30b,"gemini_flash,qwen_30b",231,oracle,0.900990099009901,0.00018837912079207919,0.900990099009901,0.0,0.0,1.0
2model_gemini_flash_qwen_30b,"gemini_flash,qwen_30b",231,logistic_router,0.8217821782178217,0.00017840767128712867,0.8217821782178217,0.07920792079207921,0.0,0.7821782178217822
2model_gemini_flash_qwen_30b,"gemini_flash,qwen_30b",231,linear_svm_router,0.8217821782178217,0.0001749630534653465,0.8217821782178217,0.07920792079207921,0.0,0.7722772277227723
2model_gemini_flash_qwen_30b,"gemini_flash,qwen_30b",231,knn_router,0.8316831683168316,0.00020165940594059402,0.8316831683168316,0.06930693069306931,0.0,0.9306930693069307
2model_gemini_flash_qwen_30b,"gemini_flash,qwen_30b",231,decision_tree_router,0.8514851485148515,0.0001650058336633663,0.8514851485148515,0.04950495049504951,0.0,0.7722772277227723
2model_gemini_flash_qwen_30b,"gemini_flash,qwen_30b",231,random_forest_router,0.8514851485148515,0.00018315392871287125,0.8514851485148515,0.04950495049504951,0.0,0.8415841584158416
2model_gemini_flash_qwen_30b,"gemini_flash,qwen_30b",231,extra_trees_router,0.8613861386138614,0.00016935467326732671,0.8613861386138614,0.039603960396039604,0.0,0.801980198019802
2model_gemini_flash_qwen_30b,"gemini_flash,qwen_30b",231,tfidf_logistic_router,0.8217821782178217,0.00018754958811881183,0.8217821782178217,0.07920792079207921,0.0,0.8415841584158416
2model_gemini_flash_qwen_30b,"gemini_flash,qwen_30b",231,tfidf_linear_svm_router,0.8316831683168316,0.00019538695049504942,0.8316831683168316,0.06930693069306931,0.0,0.900990099009901
2model_gemini_flash_qwen_30b,"gemini_flash,qwen_30b",232,always_gemini_flash,0.900990099009901,0.0001824257425742574,0.900990099009901,0.039603960396039604,0.0,0.9603960396039604
2model_gemini_flash_qwen_30b,"gemini_flash,qwen_30b",232,always_qwen_30b,0.8910891089108911,2.3704570297029702e-05,0.8910891089108911,0.04950495049504951,0.0,0.039603960396039604
2model_gemini_flash_qwen_30b,"gemini_flash,qwen_30b",232,random,0.8811881188118812,0.0001061962811881188,0.8811881188118812,0.0594059405940594,0.0,0.5148514851485149
2model_gemini_flash_qwen_30b,"gemini_flash,qwen_30b",232,oracle,0.9405940594059405,0.00017688327920792077,0.9405940594059405,0.0,0.0,1.0
2model_gemini_flash_qwen_30b,"gemini_flash,qwen_30b",232,logistic_router,0.9207920792079208,0.00016436191683168316,0.9207920792079208,0.019801980198019802,0.0,0.8811881188118812
2model_gemini_flash_qwen_30b,"gemini_flash,qwen_30b",232,linear_svm_router,0.8910891089108911,0.00016362866534653462,0.8910891089108911,0.04950495049504951,0.0,0.8316831683168316
2model_gemini_flash_qwen_30b,"gemini_flash,qwen_30b",232,knn_router,0.900990099009901,0.0001824257425742574,0.900990099009901,0.039603960396039604,0.0,0.9603960396039604
2model_gemini_flash_qwen_30b,"gemini_flash,qwen_30b",232,decision_tree_router,0.900990099009901,0.00015366992871287128,0.900990099009901,0.039603960396039604,0.0,0.7920792079207921
2model_gemini_flash_qwen_30b,"gemini_flash,qwen_30b",232,random_forest_router,0.9306930693069307,0.00016236708910891088,0.9306930693069307,0.009900990099009901,0.0,0.8811881188118812
2model_gemini_flash_qwen_30b,"gemini_flash,qwen_30b",232,extra_trees_router,0.9306930693069307,0.00015516223762376236,0.9306930693069307,0.009900990099009901,0.0,0.8415841584158416
2model_gemini_flash_qwen_30b,"gemini_flash,qwen_30b",232,tfidf_logistic_router,0.9207920792079208,0.00017088899009900992,0.9207920792079208,0.019801980198019802,0.0,0.9108910891089109
2model_gemini_flash_qwen_30b,"gemini_flash,qwen_30b",232,tfidf_linear_svm_router,0.9108910891089109,0.0001797029702970297,0.9108910891089109,0.0297029702970297,0.0,0.9504950495049505
2model_gemini_flash_qwen_30b,"gemini_flash,qwen_30b",233,always_gemini_flash,0.8217821782178217,0.00019657623762376237,0.8217821782178217,0.09900990099009901,0.0,0.900990099009901
2model_gemini_flash_qwen_30b,"gemini_flash,qwen_30b",233,always_qwen_30b,0.8910891089108911,2.4048427722772278e-05,0.8910891089108911,0.0297029702970297,0.0,0.09900990099009901
2model_gemini_flash_qwen_30b,"gemini_flash,qwen_30b",233,random,0.8316831683168316,0.00011394479603960398,0.8316831683168316,0.0891089108910891,0.0,0.49504950495049505
2model_gemini_flash_qwen_30b,"gemini_flash,qwen_30b",233,oracle,0.9207920792079208,0.00017590916435643563,0.9207920792079208,0.0,0.0,1.0
2model_gemini_flash_qwen_30b,"gemini_flash,qwen_30b",233,logistic_router,0.8712871287128713,0.0001487364514851485,0.8712871287128713,0.04950495049504951,0.0,0.7425742574257426
2model_gemini_flash_qwen_30b,"gemini_flash,qwen_30b",233,linear_svm_router,0.8316831683168316,0.00016199092277227725,0.8316831683168316,0.0891089108910891,0.0,0.7524752475247525
2model_gemini_flash_qwen_30b,"gemini_flash,qwen_30b",233,knn_router,0.8217821782178217,0.00019657623762376237,0.8217821782178217,0.09900990099009901,0.0,0.900990099009901
2model_gemini_flash_qwen_30b,"gemini_flash,qwen_30b",233,decision_tree_router,0.8613861386138614,0.00015733911683168315,0.8613861386138614,0.0594059405940594,0.0,0.7722772277227723
2model_gemini_flash_qwen_30b,"gemini_flash,qwen_30b",233,random_forest_router,0.8613861386138614,0.00017090141386138616,0.8613861386138614,0.0594059405940594,0.0,0.8514851485148515
2model_gemini_flash_qwen_30b,"gemini_flash,qwen_30b",233,extra_trees_router,0.8811881188118812,0.00015094474455445544,0.8811881188118812,0.039603960396039604,0.0,0.7722772277227723
2model_gemini_flash_qwen_30b,"gemini_flash,qwen_30b",233,tfidf_logistic_router,0.8514851485148515,0.00016428239603960397,0.8514851485148515,0.06930693069306931,0.0,0.7821782178217822
2model_gemini_flash_qwen_30b,"gemini_flash,qwen_30b",233,tfidf_linear_svm_router,0.8217821782178217,0.0001934262613861386,0.8217821782178217,0.09900990099009901,0.0,0.8712871287128713
2model_gemini_flash_llama_70b,"gemini_flash,llama_70b",229,always_gemini_flash,0.8712871287128713,0.0001869188118811881,0.8712871287128713,0.0297029702970297,0.0,0.9702970297029703
2model_gemini_flash_llama_70b,"gemini_flash,llama_70b",229,always_llama_70b,0.8514851485148515,5.191463366336634e-05,0.8514851485148515,0.04950495049504951,0.0,0.0297029702970297
2model_gemini_flash_llama_70b,"gemini_flash,llama_70b",229,random,0.8613861386138614,0.00011165643564356434,0.8613861386138614,0.039603960396039604,0.0,0.504950495049505
2model_gemini_flash_llama_70b,"gemini_flash,llama_70b",229,oracle,0.900990099009901,0.00018445623762376235,0.900990099009901,0.0,0.0,1.0
2model_gemini_flash_llama_70b,"gemini_flash,llama_70b",229,logistic_router,0.8910891089108911,0.00016468727722772277,0.8910891089108911,0.009900990099009901,0.0,0.8415841584158416
2model_gemini_flash_llama_70b,"gemini_flash,llama_70b",229,linear_svm_router,0.8910891089108911,0.00016669430693069307,0.8910891089108911,0.009900990099009901,0.0,0.8613861386138614
2model_gemini_flash_llama_70b,"gemini_flash,llama_70b",229,knn_router,0.8811881188118812,0.0001857190099009901,0.8811881188118812,0.019801980198019802,0.0,0.9801980198019802
2model_gemini_flash_llama_70b,"gemini_flash,llama_70b",229,decision_tree_router,0.8910891089108911,0.00015693762376237626,0.8910891089108911,0.009900990099009901,0.0,0.7821782178217822
2model_gemini_flash_llama_70b,"gemini_flash,llama_70b",229,random_forest_router,0.8910891089108911,0.000174979504950495,0.8910891089108911,0.009900990099009901,0.0,0.9108910891089109
2model_gemini_flash_llama_70b,"gemini_flash,llama_70b",229,extra_trees_router,0.8910891089108911,0.0001686527722772277,0.8910891089108911,0.009900990099009901,0.0,0.8514851485148515
2model_gemini_flash_llama_70b,"gemini_flash,llama_70b",229,tfidf_logistic_router,0.8910891089108911,0.00017329113861386136,0.8910891089108911,0.009900990099009901,0.0,0.8811881188118812
2model_gemini_flash_llama_70b,"gemini_flash,llama_70b",229,tfidf_linear_svm_router,0.8712871287128713,0.00018388168316831684,0.8712871287128713,0.0297029702970297,0.0,0.9405940594059405
2model_gemini_flash_llama_70b,"gemini_flash,llama_70b",230,always_gemini_flash,0.8811881188118812,0.00020017524752475246,0.8811881188118812,0.0594059405940594,0.0,0.9405940594059405
2model_gemini_flash_llama_70b,"gemini_flash,llama_70b",230,always_llama_70b,0.8910891089108911,5.2112425742574264e-05,0.8910891089108911,0.04950495049504951,0.0,0.0594059405940594
2model_gemini_flash_llama_70b,"gemini_flash,llama_70b",230,random,0.8613861386138614,0.00013087287128712874,0.8613861386138614,0.07920792079207921,0.0,0.504950495049505
2model_gemini_flash_llama_70b,"gemini_flash,llama_70b",230,oracle,0.9405940594059405,0.00019327420792079205,0.9405940594059405,0.0,0.0,1.0
2model_gemini_flash_llama_70b,"gemini_flash,llama_70b",230,logistic_router,0.900990099009901,0.00017955955445544557,0.900990099009901,0.039603960396039604,0.0,0.8118811881188119
2model_gemini_flash_llama_70b,"gemini_flash,llama_70b",230,linear_svm_router,0.8910891089108911,0.00018378371287128712,0.8910891089108911,0.04950495049504951,0.0,0.8415841584158416
2model_gemini_flash_llama_70b,"gemini_flash,llama_70b",230,knn_router,0.8811881188118812,0.00020017524752475246,0.8811881188118812,0.0594059405940594,0.0,0.9405940594059405
2model_gemini_flash_llama_70b,"gemini_flash,llama_70b",230,decision_tree_router,0.9108910891089109,0.00016876465346534654,0.9108910891089109,0.0297029702970297,0.0,0.7425742574257426
2model_gemini_flash_llama_70b,"gemini_flash,llama_70b",230,random_forest_router,0.9108910891089109,0.00018328599009900993,0.9108910891089109,0.0297029702970297,0.0,0.8712871287128713
2model_gemini_flash_llama_70b,"gemini_flash,llama_70b",230,extra_trees_router,0.9108910891089109,0.0001766957920792079,0.9108910891089109,0.0297029702970297,0.0,0.801980198019802
2model_gemini_flash_llama_70b,"gemini_flash,llama_70b",230,tfidf_logistic_router,0.900990099009901,0.0001875338118811881,0.900990099009901,0.039603960396039604,0.0,0.8613861386138614
2model_gemini_flash_llama_70b,"gemini_flash,llama_70b",230,tfidf_linear_svm_router,0.8811881188118812,0.0001973939603960396,0.8811881188118812,0.0594059405940594,0.0,0.9306930693069307
2model_gemini_flash_llama_70b,"gemini_flash,llama_70b",231,always_gemini_flash,0.8316831683168316,0.00020165940594059402,0.8316831683168316,0.0594059405940594,0.0,0.9405940594059405
2model_gemini_flash_llama_70b,"gemini_flash,llama_70b",231,always_llama_70b,0.8613861386138614,5.35139900990099e-05,0.8613861386138614,0.0297029702970297,0.0,0.0594059405940594
2model_gemini_flash_llama_70b,"gemini_flash,llama_70b",231,random,0.8316831683168316,0.00013316270297029703,0.8316831683168316,0.0594059405940594,0.0,0.43564356435643564
2model_gemini_flash_llama_70b,"gemini_flash,llama_70b",231,oracle,0.8910891089108911,0.0001935665841584158,0.8910891089108911,0.0,0.0,1.0
2model_gemini_flash_llama_70b,"gemini_flash,llama_70b",231,logistic_router,0.8712871287128713,0.0001735019207920792,0.8712871287128713,0.019801980198019802,0.0,0.8118811881188119
2model_gemini_flash_llama_70b,"gemini_flash,llama_70b",231,linear_svm_router,0.8613861386138614,0.00017470193069306925,0.8613861386138614,0.0297029702970297,0.0,0.8217821782178217
2model_gemini_flash_llama_70b,"gemini_flash,llama_70b",231,knn_router,0.8316831683168316,0.00020165940594059402,0.8316831683168316,0.0594059405940594,0.0,0.9405940594059405
2model_gemini_flash_llama_70b,"gemini_flash,llama_70b",231,decision_tree_router,0.8415841584158416,0.0001619507920792079,0.8415841584158416,0.04950495049504951,0.0,0.7425742574257426
2model_gemini_flash_llama_70b,"gemini_flash,llama_70b",231,random_forest_router,0.8613861386138614,0.00018409559405940595,0.8613861386138614,0.0297029702970297,0.0,0.8811881188118812
2model_gemini_flash_llama_70b,"gemini_flash,llama_70b",231,extra_trees_router,0.8712871287128713,0.00018088231683168312,0.8712871287128713,0.019801980198019802,0.0,0.8712871287128713
2model_gemini_flash_llama_70b,"gemini_flash,llama_70b",231,tfidf_logistic_router,0.8712871287128713,0.00018562589108910889,0.8712871287128713,0.019801980198019802,0.0,0.9108910891089109
2model_gemini_flash_llama_70b,"gemini_flash,llama_70b",231,tfidf_linear_svm_router,0.8316831683168316,0.00019204871287128712,0.8316831683168316,0.0594059405940594,0.0,0.8811881188118812
2model_gemini_flash_llama_70b,"gemini_flash,llama_70b",232,always_gemini_flash,0.900990099009901,0.0001824257425742574,0.900990099009901,0.04950495049504951,0.0,0.9504950495049505
2model_gemini_flash_llama_70b,"gemini_flash,llama_70b",232,always_llama_70b,0.8910891089108911,5.238212871287129e-05,0.8910891089108911,0.0594059405940594,0.0,0.04950495049504951
2model_gemini_flash_llama_70b,"gemini_flash,llama_70b",232,random,0.8811881188118812,0.00011939891089108912,0.8811881188118812,0.06930693069306931,0.0,0.504950495049505
2model_gemini_flash_llama_70b,"gemini_flash,llama_70b",232,oracle,0.9504950495049505,0.00017714955445544554,0.9504950495049505,0.0,0.0,1.0
2model_gemini_flash_llama_70b,"gemini_flash,llama_70b",232,logistic_router,0.9108910891089109,0.0001641859900990099,0.9108910891089109,0.039603960396039604,0.0,0.8415841584158416
2model_gemini_flash_llama_70b,"gemini_flash,llama_70b",232,linear_svm_router,0.9108910891089109,0.000166834900990099,0.9108910891089109,0.039603960396039604,0.0,0.8613861386138614
2model_gemini_flash_llama_70b,"gemini_flash,llama_70b",232,knn_router,0.900990099009901,0.0001824257425742574,0.900990099009901,0.04950495049504951,0.0,0.9504950495049505
2model_gemini_flash_llama_70b,"gemini_flash,llama_70b",232,decision_tree_router,0.900990099009901,0.00016227698019801977,0.900990099009901,0.04950495049504951,0.0,0.8217821782178217
2model_gemini_flash_llama_70b,"gemini_flash,llama_70b",232,random_forest_router,0.9207920792079208,0.00016761960396039603,0.9207920792079208,0.0297029702970297,0.0,0.8712871287128713
2model_gemini_flash_llama_70b,"gemini_flash,llama_70b",232,extra_trees_router,0.9306930693069307,0.00016145831683168316,0.9306930693069307,0.019801980198019802,0.0,0.8415841584158416
2model_gemini_flash_llama_70b,"gemini_flash,llama_70b",232,tfidf_logistic_router,0.9108910891089109,0.00017137509900990098,0.9108910891089109,0.039603960396039604,0.0,0.8910891089108911
2model_gemini_flash_llama_70b,"gemini_flash,llama_70b",232,tfidf_linear_svm_router,0.900990099009901,0.0001757968811881188,0.900990099009901,0.04950495049504951,0.0,0.900990099009901
2model_gemini_flash_llama_70b,"gemini_flash,llama_70b",233,always_gemini_flash,0.8217821782178217,0.00019657623762376237,0.8217821782178217,0.0891089108910891,0.0,0.9108910891089109
2model_gemini_flash_llama_70b,"gemini_flash,llama_70b",233,always_llama_70b,0.8811881188118812,5.316852475247525e-05,0.8811881188118812,0.0297029702970297,0.0,0.0891089108910891
2model_gemini_flash_llama_70b,"gemini_flash,llama_70b",233,random,0.8316831683168316,0.000124646099009901,0.8316831683168316,0.07920792079207921,0.0,0.48514851485148514
2model_gemini_flash_llama_70b,"gemini_flash,llama_70b",233,oracle,0.9108910891089109,0.0001828170297029703,0.9108910891089109,0.0,0.0,1.0
2model_gemini_flash_llama_70b,"gemini_flash,llama_70b",233,logistic_router,0.8712871287128713,0.0001627792673267327,0.8712871287128713,0.039603960396039604,0.0,0.7722772277227723
2model_gemini_flash_llama_70b,"gemini_flash,llama_70b",233,linear_svm_router,0.8415841584158416,0.00017333168316831685,0.8415841584158416,0.06930693069306931,0.0,0.8217821782178217
2model_gemini_flash_llama_70b,"gemini_flash,llama_70b",233,knn_router,0.8316831683168316,0.00019391534653465347,0.8316831683168316,0.07920792079207921,0.0,0.9207920792079208
2model_gemini_flash_llama_70b,"gemini_flash,llama_70b",233,decision_tree_router,0.8613861386138614,0.0001616857425742574,0.8613861386138614,0.04950495049504951,0.0,0.7326732673267327
2model_gemini_flash_llama_70b,"gemini_flash,llama_70b",233,random_forest_router,0.8613861386138614,0.00017559618811881187,0.8613861386138614,0.04950495049504951,0.0,0.8514851485148515
2model_gemini_flash_llama_70b,"gemini_flash,llama_70b",233,extra_trees_router,0.8910891089108911,0.00015826377227722772,0.8910891089108911,0.019801980198019802,0.0,0.7722772277227723
2model_gemini_flash_llama_70b,"gemini_flash,llama_70b",233,tfidf_logistic_router,0.8712871287128713,0.00017004164356435644,0.8712871287128713,0.039603960396039604,0.0,0.8316831683168316
2model_gemini_flash_llama_70b,"gemini_flash,llama_70b",233,tfidf_linear_svm_router,0.8316831683168316,0.00018926821782178215,0.8316831683168316,0.07920792079207921,0.0,0.8910891089108911
2model_gemini_flash_deepseek_v3,"gemini_flash,deepseek_v3",229,always_gemini_flash,0.8712871287128713,0.0001869188118811881,0.8712871287128713,0.07920792079207921,0.0,0.9207920792079208
2model_gemini_flash_deepseek_v3,"gemini_flash,deepseek_v3",229,always_deepseek_v3,0.9207920792079208,6.72319207920792e-05,0.9207920792079208,0.0297029702970297,0.0,0.07920792079207921
2model_gemini_flash_deepseek_v3,"gemini_flash,deepseek_v3",229,random,0.9108910891089109,0.00012237059405940592,0.9108910891089109,0.039603960396039604,0.0,0.5148514851485149
2model_gemini_flash_deepseek_v3,"gemini_flash,deepseek_v3",229,oracle,0.9504950495049505,0.00017828999999999998,0.9504950495049505,0.0,0.0,1.0
2model_gemini_flash_deepseek_v3,"gemini_flash,deepseek_v3",229,logistic_router,0.9306930693069307,0.00016233740594059407,0.9306930693069307,0.019801980198019802,0.0,0.8316831683168316
2model_gemini_flash_deepseek_v3,"gemini_flash,deepseek_v3",229,linear_svm_router,0.900990099009901,0.00016430017821782183,0.900990099009901,0.04950495049504951,0.0,0.8118811881188119
2model_gemini_flash_deepseek_v3,"gemini_flash,deepseek_v3",229,knn_router,0.8811881188118812,0.00018664554455445544,0.8811881188118812,0.06930693069306931,0.0,0.9306930693069307
2model_gemini_flash_deepseek_v3,"gemini_flash,deepseek_v3",229,decision_tree_router,0.8910891089108911,0.0001674306138613861,0.8910891089108911,0.0594059405940594,0.0,0.7920792079207921
2model_gemini_flash_deepseek_v3,"gemini_flash,deepseek_v3",229,random_forest_router,0.8910891089108911,0.00017680095049504954,0.8910891089108911,0.0594059405940594,0.0,0.8613861386138614
2model_gemini_flash_deepseek_v3,"gemini_flash,deepseek_v3",229,extra_trees_router,0.9108910891089109,0.00016858829702970295,0.9108910891089109,0.039603960396039604,0.0,0.8316831683168316
2model_gemini_flash_deepseek_v3,"gemini_flash,deepseek_v3",229,tfidf_logistic_router,0.9108910891089109,0.0001757690099009901,0.9108910891089109,0.039603960396039604,0.0,0.900990099009901
2model_gemini_flash_deepseek_v3,"gemini_flash,deepseek_v3",229,tfidf_linear_svm_router,0.8811881188118812,0.00018244356435643565,0.8811881188118812,0.06930693069306931,0.0,0.9108910891089109
2model_gemini_flash_deepseek_v3,"gemini_flash,deepseek_v3",230,always_gemini_flash,0.8811881188118812,0.00020017524752475246,0.8811881188118812,0.0594059405940594,0.0,0.9405940594059405
2model_gemini_flash_deepseek_v3,"gemini_flash,deepseek_v3",230,always_deepseek_v3,0.9306930693069307,7.106932673267325e-05,0.9306930693069307,0.009900990099009901,0.0,0.0594059405940594
2model_gemini_flash_deepseek_v3,"gemini_flash,deepseek_v3",230,random,0.8910891089108911,0.00014088045544554455,0.8910891089108911,0.04950495049504951,0.0,0.5247524752475248
2model_gemini_flash_deepseek_v3,"gemini_flash,deepseek_v3",230,oracle,0.9405940594059405,0.000193929504950495,0.9405940594059405,0.0,0.0,1.0
2model_gemini_flash_deepseek_v3,"gemini_flash,deepseek_v3",230,logistic_router,0.9306930693069307,0.00017524603960396035,0.9306930693069307,0.009900990099009901,0.0,0.8118811881188119
2model_gemini_flash_deepseek_v3,"gemini_flash,deepseek_v3",230,linear_svm_router,0.9108910891089109,0.0001768710099009901,0.9108910891089109,0.0297029702970297,0.0,0.8217821782178217
2model_gemini_flash_deepseek_v3,"gemini_flash,deepseek_v3",230,knn_router,0.8811881188118812,0.00020017524752475246,0.8811881188118812,0.0594059405940594,0.0,0.9405940594059405
2model_gemini_flash_deepseek_v3,"gemini_flash,deepseek_v3",230,decision_tree_router,0.900990099009901,0.00017841510891089107,0.900990099009901,0.039603960396039604,0.0,0.801980198019802
2model_gemini_flash_deepseek_v3,"gemini_flash,deepseek_v3",230,random_forest_router,0.9108910891089109,0.0001879900396039604,0.9108910891089109,0.0297029702970297,0.0,0.8613861386138614
2model_gemini_flash_deepseek_v3,"gemini_flash,deepseek_v3",230,extra_trees_router,0.9207920792079208,0.00017714718811881187,0.9207920792079208,0.019801980198019802,0.0,0.7920792079207921
2model_gemini_flash_deepseek_v3,"gemini_flash,deepseek_v3",230,tfidf_logistic_router,0.9108910891089109,0.00018591158415841584,0.9108910891089109,0.0297029702970297,0.0,0.8514851485148515
2model_gemini_flash_deepseek_v3,"gemini_flash,deepseek_v3",230,tfidf_linear_svm_router,0.8811881188118812,0.00019469831683168316,0.8811881188118812,0.0594059405940594,0.0,0.900990099009901
2model_gemini_flash_deepseek_v3,"gemini_flash,deepseek_v3",231,always_gemini_flash,0.8316831683168316,0.00020165940594059402,0.8316831683168316,0.06930693069306931,0.0,0.9306930693069307
2model_gemini_flash_deepseek_v3,"gemini_flash,deepseek_v3",231,always_deepseek_v3,0.8613861386138614,7.282815841584158e-05,0.8613861386138614,0.039603960396039604,0.0,0.06930693069306931
2model_gemini_flash_deepseek_v3,"gemini_flash,deepseek_v3",231,random,0.8118811881188119,0.00014255663366336636,0.8118811881188119,0.0891089108910891,0.0,0.44554455445544555
2model_gemini_flash_deepseek_v3,"gemini_flash,deepseek_v3",231,oracle,0.900990099009901,0.00019273170297029699,0.900990099009901,0.0,0.0,1.0
2model_gemini_flash_deepseek_v3,"gemini_flash,deepseek_v3",231,logistic_router,0.8514851485148515,0.00018661542574257423,0.8514851485148515,0.04950495049504951,0.0,0.8316831683168316
2model_gemini_flash_deepseek_v3,"gemini_flash,deepseek_v3",231,linear_svm_router,0.8316831683168316,0.00018839205940594057,0.8316831683168316,0.06930693069306931,0.0,0.8415841584158416
2model_gemini_flash_deepseek_v3,"gemini_flash,deepseek_v3",231,knn_router,0.8316831683168316,0.00020165940594059402,0.8316831683168316,0.06930693069306931,0.0,0.9306930693069307
2model_gemini_flash_deepseek_v3,"gemini_flash,deepseek_v3",231,decision_tree_router,0.8415841584158416,0.0001814973267326732,0.8415841584158416,0.0594059405940594,0.0,0.801980198019802
2model_gemini_flash_deepseek_v3,"gemini_flash,deepseek_v3",231,random_forest_router,0.8415841584158416,0.0001930025742574257,0.8415841584158416,0.0594059405940594,0.0,0.8811881188118812
2model_gemini_flash_deepseek_v3,"gemini_flash,deepseek_v3",231,extra_trees_router,0.8712871287128713,0.00018069714851485147,0.8712871287128713,0.0297029702970297,0.0,0.8316831683168316
2model_gemini_flash_deepseek_v3,"gemini_flash,deepseek_v3",231,tfidf_logistic_router,0.8316831683168316,0.00019190722772277226,0.8316831683168316,0.06930693069306931,0.0,0.8613861386138614
2model_gemini_flash_deepseek_v3,"gemini_flash,deepseek_v3",231,tfidf_linear_svm_router,0.8217821782178217,0.0001985746534653465,0.8217821782178217,0.07920792079207921,0.0,0.9108910891089109
2model_gemini_flash_deepseek_v3,"gemini_flash,deepseek_v3",232,always_gemini_flash,0.900990099009901,0.0001824257425742574,0.900990099009901,0.019801980198019802,0.0,0.9801980198019802
2model_gemini_flash_deepseek_v3,"gemini_flash,deepseek_v3",232,always_deepseek_v3,0.8811881188118812,6.627041584158416e-05,0.8811881188118812,0.039603960396039604,0.0,0.019801980198019802
2model_gemini_flash_deepseek_v3,"gemini_flash,deepseek_v3",232,random,0.8613861386138614,0.00012884548514851486,0.8613861386138614,0.0594059405940594,0.0,0.5148514851485149
2model_gemini_flash_deepseek_v3,"gemini_flash,deepseek_v3",232,oracle,0.9207920792079208,0.00017932790099009897,0.9207920792079208,0.0,0.0,1.0
2model_gemini_flash_deepseek_v3,"gemini_flash,deepseek_v3",232,logistic_router,0.900990099009901,0.000162589900990099,0.900990099009901,0.019801980198019802,0.0,0.8118811881188119
2model_gemini_flash_deepseek_v3,"gemini_flash,deepseek_v3",232,linear_svm_router,0.8910891089108911,0.00016306623762376237,0.8910891089108911,0.0297029702970297,0.0,0.8217821782178217
2model_gemini_flash_deepseek_v3,"gemini_flash,deepseek_v3",232,knn_router,0.900990099009901,0.0001824257425742574,0.900990099009901,0.019801980198019802,0.0,0.9801980198019802
2model_gemini_flash_deepseek_v3,"gemini_flash,deepseek_v3",232,decision_tree_router,0.900990099009901,0.0001580851485148515,0.900990099009901,0.019801980198019802,0.0,0.7821782178217822
2model_gemini_flash_deepseek_v3,"gemini_flash,deepseek_v3",232,random_forest_router,0.900990099009901,0.00017072130693069305,0.900990099009901,0.019801980198019802,0.0,0.8811881188118812
2model_gemini_flash_deepseek_v3,"gemini_flash,deepseek_v3",232,extra_trees_router,0.900990099009901,0.00016294093069306933,0.900990099009901,0.019801980198019802,0.0,0.8217821782178217
2model_gemini_flash_deepseek_v3,"gemini_flash,deepseek_v3",232,tfidf_logistic_router,0.8910891089108911,0.00017067942574257425,0.8910891089108911,0.0297029702970297,0.0,0.8712871287128713
2model_gemini_flash_deepseek_v3,"gemini_flash,deepseek_v3",232,tfidf_linear_svm_router,0.8910891089108911,0.00017885847524752474,0.8910891089108911,0.0297029702970297,0.0,0.9306930693069307
2model_gemini_flash_deepseek_v3,"gemini_flash,deepseek_v3",233,always_gemini_flash,0.8217821782178217,0.00019657623762376237,0.8217821782178217,0.07920792079207921,0.0,0.9207920792079208
2model_gemini_flash_deepseek_v3,"gemini_flash,deepseek_v3",233,always_deepseek_v3,0.8712871287128713,6.896013861386139e-05,0.8712871287128713,0.0297029702970297,0.0,0.07920792079207921
2model_gemini_flash_deepseek_v3,"gemini_flash,deepseek_v3",233,random,0.8217821782178217,0.00013438340594059406,0.8217821782178217,0.07920792079207921,0.0,0.4752475247524752
2model_gemini_flash_deepseek_v3,"gemini_flash,deepseek_v3",233,oracle,0.900990099009901,0.00018263772277227723,0.900990099009901,0.0,0.0,1.0
2model_gemini_flash_deepseek_v3,"gemini_flash,deepseek_v3",233,logistic_router,0.8712871287128713,0.00015761099009900992,0.8712871287128713,0.0297029702970297,0.0,0.7227722772277227
2model_gemini_flash_deepseek_v3,"gemini_flash,deepseek_v3",233,linear_svm_router,0.8316831683168316,0.00017202679207920792,0.8316831683168316,0.06930693069306931,0.0,0.7722772277227723
2model_gemini_flash_deepseek_v3,"gemini_flash,deepseek_v3",233,knn_router,0.8316831683168316,0.00019309623762376235,0.8316831683168316,0.06930693069306931,0.0,0.9306930693069307
2model_gemini_flash_deepseek_v3,"gemini_flash,deepseek_v3",233,decision_tree_router,0.8316831683168316,0.00016862225742574256,0.8316831683168316,0.06930693069306931,0.0,0.7524752475247525
2model_gemini_flash_deepseek_v3,"gemini_flash,deepseek_v3",233,random_forest_router,0.8415841584158416,0.000178515900990099,0.8415841584158416,0.0594059405940594,0.0,0.8415841584158416
2model_gemini_flash_deepseek_v3,"gemini_flash,deepseek_v3",233,extra_trees_router,0.8712871287128713,0.0001669204356435644,0.8712871287128713,0.0297029702970297,0.0,0.8118811881188119
2model_gemini_flash_deepseek_v3,"gemini_flash,deepseek_v3",233,tfidf_logistic_router,0.8613861386138614,0.00017089344554455446,0.8613861386138614,0.039603960396039604,0.0,0.8217821782178217
2model_gemini_flash_deepseek_v3,"gemini_flash,deepseek_v3",233,tfidf_linear_svm_router,0.8118811881188119,0.00018734667326732673,0.8118811881188119,0.0891089108910891,0.0,0.8316831683168316
2model_gemini_flash_granite_8b,"gemini_flash,granite_8b",229,always_gemini_flash,0.8712871287128713,0.0001869188118811881,0.8712871287128713,0.039603960396039604,0.0,0.9603960396039604
2model_gemini_flash_granite_8b,"gemini_flash,granite_8b",229,always_granite_8b,0.8613861386138614,1.5395544554455447e-05,0.8613861386138614,0.04950495049504951,0.0,0.039603960396039604
2model_gemini_flash_granite_8b,"gemini_flash,granite_8b",229,random,0.8712871287128713,9.43188118811881e-05,0.8712871287128713,0.039603960396039604,0.0,0.49504950495049505
2model_gemini_flash_granite_8b,"gemini_flash,granite_8b",229,oracle,0.9108910891089109,0.00017945346534653465,0.9108910891089109,0.0,0.0,1.0
2model_gemini_flash_granite_8b,"gemini_flash,granite_8b",229,logistic_router,0.8910891089108911,0.00015302871287128713,0.8910891089108911,0.019801980198019802,0.0,0.8316831683168316
2model_gemini_flash_granite_8b,"gemini_flash,granite_8b",229,linear_svm_router,0.8811881188118812,0.00016647673267326734,0.8811881188118812,0.0297029702970297,0.0,0.8811881188118812
2model_gemini_flash_granite_8b,"gemini_flash,granite_8b",229,knn_router,0.8712871287128713,0.0001869188118811881,0.8712871287128713,0.039603960396039604,0.0,0.9603960396039604
2model_gemini_flash_granite_8b,"gemini_flash,granite_8b",229,decision_tree_router,0.8613861386138614,0.0001618079207920792,0.8613861386138614,0.04950495049504951,0.0,0.801980198019802
2model_gemini_flash_granite_8b,"gemini_flash,granite_8b",229,random_forest_router,0.8712871287128713,0.00017734306930693066,0.8712871287128713,0.039603960396039604,0.0,0.900990099009901
2model_gemini_flash_granite_8b,"gemini_flash,granite_8b",229,extra_trees_router,0.8811881188118812,0.00016671188118811878,0.8811881188118812,0.0297029702970297,0.0,0.8514851485148515
2model_gemini_flash_granite_8b,"gemini_flash,granite_8b",229,tfidf_logistic_router,0.8712871287128713,0.0001718148514851485,0.8712871287128713,0.039603960396039604,0.0,0.8910891089108911
2model_gemini_flash_granite_8b,"gemini_flash,granite_8b",229,tfidf_linear_svm_router,0.8712871287128713,0.0001869188118811881,0.8712871287128713,0.039603960396039604,0.0,0.9603960396039604
2model_gemini_flash_granite_8b,"gemini_flash,granite_8b",230,always_gemini_flash,0.8811881188118812,0.00020017524752475246,0.8811881188118812,0.0297029702970297,0.0,0.9702970297029703
2model_gemini_flash_granite_8b,"gemini_flash,granite_8b",230,always_granite_8b,0.8316831683168316,1.659059405940594e-05,0.8316831683168316,0.07920792079207921,0.0,0.0297029702970297
2model_gemini_flash_granite_8b,"gemini_flash,granite_8b",230,random,0.8613861386138614,0.00011490742574257428,0.8613861386138614,0.04950495049504951,0.0,0.5346534653465347
2model_gemini_flash_granite_8b,"gemini_flash,granite_8b",230,oracle,0.9108910891089109,0.00019484306930693066,0.9108910891089109,0.0,0.0,1.0
2model_gemini_flash_granite_8b,"gemini_flash,granite_8b",230,logistic_router,0.8910891089108911,0.00017298663366336635,0.8910891089108911,0.019801980198019802,0.0,0.8118811881188119
2model_gemini_flash_granite_8b,"gemini_flash,granite_8b",230,linear_svm_router,0.8910891089108911,0.0001808009900990099,0.8910891089108911,0.019801980198019802,0.0,0.8712871287128713
2model_gemini_flash_granite_8b,"gemini_flash,granite_8b",230,knn_router,0.8811881188118812,0.00020017524752475246,0.8811881188118812,0.0297029702970297,0.0,0.9702970297029703
2model_gemini_flash_granite_8b,"gemini_flash,granite_8b",230,decision_tree_router,0.900990099009901,0.00017437970297029702,0.900990099009901,0.009900990099009901,0.0,0.8514851485148515
2model_gemini_flash_granite_8b,"gemini_flash,granite_8b",230,random_forest_router,0.8910891089108911,0.0001906871287128713,0.8910891089108911,0.019801980198019802,0.0,0.9207920792079208
2model_gemini_flash_granite_8b,"gemini_flash,granite_8b",230,extra_trees_router,0.900990099009901,0.000170080198019802,0.900990099009901,0.009900990099009901,0.0,0.8118811881188119
2model_gemini_flash_granite_8b,"gemini_flash,granite_8b",230,tfidf_logistic_router,0.8910891089108911,0.0001867079207920792,0.8910891089108911,0.019801980198019802,0.0,0.9108910891089109
2model_gemini_flash_granite_8b,"gemini_flash,granite_8b",230,tfidf_linear_svm_router,0.8811881188118812,0.00019700445544554456,0.8811881188118812,0.0297029702970297,0.0,0.9603960396039604
2model_gemini_flash_granite_8b,"gemini_flash,granite_8b",231,always_gemini_flash,0.8316831683168316,0.00020165940594059402,0.8316831683168316,0.039603960396039604,0.0,0.9603960396039604
2model_gemini_flash_granite_8b,"gemini_flash,granite_8b",231,always_granite_8b,0.8316831683168316,1.662079207920792e-05,0.8316831683168316,0.039603960396039604,0.0,0.039603960396039604
2model_gemini_flash_granite_8b,"gemini_flash,granite_8b",231,random,0.8415841584158416,0.00011304158415841584,0.8415841584158416,0.0297029702970297,0.0,0.45544554455445546
2model_gemini_flash_granite_8b,"gemini_flash,granite_8b",231,oracle,0.8712871287128713,0.00019577574257425738,0.8712871287128713,0.0,0.0,1.0
2model_gemini_flash_granite_8b,"gemini_flash,granite_8b",231,logistic_router,0.8415841584158416,0.00017819801980198014,0.8415841584158416,0.0297029702970297,0.0,0.8415841584158416
2model_gemini_flash_granite_8b,"gemini_flash,granite_8b",231,linear_svm_router,0.8316831683168316,0.00018274455445544552,0.8316831683168316,0.039603960396039604,0.0,0.8415841584158416
2model_gemini_flash_granite_8b,"gemini_flash,granite_8b",231,knn_router,0.8316831683168316,0.00020165940594059402,0.8316831683168316,0.039603960396039604,0.0,0.9603960396039604
2model_gemini_flash_granite_8b,"gemini_flash,granite_8b",231,decision_tree_router,0.8316831683168316,0.00017735346534653463,0.8316831683168316,0.039603960396039604,0.0,0.8217821782178217
2model_gemini_flash_granite_8b,"gemini_flash,granite_8b",231,random_forest_router,0.8415841584158416,0.00019499009900990095,0.8415841584158416,0.0297029702970297,0.0,0.9405940594059405
2model_gemini_flash_granite_8b,"gemini_flash,granite_8b",231,extra_trees_router,0.8415841584158416,0.0001663267326732673,0.8415841584158416,0.0297029702970297,0.0,0.7821782178217822
2model_gemini_flash_granite_8b,"gemini_flash,granite_8b",231,tfidf_logistic_router,0.8316831683168316,0.00018579207920792077,0.8316831683168316,0.039603960396039604,0.0,0.8712871287128713
2model_gemini_flash_granite_8b,"gemini_flash,granite_8b",231,tfidf_linear_svm_router,0.8316831683168316,0.00019848861386138612,0.8316831683168316,0.039603960396039604,0.0,0.9504950495049505
2model_gemini_flash_granite_8b,"gemini_flash,granite_8b",232,always_gemini_flash,0.900990099009901,0.0001824257425742574,0.900990099009901,0.039603960396039604,0.0,0.9603960396039604
2model_gemini_flash_granite_8b,"gemini_flash,granite_8b",232,always_granite_8b,0.8613861386138614,1.5412871287128713e-05,0.8613861386138614,0.07920792079207921,0.0,0.039603960396039604
2model_gemini_flash_granite_8b,"gemini_flash,granite_8b",232,random,0.8712871287128713,0.00010290742574257426,0.8712871287128713,0.06930693069306931,0.0,0.5148514851485149
2model_gemini_flash_granite_8b,"gemini_flash,granite_8b",232,oracle,0.9405940594059405,0.00017597920792079206,0.9405940594059405,0.0,0.0,1.0
2model_gemini_flash_granite_8b,"gemini_flash,granite_8b",232,logistic_router,0.9108910891089109,0.0001523772277227723,0.9108910891089109,0.0297029702970297,0.0,0.801980198019802
2model_gemini_flash_granite_8b,"gemini_flash,granite_8b",232,linear_svm_router,0.900990099009901,0.00016706930693069307,0.900990099009901,0.039603960396039604,0.0,0.8811881188118812
2model_gemini_flash_granite_8b,"gemini_flash,granite_8b",232,knn_router,0.900990099009901,0.0001824257425742574,0.900990099009901,0.039603960396039604,0.0,0.9603960396039604
2model_gemini_flash_granite_8b,"gemini_flash,granite_8b",232,decision_tree_router,0.9108910891089109,0.0001590014851485149,0.9108910891089109,0.0297029702970297,0.0,0.8316831683168316
2model_gemini_flash_granite_8b,"gemini_flash,granite_8b",232,random_forest_router,0.900990099009901,0.00017327821782178217,0.900990099009901,0.039603960396039604,0.0,0.9207920792079208
2model_gemini_flash_granite_8b,"gemini_flash,granite_8b",232,extra_trees_router,0.9108910891089109,0.00015712079207920793,0.9108910891089109,0.0297029702970297,0.0,0.8415841584158416
2model_gemini_flash_granite_8b,"gemini_flash,granite_8b",232,tfidf_logistic_router,0.8910891089108911,0.00017121089108910887,0.8910891089108911,0.04950495049504951,0.0,0.8910891089108911
2model_gemini_flash_granite_8b,"gemini_flash,granite_8b",232,tfidf_linear_svm_router,0.900990099009901,0.00017781138613861384,0.900990099009901,0.039603960396039604,0.0,0.9405940594059405
2model_gemini_flash_granite_8b,"gemini_flash,granite_8b",233,always_gemini_flash,0.8217821782178217,0.00019657623762376237,0.8217821782178217,0.06930693069306931,0.0,0.9306930693069307
2model_gemini_flash_granite_8b,"gemini_flash,granite_8b",233,always_granite_8b,0.8514851485148515,1.601089108910891e-05,0.8514851485148515,0.039603960396039604,0.0,0.06930693069306931
2model_gemini_flash_granite_8b,"gemini_flash,granite_8b",233,random,0.8217821782178217,0.00010930049504950494,0.8217821782178217,0.06930693069306931,0.0,0.504950495049505
2model_gemini_flash_granite_8b,"gemini_flash,granite_8b",233,oracle,0.8910891089108911,0.00018450247524752473,0.8910891089108911,0.0,0.0,1.0
2model_gemini_flash_granite_8b,"gemini_flash,granite_8b",233,logistic_router,0.8316831683168316,0.00016121980198019803,0.8316831683168316,0.0594059405940594,0.0,0.7623762376237624
2model_gemini_flash_granite_8b,"gemini_flash,granite_8b",233,linear_svm_router,0.8217821782178217,0.00017194257425742572,0.8217821782178217,0.06930693069306931,0.0,0.7920792079207921
2model_gemini_flash_granite_8b,"gemini_flash,granite_8b",233,knn_router,0.8217821782178217,0.00019657623762376237,0.8217821782178217,0.06930693069306931,0.0,0.9306930693069307
2model_gemini_flash_granite_8b,"gemini_flash,granite_8b",233,decision_tree_router,0.8316831683168316,0.0001525678217821782,0.8316831683168316,0.0594059405940594,0.0,0.7029702970297029
2model_gemini_flash_granite_8b,"gemini_flash,granite_8b",233,random_forest_router,0.8217821782178217,0.00019407277227722773,0.8217821782178217,0.06930693069306931,0.0,0.9207920792079208
2model_gemini_flash_granite_8b,"gemini_flash,granite_8b",233,extra_trees_router,0.8217821782178217,0.00018128316831683168,0.8217821782178217,0.06930693069306931,0.0,0.8811881188118812
2model_gemini_flash_granite_8b,"gemini_flash,granite_8b",233,tfidf_logistic_router,0.8217821782178217,0.00018168366336633664,0.8217821782178217,0.06930693069306931,0.0,0.8415841584158416
2model_gemini_flash_granite_8b,"gemini_flash,granite_8b",233,tfidf_linear_svm_router,0.8217821782178217,0.00019546386138613863,0.8217821782178217,0.06930693069306931,0.0,0.9207920792079208
2model_qwen_30b_llama_70b,"qwen_30b,llama_70b",229,always_qwen_30b,0.8811881188118812,2.3685825742574253e-05,0.8811881188118812,0.039603960396039604,0.0,0.9603960396039604
2model_qwen_30b_llama_70b,"qwen_30b,llama_70b",229,always_llama_70b,0.8514851485148515,5.191463366336634e-05,0.8514851485148515,0.06930693069306931,0.0,0.039603960396039604
2model_qwen_30b_llama_70b,"qwen_30b,llama_70b",229,random,0.8613861386138614,3.5495485148514845e-05,0.8613861386138614,0.0594059405940594,0.0,0.49504950495049505
2model_qwen_30b_llama_70b,"qwen_30b,llama_70b",229,oracle,0.9207920792079208,2.379369306930693e-05,0.9207920792079208,0.0,0.0,1.0
2model_qwen_30b_llama_70b,"qwen_30b,llama_70b",229,logistic_router,0.8514851485148515,3.1557906930693065e-05,0.8514851485148515,0.06930693069306931,0.0,0.7524752475247525
2model_qwen_30b_llama_70b,"qwen_30b,llama_70b",229,linear_svm_router,0.8613861386138614,2.982715247524752e-05,0.8613861386138614,0.0594059405940594,0.0,0.7920792079207921
2model_qwen_30b_llama_70b,"qwen_30b,llama_70b",229,knn_router,0.8811881188118812,2.3685825742574253e-05,0.8811881188118812,0.039603960396039604,0.0,0.9603960396039604
2model_qwen_30b_llama_70b,"qwen_30b,llama_70b",229,decision_tree_router,0.8712871287128713,2.6630251485148516e-05,0.8712871287128713,0.04950495049504951,0.0,0.8514851485148515
2model_qwen_30b_llama_70b,"qwen_30b,llama_70b",229,random_forest_router,0.8811881188118812,2.573583564356436e-05,0.8811881188118812,0.039603960396039604,0.0,0.8910891089108911
2model_qwen_30b_llama_70b,"qwen_30b,llama_70b",229,extra_trees_router,0.8712871287128713,2.6853463366336635e-05,0.8712871287128713,0.04950495049504951,0.0,0.8316831683168316
2model_qwen_30b_llama_70b,"qwen_30b,llama_70b",229,tfidf_logistic_router,0.8712871287128713,2.8284744554455445e-05,0.8712871287128713,0.04950495049504951,0.0,0.8514851485148515
2model_qwen_30b_llama_70b,"qwen_30b,llama_70b",229,tfidf_linear_svm_router,0.8811881188118812,2.4602534653465343e-05,0.8811881188118812,0.039603960396039604,0.0,0.9405940594059405
2model_qwen_30b_llama_70b,"qwen_30b,llama_70b",230,always_qwen_30b,0.9207920792079208,2.5462792079207926e-05,0.9207920792079208,0.039603960396039604,0.0,0.9603960396039604
2model_qwen_30b_llama_70b,"qwen_30b,llama_70b",230,always_llama_70b,0.8910891089108911,5.2112425742574264e-05,0.8910891089108911,0.06930693069306931,0.0,0.039603960396039604
2model_qwen_30b_llama_70b,"qwen_30b,llama_70b",230,random,0.900990099009901,3.650655841584158e-05,0.900990099009901,0.0594059405940594,0.0,0.5247524752475248
2model_qwen_30b_llama_70b,"qwen_30b,llama_70b",230,oracle,0.9603960396039604,2.6972463366336635e-05,0.9603960396039604,0.0,0.0,1.0
2model_qwen_30b_llama_70b,"qwen_30b,llama_70b",230,logistic_router,0.9108910891089109,2.985800792079208e-05,0.9108910891089109,0.04950495049504951,0.0,0.8316831683168316
2model_qwen_30b_llama_70b,"qwen_30b,llama_70b",230,linear_svm_router,0.9108910891089109,2.7176651485148518e-05,0.9108910891089109,0.04950495049504951,0.0,0.8811881188118812
2model_qwen_30b_llama_70b,"qwen_30b,llama_70b",230,knn_router,0.9207920792079208,2.5462792079207926e-05,0.9207920792079208,0.039603960396039604,0.0,0.9603960396039604
2model_qwen_30b_llama_70b,"qwen_30b,llama_70b",230,decision_tree_router,0.9108910891089109,2.816731287128713e-05,0.9108910891089109,0.04950495049504951,0.0,0.8217821782178217
2model_qwen_30b_llama_70b,"qwen_30b,llama_70b",230,random_forest_router,0.9108910891089109,2.666359801980198e-05,0.9108910891089109,0.04950495049504951,0.0,0.9108910891089109
2model_qwen_30b_llama_70b,"qwen_30b,llama_70b",230,extra_trees_router,0.9108910891089109,2.713099801980198e-05,0.9108910891089109,0.04950495049504951,0.0,0.8811881188118812
2model_qwen_30b_llama_70b,"qwen_30b,llama_70b",230,tfidf_logistic_router,0.9108910891089109,2.7563962376237627e-05,0.9108910891089109,0.04950495049504951,0.0,0.8910891089108911
2model_qwen_30b_llama_70b,"qwen_30b,llama_70b",230,tfidf_linear_svm_router,0.9108910891089109,2.603153267326733e-05,0.9108910891089109,0.04950495049504951,0.0,0.9405940594059405
2model_qwen_30b_llama_70b,"qwen_30b,llama_70b",231,always_qwen_30b,0.8613861386138614,2.4274570297029705e-05,0.8613861386138614,0.039603960396039604,0.0,0.9603960396039604
2model_qwen_30b_llama_70b,"qwen_30b,llama_70b",231,always_llama_70b,0.8613861386138614,5.35139900990099e-05,0.8613861386138614,0.039603960396039604,0.0,0.039603960396039604
2model_qwen_30b_llama_70b,"qwen_30b,llama_70b",231,random,0.8613861386138614,4.004559801980198e-05,0.8613861386138614,0.039603960396039604,0.0,0.45544554455445546
2model_qwen_30b_llama_70b,"qwen_30b,llama_70b",231,oracle,0.900990099009901,2.5268495049504952e-05,0.900990099009901,0.0,0.0,1.0
2model_qwen_30b_llama_70b,"qwen_30b,llama_70b",231,logistic_router,0.8613861386138614,2.9301932673267325e-05,0.8613861386138614,0.039603960396039604,0.0,0.8712871287128713
2model_qwen_30b_llama_70b,"qwen_30b,llama_70b",231,linear_svm_router,0.8712871287128713,2.8865744554455452e-05,0.8712871287128713,0.0297029702970297,0.0,0.900990099009901
2model_qwen_30b_llama_70b,"qwen_30b,llama_70b",231,knn_router,0.8613861386138614,2.4274570297029705e-05,0.8613861386138614,0.039603960396039604,0.0,0.9603960396039604
2model_qwen_30b_llama_70b,"qwen_30b,llama_70b",231,decision_tree_router,0.8613861386138614,2.9393263366336634e-05,0.8613861386138614,0.039603960396039604,0.0,0.8514851485148515
2model_qwen_30b_llama_70b,"qwen_30b,llama_70b",231,random_forest_router,0.8514851485148515,2.7801291089108913e-05,0.8514851485148515,0.04950495049504951,0.0,0.8613861386138614
2model_qwen_30b_llama_70b,"qwen_30b,llama_70b",231,extra_trees_router,0.8514851485148515,2.851042376237624e-05,0.8514851485148515,0.04950495049504951,0.0,0.8415841584158416
2model_qwen_30b_llama_70b,"qwen_30b,llama_70b",231,tfidf_logistic_router,0.8712871287128713,2.7205271287128715e-05,0.8712871287128713,0.0297029702970297,0.0,0.9306930693069307
2model_qwen_30b_llama_70b,"qwen_30b,llama_70b",231,tfidf_linear_svm_router,0.8712871287128713,2.572062178217822e-05,0.8712871287128713,0.0297029702970297,0.0,0.9603960396039604
2model_qwen_30b_llama_70b,"qwen_30b,llama_70b",232,always_qwen_30b,0.8910891089108911,2.3704570297029702e-05,0.8910891089108911,0.019801980198019802,0.0,0.9801980198019802
2model_qwen_30b_llama_70b,"qwen_30b,llama_70b",232,always_llama_70b,0.8910891089108911,5.238212871287129e-05,0.8910891089108911,0.019801980198019802,0.0,0.019801980198019802
2model_qwen_30b_llama_70b,"qwen_30b,llama_70b",232,random,0.8910891089108911,3.6907200000000005e-05,0.8910891089108911,0.019801980198019802,0.0,0.5148514851485149
2model_qwen_30b_llama_70b,"qwen_30b,llama_70b",232,oracle,0.9108910891089109,2.4005968316831684e-05,0.9108910891089109,0.0,0.0,1.0
2model_qwen_30b_llama_70b,"qwen_30b,llama_70b",232,logistic_router,0.8910891089108911,2.66148e-05,0.8910891089108911,0.019801980198019802,0.0,0.8613861386138614
2model_qwen_30b_llama_70b,"qwen_30b,llama_70b",232,linear_svm_router,0.8910891089108911,2.5485914851485157e-05,0.8910891089108911,0.019801980198019802,0.0,0.8811881188118812
2model_qwen_30b_llama_70b,"qwen_30b,llama_70b",232,knn_router,0.8910891089108911,2.3704570297029702e-05,0.8910891089108911,0.019801980198019802,0.0,0.9801980198019802
2model_qwen_30b_llama_70b,"qwen_30b,llama_70b",232,decision_tree_router,0.8910891089108911,2.7357621782178217e-05,0.8910891089108911,0.019801980198019802,0.0,0.8514851485148515
2model_qwen_30b_llama_70b,"qwen_30b,llama_70b",232,random_forest_router,0.8910891089108911,2.6825732673267327e-05,0.8910891089108911,0.019801980198019802,0.0,0.8811881188118812
2model_qwen_30b_llama_70b,"qwen_30b,llama_70b",232,extra_trees_router,0.8910891089108911,2.68128e-05,0.8910891089108911,0.019801980198019802,0.0,0.8712871287128713
2model_qwen_30b_llama_70b,"qwen_30b,llama_70b",232,tfidf_logistic_router,0.8910891089108911,2.5332255445544556e-05,0.8910891089108911,0.019801980198019802,0.0,0.9207920792079208
2model_qwen_30b_llama_70b,"qwen_30b,llama_70b",232,tfidf_linear_svm_router,0.8910891089108911,2.4493754455445547e-05,0.8910891089108911,0.019801980198019802,0.0,0.9603960396039604
2model_qwen_30b_llama_70b,"qwen_30b,llama_70b",233,always_qwen_30b,0.8910891089108911,2.4048427722772278e-05,0.8910891089108911,0.039603960396039604,0.0,0.9603960396039604
2model_qwen_30b_llama_70b,"qwen_30b,llama_70b",233,always_llama_70b,0.8811881188118812,5.316852475247525e-05,0.8811881188118812,0.04950495049504951,0.0,0.039603960396039604
2model_qwen_30b_llama_70b,"qwen_30b,llama_70b",233,random,0.8910891089108911,3.4749730693069306e-05,0.8910891089108911,0.039603960396039604,0.0,0.5346534653465347
2model_qwen_30b_llama_70b,"qwen_30b,llama_70b",233,oracle,0.9306930693069307,2.4419600000000006e-05,0.9306930693069307,0.0,0.0,1.0
2model_qwen_30b_llama_70b,"qwen_30b,llama_70b",233,logistic_router,0.8712871287128713,2.8206441584158417e-05,0.8712871287128713,0.0594059405940594,0.0,0.8415841584158416
2model_qwen_30b_llama_70b,"qwen_30b,llama_70b",233,linear_svm_router,0.8712871287128713,2.8206441584158417e-05,0.8712871287128713,0.0594059405940594,0.0,0.8415841584158416
2model_qwen_30b_llama_70b,"qwen_30b,llama_70b",233,knn_router,0.8910891089108911,2.5421180198019808e-05,0.8910891089108911,0.039603960396039604,0.0,0.9504950495049505
2model_qwen_30b_llama_70b,"qwen_30b,llama_70b",233,decision_tree_router,0.8613861386138614,3.729069900990099e-05,0.8613861386138614,0.06930693069306931,0.0,0.6633663366336634
2model_qwen_30b_llama_70b,"qwen_30b,llama_70b",233,random_forest_router,0.8910891089108911,2.4048427722772278e-05,0.8910891089108911,0.039603960396039604,0.0,0.9603960396039604
2model_qwen_30b_llama_70b,"qwen_30b,llama_70b",233,extra_trees_router,0.8811881188118812,2.7550799999999997e-05,0.8811881188118812,0.04950495049504951,0.0,0.8613861386138614
2model_qwen_30b_llama_70b,"qwen_30b,llama_70b",233,tfidf_logistic_router,0.8811881188118812,2.414585346534654e-05,0.8811881188118812,0.04950495049504951,0.0,0.9207920792079208
2model_qwen_30b_llama_70b,"qwen_30b,llama_70b",233,tfidf_linear_svm_router,0.8910891089108911,2.4048427722772278e-05,0.8910891089108911,0.039603960396039604,0.0,0.9603960396039604
2model_qwen_30b_deepseek_v3,"qwen_30b,deepseek_v3",229,always_qwen_30b,0.8811881188118812,2.3685825742574253e-05,0.8811881188118812,0.06930693069306931,0.0,0.9306930693069307
2model_qwen_30b_deepseek_v3,"qwen_30b,deepseek_v3",229,always_deepseek_v3,0.9207920792079208,6.72319207920792e-05,0.9207920792079208,0.0297029702970297,0.0,0.06930693069306931
2model_qwen_30b_deepseek_v3,"qwen_30b,deepseek_v3",229,random,0.9108910891089109,4.620964356435643e-05,0.9108910891089109,0.039603960396039604,0.0,0.504950495049505
2model_qwen_30b_deepseek_v3,"qwen_30b,deepseek_v3",229,oracle,0.9504950495049505,2.6041988118811878e-05,0.9504950495049505,0.0,0.0,1.0
2model_qwen_30b_deepseek_v3,"qwen_30b,deepseek_v3",229,logistic_router,0.8910891089108911,3.190767128712871e-05,0.8910891089108911,0.0594059405940594,0.0,0.8316831683168316
2model_qwen_30b_deepseek_v3,"qwen_30b,deepseek_v3",229,linear_svm_router,0.8910891089108911,2.65340198019802e-05,0.8910891089108911,0.0594059405940594,0.0,0.900990099009901
2model_qwen_30b_deepseek_v3,"qwen_30b,deepseek_v3",229,knn_router,0.8811881188118812,2.3685825742574253e-05,0.8811881188118812,0.06930693069306931,0.0,0.9306930693069307
2model_qwen_30b_deepseek_v3,"qwen_30b,deepseek_v3",229,decision_tree_router,0.900990099009901,3.1158007920792076e-05,0.900990099009901,0.04950495049504951,0.0,0.7920792079207921
2model_qwen_30b_deepseek_v3,"qwen_30b,deepseek_v3",229,random_forest_router,0.8811881188118812,2.6836756435643566e-05,0.8811881188118812,0.06930693069306931,0.0,0.900990099009901
2model_qwen_30b_deepseek_v3,"qwen_30b,deepseek_v3",229,extra_trees_router,0.9108910891089109,2.9755972277227722e-05,0.9108910891089109,0.039603960396039604,0.0,0.8613861386138614
2model_qwen_30b_deepseek_v3,"qwen_30b,deepseek_v3",229,tfidf_logistic_router,0.8910891089108911,3.05189702970297e-05,0.8910891089108911,0.0594059405940594,0.0,0.8712871287128713
2model_qwen_30b_deepseek_v3,"qwen_30b,deepseek_v3",229,tfidf_linear_svm_router,0.8811881188118812,2.5283362376237627e-05,0.8811881188118812,0.06930693069306931,0.0,0.9108910891089109
2model_qwen_30b_deepseek_v3,"qwen_30b,deepseek_v3",230,always_qwen_30b,0.9207920792079208,2.5462792079207926e-05,0.9207920792079208,0.039603960396039604,0.0,0.9603960396039604
2model_qwen_30b_deepseek_v3,"qwen_30b,deepseek_v3",230,always_deepseek_v3,0.9306930693069307,7.106932673267325e-05,0.9306930693069307,0.0297029702970297,0.0,0.039603960396039604
2model_qwen_30b_deepseek_v3,"qwen_30b,deepseek_v3",230,random,0.9306930693069307,4.6514142574257415e-05,0.9306930693069307,0.0297029702970297,0.0,0.5445544554455446
2model_qwen_30b_deepseek_v3,"qwen_30b,deepseek_v3",230,oracle,0.9603960396039604,2.8772859405940596e-05,0.9603960396039604,0.0,0.0,1.0
2model_qwen_30b_deepseek_v3,"qwen_30b,deepseek_v3",230,logistic_router,0.9306930693069307,3.0218106930693068e-05,0.9306930693069307,0.0297029702970297,0.0,0.8613861386138614
2model_qwen_30b_deepseek_v3,"qwen_30b,deepseek_v3",230,linear_svm_router,0.9306930693069307,2.9961968316831682e-05,0.9306930693069307,0.0297029702970297,0.0,0.8712871287128713
2model_qwen_30b_deepseek_v3,"qwen_30b,deepseek_v3",230,knn_router,0.9207920792079208,2.5462792079207926e-05,0.9207920792079208,0.039603960396039604,0.0,0.9603960396039604
2model_qwen_30b_deepseek_v3,"qwen_30b,deepseek_v3",230,decision_tree_router,0.9405940594059405,3.254808712871287e-05,0.9405940594059405,0.019801980198019802,0.0,0.8316831683168316
2model_qwen_30b_deepseek_v3,"qwen_30b,deepseek_v3",230,random_forest_router,0.9306930693069307,2.7079029702970297e-05,0.9306930693069307,0.0297029702970297,0.0,0.900990099009901
2model_qwen_30b_deepseek_v3,"qwen_30b,deepseek_v3",230,extra_trees_router,0.9405940594059405,2.8492134653465347e-05,0.9405940594059405,0.019801980198019802,0.0,0.8811881188118812
2model_qwen_30b_deepseek_v3,"qwen_30b,deepseek_v3",230,tfidf_logistic_router,0.9207920792079208,2.729470495049505e-05,0.9207920792079208,0.039603960396039604,0.0,0.900990099009901
2model_qwen_30b_deepseek_v3,"qwen_30b,deepseek_v3",230,tfidf_linear_svm_router,0.9207920792079208,2.5654871287128717e-05,0.9207920792079208,0.039603960396039604,0.0,0.9504950495049505
2model_qwen_30b_deepseek_v3,"qwen_30b,deepseek_v3",231,always_qwen_30b,0.8613861386138614,2.4274570297029705e-05,0.8613861386138614,0.0297029702970297,0.0,0.9702970297029703
2model_qwen_30b_deepseek_v3,"qwen_30b,deepseek_v3",231,always_deepseek_v3,0.8613861386138614,7.282815841584158e-05,0.8613861386138614,0.0297029702970297,0.0,0.0297029702970297
2model_qwen_30b_deepseek_v3,"qwen_30b,deepseek_v3",231,random,0.8415841584158416,4.943952871287129e-05,0.8415841584158416,0.04950495049504951,0.0,0.46534653465346537
2model_qwen_30b_deepseek_v3,"qwen_30b,deepseek_v3",231,oracle,0.8910891089108911,2.7000855445544553e-05,0.8910891089108911,0.0,0.0,1.0
2model_qwen_30b_deepseek_v3,"qwen_30b,deepseek_v3",231,logistic_router,0.8613861386138614,3.0675849504950495e-05,0.8613861386138614,0.0297029702970297,0.0,0.8118811881188119
2model_qwen_30b_deepseek_v3,"qwen_30b,deepseek_v3",231,linear_svm_router,0.8613861386138614,2.8170364356435644e-05,0.8613861386138614,0.0297029702970297,0.0,0.8811881188118812
2model_qwen_30b_deepseek_v3,"qwen_30b,deepseek_v3",231,knn_router,0.8613861386138614,2.4274570297029705e-05,0.8613861386138614,0.0297029702970297,0.0,0.9702970297029703
2model_qwen_30b_deepseek_v3,"qwen_30b,deepseek_v3",231,decision_tree_router,0.8613861386138614,3.2387651485148516e-05,0.8613861386138614,0.0297029702970297,0.0,0.8217821782178217
2model_qwen_30b_deepseek_v3,"qwen_30b,deepseek_v3",231,random_forest_router,0.8613861386138614,2.9450748514851484e-05,0.8613861386138614,0.0297029702970297,0.0,0.8118811881188119
2model_qwen_30b_deepseek_v3,"qwen_30b,deepseek_v3",231,extra_trees_router,0.8514851485148515,2.971412277227723e-05,0.8514851485148515,0.039603960396039604,0.0,0.8118811881188119
2model_qwen_30b_deepseek_v3,"qwen_30b,deepseek_v3",231,tfidf_logistic_router,0.8613861386138614,2.5330356435643567e-05,0.8613861386138614,0.0297029702970297,0.0,0.9306930693069307
2model_qwen_30b_deepseek_v3,"qwen_30b,deepseek_v3",231,tfidf_linear_svm_router,0.8613861386138614,2.4274570297029705e-05,0.8613861386138614,0.0297029702970297,0.0,0.9702970297029703
2model_qwen_30b_deepseek_v3,"qwen_30b,deepseek_v3",232,always_qwen_30b,0.8910891089108911,2.3704570297029702e-05,0.8910891089108911,0.019801980198019802,0.0,0.9801980198019802
2model_qwen_30b_deepseek_v3,"qwen_30b,deepseek_v3",232,always_deepseek_v3,0.8811881188118812,6.627041584158416e-05,0.8811881188118812,0.0297029702970297,0.0,0.019801980198019802
2model_qwen_30b_deepseek_v3,"qwen_30b,deepseek_v3",232,random,0.8712871287128713,4.635377425742574e-05,0.8712871287128713,0.039603960396039604,0.0,0.5148514851485149
2model_qwen_30b_deepseek_v3,"qwen_30b,deepseek_v3",232,oracle,0.9108910891089109,2.4492372277227724e-05,0.9108910891089109,0.0,0.0,1.0
2model_qwen_30b_deepseek_v3,"qwen_30b,deepseek_v3",232,logistic_router,0.8811881188118812,2.9681972277227726e-05,0.8811881188118812,0.0297029702970297,0.0,0.8316831683168316
2model_qwen_30b_deepseek_v3,"qwen_30b,deepseek_v3",232,linear_svm_router,0.8811881188118812,2.856091485148515e-05,0.8811881188118812,0.0297029702970297,0.0,0.8712871287128713
2model_qwen_30b_deepseek_v3,"qwen_30b,deepseek_v3",232,knn_router,0.8910891089108911,2.3704570297029702e-05,0.8910891089108911,0.019801980198019802,0.0,0.9801980198019802
2model_qwen_30b_deepseek_v3,"qwen_30b,deepseek_v3",232,decision_tree_router,0.8910891089108911,2.8203497029702973e-05,0.8910891089108911,0.019801980198019802,0.0,0.8613861386138614
2model_qwen_30b_deepseek_v3,"qwen_30b,deepseek_v3",232,random_forest_router,0.900990099009901,2.609981782178218e-05,0.900990099009901,0.009900990099009901,0.0,0.9108910891089109
2model_qwen_30b_deepseek_v3,"qwen_30b,deepseek_v3",232,extra_trees_router,0.8910891089108911,2.8377964356435645e-05,0.8910891089108911,0.019801980198019802,0.0,0.8514851485148515
2model_qwen_30b_deepseek_v3,"qwen_30b,deepseek_v3",232,tfidf_logistic_router,0.900990099009901,2.660003168316832e-05,0.900990099009901,0.009900990099009901,0.0,0.9306930693069307
2model_qwen_30b_deepseek_v3,"qwen_30b,deepseek_v3",232,tfidf_linear_svm_router,0.8910891089108911,2.4924819801980197e-05,0.8910891089108911,0.019801980198019802,0.0,0.9504950495049505
2model_qwen_30b_deepseek_v3,"qwen_30b,deepseek_v3",233,always_qwen_30b,0.8910891089108911,2.4048427722772278e-05,0.8910891089108911,0.0297029702970297,0.0,0.9702970297029703
2model_qwen_30b_deepseek_v3,"qwen_30b,deepseek_v3",233,always_deepseek_v3,0.8712871287128713,6.896013861386139e-05,0.8712871287128713,0.04950495049504951,0.0,0.0297029702970297
2model_qwen_30b_deepseek_v3,"qwen_30b,deepseek_v3",233,random,0.8811881188118812,4.448703762376237e-05,0.8811881188118812,0.039603960396039604,0.0,0.5445544554455446
2model_qwen_30b_deepseek_v3,"qwen_30b,deepseek_v3",233,oracle,0.9207920792079208,2.4456455445544554e-05,0.9207920792079208,0.0,0.0,1.0
2model_qwen_30b_deepseek_v3,"qwen_30b,deepseek_v3",233,logistic_router,0.8811881188118812,2.9385592079207925e-05,0.8811881188118812,0.039603960396039604,0.0,0.8514851485148515
2model_qwen_30b_deepseek_v3,"qwen_30b,deepseek_v3",233,linear_svm_router,0.8910891089108911,2.9140542574257426e-05,0.8910891089108911,0.0297029702970297,0.0,0.8613861386138614
2model_qwen_30b_deepseek_v3,"qwen_30b,deepseek_v3",233,knn_router,0.8910891089108911,2.4602071287128716e-05,0.8910891089108911,0.0297029702970297,0.0,0.9603960396039604
2model_qwen_30b_deepseek_v3,"qwen_30b,deepseek_v3",233,decision_tree_router,0.900990099009901,2.831311683168317e-05,0.900990099009901,0.019801980198019802,0.0,0.900990099009901
2model_qwen_30b_deepseek_v3,"qwen_30b,deepseek_v3",233,random_forest_router,0.8910891089108911,2.5059037623762374e-05,0.8910891089108911,0.0297029702970297,0.0,0.9405940594059405
2model_qwen_30b_deepseek_v3,"qwen_30b,deepseek_v3",233,extra_trees_router,0.900990099009901,2.8094566336633662e-05,0.900990099009901,0.019801980198019802,0.0,0.8712871287128713
2model_qwen_30b_deepseek_v3,"qwen_30b,deepseek_v3",233,tfidf_logistic_router,0.8910891089108911,2.5349029702970295e-05,0.8910891089108911,0.0297029702970297,0.0,0.9405940594059405
2model_qwen_30b_deepseek_v3,"qwen_30b,deepseek_v3",233,tfidf_linear_svm_router,0.8910891089108911,2.4048427722772278e-05,0.8910891089108911,0.0297029702970297,0.0,0.9702970297029703
2model_qwen_30b_granite_8b,"qwen_30b,granite_8b",229,always_qwen_30b,0.8811881188118812,2.3685825742574253e-05,0.8811881188118812,0.039603960396039604,0.0,0.9603960396039604
2model_qwen_30b_granite_8b,"qwen_30b,granite_8b",229,always_granite_8b,0.8613861386138614,1.5395544554455447e-05,0.8613861386138614,0.0594059405940594,0.0,0.039603960396039604
2model_qwen_30b_granite_8b,"qwen_30b,granite_8b",229,random,0.8712871287128713,1.815786138613861e-05,0.8712871287128713,0.04950495049504951,0.0,0.4752475247524752
2model_qwen_30b_granite_8b,"qwen_30b,granite_8b",229,oracle,0.9207920792079208,2.3287485148514853e-05,0.9207920792079208,0.0,0.0,1.0
2model_qwen_30b_granite_8b,"qwen_30b,granite_8b",229,logistic_router,0.8811881188118812,2.2386241584158418e-05,0.8811881188118812,0.039603960396039604,0.0,0.7821782178217822
2model_qwen_30b_granite_8b,"qwen_30b,granite_8b",229,linear_svm_router,0.8811881188118812,2.3052237623762374e-05,0.8811881188118812,0.039603960396039604,0.0,0.8217821782178217
2model_qwen_30b_granite_8b,"qwen_30b,granite_8b",229,knn_router,0.8811881188118812,2.3685825742574253e-05,0.8811881188118812,0.039603960396039604,0.0,0.9603960396039604
2model_qwen_30b_granite_8b,"qwen_30b,granite_8b",229,decision_tree_router,0.8811881188118812,2.2409552475247522e-05,0.8811881188118812,0.039603960396039604,0.0,0.8514851485148515
2model_qwen_30b_granite_8b,"qwen_30b,granite_8b",229,random_forest_router,0.8811881188118812,2.339952871287129e-05,0.8811881188118812,0.039603960396039604,0.0,0.9405940594059405
2model_qwen_30b_granite_8b,"qwen_30b,granite_8b",229,extra_trees_router,0.8811881188118812,2.2641457425742577e-05,0.8811881188118812,0.039603960396039604,0.0,0.8712871287128713
2model_qwen_30b_granite_8b,"qwen_30b,granite_8b",229,tfidf_logistic_router,0.8811881188118812,2.3113936633663363e-05,0.8811881188118812,0.039603960396039604,0.0,0.9306930693069307
2model_qwen_30b_granite_8b,"qwen_30b,granite_8b",229,tfidf_linear_svm_router,0.8811881188118812,2.3685825742574253e-05,0.8811881188118812,0.039603960396039604,0.0,0.9603960396039604
2model_qwen_30b_granite_8b,"qwen_30b,granite_8b",230,always_qwen_30b,0.9207920792079208,2.5462792079207926e-05,0.9207920792079208,0.019801980198019802,0.0,0.9801980198019802
2model_qwen_30b_granite_8b,"qwen_30b,granite_8b",230,always_granite_8b,0.8316831683168316,1.659059405940594e-05,0.8316831683168316,0.10891089108910891,0.0,0.019801980198019802
2model_qwen_30b_granite_8b,"qwen_30b,granite_8b",230,random,0.900990099009901,2.0541112871287128e-05,0.900990099009901,0.039603960396039604,0.0,0.5445544554455446
2model_qwen_30b_granite_8b,"qwen_30b,granite_8b",230,oracle,0.9405940594059405,2.5429596039603964e-05,0.9405940594059405,0.0,0.0,1.0
2model_qwen_30b_granite_8b,"qwen_30b,granite_8b",230,logistic_router,0.900990099009901,2.4418011881188124e-05,0.900990099009901,0.039603960396039604,0.0,0.7920792079207921
2model_qwen_30b_granite_8b,"qwen_30b,granite_8b",230,linear_svm_router,0.9108910891089109,2.4562162376237625e-05,0.9108910891089109,0.0297029702970297,0.0,0.8415841584158416
2model_qwen_30b_granite_8b,"qwen_30b,granite_8b",230,knn_router,0.9207920792079208,2.5462792079207926e-05,0.9207920792079208,0.019801980198019802,0.0,0.9801980198019802
2model_qwen_30b_granite_8b,"qwen_30b,granite_8b",230,decision_tree_router,0.9207920792079208,2.5143580198019802e-05,0.9207920792079208,0.019801980198019802,0.0,0.900990099009901
2model_qwen_30b_granite_8b,"qwen_30b,granite_8b",230,random_forest_router,0.9207920792079208,2.5360483168316837e-05,0.9207920792079208,0.019801980198019802,0.0,0.9405940594059405
2model_qwen_30b_granite_8b,"qwen_30b,granite_8b",230,extra_trees_router,0.9108910891089109,2.5068134653465347e-05,0.9108910891089109,0.0297029702970297,0.0,0.8910891089108911
2model_qwen_30b_granite_8b,"qwen_30b,granite_8b",230,tfidf_logistic_router,0.9207920792079208,2.513114059405941e-05,0.9207920792079208,0.019801980198019802,0.0,0.9504950495049505
2model_qwen_30b_granite_8b,"qwen_30b,granite_8b",230,tfidf_linear_svm_router,0.9207920792079208,2.5462792079207926e-05,0.9207920792079208,0.019801980198019802,0.0,0.9801980198019802
2model_qwen_30b_granite_8b,"qwen_30b,granite_8b",231,always_qwen_30b,0.8613861386138614,2.4274570297029705e-05,0.8613861386138614,0.039603960396039604,0.0,0.9603960396039604
2model_qwen_30b_granite_8b,"qwen_30b,granite_8b",231,always_granite_8b,0.8316831683168316,1.662079207920792e-05,0.8316831683168316,0.06930693069306931,0.0,0.039603960396039604
2model_qwen_30b_granite_8b,"qwen_30b,granite_8b",231,random,0.8712871287128713,1.9924479207920796e-05,0.8712871287128713,0.0297029702970297,0.0,0.4752475247524752
2model_qwen_30b_granite_8b,"qwen_30b,granite_8b",231,oracle,0.900990099009901,2.4121651485148514e-05,0.900990099009901,0.0,0.0,1.0
2model_qwen_30b_granite_8b,"qwen_30b,granite_8b",231,logistic_router,0.8613861386138614,2.353227722772277e-05,0.8613861386138614,0.039603960396039604,0.0,0.8712871287128713
2model_qwen_30b_granite_8b,"qwen_30b,granite_8b",231,linear_svm_router,0.8712871287128713,2.3535413861386138e-05,0.8712871287128713,0.0297029702970297,0.0,0.9108910891089109
2model_qwen_30b_granite_8b,"qwen_30b,granite_8b",231,knn_router,0.8613861386138614,2.4274570297029705e-05,0.8613861386138614,0.039603960396039604,0.0,0.9603960396039604
2model_qwen_30b_granite_8b,"qwen_30b,granite_8b",231,decision_tree_router,0.8514851485148515,2.3685271287128715e-05,0.8514851485148515,0.04950495049504951,0.0,0.8415841584158416
2model_qwen_30b_granite_8b,"qwen_30b,granite_8b",231,random_forest_router,0.8613861386138614,2.4274570297029705e-05,0.8613861386138614,0.039603960396039604,0.0,0.9603960396039604
2model_qwen_30b_granite_8b,"qwen_30b,granite_8b",231,extra_trees_router,0.8613861386138614,2.3185809900990097e-05,0.8613861386138614,0.039603960396039604,0.0,0.8613861386138614
2model_qwen_30b_granite_8b,"qwen_30b,granite_8b",231,tfidf_logistic_router,0.8613861386138614,2.3882051485148518e-05,0.8613861386138614,0.039603960396039604,0.0,0.9207920792079208
2model_qwen_30b_granite_8b,"qwen_30b,granite_8b",231,tfidf_linear_svm_router,0.8712871287128713,2.4090150495049506e-05,0.8712871287128713,0.0297029702970297,0.0,0.9603960396039604
2model_qwen_30b_granite_8b,"qwen_30b,granite_8b",232,always_qwen_30b,0.8910891089108911,2.3704570297029702e-05,0.8910891089108911,0.0297029702970297,0.0,0.9702970297029703
2model_qwen_30b_granite_8b,"qwen_30b,granite_8b",232,always_granite_8b,0.8613861386138614,1.5412871287128713e-05,0.8613861386138614,0.0594059405940594,0.0,0.0297029702970297
2model_qwen_30b_granite_8b,"qwen_30b,granite_8b",232,random,0.8811881188118812,2.041571485148515e-05,0.8811881188118812,0.039603960396039604,0.0,0.5247524752475248
2model_qwen_30b_granite_8b,"qwen_30b,granite_8b",232,oracle,0.9207920792079208,2.3536823762376237e-05,0.9207920792079208,0.0,0.0,1.0
2model_qwen_30b_granite_8b,"qwen_30b,granite_8b",232,logistic_router,0.8910891089108911,2.2207738613861387e-05,0.8910891089108911,0.0297029702970297,0.0,0.8514851485148515
2model_qwen_30b_granite_8b,"qwen_30b,granite_8b",232,linear_svm_router,0.8910891089108911,2.255026534653465e-05,0.8910891089108911,0.0297029702970297,0.0,0.8712871287128713
2model_qwen_30b_granite_8b,"qwen_30b,granite_8b",232,knn_router,0.8910891089108911,2.3704570297029702e-05,0.8910891089108911,0.0297029702970297,0.0,0.9702970297029703
2model_qwen_30b_granite_8b,"qwen_30b,granite_8b",232,decision_tree_router,0.8910891089108911,2.2619001980198017e-05,0.8910891089108911,0.0297029702970297,0.0,0.8514851485148515
2model_qwen_30b_granite_8b,"qwen_30b,granite_8b",232,random_forest_router,0.8910891089108911,2.3704570297029702e-05,0.8910891089108911,0.0297029702970297,0.0,0.9702970297029703
2model_qwen_30b_granite_8b,"qwen_30b,granite_8b",232,extra_trees_router,0.8910891089108911,2.3704570297029702e-05,0.8910891089108911,0.0297029702970297,0.0,0.9702970297029703
2model_qwen_30b_granite_8b,"qwen_30b,granite_8b",232,tfidf_logistic_router,0.8910891089108911,2.300901782178218e-05,0.8910891089108911,0.0297029702970297,0.0,0.9405940594059405
2model_qwen_30b_granite_8b,"qwen_30b,granite_8b",232,tfidf_linear_svm_router,0.8910891089108911,2.300901782178218e-05,0.8910891089108911,0.0297029702970297,0.0,0.9405940594059405
2model_qwen_30b_granite_8b,"qwen_30b,granite_8b",233,always_qwen_30b,0.8910891089108911,2.4048427722772278e-05,0.8910891089108911,0.019801980198019802,0.0,0.9801980198019802
2model_qwen_30b_granite_8b,"qwen_30b,granite_8b",233,always_granite_8b,0.8514851485148515,1.601089108910891e-05,0.8514851485148515,0.0594059405940594,0.0,0.019801980198019802
2model_qwen_30b_granite_8b,"qwen_30b,granite_8b",233,random,0.8811881188118812,1.9404126732673268e-05,0.8811881188118812,0.0297029702970297,0.0,0.5148514851485149
2model_qwen_30b_granite_8b,"qwen_30b,granite_8b",233,oracle,0.9108910891089109,2.3228118811881193e-05,0.9108910891089109,0.0,0.0,1.0
2model_qwen_30b_granite_8b,"qwen_30b,granite_8b",233,logistic_router,0.8910891089108911,2.366384158415841e-05,0.8910891089108911,0.019801980198019802,0.0,0.9306930693069307
2model_qwen_30b_granite_8b,"qwen_30b,granite_8b",233,linear_svm_router,0.8910891089108911,2.3267734653465343e-05,0.8910891089108911,0.019801980198019802,0.0,0.8613861386138614
2model_qwen_30b_granite_8b,"qwen_30b,granite_8b",233,knn_router,0.8910891089108911,2.4048427722772278e-05,0.8910891089108911,0.019801980198019802,0.0,0.9801980198019802
2model_qwen_30b_granite_8b,"qwen_30b,granite_8b",233,decision_tree_router,0.8712871287128713,2.325017425742574e-05,0.8712871287128713,0.039603960396039604,0.0,0.8217821782178217
2model_qwen_30b_granite_8b,"qwen_30b,granite_8b",233,random_forest_router,0.8910891089108911,2.3931279207920793e-05,0.8910891089108911,0.019801980198019802,0.0,0.9603960396039604
2model_qwen_30b_granite_8b,"qwen_30b,granite_8b",233,extra_trees_router,0.8910891089108911,2.385334653465346e-05,0.8910891089108911,0.019801980198019802,0.0,0.9207920792079208
2model_qwen_30b_granite_8b,"qwen_30b,granite_8b",233,tfidf_logistic_router,0.8910891089108911,2.387902178217822e-05,0.8910891089108911,0.019801980198019802,0.0,0.9702970297029703
2model_qwen_30b_granite_8b,"qwen_30b,granite_8b",233,tfidf_linear_svm_router,0.8910891089108911,2.4048427722772278e-05,0.8910891089108911,0.019801980198019802,0.0,0.9801980198019802
2model_llama_70b_deepseek_v3,"llama_70b,deepseek_v3",229,always_llama_70b,0.8514851485148515,5.191463366336634e-05,0.8514851485148515,0.0891089108910891,0.0,0.9108910891089109
2model_llama_70b_deepseek_v3,"llama_70b,deepseek_v3",229,always_deepseek_v3,0.9207920792079208,6.72319207920792e-05,0.9207920792079208,0.019801980198019802,0.0,0.0891089108910891
2model_llama_70b_deepseek_v3,"llama_70b,deepseek_v3",229,random,0.900990099009901,6.262879207920791e-05,0.900990099009901,0.039603960396039604,0.0,0.504950495049505
2model_llama_70b_deepseek_v3,"llama_70b,deepseek_v3",229,oracle,0.9405940594059405,5.3855108910891094e-05,0.9405940594059405,0.0,0.0,1.0
2model_llama_70b_deepseek_v3,"llama_70b,deepseek_v3",229,logistic_router,0.900990099009901,5.3739594059405944e-05,0.900990099009901,0.039603960396039604,0.0,0.8217821782178217
2model_llama_70b_deepseek_v3,"llama_70b,deepseek_v3",229,linear_svm_router,0.900990099009901,5.278558415841585e-05,0.900990099009901,0.039603960396039604,0.0,0.8514851485148515
2model_llama_70b_deepseek_v3,"llama_70b,deepseek_v3",229,knn_router,0.8514851485148515,5.191463366336634e-05,0.8514851485148515,0.0891089108910891,0.0,0.9108910891089109
2model_llama_70b_deepseek_v3,"llama_70b,deepseek_v3",229,decision_tree_router,0.8712871287128713,5.3317762376237624e-05,0.8712871287128713,0.06930693069306931,0.0,0.8415841584158416
2model_llama_70b_deepseek_v3,"llama_70b,deepseek_v3",229,random_forest_router,0.900990099009901,5.334060396039603e-05,0.900990099009901,0.039603960396039604,0.0,0.8118811881188119
2model_llama_70b_deepseek_v3,"llama_70b,deepseek_v3",229,extra_trees_router,0.900990099009901,5.366751485148515e-05,0.900990099009901,0.039603960396039604,0.0,0.7920792079207921
2model_llama_70b_deepseek_v3,"llama_70b,deepseek_v3",229,tfidf_logistic_router,0.900990099009901,5.344736633663367e-05,0.900990099009901,0.039603960396039604,0.0,0.8415841584158416
2model_llama_70b_deepseek_v3,"llama_70b,deepseek_v3",229,tfidf_linear_svm_router,0.8514851485148515,5.203047524752475e-05,0.8514851485148515,0.0891089108910891,0.0,0.900990099009901
2model_llama_70b_deepseek_v3,"llama_70b,deepseek_v3",230,always_llama_70b,0.8910891089108911,5.2112425742574264e-05,0.8910891089108911,0.0594059405940594,0.0,0.9405940594059405
2model_llama_70b_deepseek_v3,"llama_70b,deepseek_v3",230,always_deepseek_v3,0.9306930693069307,7.106932673267325e-05,0.9306930693069307,0.019801980198019802,0.0,0.0594059405940594
2model_llama_70b_deepseek_v3,"llama_70b,deepseek_v3",230,random,0.9207920792079208,6.21200099009901e-05,0.9207920792079208,0.0297029702970297,0.0,0.5445544554455446
2model_llama_70b_deepseek_v3,"llama_70b,deepseek_v3",230,oracle,0.9504950495049505,5.235373267326734e-05,0.9504950495049505,0.0,0.0,1.0
2model_llama_70b_deepseek_v3,"llama_70b,deepseek_v3",230,logistic_router,0.9207920792079208,5.350270297029703e-05,0.9207920792079208,0.0297029702970297,0.0,0.8613861386138614
2model_llama_70b_deepseek_v3,"llama_70b,deepseek_v3",230,linear_svm_router,0.9207920792079208,5.358161386138614e-05,0.9207920792079208,0.0297029702970297,0.0,0.900990099009901
2model_llama_70b_deepseek_v3,"llama_70b,deepseek_v3",230,knn_router,0.8910891089108911,5.2112425742574264e-05,0.8910891089108911,0.0594059405940594,0.0,0.9405940594059405
2model_llama_70b_deepseek_v3,"llama_70b,deepseek_v3",230,decision_tree_router,0.9207920792079208,5.4216366336633674e-05,0.9207920792079208,0.0297029702970297,0.0,0.8118811881188119
2model_llama_70b_deepseek_v3,"llama_70b,deepseek_v3",230,random_forest_router,0.9207920792079208,5.313462376237623e-05,0.9207920792079208,0.0297029702970297,0.0,0.8910891089108911
2model_llama_70b_deepseek_v3,"llama_70b,deepseek_v3",230,extra_trees_router,0.9306930693069307,5.304443564356436e-05,0.9306930693069307,0.019801980198019802,0.0,0.8910891089108911
2model_llama_70b_deepseek_v3,"llama_70b,deepseek_v3",230,tfidf_logistic_router,0.9207920792079208,5.338650495049505e-05,0.9207920792079208,0.0297029702970297,0.0,0.8811881188118812
2model_llama_70b_deepseek_v3,"llama_70b,deepseek_v3",230,tfidf_linear_svm_router,0.900990099009901,5.218351485148515e-05,0.900990099009901,0.04950495049504951,0.0,0.9504950495049505
2model_llama_70b_deepseek_v3,"llama_70b,deepseek_v3",231,always_llama_70b,0.8613861386138614,5.35139900990099e-05,0.8613861386138614,0.039603960396039604,0.0,0.9603960396039604
2model_llama_70b_deepseek_v3,"llama_70b,deepseek_v3",231,always_deepseek_v3,0.8613861386138614,7.282815841584158e-05,0.8613861386138614,0.039603960396039604,0.0,0.039603960396039604
2model_llama_70b_deepseek_v3,"llama_70b,deepseek_v3",231,random,0.8415841584158416,6.290792079207921e-05,0.8415841584158416,0.0594059405940594,0.0,0.45544554455445546
2model_llama_70b_deepseek_v3,"llama_70b,deepseek_v3",231,oracle,0.900990099009901,5.400692079207921e-05,0.900990099009901,0.0,0.0,1.0
2model_llama_70b_deepseek_v3,"llama_70b,deepseek_v3",231,logistic_router,0.8415841584158416,5.482630693069307e-05,0.8415841584158416,0.0594059405940594,0.0,0.7524752475247525
2model_llama_70b_deepseek_v3,"llama_70b,deepseek_v3",231,linear_svm_router,0.8613861386138614,5.3475168316831676e-05,0.8613861386138614,0.039603960396039604,0.0,0.8415841584158416
2model_llama_70b_deepseek_v3,"llama_70b,deepseek_v3",231,knn_router,0.8613861386138614,5.35139900990099e-05,0.8613861386138614,0.039603960396039604,0.0,0.9603960396039604
2model_llama_70b_deepseek_v3,"llama_70b,deepseek_v3",231,decision_tree_router,0.8514851485148515,5.393117821782178e-05,0.8514851485148515,0.04950495049504951,0.0,0.8415841584158416
2model_llama_70b_deepseek_v3,"llama_70b,deepseek_v3",231,random_forest_router,0.8514851485148515,5.4322099009900985e-05,0.8514851485148515,0.04950495049504951,0.0,0.7821782178217822
2model_llama_70b_deepseek_v3,"llama_70b,deepseek_v3",231,extra_trees_router,0.8514851485148515,5.443605940594059e-05,0.8514851485148515,0.04950495049504951,0.0,0.7722772277227723
2model_llama_70b_deepseek_v3,"llama_70b,deepseek_v3",231,tfidf_logistic_router,0.8415841584158416,5.4688336633663364e-05,0.8415841584158416,0.0594059405940594,0.0,0.7821782178217822
2model_llama_70b_deepseek_v3,"llama_70b,deepseek_v3",231,tfidf_linear_svm_router,0.8613861386138614,5.408972277227723e-05,0.8613861386138614,0.039603960396039604,0.0,0.9306930693069307
2model_llama_70b_deepseek_v3,"llama_70b,deepseek_v3",232,always_llama_70b,0.8910891089108911,5.238212871287129e-05,0.8910891089108911,0.0297029702970297,0.0,0.9702970297029703
2model_llama_70b_deepseek_v3,"llama_70b,deepseek_v3",232,always_deepseek_v3,0.8811881188118812,6.627041584158416e-05,0.8811881188118812,0.039603960396039604,0.0,0.0297029702970297
2model_llama_70b_deepseek_v3,"llama_70b,deepseek_v3",232,random,0.8712871287128713,6.182870297029704e-05,0.8712871287128713,0.04950495049504951,0.0,0.504950495049505
2model_llama_70b_deepseek_v3,"llama_70b,deepseek_v3",232,oracle,0.9207920792079208,5.2650287128712874e-05,0.9207920792079208,0.0,0.0,1.0
2model_llama_70b_deepseek_v3,"llama_70b,deepseek_v3",232,logistic_router,0.8712871287128713,5.526627722772277e-05,0.8712871287128713,0.04950495049504951,0.0,0.7623762376237624
2model_llama_70b_deepseek_v3,"llama_70b,deepseek_v3",232,linear_svm_router,0.8811881188118812,5.269839603960396e-05,0.8811881188118812,0.039603960396039604,0.0,0.8118811881188119
2model_llama_70b_deepseek_v3,"llama_70b,deepseek_v3",232,knn_router,0.8910891089108911,5.238212871287129e-05,0.8910891089108911,0.0297029702970297,0.0,0.9702970297029703
2model_llama_70b_deepseek_v3,"llama_70b,deepseek_v3",232,decision_tree_router,0.8910891089108911,5.319200000000001e-05,0.8910891089108911,0.0297029702970297,0.0,0.801980198019802
2model_llama_70b_deepseek_v3,"llama_70b,deepseek_v3",232,random_forest_router,0.8910891089108911,5.2952158415841585e-05,0.8910891089108911,0.0297029702970297,0.0,0.8217821782178217
2model_llama_70b_deepseek_v3,"llama_70b,deepseek_v3",232,extra_trees_router,0.900990099009901,5.3339801980198016e-05,0.900990099009901,0.019801980198019802,0.0,0.8118811881188119
2model_llama_70b_deepseek_v3,"llama_70b,deepseek_v3",232,tfidf_logistic_router,0.8712871287128713,5.421057425742574e-05,0.8712871287128713,0.04950495049504951,0.0,0.8217821782178217
2model_llama_70b_deepseek_v3,"llama_70b,deepseek_v3",232,tfidf_linear_svm_router,0.8811881188118812,5.28569801980198e-05,0.8811881188118812,0.039603960396039604,0.0,0.9405940594059405
2model_llama_70b_deepseek_v3,"llama_70b,deepseek_v3",233,always_llama_70b,0.8811881188118812,5.316852475247525e-05,0.8811881188118812,0.0297029702970297,0.0,0.9702970297029703
2model_llama_70b_deepseek_v3,"llama_70b,deepseek_v3",233,always_deepseek_v3,0.8712871287128713,6.896013861386139e-05,0.8712871287128713,0.039603960396039604,0.0,0.0297029702970297
2model_llama_70b_deepseek_v3,"llama_70b,deepseek_v3",233,random,0.8712871287128713,6.29058316831683e-05,0.8712871287128713,0.039603960396039604,0.0,0.504950495049505
2model_llama_70b_deepseek_v3,"llama_70b,deepseek_v3",233,oracle,0.9108910891089109,5.3543970297029707e-05,0.9108910891089109,0.0,0.0,1.0
2model_llama_70b_deepseek_v3,"llama_70b,deepseek_v3",233,logistic_router,0.9108910891089109,5.5777178217821785e-05,0.9108910891089109,0.0,0.0,0.8217821782178217
2model_llama_70b_deepseek_v3,"llama_70b,deepseek_v3",233,linear_svm_router,0.900990099009901,5.5580386138613875e-05,0.900990099009901,0.009900990099009901,0.0,0.8415841584158416
2model_llama_70b_deepseek_v3,"llama_70b,deepseek_v3",233,knn_router,0.8811881188118812,5.316852475247525e-05,0.8811881188118812,0.0297029702970297,0.0,0.9702970297029703
2model_llama_70b_deepseek_v3,"llama_70b,deepseek_v3",233,decision_tree_router,0.8910891089108911,5.606624752475247e-05,0.8910891089108911,0.019801980198019802,0.0,0.8415841584158416
2model_llama_70b_deepseek_v3,"llama_70b,deepseek_v3",233,random_forest_router,0.8910891089108911,5.424597029702971e-05,0.8910891089108911,0.019801980198019802,0.0,0.900990099009901
2model_llama_70b_deepseek_v3,"llama_70b,deepseek_v3",233,extra_trees_router,0.900990099009901,5.3744584158415846e-05,0.900990099009901,0.009900990099009901,0.0,0.8415841584158416
2model_llama_70b_deepseek_v3,"llama_70b,deepseek_v3",233,tfidf_logistic_router,0.900990099009901,5.521137623762377e-05,0.900990099009901,0.009900990099009901,0.0,0.8514851485148515
2model_llama_70b_deepseek_v3,"llama_70b,deepseek_v3",233,tfidf_linear_svm_router,0.8910891089108911,5.474258415841584e-05,0.8910891089108911,0.019801980198019802,0.0,0.9405940594059405
2model_llama_70b_granite_8b,"llama_70b,granite_8b",229,always_llama_70b,0.8514851485148515,5.191463366336634e-05,0.8514851485148515,0.07920792079207921,0.0,0.9207920792079208
2model_llama_70b_granite_8b,"llama_70b,granite_8b",229,always_granite_8b,0.8613861386138614,1.5395544554455447e-05,0.8613861386138614,0.06930693069306931,0.0,0.07920792079207921
2model_llama_70b_granite_8b,"llama_70b,granite_8b",229,random,0.8613861386138614,3.457700990099011e-05,0.8613861386138614,0.06930693069306931,0.0,0.5148514851485149
2model_llama_70b_granite_8b,"llama_70b,granite_8b",229,oracle,0.9306930693069307,4.921156435643565e-05,0.9306930693069307,0.0,0.0,1.0
2model_llama_70b_granite_8b,"llama_70b,granite_8b",229,logistic_router,0.8811881188118812,4.7814485148514854e-05,0.8811881188118812,0.04950495049504951,0.0,0.8514851485148515
2model_llama_70b_granite_8b,"llama_70b,granite_8b",229,linear_svm_router,0.8811881188118812,4.932186138613861e-05,0.8811881188118812,0.04950495049504951,0.0,0.8712871287128713
2model_llama_70b_granite_8b,"llama_70b,granite_8b",229,knn_router,0.8514851485148515,5.191463366336634e-05,0.8514851485148515,0.07920792079207921,0.0,0.9207920792079208
2model_llama_70b_granite_8b,"llama_70b,granite_8b",229,decision_tree_router,0.8415841584158416,4.7711960396039616e-05,0.8415841584158416,0.0891089108910891,0.0,0.8217821782178217
2model_llama_70b_granite_8b,"llama_70b,granite_8b",229,random_forest_router,0.8712871287128713,4.6700128712871284e-05,0.8712871287128713,0.0594059405940594,0.0,0.8217821782178217
2model_llama_70b_granite_8b,"llama_70b,granite_8b",229,extra_trees_router,0.8712871287128713,4.6567158415841585e-05,0.8712871287128713,0.0594059405940594,0.0,0.8217821782178217
2model_llama_70b_granite_8b,"llama_70b,granite_8b",229,tfidf_logistic_router,0.8811881188118812,5.004621782178218e-05,0.8811881188118812,0.04950495049504951,0.0,0.900990099009901
2model_llama_70b_granite_8b,"llama_70b,granite_8b",229,tfidf_linear_svm_router,0.8514851485148515,5.176889108910891e-05,0.8514851485148515,0.07920792079207921,0.0,0.9108910891089109
2model_llama_70b_granite_8b,"llama_70b,granite_8b",230,always_llama_70b,0.8910891089108911,5.2112425742574264e-05,0.8910891089108911,0.039603960396039604,0.0,0.9603960396039604
2model_llama_70b_granite_8b,"llama_70b,granite_8b",230,always_granite_8b,0.8316831683168316,1.659059405940594e-05,0.8316831683168316,0.09900990099009901,0.0,0.039603960396039604
2model_llama_70b_granite_8b,"llama_70b,granite_8b",230,random,0.8910891089108911,3.61469801980198e-05,0.8910891089108911,0.039603960396039604,0.0,0.5445544554455446
2model_llama_70b_granite_8b,"llama_70b,granite_8b",230,oracle,0.9306930693069307,5.047351485148516e-05,0.9306930693069307,0.0,0.0,1.0
2model_llama_70b_granite_8b,"llama_70b,granite_8b",230,logistic_router,0.900990099009901,4.906430693069308e-05,0.900990099009901,0.0297029702970297,0.0,0.8613861386138614
2model_llama_70b_granite_8b,"llama_70b,granite_8b",230,linear_svm_router,0.900990099009901,4.972945544554455e-05,0.900990099009901,0.0297029702970297,0.0,0.8811881188118812
2model_llama_70b_granite_8b,"llama_70b,granite_8b",230,knn_router,0.8910891089108911,5.2112425742574264e-05,0.8910891089108911,0.039603960396039604,0.0,0.9603960396039604
2model_llama_70b_granite_8b,"llama_70b,granite_8b",230,decision_tree_router,0.900990099009901,4.922980198019802e-05,0.900990099009901,0.0297029702970297,0.0,0.8613861386138614
2model_llama_70b_granite_8b,"llama_70b,granite_8b",230,random_forest_router,0.8910891089108911,4.950688118811881e-05,0.8910891089108911,0.039603960396039604,0.0,0.8613861386138614
2model_llama_70b_granite_8b,"llama_70b,granite_8b",230,extra_trees_router,0.900990099009901,4.868183168316832e-05,0.900990099009901,0.0297029702970297,0.0,0.8613861386138614
2model_llama_70b_granite_8b,"llama_70b,granite_8b",230,tfidf_logistic_router,0.8910891089108911,5.0788118811881194e-05,0.8910891089108911,0.039603960396039604,0.0,0.8910891089108911
2model_llama_70b_granite_8b,"llama_70b,granite_8b",230,tfidf_linear_svm_router,0.8910891089108911,5.1946782178217825e-05,0.8910891089108911,0.039603960396039604,0.0,0.9504950495049505
2model_llama_70b_granite_8b,"llama_70b,granite_8b",231,always_llama_70b,0.8613861386138614,5.35139900990099e-05,0.8613861386138614,0.039603960396039604,0.0,0.9603960396039604
2model_llama_70b_granite_8b,"llama_70b,granite_8b",231,always_granite_8b,0.8316831683168316,1.662079207920792e-05,0.8316831683168316,0.06930693069306931,0.0,0.039603960396039604
2model_llama_70b_granite_8b,"llama_70b,granite_8b",231,random,0.8712871287128713,3.339287128712871e-05,0.8712871287128713,0.0297029702970297,0.0,0.45544554455445546
2model_llama_70b_granite_8b,"llama_70b,granite_8b",231,oracle,0.900990099009901,5.1681712871287136e-05,0.900990099009901,0.0,0.0,1.0
2model_llama_70b_granite_8b,"llama_70b,granite_8b",231,logistic_router,0.8613861386138614,4.690330693069307e-05,0.8613861386138614,0.039603960396039604,0.0,0.7920792079207921
2model_llama_70b_granite_8b,"llama_70b,granite_8b",231,linear_svm_router,0.8613861386138614,4.895122772277227e-05,0.8613861386138614,0.039603960396039604,0.0,0.8316831683168316
2model_llama_70b_granite_8b,"llama_70b,granite_8b",231,knn_router,0.8613861386138614,5.35139900990099e-05,0.8613861386138614,0.039603960396039604,0.0,0.9603960396039604
2model_llama_70b_granite_8b,"llama_70b,granite_8b",231,decision_tree_router,0.8514851485148515,4.640542574257426e-05,0.8514851485148515,0.04950495049504951,0.0,0.7623762376237624
2model_llama_70b_granite_8b,"llama_70b,granite_8b",231,random_forest_router,0.8712871287128713,4.6320336633663365e-05,0.8712871287128713,0.0297029702970297,0.0,0.7722772277227723
2model_llama_70b_granite_8b,"llama_70b,granite_8b",231,extra_trees_router,0.8712871287128713,4.6847366336633656e-05,0.8712871287128713,0.0297029702970297,0.0,0.801980198019802
2model_llama_70b_granite_8b,"llama_70b,granite_8b",231,tfidf_logistic_router,0.8712871287128713,4.845855445544554e-05,0.8712871287128713,0.0297029702970297,0.0,0.8316831683168316
2model_llama_70b_granite_8b,"llama_70b,granite_8b",231,tfidf_linear_svm_router,0.8613861386138614,5.184344554455445e-05,0.8613861386138614,0.039603960396039604,0.0,0.9306930693069307
2model_llama_70b_granite_8b,"llama_70b,granite_8b",232,always_llama_70b,0.8910891089108911,5.238212871287129e-05,0.8910891089108911,0.04950495049504951,0.0,0.9504950495049505
2model_llama_70b_granite_8b,"llama_70b,granite_8b",232,always_granite_8b,0.8613861386138614,1.5412871287128713e-05,0.8613861386138614,0.07920792079207921,0.0,0.04950495049504951
2model_llama_70b_granite_8b,"llama_70b,granite_8b",232,random,0.8811881188118812,3.589064356435644e-05,0.8811881188118812,0.0594059405940594,0.0,0.504950495049505
2model_llama_70b_granite_8b,"llama_70b,granite_8b",232,oracle,0.9405940594059405,5.0825594059405945e-05,0.9405940594059405,0.0,0.0,1.0
2model_llama_70b_granite_8b,"llama_70b,granite_8b",232,logistic_router,0.900990099009901,4.677861386138613e-05,0.900990099009901,0.039603960396039604,0.0,0.8316831683168316
2model_llama_70b_granite_8b,"llama_70b,granite_8b",232,linear_svm_router,0.8910891089108911,4.7140396039603956e-05,0.8910891089108911,0.04950495049504951,0.0,0.8217821782178217
2model_llama_70b_granite_8b,"llama_70b,granite_8b",232,knn_router,0.8910891089108911,5.238212871287129e-05,0.8910891089108911,0.04950495049504951,0.0,0.9504950495049505
2model_llama_70b_granite_8b,"llama_70b,granite_8b",232,decision_tree_router,0.900990099009901,4.3941237623762374e-05,0.900990099009901,0.039603960396039604,0.0,0.7722772277227723
2model_llama_70b_granite_8b,"llama_70b,granite_8b",232,random_forest_router,0.9207920792079208,4.702173267326732e-05,0.9207920792079208,0.019801980198019802,0.0,0.8415841584158416
2model_llama_70b_granite_8b,"llama_70b,granite_8b",232,extra_trees_router,0.9108910891089109,4.807950495049505e-05,0.9108910891089109,0.0297029702970297,0.0,0.8514851485148515
2model_llama_70b_granite_8b,"llama_70b,granite_8b",232,tfidf_logistic_router,0.8910891089108911,4.9590000000000005e-05,0.8910891089108911,0.04950495049504951,0.0,0.8712871287128713
2model_llama_70b_granite_8b,"llama_70b,granite_8b",232,tfidf_linear_svm_router,0.8910891089108911,5.199910891089109e-05,0.8910891089108911,0.04950495049504951,0.0,0.9306930693069307
2model_llama_70b_granite_8b,"llama_70b,granite_8b",233,always_llama_70b,0.8811881188118812,5.316852475247525e-05,0.8811881188118812,0.0297029702970297,0.0,0.9702970297029703
2model_llama_70b_granite_8b,"llama_70b,granite_8b",233,always_granite_8b,0.8514851485148515,1.601089108910891e-05,0.8514851485148515,0.0594059405940594,0.0,0.0297029702970297
2model_llama_70b_granite_8b,"llama_70b,granite_8b",233,random,0.8712871287128713,3.782292079207921e-05,0.8712871287128713,0.039603960396039604,0.0,0.504950495049505
2model_llama_70b_granite_8b,"llama_70b,granite_8b",233,oracle,0.9108910891089109,5.216387128712872e-05,0.9108910891089109,0.0,0.0,1.0
2model_llama_70b_granite_8b,"llama_70b,granite_8b",233,logistic_router,0.8910891089108911,4.763139603960397e-05,0.8910891089108911,0.019801980198019802,0.0,0.8514851485148515
2model_llama_70b_granite_8b,"llama_70b,granite_8b",233,linear_svm_router,0.900990099009901,4.7499019801980206e-05,0.900990099009901,0.009900990099009901,0.0,0.8514851485148515
2model_llama_70b_granite_8b,"llama_70b,granite_8b",233,knn_router,0.8811881188118812,5.316852475247525e-05,0.8811881188118812,0.0297029702970297,0.0,0.9702970297029703
2model_llama_70b_granite_8b,"llama_70b,granite_8b",233,decision_tree_router,0.8811881188118812,4.5975702970297024e-05,0.8811881188118812,0.0297029702970297,0.0,0.7524752475247525
2model_llama_70b_granite_8b,"llama_70b,granite_8b",233,random_forest_router,0.8712871287128713,4.93770396039604e-05,0.8712871287128713,0.039603960396039604,0.0,0.8613861386138614
2model_llama_70b_granite_8b,"llama_70b,granite_8b",233,extra_trees_router,0.8910891089108911,4.7595554455445546e-05,0.8910891089108911,0.019801980198019802,0.0,0.8514851485148515
2model_llama_70b_granite_8b,"llama_70b,granite_8b",233,tfidf_logistic_router,0.8910891089108911,4.985446534653466e-05,0.8910891089108911,0.019801980198019802,0.0,0.8910891089108911
2model_llama_70b_granite_8b,"llama_70b,granite_8b",233,tfidf_linear_svm_router,0.8811881188118812,5.263976237623762e-05,0.8811881188118812,0.0297029702970297,0.0,0.9405940594059405
2model_deepseek_v3_granite_8b,"deepseek_v3,granite_8b",229,always_deepseek_v3,0.9207920792079208,6.72319207920792e-05,0.9207920792079208,0.039603960396039604,0.0,0.9603960396039604
2model_deepseek_v3_granite_8b,"deepseek_v3,granite_8b",229,always_granite_8b,0.8613861386138614,1.5395544554455447e-05,0.8613861386138614,0.09900990099009901,0.0,0.039603960396039604
2model_deepseek_v3_granite_8b,"deepseek_v3,granite_8b",229,random,0.8811881188118812,3.9180138613861384e-05,0.8811881188118812,0.07920792079207921,0.0,0.4752475247524752
2model_deepseek_v3_granite_8b,"deepseek_v3,granite_8b",229,oracle,0.9603960396039604,6.546421782178217e-05,0.9603960396039604,0.0,0.0,1.0
2model_deepseek_v3_granite_8b,"deepseek_v3,granite_8b",229,logistic_router,0.9108910891089109,5.9599762376237616e-05,0.9108910891089109,0.04950495049504951,0.0,0.8217821782178217
2model_deepseek_v3_granite_8b,"deepseek_v3,granite_8b",229,linear_svm_router,0.9108910891089109,5.774257425742575e-05,0.9108910891089109,0.04950495049504951,0.0,0.7722772277227723
2model_deepseek_v3_granite_8b,"deepseek_v3,granite_8b",229,knn_router,0.9207920792079208,6.72319207920792e-05,0.9207920792079208,0.039603960396039604,0.0,0.9603960396039604
2model_deepseek_v3_granite_8b,"deepseek_v3,granite_8b",229,decision_tree_router,0.8811881188118812,5.8198970297029695e-05,0.8811881188118812,0.07920792079207921,0.0,0.7821782178217822
2model_deepseek_v3_granite_8b,"deepseek_v3,granite_8b",229,random_forest_router,0.9207920792079208,6.66081584158416e-05,0.9207920792079208,0.039603960396039604,0.0,0.9504950495049505
2model_deepseek_v3_granite_8b,"deepseek_v3,granite_8b",229,extra_trees_router,0.9207920792079208,6.381536633663365e-05,0.9207920792079208,0.039603960396039604,0.0,0.900990099009901
2model_deepseek_v3_granite_8b,"deepseek_v3,granite_8b",229,tfidf_logistic_router,0.9108910891089109,6.28049504950495e-05,0.9108910891089109,0.04950495049504951,0.0,0.8910891089108911
2model_deepseek_v3_granite_8b,"deepseek_v3,granite_8b",229,tfidf_linear_svm_router,0.9207920792079208,6.557677227722772e-05,0.9207920792079208,0.039603960396039604,0.0,0.9405940594059405
2model_deepseek_v3_granite_8b,"deepseek_v3,granite_8b",230,always_deepseek_v3,0.9306930693069307,7.106932673267325e-05,0.9306930693069307,0.009900990099009901,0.0,0.9900990099009901
2model_deepseek_v3_granite_8b,"deepseek_v3,granite_8b",230,always_granite_8b,0.8316831683168316,1.659059405940594e-05,0.8316831683168316,0.10891089108910891,0.0,0.009900990099009901
2model_deepseek_v3_granite_8b,"deepseek_v3,granite_8b",230,random,0.900990099009901,4.5096297029702954e-05,0.900990099009901,0.039603960396039604,0.0,0.5346534653465347
2model_deepseek_v3_granite_8b,"deepseek_v3,granite_8b",230,oracle,0.9405940594059405,7.062823762376237e-05,0.9405940594059405,0.0,0.0,1.0
2model_deepseek_v3_granite_8b,"deepseek_v3,granite_8b",230,logistic_router,0.9207920792079208,6.826407920792078e-05,0.9207920792079208,0.019801980198019802,0.0,0.9306930693069307
2model_deepseek_v3_granite_8b,"deepseek_v3,granite_8b",230,linear_svm_router,0.9207920792079208,6.990233663366335e-05,0.9207920792079208,0.019801980198019802,0.0,0.9504950495049505
2model_deepseek_v3_granite_8b,"deepseek_v3,granite_8b",230,knn_router,0.9306930693069307,7.106932673267325e-05,0.9306930693069307,0.009900990099009901,0.0,0.9900990099009901
2model_deepseek_v3_granite_8b,"deepseek_v3,granite_8b",230,decision_tree_router,0.9108910891089109,6.395851485148513e-05,0.9108910891089109,0.0297029702970297,0.0,0.8415841584158416
2model_deepseek_v3_granite_8b,"deepseek_v3,granite_8b",230,random_forest_router,0.9306930693069307,7.004332673267326e-05,0.9306930693069307,0.009900990099009901,0.0,0.9504950495049505
2model_deepseek_v3_granite_8b,"deepseek_v3,granite_8b",230,extra_trees_router,0.9108910891089109,7.01599603960396e-05,0.9108910891089109,0.0297029702970297,0.0,0.9504950495049505
2model_deepseek_v3_granite_8b,"deepseek_v3,granite_8b",230,tfidf_logistic_router,0.9306930693069307,6.934922772277227e-05,0.9306930693069307,0.009900990099009901,0.0,0.9603960396039604
2model_deepseek_v3_granite_8b,"deepseek_v3,granite_8b",230,tfidf_linear_svm_router,0.9306930693069307,7.106932673267325e-05,0.9306930693069307,0.009900990099009901,0.0,0.9900990099009901
2model_deepseek_v3_granite_8b,"deepseek_v3,granite_8b",231,always_deepseek_v3,0.8613861386138614,7.282815841584158e-05,0.8613861386138614,0.04950495049504951,0.0,0.9504950495049505
2model_deepseek_v3_granite_8b,"deepseek_v3,granite_8b",231,always_granite_8b,0.8316831683168316,1.662079207920792e-05,0.8316831683168316,0.07920792079207921,0.0,0.04950495049504951
2model_deepseek_v3_granite_8b,"deepseek_v3,granite_8b",231,random,0.8910891089108911,4.3313108910891085e-05,0.8910891089108911,0.019801980198019802,0.0,0.504950495049505
2model_deepseek_v3_granite_8b,"deepseek_v3,granite_8b",231,oracle,0.9108910891089109,7.115845544554454e-05,0.9108910891089109,0.0,0.0,1.0
2model_deepseek_v3_granite_8b,"deepseek_v3,granite_8b",231,logistic_router,0.8811881188118812,6.764287128712871e-05,0.8811881188118812,0.0297029702970297,0.0,0.8910891089108911
2model_deepseek_v3_granite_8b,"deepseek_v3,granite_8b",231,linear_svm_router,0.8811881188118812,6.743322772277227e-05,0.8811881188118812,0.0297029702970297,0.0,0.900990099009901
2model_deepseek_v3_granite_8b,"deepseek_v3,granite_8b",231,knn_router,0.8613861386138614,7.24368712871287e-05,0.8613861386138614,0.04950495049504951,0.0,0.9405940594059405
2model_deepseek_v3_granite_8b,"deepseek_v3,granite_8b",231,decision_tree_router,0.8415841584158416,5.548073267326732e-05,0.8415841584158416,0.06930693069306931,0.0,0.7524752475247525
2model_deepseek_v3_granite_8b,"deepseek_v3,granite_8b",231,random_forest_router,0.8613861386138614,7.213954455445545e-05,0.8613861386138614,0.04950495049504951,0.0,0.9306930693069307
2model_deepseek_v3_granite_8b,"deepseek_v3,granite_8b",231,extra_trees_router,0.8811881188118812,6.890574257425742e-05,0.8811881188118812,0.0297029702970297,0.0,0.900990099009901
2model_deepseek_v3_granite_8b,"deepseek_v3,granite_8b",231,tfidf_logistic_router,0.8811881188118812,6.958520792079208e-05,0.8811881188118812,0.0297029702970297,0.0,0.9207920792079208
2model_deepseek_v3_granite_8b,"deepseek_v3,granite_8b",231,tfidf_linear_svm_router,0.8712871287128713,7.237796039603961e-05,0.8712871287128713,0.039603960396039604,0.0,0.9603960396039604
2model_deepseek_v3_granite_8b,"deepseek_v3,granite_8b",232,always_deepseek_v3,0.8811881188118812,6.627041584158416e-05,0.8811881188118812,0.039603960396039604,0.0,0.9603960396039604
2model_deepseek_v3_granite_8b,"deepseek_v3,granite_8b",232,always_granite_8b,0.8613861386138614,1.5412871287128713e-05,0.8613861386138614,0.0594059405940594,0.0,0.039603960396039604
2model_deepseek_v3_granite_8b,"deepseek_v3,granite_8b",232,random,0.8910891089108911,4.0332356435643566e-05,0.8910891089108911,0.0297029702970297,0.0,0.5544554455445545
2model_deepseek_v3_granite_8b,"deepseek_v3,granite_8b",232,oracle,0.9207920792079208,6.48979603960396e-05,0.9207920792079208,0.0,0.0,1.0
2model_deepseek_v3_granite_8b,"deepseek_v3,granite_8b",232,logistic_router,0.900990099009901,6.305477227722772e-05,0.900990099009901,0.019801980198019802,0.0,0.9405940594059405
2model_deepseek_v3_granite_8b,"deepseek_v3,granite_8b",232,linear_svm_router,0.8811881188118812,6.299180198019801e-05,0.8811881188118812,0.039603960396039604,0.0,0.8910891089108911
2model_deepseek_v3_granite_8b,"deepseek_v3,granite_8b",232,knn_router,0.8811881188118812,6.627041584158416e-05,0.8811881188118812,0.039603960396039604,0.0,0.9603960396039604
2model_deepseek_v3_granite_8b,"deepseek_v3,granite_8b",232,decision_tree_router,0.8811881188118812,6.302970297029703e-05,0.8811881188118812,0.039603960396039604,0.0,0.900990099009901
2model_deepseek_v3_granite_8b,"deepseek_v3,granite_8b",232,random_forest_router,0.8811881188118812,6.569328712871286e-05,0.8811881188118812,0.039603960396039604,0.0,0.9405940594059405
2model_deepseek_v3_granite_8b,"deepseek_v3,granite_8b",232,extra_trees_router,0.8811881188118812,6.470516831683169e-05,0.8811881188118812,0.039603960396039604,0.0,0.9207920792079208
2model_deepseek_v3_granite_8b,"deepseek_v3,granite_8b",232,tfidf_logistic_router,0.900990099009901,6.305477227722772e-05,0.900990099009901,0.019801980198019802,0.0,0.9405940594059405
2model_deepseek_v3_granite_8b,"deepseek_v3,granite_8b",232,tfidf_linear_svm_router,0.8811881188118812,6.47080396039604e-05,0.8811881188118812,0.039603960396039604,0.0,0.9405940594059405
2model_deepseek_v3_granite_8b,"deepseek_v3,granite_8b",233,always_deepseek_v3,0.8712871287128713,6.896013861386139e-05,0.8712871287128713,0.039603960396039604,0.0,0.9603960396039604
2model_deepseek_v3_granite_8b,"deepseek_v3,granite_8b",233,always_granite_8b,0.8514851485148515,1.601089108910891e-05,0.8514851485148515,0.0594059405940594,0.0,0.039603960396039604
2model_deepseek_v3_granite_8b,"deepseek_v3,granite_8b",233,random,0.8712871287128713,4.387722772277228e-05,0.8712871287128713,0.039603960396039604,0.0,0.5148514851485149
2model_deepseek_v3_granite_8b,"deepseek_v3,granite_8b",233,oracle,0.9108910891089109,6.717362376237624e-05,0.9108910891089109,0.0,0.0,1.0
2model_deepseek_v3_granite_8b,"deepseek_v3,granite_8b",233,logistic_router,0.8712871287128713,6.248316831683168e-05,0.8712871287128713,0.039603960396039604,0.0,0.8811881188118812
2model_deepseek_v3_granite_8b,"deepseek_v3,granite_8b",233,linear_svm_router,0.8712871287128713,6.279712871287128e-05,0.8712871287128713,0.039603960396039604,0.0,0.8613861386138614
2model_deepseek_v3_granite_8b,"deepseek_v3,granite_8b",233,knn_router,0.8712871287128713,6.896013861386139e-05,0.8712871287128713,0.039603960396039604,0.0,0.9603960396039604
2model_deepseek_v3_granite_8b,"deepseek_v3,granite_8b",233,decision_tree_router,0.8712871287128713,6.389908910891089e-05,0.8712871287128713,0.039603960396039604,0.0,0.8910891089108911
2model_deepseek_v3_granite_8b,"deepseek_v3,granite_8b",233,random_forest_router,0.8712871287128713,6.766863366336633e-05,0.8712871287128713,0.039603960396039604,0.0,0.9306930693069307
2model_deepseek_v3_granite_8b,"deepseek_v3,granite_8b",233,extra_trees_router,0.8811881188118812,6.587704950495049e-05,0.8811881188118812,0.0297029702970297,0.0,0.9108910891089109
2model_deepseek_v3_granite_8b,"deepseek_v3,granite_8b",233,tfidf_logistic_router,0.8712871287128713,6.320861386138614e-05,0.8712871287128713,0.039603960396039604,0.0,0.900990099009901
2model_deepseek_v3_granite_8b,"deepseek_v3,granite_8b",233,tfidf_linear_svm_router,0.8712871287128713,6.785211881188119e-05,0.8712871287128713,0.039603960396039604,0.0,0.9405940594059405
3model_gemini_flash_lite_gemini_flash_qwen_30b,"gemini_flash_lite,gemini_flash,qwen_30b",229,always_gemini_flash_lite,0.9108910891089109,0.0001168069306930693,0.9108910891089109,0.0297029702970297,0.0,0.9702970297029703
3model_gemini_flash_lite_gemini_flash_qwen_30b,"gemini_flash_lite,gemini_flash,qwen_30b",229,always_gemini_flash,0.8712871287128713,0.0001869188118811881,0.8712871287128713,0.06930693069306931,0.0,0.0
3model_gemini_flash_lite_gemini_flash_qwen_30b,"gemini_flash_lite,gemini_flash,qwen_30b",229,always_qwen_30b,0.8811881188118812,2.3685825742574253e-05,0.8811881188118812,0.0594059405940594,0.0,0.0297029702970297
3model_gemini_flash_lite_gemini_flash_qwen_30b,"gemini_flash_lite,gemini_flash,qwen_30b",229,random,0.8811881188118812,0.00010332302178217823,0.8811881188118812,0.0594059405940594,0.0,0.2871287128712871
3model_gemini_flash_lite_gemini_flash_qwen_30b,"gemini_flash_lite,gemini_flash,qwen_30b",229,oracle,0.9405940594059405,0.00011414039207920793,0.9405940594059405,0.0,0.0,1.0
3model_gemini_flash_lite_gemini_flash_qwen_30b,"gemini_flash_lite,gemini_flash,qwen_30b",229,logistic_router,0.9207920792079208,0.00011439905742574259,0.9207920792079208,0.019801980198019802,0.0,0.8811881188118812
3model_gemini_flash_lite_gemini_flash_qwen_30b,"gemini_flash_lite,gemini_flash,qwen_30b",229,linear_svm_router,0.9108910891089109,0.0001168069306930693,0.9108910891089109,0.0297029702970297,0.0,0.9702970297029703
3model_gemini_flash_lite_gemini_flash_qwen_30b,"gemini_flash_lite,gemini_flash,qwen_30b",229,knn_router,0.9108910891089109,0.0001168069306930693,0.9108910891089109,0.0297029702970297,0.0,0.9702970297029703
3model_gemini_flash_lite_gemini_flash_qwen_30b,"gemini_flash_lite,gemini_flash,qwen_30b",229,decision_tree_router,0.9108910891089109,0.00011570424554455446,0.9108910891089109,0.0297029702970297,0.0,0.9108910891089109
3model_gemini_flash_lite_gemini_flash_qwen_30b,"gemini_flash_lite,gemini_flash,qwen_30b",229,random_forest_router,0.9108910891089109,0.0001168069306930693,0.9108910891089109,0.0297029702970297,0.0,0.9702970297029703
3model_gemini_flash_lite_gemini_flash_qwen_30b,"gemini_flash_lite,gemini_flash,qwen_30b",229,extra_trees_router,0.900990099009901,0.00010676053861386138,0.900990099009901,0.039603960396039604,0.0,0.8613861386138614
3model_gemini_flash_lite_gemini_flash_qwen_30b,"gemini_flash_lite,gemini_flash,qwen_30b",229,tfidf_logistic_router,0.9108910891089109,0.00011505270495049506,0.9108910891089109,0.0297029702970297,0.0,0.9207920792079208
3model_gemini_flash_lite_gemini_flash_qwen_30b,"gemini_flash_lite,gemini_flash,qwen_30b",229,tfidf_linear_svm_router,0.9108910891089109,0.0001168069306930693,0.9108910891089109,0.0297029702970297,0.0,0.9702970297029703
3model_gemini_flash_lite_gemini_flash_qwen_30b,"gemini_flash_lite,gemini_flash,qwen_30b",230,always_gemini_flash_lite,0.9702970297029703,0.00012524999999999998,0.9702970297029703,0.009900990099009901,0.0,0.9900990099009901
3model_gemini_flash_lite_gemini_flash_qwen_30b,"gemini_flash_lite,gemini_flash,qwen_30b",230,always_gemini_flash,0.8811881188118812,0.00020017524752475246,0.8811881188118812,0.09900990099009901,0.0,0.0
3model_gemini_flash_lite_gemini_flash_qwen_30b,"gemini_flash_lite,gemini_flash,qwen_30b",230,always_qwen_30b,0.9207920792079208,2.5462792079207926e-05,0.9207920792079208,0.0594059405940594,0.0,0.009900990099009901
3model_gemini_flash_lite_gemini_flash_qwen_30b,"gemini_flash_lite,gemini_flash,qwen_30b",230,random,0.9306930693069307,0.0001222718613861386,0.9306930693069307,0.04950495049504951,0.0,0.36633663366336633
3model_gemini_flash_lite_gemini_flash_qwen_30b,"gemini_flash_lite,gemini_flash,qwen_30b",230,oracle,0.9801980198019802,0.0001243768316831683,0.9801980198019802,0.0,0.0,1.0
3model_gemini_flash_lite_gemini_flash_qwen_30b,"gemini_flash_lite,gemini_flash,qwen_30b",230,logistic_router,0.9801980198019802,0.00012350143762376238,0.9801980198019802,0.0,0.0,0.9207920792079208
3model_gemini_flash_lite_gemini_flash_qwen_30b,"gemini_flash_lite,gemini_flash,qwen_30b",230,linear_svm_router,0.9702970297029703,0.00012653049504950494,0.9702970297029703,0.009900990099009901,0.0,0.9702970297029703
3model_gemini_flash_lite_gemini_flash_qwen_30b,"gemini_flash_lite,gemini_flash,qwen_30b",230,knn_router,0.9702970297029703,0.00012524999999999998,0.9702970297029703,0.009900990099009901,0.0,0.9900990099009901
3model_gemini_flash_lite_gemini_flash_qwen_30b,"gemini_flash_lite,gemini_flash,qwen_30b",230,decision_tree_router,0.9702970297029703,0.00012537653465346534,0.9702970297029703,0.009900990099009901,0.0,0.8811881188118812
3model_gemini_flash_lite_gemini_flash_qwen_30b,"gemini_flash_lite,gemini_flash,qwen_30b",230,random_forest_router,0.9702970297029703,0.00012524999999999998,0.9702970297029703,0.009900990099009901,0.0,0.9900990099009901
3model_gemini_flash_lite_gemini_flash_qwen_30b,"gemini_flash_lite,gemini_flash,qwen_30b",230,extra_trees_router,0.9801980198019802,0.00012131581782178216,0.9801980198019802,0.0,0.0,0.9603960396039604
3model_gemini_flash_lite_gemini_flash_qwen_30b,"gemini_flash_lite,gemini_flash,qwen_30b",230,tfidf_logistic_router,0.9702970297029703,0.00012396430495049504,0.9702970297029703,0.009900990099009901,0.0,0.9504950495049505
3model_gemini_flash_lite_gemini_flash_qwen_30b,"gemini_flash_lite,gemini_flash,qwen_30b",230,tfidf_linear_svm_router,0.9702970297029703,0.00012524999999999998,0.9702970297029703,0.009900990099009901,0.0,0.9900990099009901
3model_gemini_flash_lite_gemini_flash_qwen_30b,"gemini_flash_lite,gemini_flash,qwen_30b",231,always_gemini_flash_lite,0.9306930693069307,0.00012613366336633661,0.9306930693069307,0.009900990099009901,0.0,0.9900990099009901
3model_gemini_flash_lite_gemini_flash_qwen_30b,"gemini_flash_lite,gemini_flash,qwen_30b",231,always_gemini_flash,0.8316831683168316,0.00020165940594059402,0.8316831683168316,0.10891089108910891,0.0,0.0
3model_gemini_flash_lite_gemini_flash_qwen_30b,"gemini_flash_lite,gemini_flash,qwen_30b",231,always_qwen_30b,0.8613861386138614,2.4274570297029705e-05,0.8613861386138614,0.07920792079207921,0.0,0.009900990099009901
3model_gemini_flash_lite_gemini_flash_qwen_30b,"gemini_flash_lite,gemini_flash,qwen_30b",231,random,0.8712871287128713,0.00012170460594059406,0.8712871287128713,0.06930693069306931,0.0,0.22772277227722773
3model_gemini_flash_lite_gemini_flash_qwen_30b,"gemini_flash_lite,gemini_flash,qwen_30b",231,oracle,0.9405940594059405,0.00012531548514851484,0.9405940594059405,0.0,0.0,1.0
3model_gemini_flash_lite_gemini_flash_qwen_30b,"gemini_flash_lite,gemini_flash,qwen_30b",231,logistic_router,0.9306930693069307,0.0001256300198019802,0.9306930693069307,0.009900990099009901,0.0,0.8712871287128713
3model_gemini_flash_lite_gemini_flash_qwen_30b,"gemini_flash_lite,gemini_flash,qwen_30b",231,linear_svm_router,0.9207920792079208,0.0001222671920792079,0.9207920792079208,0.019801980198019802,0.0,0.9603960396039604
3model_gemini_flash_lite_gemini_flash_qwen_30b,"gemini_flash_lite,gemini_flash,qwen_30b",231,knn_router,0.9306930693069307,0.00012613366336633661,0.9306930693069307,0.009900990099009901,0.0,0.9900990099009901
3model_gemini_flash_lite_gemini_flash_qwen_30b,"gemini_flash_lite,gemini_flash,qwen_30b",231,decision_tree_router,0.9306930693069307,0.00012595320396039604,0.9306930693069307,0.009900990099009901,0.0,0.9207920792079208
3model_gemini_flash_lite_gemini_flash_qwen_30b,"gemini_flash_lite,gemini_flash,qwen_30b",231,random_forest_router,0.9207920792079208,0.00012197926336633664,0.9207920792079208,0.019801980198019802,0.0,0.9405940594059405
3model_gemini_flash_lite_gemini_flash_qwen_30b,"gemini_flash_lite,gemini_flash,qwen_30b",231,extra_trees_router,0.9207920792079208,0.00012050733861386139,0.9207920792079208,0.019801980198019802,0.0,0.8712871287128713
3model_gemini_flash_lite_gemini_flash_qwen_30b,"gemini_flash_lite,gemini_flash,qwen_30b",231,tfidf_logistic_router,0.9306930693069307,0.00012489363564356434,0.9306930693069307,0.009900990099009901,0.0,0.9306930693069307
3model_gemini_flash_lite_gemini_flash_qwen_30b,"gemini_flash_lite,gemini_flash,qwen_30b",231,tfidf_linear_svm_router,0.9306930693069307,0.00012613366336633661,0.9306930693069307,0.009900990099009901,0.0,0.9900990099009901
3model_gemini_flash_lite_gemini_flash_qwen_30b,"gemini_flash_lite,gemini_flash,qwen_30b",232,always_gemini_flash_lite,0.9603960396039604,0.00011580445544554458,0.9603960396039604,0.0,0.0,
3model_gemini_flash_lite_gemini_flash_qwen_30b,"gemini_flash_lite,gemini_flash,qwen_30b",232,always_gemini_flash,0.900990099009901,0.0001824257425742574,0.900990099009901,0.0594059405940594,0.0,
3model_gemini_flash_lite_gemini_flash_qwen_30b,"gemini_flash_lite,gemini_flash,qwen_30b",232,always_qwen_30b,0.8910891089108911,2.3704570297029702e-05,0.8910891089108911,0.06930693069306931,0.0,
3model_gemini_flash_lite_gemini_flash_qwen_30b,"gemini_flash_lite,gemini_flash,qwen_30b",232,random,0.900990099009901,0.00011856883564356435,0.900990099009901,0.0594059405940594,0.0,
3model_gemini_flash_lite_gemini_flash_qwen_30b,"gemini_flash_lite,gemini_flash,qwen_30b",232,oracle,0.9603960396039604,0.00011580445544554458,0.9603960396039604,0.0,0.0,
3model_gemini_flash_lite_gemini_flash_qwen_30b,"gemini_flash_lite,gemini_flash,qwen_30b",232,logistic_router,0.9504950495049505,0.00011127521980198017,0.9504950495049505,0.009900990099009901,0.0,
3model_gemini_flash_lite_gemini_flash_qwen_30b,"gemini_flash_lite,gemini_flash,qwen_30b",232,linear_svm_router,0.9603960396039604,0.00011503792079207921,0.9603960396039604,0.0,0.0,
3model_gemini_flash_lite_gemini_flash_qwen_30b,"gemini_flash_lite,gemini_flash,qwen_30b",232,knn_router,0.9603960396039604,0.00011580445544554458,0.9603960396039604,0.0,0.0,
3model_gemini_flash_lite_gemini_flash_qwen_30b,"gemini_flash_lite,gemini_flash,qwen_30b",232,decision_tree_router,0.9504950495049505,9.928588910891088e-05,0.9504950495049505,0.009900990099009901,0.0,
3model_gemini_flash_lite_gemini_flash_qwen_30b,"gemini_flash_lite,gemini_flash,qwen_30b",232,random_forest_router,0.9504950495049505,0.00011515049504950495,0.9504950495049505,0.009900990099009901,0.0,
3model_gemini_flash_lite_gemini_flash_qwen_30b,"gemini_flash_lite,gemini_flash,qwen_30b",232,extra_trees_router,0.9405940594059405,0.00011088710099009898,0.9405940594059405,0.019801980198019802,0.0,
3model_gemini_flash_lite_gemini_flash_qwen_30b,"gemini_flash_lite,gemini_flash,qwen_30b",232,tfidf_logistic_router,0.9603960396039604,0.0001145060396039604,0.9603960396039604,0.0,0.0,
3model_gemini_flash_lite_gemini_flash_qwen_30b,"gemini_flash_lite,gemini_flash,qwen_30b",232,tfidf_linear_svm_router,0.9603960396039604,0.00011580445544554458,0.9603960396039604,0.0,0.0,
3model_gemini_flash_lite_gemini_flash_qwen_30b,"gemini_flash_lite,gemini_flash,qwen_30b",233,always_gemini_flash_lite,0.9306930693069307,0.00012366089108910893,0.9306930693069307,0.009900990099009901,0.0,0.9900990099009901
3model_gemini_flash_lite_gemini_flash_qwen_30b,"gemini_flash_lite,gemini_flash,qwen_30b",233,always_gemini_flash,0.8217821782178217,0.00019657623762376237,0.8217821782178217,0.1188118811881188,0.0,0.0
3model_gemini_flash_lite_gemini_flash_qwen_30b,"gemini_flash_lite,gemini_flash,qwen_30b",233,always_qwen_30b,0.8910891089108911,2.4048427722772278e-05,0.8910891089108911,0.04950495049504951,0.0,0.009900990099009901
3model_gemini_flash_lite_gemini_flash_qwen_30b,"gemini_flash_lite,gemini_flash,qwen_30b",233,random,0.8712871287128713,0.00010660315247524752,0.8712871287128713,0.06930693069306931,0.0,0.36633663366336633
3model_gemini_flash_lite_gemini_flash_qwen_30b,"gemini_flash_lite,gemini_flash,qwen_30b",233,oracle,0.9405940594059405,0.00012268569900990097,0.9405940594059405,0.0,0.0,1.0
3model_gemini_flash_lite_gemini_flash_qwen_30b,"gemini_flash_lite,gemini_flash,qwen_30b",233,logistic_router,0.9108910891089109,0.00011927514851485147,0.9108910891089109,0.0297029702970297,0.0,0.900990099009901
3model_gemini_flash_lite_gemini_flash_qwen_30b,"gemini_flash_lite,gemini_flash,qwen_30b",233,linear_svm_router,0.9207920792079208,0.00012218831683168314,0.9207920792079208,0.019801980198019802,0.0,0.9702970297029703
3model_gemini_flash_lite_gemini_flash_qwen_30b,"gemini_flash_lite,gemini_flash,qwen_30b",233,knn_router,0.9306930693069307,0.00012366089108910893,0.9306930693069307,0.009900990099009901,0.0,0.9900990099009901
3model_gemini_flash_lite_gemini_flash_qwen_30b,"gemini_flash_lite,gemini_flash,qwen_30b",233,decision_tree_router,0.9306930693069307,0.00012466358415841585,0.9306930693069307,0.009900990099009901,0.0,0.900990099009901
3model_gemini_flash_lite_gemini_flash_qwen_30b,"gemini_flash_lite,gemini_flash,qwen_30b",233,random_forest_router,0.9306930693069307,0.0001227198613861386,0.9306930693069307,0.009900990099009901,0.0,0.9801980198019802
3model_gemini_flash_lite_gemini_flash_qwen_30b,"gemini_flash_lite,gemini_flash,qwen_30b",233,extra_trees_router,0.900990099009901,0.00011828667326732671,0.900990099009901,0.039603960396039604,0.0,0.8910891089108911
3model_gemini_flash_lite_gemini_flash_qwen_30b,"gemini_flash_lite,gemini_flash,qwen_30b",233,tfidf_logistic_router,0.9207920792079208,0.00012218831683168314,0.9207920792079208,0.019801980198019802,0.0,0.9702970297029703
3model_gemini_flash_lite_gemini_flash_qwen_30b,"gemini_flash_lite,gemini_flash,qwen_30b",233,tfidf_linear_svm_router,0.9306930693069307,0.00012366089108910893,0.9306930693069307,0.009900990099009901,0.0,0.9900990099009901
3model_gemini_flash_lite_gemini_flash_llama_70b,"gemini_flash_lite,gemini_flash,llama_70b",229,always_gemini_flash_lite,0.9108910891089109,0.0001168069306930693,0.9108910891089109,0.0,0.0,
3model_gemini_flash_lite_gemini_flash_llama_70b,"gemini_flash_lite,gemini_flash,llama_70b",229,always_gemini_flash,0.8712871287128713,0.0001869188118811881,0.8712871287128713,0.039603960396039604,0.0,
3model_gemini_flash_lite_gemini_flash_llama_70b,"gemini_flash_lite,gemini_flash,llama_70b",229,always_llama_70b,0.8514851485148515,5.191463366336634e-05,0.8514851485148515,0.0594059405940594,0.0,
3model_gemini_flash_lite_gemini_flash_llama_70b,"gemini_flash_lite,gemini_flash,llama_70b",229,random,0.8613861386138614,0.00010974019801980196,0.8613861386138614,0.04950495049504951,0.0,
3model_gemini_flash_lite_gemini_flash_llama_70b,"gemini_flash_lite,gemini_flash,llama_70b",229,oracle,0.9108910891089109,0.0001168069306930693,0.9108910891089109,0.0,0.0,
3model_gemini_flash_lite_gemini_flash_llama_70b,"gemini_flash_lite,gemini_flash,llama_70b",229,logistic_router,0.900990099009901,0.00011585683168316832,0.900990099009901,0.009900990099009901,0.0,
3model_gemini_flash_lite_gemini_flash_llama_70b,"gemini_flash_lite,gemini_flash,llama_70b",229,linear_svm_router,0.9108910891089109,0.00011674673267326734,0.9108910891089109,0.0,0.0,
3model_gemini_flash_lite_gemini_flash_llama_70b,"gemini_flash_lite,gemini_flash,llama_70b",229,knn_router,0.9108910891089109,0.0001168069306930693,0.9108910891089109,0.0,0.0,
3model_gemini_flash_lite_gemini_flash_llama_70b,"gemini_flash_lite,gemini_flash,llama_70b",229,decision_tree_router,0.8712871287128713,0.0001073731683168317,0.8712871287128713,0.039603960396039604,0.0,
3model_gemini_flash_lite_gemini_flash_llama_70b,"gemini_flash_lite,gemini_flash,llama_70b",229,random_forest_router,0.9108910891089109,0.0001162651485148515,0.9108910891089109,0.0,0.0,
3model_gemini_flash_lite_gemini_flash_llama_70b,"gemini_flash_lite,gemini_flash,llama_70b",229,extra_trees_router,0.8910891089108911,0.0001044029207920792,0.8910891089108911,0.019801980198019802,0.0,
3model_gemini_flash_lite_gemini_flash_llama_70b,"gemini_flash_lite,gemini_flash,llama_70b",229,tfidf_logistic_router,0.9108910891089109,0.00011814178217821782,0.9108910891089109,0.0,0.0,
3model_gemini_flash_lite_gemini_flash_llama_70b,"gemini_flash_lite,gemini_flash,llama_70b",229,tfidf_linear_svm_router,0.9108910891089109,0.00011674673267326734,0.9108910891089109,0.0,0.0,
3model_gemini_flash_lite_gemini_flash_llama_70b,"gemini_flash_lite,gemini_flash,llama_70b",230,always_gemini_flash_lite,0.9702970297029703,0.00012524999999999998,0.9702970297029703,0.0,0.0,
3model_gemini_flash_lite_gemini_flash_llama_70b,"gemini_flash_lite,gemini_flash,llama_70b",230,always_gemini_flash,0.8811881188118812,0.00020017524752475246,0.8811881188118812,0.0891089108910891,0.0,
3model_gemini_flash_lite_gemini_flash_llama_70b,"gemini_flash_lite,gemini_flash,llama_70b",230,always_llama_70b,0.8910891089108911,5.2112425742574264e-05,0.8910891089108911,0.07920792079207921,0.0,
3model_gemini_flash_lite_gemini_flash_llama_70b,"gemini_flash_lite,gemini_flash,llama_70b",230,random,0.9108910891089109,0.00012899722772277225,0.9108910891089109,0.0594059405940594,0.0,
3model_gemini_flash_lite_gemini_flash_llama_70b,"gemini_flash_lite,gemini_flash,llama_70b",230,oracle,0.9702970297029703,0.00012524999999999998,0.9702970297029703,0.0,0.0,
3model_gemini_flash_lite_gemini_flash_llama_70b,"gemini_flash_lite,gemini_flash,llama_70b",230,logistic_router,0.9702970297029703,0.0001243869306930693,0.9702970297029703,0.0,0.0,
3model_gemini_flash_lite_gemini_flash_llama_70b,"gemini_flash_lite,gemini_flash,llama_70b",230,linear_svm_router,0.9702970297029703,0.00012303138613861385,0.9702970297029703,0.0,0.0,
3model_gemini_flash_lite_gemini_flash_llama_70b,"gemini_flash_lite,gemini_flash,llama_70b",230,knn_router,0.9702970297029703,0.00012524999999999998,0.9702970297029703,0.0,0.0,
3model_gemini_flash_lite_gemini_flash_llama_70b,"gemini_flash_lite,gemini_flash,llama_70b",230,decision_tree_router,0.9504950495049505,0.000118675,0.9504950495049505,0.019801980198019802,0.0,
3model_gemini_flash_lite_gemini_flash_llama_70b,"gemini_flash_lite,gemini_flash,llama_70b",230,random_forest_router,0.9702970297029703,0.00012524999999999998,0.9702970297029703,0.0,0.0,
3model_gemini_flash_lite_gemini_flash_llama_70b,"gemini_flash_lite,gemini_flash,llama_70b",230,extra_trees_router,0.9702970297029703,0.00011809262376237624,0.9702970297029703,0.0,0.0,
3model_gemini_flash_lite_gemini_flash_llama_70b,"gemini_flash_lite,gemini_flash,llama_70b",230,tfidf_logistic_router,0.9702970297029703,0.0001272529702970297,0.9702970297029703,0.0,0.0,
3model_gemini_flash_lite_gemini_flash_llama_70b,"gemini_flash_lite,gemini_flash,llama_70b",230,tfidf_linear_svm_router,0.9702970297029703,0.00012524999999999998,0.9702970297029703,0.0,0.0,
3model_gemini_flash_lite_gemini_flash_llama_70b,"gemini_flash_lite,gemini_flash,llama_70b",231,always_gemini_flash_lite,0.9306930693069307,0.00012613366336633661,0.9306930693069307,0.009900990099009901,0.0,0.9900990099009901
3model_gemini_flash_lite_gemini_flash_llama_70b,"gemini_flash_lite,gemini_flash,llama_70b",231,always_gemini_flash,0.8316831683168316,0.00020165940594059402,0.8316831683168316,0.10891089108910891,0.0,0.0
3model_gemini_flash_lite_gemini_flash_llama_70b,"gemini_flash_lite,gemini_flash,llama_70b",231,always_llama_70b,0.8613861386138614,5.35139900990099e-05,0.8613861386138614,0.07920792079207921,0.0,0.009900990099009901
3model_gemini_flash_lite_gemini_flash_llama_70b,"gemini_flash_lite,gemini_flash,llama_70b",231,random,0.8712871287128713,0.00013269958415841582,0.8712871287128713,0.06930693069306931,0.0,0.22772277227722773
3model_gemini_flash_lite_gemini_flash_llama_70b,"gemini_flash_lite,gemini_flash,llama_70b",231,oracle,0.9405940594059405,0.00012542237623762374,0.9405940594059405,0.0,0.0,1.0
3model_gemini_flash_lite_gemini_flash_llama_70b,"gemini_flash_lite,gemini_flash,llama_70b",231,logistic_router,0.9108910891089109,0.00013043039603960395,0.9108910891089109,0.0297029702970297,0.0,0.8613861386138614
3model_gemini_flash_lite_gemini_flash_llama_70b,"gemini_flash_lite,gemini_flash,llama_70b",231,linear_svm_router,0.9306930693069307,0.00012327435643564355,0.9306930693069307,0.009900990099009901,0.0,0.9405940594059405
3model_gemini_flash_lite_gemini_flash_llama_70b,"gemini_flash_lite,gemini_flash,llama_70b",231,knn_router,0.9306930693069307,0.00012613366336633661,0.9306930693069307,0.009900990099009901,0.0,0.9900990099009901
3model_gemini_flash_lite_gemini_flash_llama_70b,"gemini_flash_lite,gemini_flash,llama_70b",231,decision_tree_router,0.9207920792079208,0.00012630722772277226,0.9207920792079208,0.019801980198019802,0.0,0.8910891089108911
3model_gemini_flash_lite_gemini_flash_llama_70b,"gemini_flash_lite,gemini_flash,llama_70b",231,random_forest_router,0.9306930693069307,0.0001254736633663366,0.9306930693069307,0.009900990099009901,0.0,0.9801980198019802
3model_gemini_flash_lite_gemini_flash_llama_70b,"gemini_flash_lite,gemini_flash,llama_70b",231,extra_trees_router,0.9108910891089109,0.00012083995049504952,0.9108910891089109,0.0297029702970297,0.0,0.8514851485148515
3model_gemini_flash_lite_gemini_flash_llama_70b,"gemini_flash_lite,gemini_flash,llama_70b",231,tfidf_logistic_router,0.9306930693069307,0.00012816336633663365,0.9306930693069307,0.009900990099009901,0.0,0.9504950495049505
3model_gemini_flash_lite_gemini_flash_llama_70b,"gemini_flash_lite,gemini_flash,llama_70b",231,tfidf_linear_svm_router,0.9306930693069307,0.00012474603960396037,0.9306930693069307,0.009900990099009901,0.0,0.9603960396039604
3model_gemini_flash_lite_gemini_flash_llama_70b,"gemini_flash_lite,gemini_flash,llama_70b",232,always_gemini_flash_lite,0.9603960396039604,0.00011580445544554458,0.9603960396039604,0.0,0.0,
3model_gemini_flash_lite_gemini_flash_llama_70b,"gemini_flash_lite,gemini_flash,llama_70b",232,always_gemini_flash,0.900990099009901,0.0001824257425742574,0.900990099009901,0.0594059405940594,0.0,
3model_gemini_flash_lite_gemini_flash_llama_70b,"gemini_flash_lite,gemini_flash,llama_70b",232,always_llama_70b,0.8910891089108911,5.238212871287129e-05,0.8910891089108911,0.06930693069306931,0.0,
3model_gemini_flash_lite_gemini_flash_llama_70b,"gemini_flash_lite,gemini_flash,llama_70b",232,random,0.900990099009901,0.0001262718316831683,0.900990099009901,0.0594059405940594,0.0,
3model_gemini_flash_lite_gemini_flash_llama_70b,"gemini_flash_lite,gemini_flash,llama_70b",232,oracle,0.9603960396039604,0.00011580445544554458,0.9603960396039604,0.0,0.0,
3model_gemini_flash_lite_gemini_flash_llama_70b,"gemini_flash_lite,gemini_flash,llama_70b",232,logistic_router,0.9603960396039604,0.000111789801980198,0.9603960396039604,0.0,0.0,
3model_gemini_flash_lite_gemini_flash_llama_70b,"gemini_flash_lite,gemini_flash,llama_70b",232,linear_svm_router,0.9603960396039604,0.00011574425742574257,0.9603960396039604,0.0,0.0,
3model_gemini_flash_lite_gemini_flash_llama_70b,"gemini_flash_lite,gemini_flash,llama_70b",232,knn_router,0.9603960396039604,0.00011580445544554458,0.9603960396039604,0.0,0.0,
3model_gemini_flash_lite_gemini_flash_llama_70b,"gemini_flash_lite,gemini_flash,llama_70b",232,decision_tree_router,0.9306930693069307,0.00010584212871287129,0.9306930693069307,0.0297029702970297,0.0,
3model_gemini_flash_lite_gemini_flash_llama_70b,"gemini_flash_lite,gemini_flash,llama_70b",232,random_forest_router,0.9603960396039604,0.00011580445544554458,0.9603960396039604,0.0,0.0,
3model_gemini_flash_lite_gemini_flash_llama_70b,"gemini_flash_lite,gemini_flash,llama_70b",232,extra_trees_router,0.9504950495049505,0.00011012163366336632,0.9504950495049505,0.009900990099009901,0.0,
3model_gemini_flash_lite_gemini_flash_llama_70b,"gemini_flash_lite,gemini_flash,llama_70b",232,tfidf_logistic_router,0.9603960396039604,0.00011574425742574257,0.9603960396039604,0.0,0.0,
3model_gemini_flash_lite_gemini_flash_llama_70b,"gemini_flash_lite,gemini_flash,llama_70b",232,tfidf_linear_svm_router,0.9603960396039604,0.00011580445544554458,0.9603960396039604,0.0,0.0,
3model_gemini_flash_lite_gemini_flash_llama_70b,"gemini_flash_lite,gemini_flash,llama_70b",233,always_gemini_flash_lite,0.9306930693069307,0.00012366089108910893,0.9306930693069307,0.009900990099009901,0.0,0.9900990099009901
3model_gemini_flash_lite_gemini_flash_llama_70b,"gemini_flash_lite,gemini_flash,llama_70b",233,always_gemini_flash,0.8217821782178217,0.00019657623762376237,0.8217821782178217,0.1188118811881188,0.0,0.0
3model_gemini_flash_lite_gemini_flash_llama_70b,"gemini_flash_lite,gemini_flash,llama_70b",233,always_llama_70b,0.8811881188118812,5.316852475247525e-05,0.8811881188118812,0.0594059405940594,0.0,0.009900990099009901
3model_gemini_flash_lite_gemini_flash_llama_70b,"gemini_flash_lite,gemini_flash,llama_70b",233,random,0.8910891089108911,0.00011494456435643565,0.8910891089108911,0.04950495049504951,0.0,0.3465346534653465
3model_gemini_flash_lite_gemini_flash_llama_70b,"gemini_flash_lite,gemini_flash,llama_70b",233,oracle,0.9405940594059405,0.00012336881188118812,0.9405940594059405,0.0,0.0,1.0
3model_gemini_flash_lite_gemini_flash_llama_70b,"gemini_flash_lite,gemini_flash,llama_70b",233,logistic_router,0.900990099009901,0.00012038460396039602,0.900990099009901,0.039603960396039604,0.0,0.8613861386138614
3model_gemini_flash_lite_gemini_flash_llama_70b,"gemini_flash_lite,gemini_flash,llama_70b",233,linear_svm_router,0.9306930693069307,0.00012366089108910893,0.9306930693069307,0.009900990099009901,0.0,0.9900990099009901
3model_gemini_flash_lite_gemini_flash_llama_70b,"gemini_flash_lite,gemini_flash,llama_70b",233,knn_router,0.9306930693069307,0.00012366089108910893,0.9306930693069307,0.009900990099009901,0.0,0.9900990099009901
3model_gemini_flash_lite_gemini_flash_llama_70b,"gemini_flash_lite,gemini_flash,llama_70b",233,decision_tree_router,0.9207920792079208,0.00011436658415841584,0.9207920792079208,0.019801980198019802,0.0,0.7920792079207921
3model_gemini_flash_lite_gemini_flash_llama_70b,"gemini_flash_lite,gemini_flash,llama_70b",233,random_forest_router,0.9306930693069307,0.00012366089108910893,0.9306930693069307,0.009900990099009901,0.0,0.9900990099009901
3model_gemini_flash_lite_gemini_flash_llama_70b,"gemini_flash_lite,gemini_flash,llama_70b",233,extra_trees_router,0.9108910891089109,0.00011636248514851484,0.9108910891089109,0.0297029702970297,0.0,0.8316831683168316
3model_gemini_flash_lite_gemini_flash_llama_70b,"gemini_flash_lite,gemini_flash,llama_70b",233,tfidf_logistic_router,0.9306930693069307,0.00012366089108910893,0.9306930693069307,0.009900990099009901,0.0,0.9900990099009901
3model_gemini_flash_lite_gemini_flash_llama_70b,"gemini_flash_lite,gemini_flash,llama_70b",233,tfidf_linear_svm_router,0.9306930693069307,0.00012366089108910893,0.9306930693069307,0.009900990099009901,0.0,0.9900990099009901
3model_gemini_flash_lite_gemini_flash_deepseek_v3,"gemini_flash_lite,gemini_flash,deepseek_v3",229,always_gemini_flash_lite,0.9108910891089109,0.0001168069306930693,0.9108910891089109,0.039603960396039604,0.0,0.9603960396039604
3model_gemini_flash_lite_gemini_flash_deepseek_v3,"gemini_flash_lite,gemini_flash,deepseek_v3",229,always_gemini_flash,0.8712871287128713,0.0001869188118811881,0.8712871287128713,0.07920792079207921,0.0,0.0
3model_gemini_flash_lite_gemini_flash_deepseek_v3,"gemini_flash_lite,gemini_flash,deepseek_v3",229,always_deepseek_v3,0.9207920792079208,6.72319207920792e-05,0.9207920792079208,0.0297029702970297,0.0,0.039603960396039604
3model_gemini_flash_lite_gemini_flash_deepseek_v3,"gemini_flash_lite,gemini_flash,deepseek_v3",229,random,0.9108910891089109,0.00011864815841584158,0.9108910891089109,0.039603960396039604,0.0,0.3069306930693069
3model_gemini_flash_lite_gemini_flash_deepseek_v3,"gemini_flash_lite,gemini_flash,deepseek_v3",229,oracle,0.9504950495049505,0.00011524366336633661,0.9504950495049505,0.0,0.0,1.0
3model_gemini_flash_lite_gemini_flash_deepseek_v3,"gemini_flash_lite,gemini_flash,deepseek_v3",229,logistic_router,0.9207920792079208,0.00011815110891089105,0.9207920792079208,0.0297029702970297,0.0,0.900990099009901
3model_gemini_flash_lite_gemini_flash_deepseek_v3,"gemini_flash_lite,gemini_flash,deepseek_v3",229,linear_svm_router,0.9108910891089109,0.00011804631683168316,0.9108910891089109,0.039603960396039604,0.0,0.9405940594059405
3model_gemini_flash_lite_gemini_flash_deepseek_v3,"gemini_flash_lite,gemini_flash,deepseek_v3",229,knn_router,0.9108910891089109,0.0001168069306930693,0.9108910891089109,0.039603960396039604,0.0,0.9603960396039604
3model_gemini_flash_lite_gemini_flash_deepseek_v3,"gemini_flash_lite,gemini_flash,deepseek_v3",229,decision_tree_router,0.9108910891089109,0.00011802029702970298,0.9108910891089109,0.039603960396039604,0.0,0.9306930693069307
3model_gemini_flash_lite_gemini_flash_deepseek_v3,"gemini_flash_lite,gemini_flash,deepseek_v3",229,random_forest_router,0.9108910891089109,0.0001168069306930693,0.9108910891089109,0.039603960396039604,0.0,0.9603960396039604
3model_gemini_flash_lite_gemini_flash_deepseek_v3,"gemini_flash_lite,gemini_flash,deepseek_v3",229,extra_trees_router,0.9207920792079208,0.0001142357623762376,0.9207920792079208,0.0297029702970297,0.0,0.9306930693069307
3model_gemini_flash_lite_gemini_flash_deepseek_v3,"gemini_flash_lite,gemini_flash,deepseek_v3",229,tfidf_logistic_router,0.9207920792079208,0.0001156308118811881,0.9207920792079208,0.0297029702970297,0.0,0.9207920792079208
3model_gemini_flash_lite_gemini_flash_deepseek_v3,"gemini_flash_lite,gemini_flash,deepseek_v3",229,tfidf_linear_svm_router,0.9108910891089109,0.0001168069306930693,0.9108910891089109,0.039603960396039604,0.0,0.9603960396039604
3model_gemini_flash_lite_gemini_flash_deepseek_v3,"gemini_flash_lite,gemini_flash,deepseek_v3",230,always_gemini_flash_lite,0.9702970297029703,0.00012524999999999998,0.9702970297029703,0.019801980198019802,0.0,0.9801980198019802
3model_gemini_flash_lite_gemini_flash_deepseek_v3,"gemini_flash_lite,gemini_flash,deepseek_v3",230,always_gemini_flash,0.8811881188118812,0.00020017524752475246,0.8811881188118812,0.10891089108910891,0.0,0.0
3model_gemini_flash_lite_gemini_flash_deepseek_v3,"gemini_flash_lite,gemini_flash,deepseek_v3",230,always_deepseek_v3,0.9306930693069307,7.106932673267325e-05,0.9306930693069307,0.0594059405940594,0.0,0.019801980198019802
3model_gemini_flash_lite_gemini_flash_deepseek_v3,"gemini_flash_lite,gemini_flash,deepseek_v3",230,random,0.9306930693069307,0.00013637061386138612,0.9306930693069307,0.0594059405940594,0.0,0.36633663366336633
3model_gemini_flash_lite_gemini_flash_deepseek_v3,"gemini_flash_lite,gemini_flash,deepseek_v3",230,oracle,0.9900990099009901,0.0001239987128712871,0.9900990099009901,0.0,0.0,1.0
3model_gemini_flash_lite_gemini_flash_deepseek_v3,"gemini_flash_lite,gemini_flash,deepseek_v3",230,logistic_router,0.9801980198019802,0.00012464520792079204,0.9801980198019802,0.009900990099009901,0.0,0.9207920792079208
3model_gemini_flash_lite_gemini_flash_deepseek_v3,"gemini_flash_lite,gemini_flash,deepseek_v3",230,linear_svm_router,0.9801980198019802,0.00012467980198019798,0.9801980198019802,0.009900990099009901,0.0,0.9900990099009901
3model_gemini_flash_lite_gemini_flash_deepseek_v3,"gemini_flash_lite,gemini_flash,deepseek_v3",230,knn_router,0.9702970297029703,0.00012524999999999998,0.9702970297029703,0.019801980198019802,0.0,0.9801980198019802
3model_gemini_flash_lite_gemini_flash_deepseek_v3,"gemini_flash_lite,gemini_flash,deepseek_v3",230,decision_tree_router,0.9801980198019802,0.00012721376237623762,0.9801980198019802,0.009900990099009901,0.0,0.8811881188118812
3model_gemini_flash_lite_gemini_flash_deepseek_v3,"gemini_flash_lite,gemini_flash,deepseek_v3",230,random_forest_router,0.9801980198019802,0.00012467980198019798,0.9801980198019802,0.009900990099009901,0.0,0.9900990099009901
3model_gemini_flash_lite_gemini_flash_deepseek_v3,"gemini_flash_lite,gemini_flash,deepseek_v3",230,extra_trees_router,0.9801980198019802,0.0001235285742574257,0.9801980198019802,0.009900990099009901,0.0,0.9702970297029703
3model_gemini_flash_lite_gemini_flash_deepseek_v3,"gemini_flash_lite,gemini_flash,deepseek_v3",230,tfidf_logistic_router,0.9801980198019802,0.00012620916831683165,0.9801980198019802,0.009900990099009901,0.0,0.9702970297029703
3model_gemini_flash_lite_gemini_flash_deepseek_v3,"gemini_flash_lite,gemini_flash,deepseek_v3",230,tfidf_linear_svm_router,0.9702970297029703,0.00012524999999999998,0.9702970297029703,0.019801980198019802,0.0,0.9801980198019802
3model_gemini_flash_lite_gemini_flash_deepseek_v3,"gemini_flash_lite,gemini_flash,deepseek_v3",231,always_gemini_flash_lite,0.9306930693069307,0.00012613366336633661,0.9306930693069307,0.019801980198019802,0.0,0.9801980198019802
3model_gemini_flash_lite_gemini_flash_deepseek_v3,"gemini_flash_lite,gemini_flash,deepseek_v3",231,always_gemini_flash,0.8316831683168316,0.00020165940594059402,0.8316831683168316,0.1188118811881188,0.0,0.0
3model_gemini_flash_lite_gemini_flash_deepseek_v3,"gemini_flash_lite,gemini_flash,deepseek_v3",231,always_deepseek_v3,0.8613861386138614,7.282815841584158e-05,0.8613861386138614,0.0891089108910891,0.0,0.019801980198019802
3model_gemini_flash_lite_gemini_flash_deepseek_v3,"gemini_flash_lite,gemini_flash,deepseek_v3",231,random,0.8514851485148515,0.00014029564356435643,0.8514851485148515,0.09900990099009901,0.0,0.2376237623762376
3model_gemini_flash_lite_gemini_flash_deepseek_v3,"gemini_flash_lite,gemini_flash,deepseek_v3",231,oracle,0.9504950495049505,0.0001257831683168317,0.9504950495049505,0.0,0.0,1.0
3model_gemini_flash_lite_gemini_flash_deepseek_v3,"gemini_flash_lite,gemini_flash,deepseek_v3",231,logistic_router,0.9306930693069307,0.00012765750495049503,0.9306930693069307,0.019801980198019802,0.0,0.8811881188118812
3model_gemini_flash_lite_gemini_flash_deepseek_v3,"gemini_flash_lite,gemini_flash,deepseek_v3",231,linear_svm_router,0.9306930693069307,0.00012475609900990098,0.9306930693069307,0.019801980198019802,0.0,0.9702970297029703
3model_gemini_flash_lite_gemini_flash_deepseek_v3,"gemini_flash_lite,gemini_flash,deepseek_v3",231,knn_router,0.9306930693069307,0.00012613366336633661,0.9306930693069307,0.019801980198019802,0.0,0.9801980198019802
3model_gemini_flash_lite_gemini_flash_deepseek_v3,"gemini_flash_lite,gemini_flash,deepseek_v3",231,decision_tree_router,0.9306930693069307,0.00012713984158415842,0.9306930693069307,0.019801980198019802,0.0,0.9108910891089109
3model_gemini_flash_lite_gemini_flash_deepseek_v3,"gemini_flash_lite,gemini_flash,deepseek_v3",231,random_forest_router,0.9306930693069307,0.00012409213861386137,0.9306930693069307,0.019801980198019802,0.0,0.9504950495049505
3model_gemini_flash_lite_gemini_flash_deepseek_v3,"gemini_flash_lite,gemini_flash,deepseek_v3",231,extra_trees_router,0.9306930693069307,0.0001244128118811881,0.9306930693069307,0.019801980198019802,0.0,0.900990099009901
3model_gemini_flash_lite_gemini_flash_deepseek_v3,"gemini_flash_lite,gemini_flash,deepseek_v3",231,tfidf_logistic_router,0.9306930693069307,0.00012540124752475249,0.9306930693069307,0.019801980198019802,0.0,0.9306930693069307
3model_gemini_flash_lite_gemini_flash_deepseek_v3,"gemini_flash_lite,gemini_flash,deepseek_v3",231,tfidf_linear_svm_router,0.9207920792079208,0.000125799900990099,0.9207920792079208,0.0297029702970297,0.0,0.9702970297029703
3model_gemini_flash_lite_gemini_flash_deepseek_v3,"gemini_flash_lite,gemini_flash,deepseek_v3",232,always_gemini_flash_lite,0.9603960396039604,0.00011580445544554458,0.9603960396039604,0.0,0.0,
3model_gemini_flash_lite_gemini_flash_deepseek_v3,"gemini_flash_lite,gemini_flash,deepseek_v3",232,always_gemini_flash,0.900990099009901,0.0001824257425742574,0.900990099009901,0.0594059405940594,0.0,
3model_gemini_flash_lite_gemini_flash_deepseek_v3,"gemini_flash_lite,gemini_flash,deepseek_v3",232,always_deepseek_v3,0.8811881188118812,6.627041584158416e-05,0.8811881188118812,0.07920792079207921,0.0,
3model_gemini_flash_lite_gemini_flash_deepseek_v3,"gemini_flash_lite,gemini_flash,deepseek_v3",232,random,0.8910891089108911,0.00013327405940594057,0.8910891089108911,0.06930693069306931,0.0,
3model_gemini_flash_lite_gemini_flash_deepseek_v3,"gemini_flash_lite,gemini_flash,deepseek_v3",232,oracle,0.9603960396039604,0.00011580445544554458,0.9603960396039604,0.0,0.0,
3model_gemini_flash_lite_gemini_flash_deepseek_v3,"gemini_flash_lite,gemini_flash,deepseek_v3",232,logistic_router,0.9405940594059405,0.00011116633663366337,0.9405940594059405,0.019801980198019802,0.0,
3model_gemini_flash_lite_gemini_flash_deepseek_v3,"gemini_flash_lite,gemini_flash,deepseek_v3",232,linear_svm_router,0.9504950495049505,0.00011535972277227723,0.9504950495049505,0.009900990099009901,0.0,
3model_gemini_flash_lite_gemini_flash_deepseek_v3,"gemini_flash_lite,gemini_flash,deepseek_v3",232,knn_router,0.9603960396039604,0.00011580445544554458,0.9603960396039604,0.0,0.0,
3model_gemini_flash_lite_gemini_flash_deepseek_v3,"gemini_flash_lite,gemini_flash,deepseek_v3",232,decision_tree_router,0.9405940594059405,0.00011631287128712872,0.9405940594059405,0.019801980198019802,0.0,
3model_gemini_flash_lite_gemini_flash_deepseek_v3,"gemini_flash_lite,gemini_flash,deepseek_v3",232,random_forest_router,0.9504950495049505,0.00011547069306930692,0.9504950495049505,0.009900990099009901,0.0,
3model_gemini_flash_lite_gemini_flash_deepseek_v3,"gemini_flash_lite,gemini_flash,deepseek_v3",232,extra_trees_router,0.9504950495049505,0.00011339340594059405,0.9504950495049505,0.009900990099009901,0.0,
3model_gemini_flash_lite_gemini_flash_deepseek_v3,"gemini_flash_lite,gemini_flash,deepseek_v3",232,tfidf_logistic_router,0.9504950495049505,0.0001149750099009901,0.9504950495049505,0.009900990099009901,0.0,
3model_gemini_flash_lite_gemini_flash_deepseek_v3,"gemini_flash_lite,gemini_flash,deepseek_v3",232,tfidf_linear_svm_router,0.9504950495049505,0.00011547069306930692,0.9504950495049505,0.009900990099009901,0.0,
3model_gemini_flash_lite_gemini_flash_deepseek_v3,"gemini_flash_lite,gemini_flash,deepseek_v3",233,always_gemini_flash_lite,0.9306930693069307,0.00012366089108910893,0.9306930693069307,0.0,0.0,
3model_gemini_flash_lite_gemini_flash_deepseek_v3,"gemini_flash_lite,gemini_flash,deepseek_v3",233,always_gemini_flash,0.8217821782178217,0.00019657623762376237,0.8217821782178217,0.10891089108910891,0.0,
3model_gemini_flash_lite_gemini_flash_deepseek_v3,"gemini_flash_lite,gemini_flash,deepseek_v3",233,always_deepseek_v3,0.8712871287128713,6.896013861386139e-05,0.8712871287128713,0.0594059405940594,0.0,
3model_gemini_flash_lite_gemini_flash_deepseek_v3,"gemini_flash_lite,gemini_flash,deepseek_v3",233,random,0.8811881188118812,0.000123124,0.8811881188118812,0.04950495049504951,0.0,
3model_gemini_flash_lite_gemini_flash_deepseek_v3,"gemini_flash_lite,gemini_flash,deepseek_v3",233,oracle,0.9306930693069307,0.00012366089108910893,0.9306930693069307,0.0,0.0,
3model_gemini_flash_lite_gemini_flash_deepseek_v3,"gemini_flash_lite,gemini_flash,deepseek_v3",233,logistic_router,0.9108910891089109,0.0001208197623762376,0.9108910891089109,0.019801980198019802,0.0,
3model_gemini_flash_lite_gemini_flash_deepseek_v3,"gemini_flash_lite,gemini_flash,deepseek_v3",233,linear_svm_router,0.9207920792079208,0.0001242817425742574,0.9207920792079208,0.009900990099009901,0.0,
3model_gemini_flash_lite_gemini_flash_deepseek_v3,"gemini_flash_lite,gemini_flash,deepseek_v3",233,knn_router,0.9306930693069307,0.00012366089108910893,0.9306930693069307,0.0,0.0,
3model_gemini_flash_lite_gemini_flash_deepseek_v3,"gemini_flash_lite,gemini_flash,deepseek_v3",233,decision_tree_router,0.9207920792079208,0.00012178603960396039,0.9207920792079208,0.009900990099009901,0.0,
3model_gemini_flash_lite_gemini_flash_deepseek_v3,"gemini_flash_lite,gemini_flash,deepseek_v3",233,random_forest_router,0.9306930693069307,0.00012302655445544554,0.9306930693069307,0.0,0.0,
3model_gemini_flash_lite_gemini_flash_deepseek_v3,"gemini_flash_lite,gemini_flash,deepseek_v3",233,extra_trees_router,0.9207920792079208,0.00012048164356435643,0.9207920792079208,0.009900990099009901,0.0,
3model_gemini_flash_lite_gemini_flash_deepseek_v3,"gemini_flash_lite,gemini_flash,deepseek_v3",233,tfidf_logistic_router,0.9306930693069307,0.00012280863366336635,0.9306930693069307,0.0,0.0,
3model_gemini_flash_lite_gemini_flash_deepseek_v3,"gemini_flash_lite,gemini_flash,deepseek_v3",233,tfidf_linear_svm_router,0.9306930693069307,0.00012354752475247523,0.9306930693069307,0.0,0.0,
3model_gemini_flash_lite_gemini_flash_granite_8b,"gemini_flash_lite,gemini_flash,granite_8b",229,always_gemini_flash_lite,0.9108910891089109,0.0001168069306930693,0.9108910891089109,0.0297029702970297,0.0,0.9702970297029703
3model_gemini_flash_lite_gemini_flash_granite_8b,"gemini_flash_lite,gemini_flash,granite_8b",229,always_gemini_flash,0.8712871287128713,0.0001869188118811881,0.8712871287128713,0.06930693069306931,0.0,0.0
3model_gemini_flash_lite_gemini_flash_granite_8b,"gemini_flash_lite,gemini_flash,granite_8b",229,always_granite_8b,0.8613861386138614,1.5395544554455447e-05,0.8613861386138614,0.07920792079207921,0.0,0.0297029702970297
3model_gemini_flash_lite_gemini_flash_granite_8b,"gemini_flash_lite,gemini_flash,granite_8b",229,random,0.8910891089108911,9.920742574257425e-05,0.8910891089108911,0.04950495049504951,0.0,0.297029702970297
3model_gemini_flash_lite_gemini_flash_granite_8b,"gemini_flash_lite,gemini_flash,granite_8b",229,oracle,0.9405940594059405,0.00011417920792079208,0.9405940594059405,0.0,0.0,1.0
3model_gemini_flash_lite_gemini_flash_granite_8b,"gemini_flash_lite,gemini_flash,granite_8b",229,logistic_router,0.9207920792079208,0.00010993168316831684,0.9207920792079208,0.019801980198019802,0.0,0.8217821782178217
3model_gemini_flash_lite_gemini_flash_granite_8b,"gemini_flash_lite,gemini_flash,granite_8b",229,linear_svm_router,0.9108910891089109,0.0001168069306930693,0.9108910891089109,0.0297029702970297,0.0,0.9702970297029703
3model_gemini_flash_lite_gemini_flash_granite_8b,"gemini_flash_lite,gemini_flash,granite_8b",229,knn_router,0.9108910891089109,0.0001168069306930693,0.9108910891089109,0.0297029702970297,0.0,0.9702970297029703
3model_gemini_flash_lite_gemini_flash_granite_8b,"gemini_flash_lite,gemini_flash,granite_8b",229,decision_tree_router,0.900990099009901,0.00011104207920792079,0.900990099009901,0.039603960396039604,0.0,0.8712871287128713
3model_gemini_flash_lite_gemini_flash_granite_8b,"gemini_flash_lite,gemini_flash,granite_8b",229,random_forest_router,0.9108910891089109,0.0001168069306930693,0.9108910891089109,0.0297029702970297,0.0,0.9702970297029703
3model_gemini_flash_lite_gemini_flash_granite_8b,"gemini_flash_lite,gemini_flash,granite_8b",229,extra_trees_router,0.9207920792079208,0.00010545990099009901,0.9207920792079208,0.019801980198019802,0.0,0.8415841584158416
3model_gemini_flash_lite_gemini_flash_granite_8b,"gemini_flash_lite,gemini_flash,granite_8b",229,tfidf_logistic_router,0.9207920792079208,0.00011535,0.9207920792079208,0.019801980198019802,0.0,0.9405940594059405
3model_gemini_flash_lite_gemini_flash_granite_8b,"gemini_flash_lite,gemini_flash,granite_8b",229,tfidf_linear_svm_router,0.9108910891089109,0.0001168069306930693,0.9108910891089109,0.0297029702970297,0.0,0.9702970297029703
3model_gemini_flash_lite_gemini_flash_granite_8b,"gemini_flash_lite,gemini_flash,granite_8b",230,always_gemini_flash_lite,0.9702970297029703,0.00012524999999999998,0.9702970297029703,0.0,0.0,
3model_gemini_flash_lite_gemini_flash_granite_8b,"gemini_flash_lite,gemini_flash,granite_8b",230,always_gemini_flash,0.8811881188118812,0.00020017524752475246,0.8811881188118812,0.0891089108910891,0.0,
3model_gemini_flash_lite_gemini_flash_granite_8b,"gemini_flash_lite,gemini_flash,granite_8b",230,always_granite_8b,0.8316831683168316,1.659059405940594e-05,0.8316831683168316,0.13861386138613863,0.0,
3model_gemini_flash_lite_gemini_flash_granite_8b,"gemini_flash_lite,gemini_flash,granite_8b",230,random,0.9207920792079208,0.00011862970297029701,0.9207920792079208,0.04950495049504951,0.0,
3model_gemini_flash_lite_gemini_flash_granite_8b,"gemini_flash_lite,gemini_flash,granite_8b",230,oracle,0.9702970297029703,0.00012524999999999998,0.9702970297029703,0.0,0.0,
3model_gemini_flash_lite_gemini_flash_granite_8b,"gemini_flash_lite,gemini_flash,granite_8b",230,logistic_router,0.9702970297029703,0.00011614752475247525,0.9702970297029703,0.0,0.0,
3model_gemini_flash_lite_gemini_flash_granite_8b,"gemini_flash_lite,gemini_flash,granite_8b",230,linear_svm_router,0.9702970297029703,0.0001235940594059406,0.9702970297029703,0.0,0.0,
3model_gemini_flash_lite_gemini_flash_granite_8b,"gemini_flash_lite,gemini_flash,granite_8b",230,knn_router,0.9702970297029703,0.00012524999999999998,0.9702970297029703,0.0,0.0,
3model_gemini_flash_lite_gemini_flash_granite_8b,"gemini_flash_lite,gemini_flash,granite_8b",230,decision_tree_router,0.9702970297029703,0.00011835,0.9702970297029703,0.0,0.0,
3model_gemini_flash_lite_gemini_flash_granite_8b,"gemini_flash_lite,gemini_flash,granite_8b",230,random_forest_router,0.9702970297029703,0.00012524999999999998,0.9702970297029703,0.0,0.0,
3model_gemini_flash_lite_gemini_flash_granite_8b,"gemini_flash_lite,gemini_flash,granite_8b",230,extra_trees_router,0.9702970297029703,0.00012008712871287127,0.9702970297029703,0.0,0.0,
3model_gemini_flash_lite_gemini_flash_granite_8b,"gemini_flash_lite,gemini_flash,granite_8b",230,tfidf_logistic_router,0.9702970297029703,0.000124790099009901,0.9702970297029703,0.0,0.0,
3model_gemini_flash_lite_gemini_flash_granite_8b,"gemini_flash_lite,gemini_flash,granite_8b",230,tfidf_linear_svm_router,0.9702970297029703,0.00012524999999999998,0.9702970297029703,0.0,0.0,
3model_gemini_flash_lite_gemini_flash_granite_8b,"gemini_flash_lite,gemini_flash,granite_8b",231,always_gemini_flash_lite,0.9306930693069307,0.00012613366336633661,0.9306930693069307,0.019801980198019802,0.0,0.9801980198019802
3model_gemini_flash_lite_gemini_flash_granite_8b,"gemini_flash_lite,gemini_flash,granite_8b",231,always_gemini_flash,0.8316831683168316,0.00020165940594059402,0.8316831683168316,0.1188118811881188,0.0,0.0
3model_gemini_flash_lite_gemini_flash_granite_8b,"gemini_flash_lite,gemini_flash,granite_8b",231,always_granite_8b,0.8316831683168316,1.662079207920792e-05,0.8316831683168316,0.1188118811881188,0.0,0.019801980198019802
3model_gemini_flash_lite_gemini_flash_granite_8b,"gemini_flash_lite,gemini_flash,granite_8b",231,random,0.8712871287128713,0.00011853613861386137,0.8712871287128713,0.07920792079207921,0.0,0.22772277227722773
3model_gemini_flash_lite_gemini_flash_granite_8b,"gemini_flash_lite,gemini_flash,granite_8b",231,oracle,0.9504950495049505,0.0001243881188118812,0.9504950495049505,0.0,0.0,1.0
3model_gemini_flash_lite_gemini_flash_granite_8b,"gemini_flash_lite,gemini_flash,granite_8b",231,logistic_router,0.9306930693069307,0.00012681336633663364,0.9306930693069307,0.019801980198019802,0.0,0.8811881188118812
3model_gemini_flash_lite_gemini_flash_granite_8b,"gemini_flash_lite,gemini_flash,granite_8b",231,linear_svm_router,0.9306930693069307,0.00012525247524752475,0.9306930693069307,0.019801980198019802,0.0,0.9306930693069307
3model_gemini_flash_lite_gemini_flash_granite_8b,"gemini_flash_lite,gemini_flash,granite_8b",231,knn_router,0.9306930693069307,0.00012613366336633661,0.9306930693069307,0.019801980198019802,0.0,0.9801980198019802
3model_gemini_flash_lite_gemini_flash_granite_8b,"gemini_flash_lite,gemini_flash,granite_8b",231,decision_tree_router,0.9306930693069307,0.00012473267326732672,0.9306930693069307,0.019801980198019802,0.0,0.8910891089108911
3model_gemini_flash_lite_gemini_flash_granite_8b,"gemini_flash_lite,gemini_flash,granite_8b",231,random_forest_router,0.9306930693069307,0.00012465495049504948,0.9306930693069307,0.019801980198019802,0.0,0.9603960396039604
3model_gemini_flash_lite_gemini_flash_granite_8b,"gemini_flash_lite,gemini_flash,granite_8b",231,extra_trees_router,0.9306930693069307,0.00012371980198019802,0.9306930693069307,0.019801980198019802,0.0,0.9108910891089109
3model_gemini_flash_lite_gemini_flash_granite_8b,"gemini_flash_lite,gemini_flash,granite_8b",231,tfidf_logistic_router,0.9306930693069307,0.00012432920792079206,0.9306930693069307,0.019801980198019802,0.0,0.9207920792079208
3model_gemini_flash_lite_gemini_flash_granite_8b,"gemini_flash_lite,gemini_flash,granite_8b",231,tfidf_linear_svm_router,0.9306930693069307,0.00012613366336633661,0.9306930693069307,0.019801980198019802,0.0,0.9801980198019802
3model_gemini_flash_lite_gemini_flash_granite_8b,"gemini_flash_lite,gemini_flash,granite_8b",232,always_gemini_flash_lite,0.9603960396039604,0.00011580445544554458,0.9603960396039604,0.009900990099009901,0.0,0.9900990099009901
3model_gemini_flash_lite_gemini_flash_granite_8b,"gemini_flash_lite,gemini_flash,granite_8b",232,always_gemini_flash,0.900990099009901,0.0001824257425742574,0.900990099009901,0.06930693069306931,0.0,0.0
3model_gemini_flash_lite_gemini_flash_granite_8b,"gemini_flash_lite,gemini_flash,granite_8b",232,always_granite_8b,0.8613861386138614,1.5412871287128713e-05,0.8613861386138614,0.10891089108910891,0.0,0.009900990099009901
3model_gemini_flash_lite_gemini_flash_granite_8b,"gemini_flash_lite,gemini_flash,granite_8b",232,random,0.900990099009901,0.0001170747524752475,0.900990099009901,0.06930693069306931,0.0,0.27722772277227725
3model_gemini_flash_lite_gemini_flash_granite_8b,"gemini_flash_lite,gemini_flash,granite_8b",232,oracle,0.9702970297029703,0.0001150549504950495,0.9702970297029703,0.0,0.0,1.0
3model_gemini_flash_lite_gemini_flash_granite_8b,"gemini_flash_lite,gemini_flash,granite_8b",232,logistic_router,0.9702970297029703,0.00010181930693069308,0.9702970297029703,0.0,0.0,0.8217821782178217
3model_gemini_flash_lite_gemini_flash_granite_8b,"gemini_flash_lite,gemini_flash,granite_8b",232,linear_svm_router,0.9603960396039604,0.00011407722772277229,0.9603960396039604,0.009900990099009901,0.0,0.9702970297029703
3model_gemini_flash_lite_gemini_flash_granite_8b,"gemini_flash_lite,gemini_flash,granite_8b",232,knn_router,0.9603960396039604,0.00011580445544554458,0.9603960396039604,0.009900990099009901,0.0,0.9900990099009901
3model_gemini_flash_lite_gemini_flash_granite_8b,"gemini_flash_lite,gemini_flash,granite_8b",232,decision_tree_router,0.9603960396039604,0.00010391386138613858,0.9603960396039604,0.009900990099009901,0.0,0.8217821782178217
3model_gemini_flash_lite_gemini_flash_granite_8b,"gemini_flash_lite,gemini_flash,granite_8b",232,random_forest_router,0.9603960396039604,0.00011580445544554458,0.9603960396039604,0.009900990099009901,0.0,0.9900990099009901
3model_gemini_flash_lite_gemini_flash_granite_8b,"gemini_flash_lite,gemini_flash,granite_8b",232,extra_trees_router,0.9603960396039604,0.00011154752475247525,0.9603960396039604,0.009900990099009901,0.0,0.9306930693069307
3model_gemini_flash_lite_gemini_flash_granite_8b,"gemini_flash_lite,gemini_flash,granite_8b",232,tfidf_logistic_router,0.9603960396039604,0.00011391435643564357,0.9603960396039604,0.009900990099009901,0.0,0.9702970297029703
3model_gemini_flash_lite_gemini_flash_granite_8b,"gemini_flash_lite,gemini_flash,granite_8b",232,tfidf_linear_svm_router,0.9603960396039604,0.00011580445544554458,0.9603960396039604,0.009900990099009901,0.0,0.9900990099009901
3model_gemini_flash_lite_gemini_flash_granite_8b,"gemini_flash_lite,gemini_flash,granite_8b",233,always_gemini_flash_lite,0.9306930693069307,0.00012366089108910893,0.9306930693069307,0.009900990099009901,0.0,0.9900990099009901
3model_gemini_flash_lite_gemini_flash_granite_8b,"gemini_flash_lite,gemini_flash,granite_8b",233,always_gemini_flash,0.8217821782178217,0.00019657623762376237,0.8217821782178217,0.1188118811881188,0.0,0.0
3model_gemini_flash_lite_gemini_flash_granite_8b,"gemini_flash_lite,gemini_flash,granite_8b",233,always_granite_8b,0.8514851485148515,1.601089108910891e-05,0.8514851485148515,0.0891089108910891,0.0,0.009900990099009901
3model_gemini_flash_lite_gemini_flash_granite_8b,"gemini_flash_lite,gemini_flash,granite_8b",233,random,0.8712871287128713,0.00010297227722772277,0.8712871287128713,0.06930693069306931,0.0,0.3564356435643564
3model_gemini_flash_lite_gemini_flash_granite_8b,"gemini_flash_lite,gemini_flash,granite_8b",233,oracle,0.9405940594059405,0.00012291138613861386,0.9405940594059405,0.0,0.0,1.0
3model_gemini_flash_lite_gemini_flash_granite_8b,"gemini_flash_lite,gemini_flash,granite_8b",233,logistic_router,0.9108910891089109,0.00011216534653465347,0.9108910891089109,0.0297029702970297,0.0,0.8316831683168316
3model_gemini_flash_lite_gemini_flash_granite_8b,"gemini_flash_lite,gemini_flash,granite_8b",233,linear_svm_router,0.9207920792079208,0.0001219009900990099,0.9207920792079208,0.019801980198019802,0.0,0.9702970297029703
3model_gemini_flash_lite_gemini_flash_granite_8b,"gemini_flash_lite,gemini_flash,granite_8b",233,knn_router,0.9306930693069307,0.00012366089108910893,0.9306930693069307,0.009900990099009901,0.0,0.9900990099009901
3model_gemini_flash_lite_gemini_flash_granite_8b,"gemini_flash_lite,gemini_flash,granite_8b",233,decision_tree_router,0.9306930693069307,0.00011698366336633662,0.9306930693069307,0.009900990099009901,0.0,0.8217821782178217
3model_gemini_flash_lite_gemini_flash_granite_8b,"gemini_flash_lite,gemini_flash,granite_8b",233,random_forest_router,0.9306930693069307,0.00012366089108910893,0.9306930693069307,0.009900990099009901,0.0,0.9900990099009901
3model_gemini_flash_lite_gemini_flash_granite_8b,"gemini_flash_lite,gemini_flash,granite_8b",233,extra_trees_router,0.900990099009901,0.00011450643564356433,0.900990099009901,0.039603960396039604,0.0,0.8514851485148515
3model_gemini_flash_lite_gemini_flash_granite_8b,"gemini_flash_lite,gemini_flash,granite_8b",233,tfidf_logistic_router,0.9207920792079208,0.00012060940594059406,0.9207920792079208,0.019801980198019802,0.0,0.9603960396039604
3model_gemini_flash_lite_gemini_flash_granite_8b,"gemini_flash_lite,gemini_flash,granite_8b",233,tfidf_linear_svm_router,0.9306930693069307,0.00012366089108910893,0.9306930693069307,0.009900990099009901,0.0,0.9900990099009901
3model_gemini_flash_lite_qwen_30b_llama_70b,"gemini_flash_lite,qwen_30b,llama_70b",229,always_gemini_flash_lite,0.9108910891089109,0.0001168069306930693,0.9108910891089109,0.0297029702970297,0.0,0.9702970297029703
3model_gemini_flash_lite_qwen_30b_llama_70b,"gemini_flash_lite,qwen_30b,llama_70b",229,always_qwen_30b,0.8811881188118812,2.3685825742574253e-05,0.8811881188118812,0.0594059405940594,0.0,0.0297029702970297
3model_gemini_flash_lite_qwen_30b_llama_70b,"gemini_flash_lite,qwen_30b,llama_70b",229,always_llama_70b,0.8514851485148515,5.191463366336634e-05,0.8514851485148515,0.0891089108910891,0.0,0.0
3model_gemini_flash_lite_qwen_30b_llama_70b,"gemini_flash_lite,qwen_30b,llama_70b",229,random,0.8613861386138614,5.77800396039604e-05,0.8613861386138614,0.07920792079207921,0.0,0.2871287128712871
3model_gemini_flash_lite_qwen_30b_llama_70b,"gemini_flash_lite,qwen_30b,llama_70b",229,oracle,0.9405940594059405,0.00011414039207920793,0.9405940594059405,0.0,0.0,1.0
3model_gemini_flash_lite_qwen_30b_llama_70b,"gemini_flash_lite,qwen_30b,llama_70b",229,logistic_router,0.900990099009901,0.00010162030495049504,0.900990099009901,0.039603960396039604,0.0,0.7623762376237624
3model_gemini_flash_lite_qwen_30b_llama_70b,"gemini_flash_lite,qwen_30b,llama_70b",229,linear_svm_router,0.9108910891089109,0.00011674673267326734,0.9108910891089109,0.0297029702970297,0.0,0.9603960396039604
3model_gemini_flash_lite_qwen_30b_llama_70b,"gemini_flash_lite,qwen_30b,llama_70b",229,knn_router,0.9108910891089109,0.0001168069306930693,0.9108910891089109,0.0297029702970297,0.0,0.9702970297029703
3model_gemini_flash_lite_qwen_30b_llama_70b,"gemini_flash_lite,qwen_30b,llama_70b",229,decision_tree_router,0.8811881188118812,0.00010131540198019802,0.8811881188118812,0.0594059405940594,0.0,0.7623762376237624
3model_gemini_flash_lite_qwen_30b_llama_70b,"gemini_flash_lite,qwen_30b,llama_70b",229,random_forest_router,0.9108910891089109,0.0001162651485148515,0.9108910891089109,0.0297029702970297,0.0,0.9603960396039604
3model_gemini_flash_lite_qwen_30b_llama_70b,"gemini_flash_lite,qwen_30b,llama_70b",229,extra_trees_router,0.900990099009901,9.966233465346534e-05,0.900990099009901,0.039603960396039604,0.0,0.7425742574257426
3model_gemini_flash_lite_qwen_30b_llama_70b,"gemini_flash_lite,qwen_30b,llama_70b",229,tfidf_logistic_router,0.9108910891089109,0.00011483349702970297,0.9108910891089109,0.0297029702970297,0.0,0.9405940594059405
3model_gemini_flash_lite_qwen_30b_llama_70b,"gemini_flash_lite,qwen_30b,llama_70b",229,tfidf_linear_svm_router,0.9108910891089109,0.00011674673267326734,0.9108910891089109,0.0297029702970297,0.0,0.9603960396039604
3model_gemini_flash_lite_qwen_30b_llama_70b,"gemini_flash_lite,qwen_30b,llama_70b",230,always_gemini_flash_lite,0.9702970297029703,0.00012524999999999998,0.9702970297029703,0.009900990099009901,0.0,0.9900990099009901
3model_gemini_flash_lite_qwen_30b_llama_70b,"gemini_flash_lite,qwen_30b,llama_70b",230,always_qwen_30b,0.9207920792079208,2.5462792079207926e-05,0.9207920792079208,0.0594059405940594,0.0,0.009900990099009901
3model_gemini_flash_lite_qwen_30b_llama_70b,"gemini_flash_lite,qwen_30b,llama_70b",230,always_llama_70b,0.8910891089108911,5.2112425742574264e-05,0.8910891089108911,0.0891089108910891,0.0,0.0
3model_gemini_flash_lite_qwen_30b_llama_70b,"gemini_flash_lite,qwen_30b,llama_70b",230,random,0.9108910891089109,7.115632475247523e-05,0.9108910891089109,0.06930693069306931,0.0,0.36633663366336633
3model_gemini_flash_lite_qwen_30b_llama_70b,"gemini_flash_lite,qwen_30b,llama_70b",230,oracle,0.9801980198019802,0.0001243768316831683,0.9801980198019802,0.0,0.0,1.0
3model_gemini_flash_lite_qwen_30b_llama_70b,"gemini_flash_lite,qwen_30b,llama_70b",230,logistic_router,0.9504950495049505,0.00010296908118811882,0.9504950495049505,0.0297029702970297,0.0,0.7524752475247525
3model_gemini_flash_lite_qwen_30b_llama_70b,"gemini_flash_lite,qwen_30b,llama_70b",230,linear_svm_router,0.9603960396039604,0.00011910242772277227,0.9603960396039604,0.019801980198019802,0.0,0.9504950495049505
3model_gemini_flash_lite_qwen_30b_llama_70b,"gemini_flash_lite,qwen_30b,llama_70b",230,knn_router,0.9702970297029703,0.00012524999999999998,0.9702970297029703,0.009900990099009901,0.0,0.9900990099009901
3model_gemini_flash_lite_qwen_30b_llama_70b,"gemini_flash_lite,qwen_30b,llama_70b",230,decision_tree_router,0.9306930693069307,0.00010295935643564356,0.9306930693069307,0.04950495049504951,0.0,0.7326732673267327
3model_gemini_flash_lite_qwen_30b_llama_70b,"gemini_flash_lite,qwen_30b,llama_70b",230,random_forest_router,0.9702970297029703,0.00012524999999999998,0.9702970297029703,0.009900990099009901,0.0,0.9900990099009901
3model_gemini_flash_lite_qwen_30b_llama_70b,"gemini_flash_lite,qwen_30b,llama_70b",230,extra_trees_router,0.9801980198019802,0.00011608633663366335,0.9801980198019802,0.0,0.0,0.8613861386138614
3model_gemini_flash_lite_qwen_30b_llama_70b,"gemini_flash_lite,qwen_30b,llama_70b",230,tfidf_logistic_router,0.9603960396039604,0.00011985749702970296,0.9603960396039604,0.019801980198019802,0.0,0.9603960396039604
3model_gemini_flash_lite_qwen_30b_llama_70b,"gemini_flash_lite,qwen_30b,llama_70b",230,tfidf_linear_svm_router,0.9702970297029703,0.00012524999999999998,0.9702970297029703,0.009900990099009901,0.0,0.9900990099009901
3model_gemini_flash_lite_qwen_30b_llama_70b,"gemini_flash_lite,qwen_30b,llama_70b",231,always_gemini_flash_lite,0.9306930693069307,0.00012613366336633661,0.9306930693069307,0.019801980198019802,0.0,0.9801980198019802
3model_gemini_flash_lite_qwen_30b_llama_70b,"gemini_flash_lite,qwen_30b,llama_70b",231,always_qwen_30b,0.8613861386138614,2.4274570297029705e-05,0.8613861386138614,0.0891089108910891,0.0,0.009900990099009901
3model_gemini_flash_lite_qwen_30b_llama_70b,"gemini_flash_lite,qwen_30b,llama_70b",231,always_llama_70b,0.8613861386138614,5.35139900990099e-05,0.8613861386138614,0.0891089108910891,0.0,0.009900990099009901
3model_gemini_flash_lite_qwen_30b_llama_70b,"gemini_flash_lite,qwen_30b,llama_70b",231,random,0.8811881188118812,5.899610693069307e-05,0.8811881188118812,0.06930693069306931,0.0,0.2376237623762376
3model_gemini_flash_lite_qwen_30b_llama_70b,"gemini_flash_lite,qwen_30b,llama_70b",231,oracle,0.9504950495049505,0.00012460419801980197,0.9504950495049505,0.0,0.0,1.0
3model_gemini_flash_lite_qwen_30b_llama_70b,"gemini_flash_lite,qwen_30b,llama_70b",231,logistic_router,0.9207920792079208,0.00011383594851485148,0.9207920792079208,0.0297029702970297,0.0,0.8415841584158416
3model_gemini_flash_lite_qwen_30b_llama_70b,"gemini_flash_lite,qwen_30b,llama_70b",231,linear_svm_router,0.9207920792079208,0.00011944046732673266,0.9207920792079208,0.0297029702970297,0.0,0.900990099009901
3model_gemini_flash_lite_qwen_30b_llama_70b,"gemini_flash_lite,qwen_30b,llama_70b",231,knn_router,0.9306930693069307,0.00012613366336633661,0.9306930693069307,0.019801980198019802,0.0,0.9801980198019802
3model_gemini_flash_lite_qwen_30b_llama_70b,"gemini_flash_lite,qwen_30b,llama_70b",231,decision_tree_router,0.9207920792079208,0.00010778127128712871,0.9207920792079208,0.0297029702970297,0.0,0.7722772277227723
3model_gemini_flash_lite_qwen_30b_llama_70b,"gemini_flash_lite,qwen_30b,llama_70b",231,random_forest_router,0.9207920792079208,0.00012275609108910893,0.9207920792079208,0.0297029702970297,0.0,0.9405940594059405
3model_gemini_flash_lite_qwen_30b_llama_70b,"gemini_flash_lite,qwen_30b,llama_70b",231,extra_trees_router,0.9108910891089109,0.00011688032277227723,0.9108910891089109,0.039603960396039604,0.0,0.7920792079207921
3model_gemini_flash_lite_qwen_30b_llama_70b,"gemini_flash_lite,qwen_30b,llama_70b",231,tfidf_logistic_router,0.9207920792079208,0.0001186832118811881,0.9207920792079208,0.0297029702970297,0.0,0.8910891089108911
3model_gemini_flash_lite_qwen_30b_llama_70b,"gemini_flash_lite,qwen_30b,llama_70b",231,tfidf_linear_svm_router,0.9306930693069307,0.00012474603960396037,0.9306930693069307,0.019801980198019802,0.0,0.9504950495049505
3model_gemini_flash_lite_qwen_30b_llama_70b,"gemini_flash_lite,qwen_30b,llama_70b",232,always_gemini_flash_lite,0.9603960396039604,0.00011580445544554458,0.9603960396039604,0.0,0.0,
3model_gemini_flash_lite_qwen_30b_llama_70b,"gemini_flash_lite,qwen_30b,llama_70b",232,always_qwen_30b,0.8910891089108911,2.3704570297029702e-05,0.8910891089108911,0.06930693069306931,0.0,
3model_gemini_flash_lite_qwen_30b_llama_70b,"gemini_flash_lite,qwen_30b,llama_70b",232,always_llama_70b,0.8910891089108911,5.238212871287129e-05,0.8910891089108911,0.06930693069306931,0.0,
3model_gemini_flash_lite_qwen_30b_llama_70b,"gemini_flash_lite,qwen_30b,llama_70b",232,random,0.8910891089108911,5.671671485148515e-05,0.8910891089108911,0.06930693069306931,0.0,
3model_gemini_flash_lite_qwen_30b_llama_70b,"gemini_flash_lite,qwen_30b,llama_70b",232,oracle,0.9603960396039604,0.00011580445544554458,0.9603960396039604,0.0,0.0,
3model_gemini_flash_lite_qwen_30b_llama_70b,"gemini_flash_lite,qwen_30b,llama_70b",232,logistic_router,0.9603960396039604,0.0001065019881188119,0.9603960396039604,0.0,0.0,
3model_gemini_flash_lite_qwen_30b_llama_70b,"gemini_flash_lite,qwen_30b,llama_70b",232,linear_svm_router,0.9603960396039604,0.0001149777227722772,0.9603960396039604,0.0,0.0,
3model_gemini_flash_lite_qwen_30b_llama_70b,"gemini_flash_lite,qwen_30b,llama_70b",232,knn_router,0.9603960396039604,0.00011580445544554458,0.9603960396039604,0.0,0.0,
3model_gemini_flash_lite_qwen_30b_llama_70b,"gemini_flash_lite,qwen_30b,llama_70b",232,decision_tree_router,0.9207920792079208,9.083412475247524e-05,0.9207920792079208,0.039603960396039604,0.0,
3model_gemini_flash_lite_qwen_30b_llama_70b,"gemini_flash_lite,qwen_30b,llama_70b",232,random_forest_router,0.9504950495049505,0.00011460871287128712,0.9504950495049505,0.009900990099009901,0.0,
3model_gemini_flash_lite_qwen_30b_llama_70b,"gemini_flash_lite,qwen_30b,llama_70b",232,extra_trees_router,0.9405940594059405,0.00010816925742574256,0.9405940594059405,0.019801980198019802,0.0,
3model_gemini_flash_lite_qwen_30b_llama_70b,"gemini_flash_lite,qwen_30b,llama_70b",232,tfidf_logistic_router,0.9603960396039604,0.00011574425742574257,0.9603960396039604,0.0,0.0,
3model_gemini_flash_lite_qwen_30b_llama_70b,"gemini_flash_lite,qwen_30b,llama_70b",232,tfidf_linear_svm_router,0.9603960396039604,0.00011580445544554458,0.9603960396039604,0.0,0.0,
3model_gemini_flash_lite_qwen_30b_llama_70b,"gemini_flash_lite,qwen_30b,llama_70b",233,always_gemini_flash_lite,0.9306930693069307,0.00012366089108910893,0.9306930693069307,0.019801980198019802,0.0,0.9801980198019802
3model_gemini_flash_lite_qwen_30b_llama_70b,"gemini_flash_lite,qwen_30b,llama_70b",233,always_qwen_30b,0.8910891089108911,2.4048427722772278e-05,0.8910891089108911,0.0594059405940594,0.0,0.009900990099009901
3model_gemini_flash_lite_qwen_30b_llama_70b,"gemini_flash_lite,qwen_30b,llama_70b",233,always_llama_70b,0.8811881188118812,5.316852475247525e-05,0.8811881188118812,0.06930693069306931,0.0,0.009900990099009901
3model_gemini_flash_lite_qwen_30b_llama_70b,"gemini_flash_lite,qwen_30b,llama_70b",233,random,0.9108910891089109,6.905885742574258e-05,0.9108910891089109,0.039603960396039604,0.0,0.3465346534653465
3model_gemini_flash_lite_qwen_30b_llama_70b,"gemini_flash_lite,qwen_30b,llama_70b",233,oracle,0.9504950495049505,0.00012239361980198018,0.9504950495049505,0.0,0.0,1.0
3model_gemini_flash_lite_qwen_30b_llama_70b,"gemini_flash_lite,qwen_30b,llama_70b",233,logistic_router,0.900990099009901,0.00011088204554455444,0.900990099009901,0.04950495049504951,0.0,0.7920792079207921
3model_gemini_flash_lite_qwen_30b_llama_70b,"gemini_flash_lite,qwen_30b,llama_70b",233,linear_svm_router,0.9207920792079208,0.00012097006732673267,0.9207920792079208,0.0297029702970297,0.0,0.9504950495049505
3model_gemini_flash_lite_qwen_30b_llama_70b,"gemini_flash_lite,qwen_30b,llama_70b",233,knn_router,0.9306930693069307,0.00012366089108910893,0.9306930693069307,0.019801980198019802,0.0,0.9801980198019802
3model_gemini_flash_lite_qwen_30b_llama_70b,"gemini_flash_lite,qwen_30b,llama_70b",233,decision_tree_router,0.9207920792079208,0.00010473883762376238,0.9207920792079208,0.0297029702970297,0.0,0.7722772277227723
3model_gemini_flash_lite_qwen_30b_llama_70b,"gemini_flash_lite,qwen_30b,llama_70b",233,random_forest_router,0.9306930693069307,0.0001227198613861386,0.9306930693069307,0.019801980198019802,0.0,0.9702970297029703
3model_gemini_flash_lite_qwen_30b_llama_70b,"gemini_flash_lite,qwen_30b,llama_70b",233,extra_trees_router,0.9108910891089109,0.0001129488217821782,0.9108910891089109,0.039603960396039604,0.0,0.8217821782178217
3model_gemini_flash_lite_qwen_30b_llama_70b,"gemini_flash_lite,qwen_30b,llama_70b",233,tfidf_logistic_router,0.9207920792079208,0.00012155956435643563,0.9207920792079208,0.0297029702970297,0.0,0.9603960396039604
3model_gemini_flash_lite_qwen_30b_llama_70b,"gemini_flash_lite,qwen_30b,llama_70b",233,tfidf_linear_svm_router,0.9306930693069307,0.00012366089108910893,0.9306930693069307,0.019801980198019802,0.0,0.9801980198019802
3model_gemini_flash_lite_qwen_30b_deepseek_v3,"gemini_flash_lite,qwen_30b,deepseek_v3",229,always_gemini_flash_lite,0.9108910891089109,0.0001168069306930693,0.9108910891089109,0.04950495049504951,0.0,0.9504950495049505
3model_gemini_flash_lite_qwen_30b_deepseek_v3,"gemini_flash_lite,qwen_30b,deepseek_v3",229,always_qwen_30b,0.8811881188118812,2.3685825742574253e-05,0.8811881188118812,0.07920792079207921,0.0,0.0297029702970297
3model_gemini_flash_lite_qwen_30b_deepseek_v3,"gemini_flash_lite,qwen_30b,deepseek_v3",229,always_deepseek_v3,0.9207920792079208,6.72319207920792e-05,0.9207920792079208,0.039603960396039604,0.0,0.019801980198019802
3model_gemini_flash_lite_qwen_30b_deepseek_v3,"gemini_flash_lite,qwen_30b,deepseek_v3",229,random,0.9108910891089109,6.668800000000001e-05,0.9108910891089109,0.04950495049504951,0.0,0.3069306930693069
3model_gemini_flash_lite_qwen_30b_deepseek_v3,"gemini_flash_lite,qwen_30b,deepseek_v3",229,oracle,0.9603960396039604,0.00011303851089108912,0.9603960396039604,0.0,0.0,1.0
3model_gemini_flash_lite_qwen_30b_deepseek_v3,"gemini_flash_lite,qwen_30b,deepseek_v3",229,logistic_router,0.9306930693069307,0.00010772288316831685,0.9306930693069307,0.0297029702970297,0.0,0.8712871287128713
3model_gemini_flash_lite_qwen_30b_deepseek_v3,"gemini_flash_lite,qwen_30b,deepseek_v3",229,linear_svm_router,0.9207920792079208,0.00011496053465346534,0.9207920792079208,0.039603960396039604,0.0,0.9504950495049505
3model_gemini_flash_lite_qwen_30b_deepseek_v3,"gemini_flash_lite,qwen_30b,deepseek_v3",229,knn_router,0.9108910891089109,0.0001168069306930693,0.9108910891089109,0.04950495049504951,0.0,0.9504950495049505
3model_gemini_flash_lite_qwen_30b_deepseek_v3,"gemini_flash_lite,qwen_30b,deepseek_v3",229,decision_tree_router,0.9108910891089109,0.00010879585346534655,0.9108910891089109,0.04950495049504951,0.0,0.8712871287128713
3model_gemini_flash_lite_qwen_30b_deepseek_v3,"gemini_flash_lite,qwen_30b,deepseek_v3",229,random_forest_router,0.9108910891089109,0.0001168069306930693,0.9108910891089109,0.04950495049504951,0.0,0.9504950495049505
3model_gemini_flash_lite_qwen_30b_deepseek_v3,"gemini_flash_lite,qwen_30b,deepseek_v3",229,extra_trees_router,0.9306930693069307,0.00011259130693069304,0.9306930693069307,0.0297029702970297,0.0,0.9405940594059405
3model_gemini_flash_lite_qwen_30b_deepseek_v3,"gemini_flash_lite,qwen_30b,deepseek_v3",229,tfidf_logistic_router,0.9207920792079208,0.00011528367524752475,0.9207920792079208,0.039603960396039604,0.0,0.9504950495049505
3model_gemini_flash_lite_qwen_30b_deepseek_v3,"gemini_flash_lite,qwen_30b,deepseek_v3",229,tfidf_linear_svm_router,0.9108910891089109,0.0001168069306930693,0.9108910891089109,0.04950495049504951,0.0,0.9504950495049505
3model_gemini_flash_lite_qwen_30b_deepseek_v3,"gemini_flash_lite,qwen_30b,deepseek_v3",230,always_gemini_flash_lite,0.9702970297029703,0.00012524999999999998,0.9702970297029703,0.019801980198019802,0.0,0.9801980198019802
3model_gemini_flash_lite_qwen_30b_deepseek_v3,"gemini_flash_lite,qwen_30b,deepseek_v3",230,always_qwen_30b,0.9207920792079208,2.5462792079207926e-05,0.9207920792079208,0.06930693069306931,0.0,0.009900990099009901
3model_gemini_flash_lite_qwen_30b_deepseek_v3,"gemini_flash_lite,qwen_30b,deepseek_v3",230,always_deepseek_v3,0.9306930693069307,7.106932673267325e-05,0.9306930693069307,0.0594059405940594,0.0,0.009900990099009901
3model_gemini_flash_lite_qwen_30b_deepseek_v3,"gemini_flash_lite,qwen_30b,deepseek_v3",230,random,0.9306930693069307,7.852971089108911e-05,0.9306930693069307,0.0594059405940594,0.0,0.36633663366336633
3model_gemini_flash_lite_qwen_30b_deepseek_v3,"gemini_flash_lite,qwen_30b,deepseek_v3",230,oracle,0.9900990099009901,0.0001238066336633663,0.9900990099009901,0.0,0.0,1.0
3model_gemini_flash_lite_qwen_30b_deepseek_v3,"gemini_flash_lite,qwen_30b,deepseek_v3",230,logistic_router,0.9702970297029703,0.00010729535049504951,0.9702970297029703,0.019801980198019802,0.0,0.8613861386138614
3model_gemini_flash_lite_qwen_30b_deepseek_v3,"gemini_flash_lite,qwen_30b,deepseek_v3",230,linear_svm_router,0.9603960396039604,0.00011608534653465347,0.9603960396039604,0.0297029702970297,0.0,0.9207920792079208
3model_gemini_flash_lite_qwen_30b_deepseek_v3,"gemini_flash_lite,qwen_30b,deepseek_v3",230,knn_router,0.9702970297029703,0.00012524999999999998,0.9702970297029703,0.019801980198019802,0.0,0.9801980198019802
3model_gemini_flash_lite_qwen_30b_deepseek_v3,"gemini_flash_lite,qwen_30b,deepseek_v3",230,decision_tree_router,0.9702970297029703,0.00011064017425742575,0.9702970297029703,0.019801980198019802,0.0,0.8118811881188119
3model_gemini_flash_lite_qwen_30b_deepseek_v3,"gemini_flash_lite,qwen_30b,deepseek_v3",230,random_forest_router,0.9702970297029703,0.00012524999999999998,0.9702970297029703,0.019801980198019802,0.0,0.9801980198019802
3model_gemini_flash_lite_qwen_30b_deepseek_v3,"gemini_flash_lite,qwen_30b,deepseek_v3",230,extra_trees_router,0.9900990099009901,0.00012222601584158414,0.9900990099009901,0.0,0.0,0.9801980198019802
3model_gemini_flash_lite_qwen_30b_deepseek_v3,"gemini_flash_lite,qwen_30b,deepseek_v3",230,tfidf_logistic_router,0.9702970297029703,0.00011918531881188116,0.9702970297029703,0.019801980198019802,0.0,0.9603960396039604
3model_gemini_flash_lite_qwen_30b_deepseek_v3,"gemini_flash_lite,qwen_30b,deepseek_v3",230,tfidf_linear_svm_router,0.9702970297029703,0.00012524999999999998,0.9702970297029703,0.019801980198019802,0.0,0.9801980198019802
3model_gemini_flash_lite_qwen_30b_deepseek_v3,"gemini_flash_lite,qwen_30b,deepseek_v3",231,always_gemini_flash_lite,0.9306930693069307,0.00012613366336633661,0.9306930693069307,0.019801980198019802,0.0,0.9801980198019802
3model_gemini_flash_lite_qwen_30b_deepseek_v3,"gemini_flash_lite,qwen_30b,deepseek_v3",231,always_qwen_30b,0.8613861386138614,2.4274570297029705e-05,0.8613861386138614,0.0891089108910891,0.0,0.009900990099009901
3model_gemini_flash_lite_qwen_30b_deepseek_v3,"gemini_flash_lite,qwen_30b,deepseek_v3",231,always_deepseek_v3,0.8613861386138614,7.282815841584158e-05,0.8613861386138614,0.0891089108910891,0.0,0.009900990099009901
3model_gemini_flash_lite_qwen_30b_deepseek_v3,"gemini_flash_lite,qwen_30b,deepseek_v3",231,random,0.8613861386138614,6.659216633663366e-05,0.8613861386138614,0.0891089108910891,0.0,0.24752475247524752
3model_gemini_flash_lite_qwen_30b_deepseek_v3,"gemini_flash_lite,qwen_30b,deepseek_v3",231,oracle,0.9504950495049505,0.00012474528712871287,0.9504950495049505,0.0,0.0,1.0
3model_gemini_flash_lite_qwen_30b_deepseek_v3,"gemini_flash_lite,qwen_30b,deepseek_v3",231,logistic_router,0.9207920792079208,0.00011398448316831682,0.9207920792079208,0.0297029702970297,0.0,0.8811881188118812
3model_gemini_flash_lite_qwen_30b_deepseek_v3,"gemini_flash_lite,qwen_30b,deepseek_v3",231,linear_svm_router,0.9108910891089109,0.0001211844198019802,0.9108910891089109,0.039603960396039604,0.0,0.9405940594059405
3model_gemini_flash_lite_qwen_30b_deepseek_v3,"gemini_flash_lite,qwen_30b,deepseek_v3",231,knn_router,0.9306930693069307,0.00012613366336633661,0.9306930693069307,0.019801980198019802,0.0,0.9801980198019802
3model_gemini_flash_lite_qwen_30b_deepseek_v3,"gemini_flash_lite,qwen_30b,deepseek_v3",231,decision_tree_router,0.9207920792079208,0.00011212567920792078,0.9207920792079208,0.0297029702970297,0.0,0.8415841584158416
3model_gemini_flash_lite_qwen_30b_deepseek_v3,"gemini_flash_lite,qwen_30b,deepseek_v3",231,random_forest_router,0.9306930693069307,0.00012466217821782176,0.9306930693069307,0.019801980198019802,0.0,0.9702970297029703
3model_gemini_flash_lite_qwen_30b_deepseek_v3,"gemini_flash_lite,qwen_30b,deepseek_v3",231,extra_trees_router,0.9306930693069307,0.0001217575801980198,0.9306930693069307,0.019801980198019802,0.0,0.9306930693069307
3model_gemini_flash_lite_qwen_30b_deepseek_v3,"gemini_flash_lite,qwen_30b,deepseek_v3",231,tfidf_logistic_router,0.9207920792079208,0.00011851034059405941,0.9207920792079208,0.0297029702970297,0.0,0.9306930693069307
3model_gemini_flash_lite_qwen_30b_deepseek_v3,"gemini_flash_lite,qwen_30b,deepseek_v3",231,tfidf_linear_svm_router,0.9306930693069307,0.00012613366336633661,0.9306930693069307,0.019801980198019802,0.0,0.9801980198019802
3model_gemini_flash_lite_qwen_30b_deepseek_v3,"gemini_flash_lite,qwen_30b,deepseek_v3",232,always_gemini_flash_lite,0.9603960396039604,0.00011580445544554458,0.9603960396039604,0.0,0.0,
3model_gemini_flash_lite_qwen_30b_deepseek_v3,"gemini_flash_lite,qwen_30b,deepseek_v3",232,always_qwen_30b,0.8910891089108911,2.3704570297029702e-05,0.8910891089108911,0.06930693069306931,0.0,
3model_gemini_flash_lite_qwen_30b_deepseek_v3,"gemini_flash_lite,qwen_30b,deepseek_v3",232,always_deepseek_v3,0.8811881188118812,6.627041584158416e-05,0.8811881188118812,0.07920792079207921,0.0,
3model_gemini_flash_lite_qwen_30b_deepseek_v3,"gemini_flash_lite,qwen_30b,deepseek_v3",232,random,0.8811881188118812,6.371894257425743e-05,0.8811881188118812,0.07920792079207921,0.0,
3model_gemini_flash_lite_qwen_30b_deepseek_v3,"gemini_flash_lite,qwen_30b,deepseek_v3",232,oracle,0.9603960396039604,0.00011580445544554458,0.9603960396039604,0.0,0.0,
3model_gemini_flash_lite_qwen_30b_deepseek_v3,"gemini_flash_lite,qwen_30b,deepseek_v3",232,logistic_router,0.9504950495049505,0.00010619622178217822,0.9504950495049505,0.009900990099009901,0.0,
3model_gemini_flash_lite_qwen_30b_deepseek_v3,"gemini_flash_lite,qwen_30b,deepseek_v3",232,linear_svm_router,0.9504950495049505,0.00011470415841584159,0.9504950495049505,0.009900990099009901,0.0,
3model_gemini_flash_lite_qwen_30b_deepseek_v3,"gemini_flash_lite,qwen_30b,deepseek_v3",232,knn_router,0.9603960396039604,0.00011580445544554458,0.9603960396039604,0.0,0.0,
3model_gemini_flash_lite_qwen_30b_deepseek_v3,"gemini_flash_lite,qwen_30b,deepseek_v3",232,decision_tree_router,0.9504950495049505,9.722406336633665e-05,0.9504950495049505,0.009900990099009901,0.0,
3model_gemini_flash_lite_qwen_30b_deepseek_v3,"gemini_flash_lite,qwen_30b,deepseek_v3",232,random_forest_router,0.9504950495049505,0.00011547069306930692,0.9504950495049505,0.009900990099009901,0.0,
3model_gemini_flash_lite_qwen_30b_deepseek_v3,"gemini_flash_lite,qwen_30b,deepseek_v3",232,extra_trees_router,0.9504950495049505,0.00011470415841584159,0.9504950495049505,0.009900990099009901,0.0,
3model_gemini_flash_lite_qwen_30b_deepseek_v3,"gemini_flash_lite,qwen_30b,deepseek_v3",232,tfidf_logistic_router,0.9504950495049505,0.00011547069306930692,0.9504950495049505,0.009900990099009901,0.0,
3model_gemini_flash_lite_qwen_30b_deepseek_v3,"gemini_flash_lite,qwen_30b,deepseek_v3",232,tfidf_linear_svm_router,0.9504950495049505,0.00011547069306930692,0.9504950495049505,0.009900990099009901,0.0,
3model_gemini_flash_lite_qwen_30b_deepseek_v3,"gemini_flash_lite,qwen_30b,deepseek_v3",233,always_gemini_flash_lite,0.9306930693069307,0.00012366089108910893,0.9306930693069307,0.009900990099009901,0.0,0.9900990099009901
3model_gemini_flash_lite_qwen_30b_deepseek_v3,"gemini_flash_lite,qwen_30b,deepseek_v3",233,always_qwen_30b,0.8910891089108911,2.4048427722772278e-05,0.8910891089108911,0.04950495049504951,0.0,0.009900990099009901
3model_gemini_flash_lite_qwen_30b_deepseek_v3,"gemini_flash_lite,qwen_30b,deepseek_v3",233,always_deepseek_v3,0.8712871287128713,6.896013861386139e-05,0.8712871287128713,0.06930693069306931,0.0,0.0
3model_gemini_flash_lite_qwen_30b_deepseek_v3,"gemini_flash_lite,qwen_30b,deepseek_v3",233,random,0.900990099009901,7.723829306930694e-05,0.900990099009901,0.039603960396039604,0.0,0.3564356435643564
3model_gemini_flash_lite_qwen_30b_deepseek_v3,"gemini_flash_lite,qwen_30b,deepseek_v3",233,oracle,0.9405940594059405,0.00012268569900990097,0.9405940594059405,0.0,0.0,1.0
3model_gemini_flash_lite_qwen_30b_deepseek_v3,"gemini_flash_lite,qwen_30b,deepseek_v3",233,logistic_router,0.9207920792079208,0.00011422519207920792,0.9207920792079208,0.019801980198019802,0.0,0.8811881188118812
3model_gemini_flash_lite_qwen_30b_deepseek_v3,"gemini_flash_lite,qwen_30b,deepseek_v3",233,linear_svm_router,0.9207920792079208,0.00012069931485148517,0.9207920792079208,0.019801980198019802,0.0,0.9603960396039604
3model_gemini_flash_lite_qwen_30b_deepseek_v3,"gemini_flash_lite,qwen_30b,deepseek_v3",233,knn_router,0.9306930693069307,0.00012366089108910893,0.9306930693069307,0.009900990099009901,0.0,0.9900990099009901
3model_gemini_flash_lite_qwen_30b_deepseek_v3,"gemini_flash_lite,qwen_30b,deepseek_v3",233,decision_tree_router,0.9306930693069307,0.00011219028118811882,0.9306930693069307,0.009900990099009901,0.0,0.8217821782178217
3model_gemini_flash_lite_qwen_30b_deepseek_v3,"gemini_flash_lite,qwen_30b,deepseek_v3",233,random_forest_router,0.9306930693069307,0.0001227198613861386,0.9306930693069307,0.009900990099009901,0.0,0.9801980198019802
3model_gemini_flash_lite_qwen_30b_deepseek_v3,"gemini_flash_lite,qwen_30b,deepseek_v3",233,extra_trees_router,0.9207920792079208,0.00012109536633663364,0.9207920792079208,0.019801980198019802,0.0,0.9603960396039604
3model_gemini_flash_lite_qwen_30b_deepseek_v3,"gemini_flash_lite,qwen_30b,deepseek_v3",233,tfidf_logistic_router,0.9207920792079208,0.00012097180198019802,0.9207920792079208,0.019801980198019802,0.0,0.9603960396039604
3model_gemini_flash_lite_qwen_30b_deepseek_v3,"gemini_flash_lite,qwen_30b,deepseek_v3",233,tfidf_linear_svm_router,0.9306930693069307,0.00012366089108910893,0.9306930693069307,0.009900990099009901,0.0,0.9900990099009901
3model_gemini_flash_lite_qwen_30b_granite_8b,"gemini_flash_lite,qwen_30b,granite_8b",229,always_gemini_flash_lite,0.9108910891089109,0.0001168069306930693,0.9108910891089109,0.04950495049504951,0.0,0.9504950495049505
3model_gemini_flash_lite_qwen_30b_granite_8b,"gemini_flash_lite,qwen_30b,granite_8b",229,always_qwen_30b,0.8811881188118812,2.3685825742574253e-05,0.8811881188118812,0.07920792079207921,0.0,0.0297029702970297
3model_gemini_flash_lite_qwen_30b_granite_8b,"gemini_flash_lite,qwen_30b,granite_8b",229,always_granite_8b,0.8613861386138614,1.5395544554455447e-05,0.8613861386138614,0.09900990099009901,0.0,0.019801980198019802
3model_gemini_flash_lite_qwen_30b_granite_8b,"gemini_flash_lite,qwen_30b,granite_8b",229,random,0.8910891089108911,4.7247267326732674e-05,0.8910891089108911,0.06930693069306931,0.0,0.2871287128712871
3model_gemini_flash_lite_qwen_30b_granite_8b,"gemini_flash_lite,qwen_30b,granite_8b",229,oracle,0.9603960396039604,0.00011235623366336632,0.9603960396039604,0.0,0.0,1.0
3model_gemini_flash_lite_qwen_30b_granite_8b,"gemini_flash_lite,qwen_30b,granite_8b",229,logistic_router,0.9108910891089109,9.902730693069306e-05,0.9108910891089109,0.04950495049504951,0.0,0.7623762376237624
3model_gemini_flash_lite_qwen_30b_granite_8b,"gemini_flash_lite,qwen_30b,granite_8b",229,linear_svm_router,0.9108910891089109,0.0001168069306930693,0.9108910891089109,0.04950495049504951,0.0,0.9504950495049505
3model_gemini_flash_lite_qwen_30b_granite_8b,"gemini_flash_lite,qwen_30b,granite_8b",229,knn_router,0.9108910891089109,0.0001168069306930693,0.9108910891089109,0.04950495049504951,0.0,0.9504950495049505
3model_gemini_flash_lite_qwen_30b_granite_8b,"gemini_flash_lite,qwen_30b,granite_8b",229,decision_tree_router,0.8811881188118812,9.746780198019802e-05,0.8811881188118812,0.07920792079207921,0.0,0.7722772277227723
3model_gemini_flash_lite_qwen_30b_granite_8b,"gemini_flash_lite,qwen_30b,granite_8b",229,random_forest_router,0.9108910891089109,0.0001168069306930693,0.9108910891089109,0.04950495049504951,0.0,0.9504950495049505
3model_gemini_flash_lite_qwen_30b_granite_8b,"gemini_flash_lite,qwen_30b,granite_8b",229,extra_trees_router,0.9207920792079208,0.0001001811683168317,0.9207920792079208,0.039603960396039604,0.0,0.7722772277227723
3model_gemini_flash_lite_qwen_30b_granite_8b,"gemini_flash_lite,qwen_30b,granite_8b",229,tfidf_logistic_router,0.9108910891089109,0.00011489369504950494,0.9108910891089109,0.04950495049504951,0.0,0.9405940594059405
3model_gemini_flash_lite_qwen_30b_granite_8b,"gemini_flash_lite,qwen_30b,granite_8b",229,tfidf_linear_svm_router,0.9108910891089109,0.0001168069306930693,0.9108910891089109,0.04950495049504951,0.0,0.9504950495049505
3model_gemini_flash_lite_qwen_30b_granite_8b,"gemini_flash_lite,qwen_30b,granite_8b",230,always_gemini_flash_lite,0.9702970297029703,0.00012524999999999998,0.9702970297029703,0.009900990099009901,0.0,0.9900990099009901
3model_gemini_flash_lite_qwen_30b_granite_8b,"gemini_flash_lite,qwen_30b,granite_8b",230,always_qwen_30b,0.9207920792079208,2.5462792079207926e-05,0.9207920792079208,0.0594059405940594,0.0,0.009900990099009901
3model_gemini_flash_lite_qwen_30b_granite_8b,"gemini_flash_lite,qwen_30b,granite_8b",230,always_granite_8b,0.8316831683168316,1.659059405940594e-05,0.8316831683168316,0.1485148514851485,0.0,0.0
3model_gemini_flash_lite_qwen_30b_granite_8b,"gemini_flash_lite,qwen_30b,granite_8b",230,random,0.9207920792079208,6.078879999999998e-05,0.9207920792079208,0.0594059405940594,0.0,0.36633663366336633
3model_gemini_flash_lite_qwen_30b_granite_8b,"gemini_flash_lite,qwen_30b,granite_8b",230,oracle,0.9801980198019802,0.0001243768316831683,0.9801980198019802,0.0,0.0,1.0
3model_gemini_flash_lite_qwen_30b_granite_8b,"gemini_flash_lite,qwen_30b,granite_8b",230,logistic_router,0.9603960396039604,0.00010046314851485148,0.9603960396039604,0.019801980198019802,0.0,0.7722772277227723
3model_gemini_flash_lite_qwen_30b_granite_8b,"gemini_flash_lite,qwen_30b,granite_8b",230,linear_svm_router,0.9603960396039604,0.00011762579405940593,0.9603960396039604,0.019801980198019802,0.0,0.9306930693069307
3model_gemini_flash_lite_qwen_30b_granite_8b,"gemini_flash_lite,qwen_30b,granite_8b",230,knn_router,0.9702970297029703,0.00012524999999999998,0.9702970297029703,0.009900990099009901,0.0,0.9900990099009901
3model_gemini_flash_lite_qwen_30b_granite_8b,"gemini_flash_lite,qwen_30b,granite_8b",230,decision_tree_router,0.9702970297029703,0.00011052620198019802,0.9702970297029703,0.009900990099009901,0.0,0.8217821782178217
3model_gemini_flash_lite_qwen_30b_granite_8b,"gemini_flash_lite,qwen_30b,granite_8b",230,random_forest_router,0.9702970297029703,0.00012524999999999998,0.9702970297029703,0.009900990099009901,0.0,0.9900990099009901
3model_gemini_flash_lite_qwen_30b_granite_8b,"gemini_flash_lite,qwen_30b,granite_8b",230,extra_trees_router,0.9801980198019802,0.00011527729900990097,0.9801980198019802,0.0,0.0,0.8712871287128713
3model_gemini_flash_lite_qwen_30b_granite_8b,"gemini_flash_lite,qwen_30b,granite_8b",230,tfidf_logistic_router,0.9603960396039604,0.00011985749702970296,0.9603960396039604,0.019801980198019802,0.0,0.9603960396039604
3model_gemini_flash_lite_qwen_30b_granite_8b,"gemini_flash_lite,qwen_30b,granite_8b",230,tfidf_linear_svm_router,0.9702970297029703,0.00012524999999999998,0.9702970297029703,0.009900990099009901,0.0,0.9900990099009901
3model_gemini_flash_lite_qwen_30b_granite_8b,"gemini_flash_lite,qwen_30b,granite_8b",231,always_gemini_flash_lite,0.9306930693069307,0.00012613366336633661,0.9306930693069307,0.019801980198019802,0.0,0.9801980198019802
3model_gemini_flash_lite_qwen_30b_granite_8b,"gemini_flash_lite,qwen_30b,granite_8b",231,always_qwen_30b,0.8613861386138614,2.4274570297029705e-05,0.8613861386138614,0.0891089108910891,0.0,0.009900990099009901
3model_gemini_flash_lite_qwen_30b_granite_8b,"gemini_flash_lite,qwen_30b,granite_8b",231,always_granite_8b,0.8316831683168316,1.662079207920792e-05,0.8316831683168316,0.1188118811881188,0.0,0.009900990099009901
3model_gemini_flash_lite_qwen_30b_granite_8b,"gemini_flash_lite,qwen_30b,granite_8b",231,random,0.8811881188118812,4.483266138613862e-05,0.8811881188118812,0.06930693069306931,0.0,0.2376237623762376
3model_gemini_flash_lite_qwen_30b_granite_8b,"gemini_flash_lite,qwen_30b,granite_8b",231,oracle,0.9504950495049505,0.00012441350495049505,0.9504950495049505,0.0,0.0,1.0
3model_gemini_flash_lite_qwen_30b_granite_8b,"gemini_flash_lite,qwen_30b,granite_8b",231,logistic_router,0.9207920792079208,0.00011216129504950496,0.9207920792079208,0.0297029702970297,0.0,0.8514851485148515
3model_gemini_flash_lite_qwen_30b_granite_8b,"gemini_flash_lite,qwen_30b,granite_8b",231,linear_svm_router,0.9207920792079208,0.00011819838811881188,0.9207920792079208,0.0297029702970297,0.0,0.9108910891089109
3model_gemini_flash_lite_qwen_30b_granite_8b,"gemini_flash_lite,qwen_30b,granite_8b",231,knn_router,0.9306930693069307,0.00012613366336633661,0.9306930693069307,0.019801980198019802,0.0,0.9801980198019802
3model_gemini_flash_lite_qwen_30b_granite_8b,"gemini_flash_lite,qwen_30b,granite_8b",231,decision_tree_router,0.900990099009901,9.234203960396037e-05,0.900990099009901,0.04950495049504951,0.0,0.6831683168316832
3model_gemini_flash_lite_qwen_30b_granite_8b,"gemini_flash_lite,qwen_30b,granite_8b",231,random_forest_router,0.9306930693069307,0.0001224845306930693,0.9306930693069307,0.019801980198019802,0.0,0.9306930693069307
3model_gemini_flash_lite_qwen_30b_granite_8b,"gemini_flash_lite,qwen_30b,granite_8b",231,extra_trees_router,0.9306930693069307,0.00011943221386138615,0.9306930693069307,0.019801980198019802,0.0,0.8910891089108911
3model_gemini_flash_lite_qwen_30b_granite_8b,"gemini_flash_lite,qwen_30b,granite_8b",231,tfidf_logistic_router,0.9207920792079208,0.00011733073663366337,0.9207920792079208,0.0297029702970297,0.0,0.900990099009901
3model_gemini_flash_lite_qwen_30b_granite_8b,"gemini_flash_lite,qwen_30b,granite_8b",231,tfidf_linear_svm_router,0.9306930693069307,0.00012613366336633661,0.9306930693069307,0.019801980198019802,0.0,0.9801980198019802
3model_gemini_flash_lite_qwen_30b_granite_8b,"gemini_flash_lite,qwen_30b,granite_8b",232,always_gemini_flash_lite,0.9603960396039604,0.00011580445544554458,0.9603960396039604,0.009900990099009901,0.0,0.9900990099009901
3model_gemini_flash_lite_qwen_30b_granite_8b,"gemini_flash_lite,qwen_30b,granite_8b",232,always_qwen_30b,0.8910891089108911,2.3704570297029702e-05,0.8910891089108911,0.07920792079207921,0.0,0.0
3model_gemini_flash_lite_qwen_30b_granite_8b,"gemini_flash_lite,qwen_30b,granite_8b",232,always_granite_8b,0.8613861386138614,1.5412871287128713e-05,0.8613861386138614,0.10891089108910891,0.0,0.009900990099009901
3model_gemini_flash_lite_qwen_30b_granite_8b,"gemini_flash_lite,qwen_30b,granite_8b",232,random,0.8910891089108911,4.7519635643564365e-05,0.8910891089108911,0.07920792079207921,0.0,0.27722772277227725
3model_gemini_flash_lite_qwen_30b_granite_8b,"gemini_flash_lite,qwen_30b,granite_8b",232,oracle,0.9702970297029703,0.0001150549504950495,0.9702970297029703,0.0,0.0,1.0
3model_gemini_flash_lite_qwen_30b_granite_8b,"gemini_flash_lite,qwen_30b,granite_8b",232,logistic_router,0.9603960396039604,0.00010001905346534654,0.9603960396039604,0.009900990099009901,0.0,0.8217821782178217
3model_gemini_flash_lite_qwen_30b_granite_8b,"gemini_flash_lite,qwen_30b,granite_8b",232,linear_svm_router,0.9603960396039604,0.00011503792079207921,0.9603960396039604,0.009900990099009901,0.0,0.9801980198019802
3model_gemini_flash_lite_qwen_30b_granite_8b,"gemini_flash_lite,qwen_30b,granite_8b",232,knn_router,0.9603960396039604,0.00011580445544554458,0.9603960396039604,0.009900990099009901,0.0,0.9900990099009901
3model_gemini_flash_lite_qwen_30b_granite_8b,"gemini_flash_lite,qwen_30b,granite_8b",232,decision_tree_router,0.9504950495049505,0.00010486069702970295,0.9504950495049505,0.019801980198019802,0.0,0.8712871287128713
3model_gemini_flash_lite_qwen_30b_granite_8b,"gemini_flash_lite,qwen_30b,granite_8b",232,random_forest_router,0.9603960396039604,0.00011580445544554458,0.9603960396039604,0.009900990099009901,0.0,0.9900990099009901
3model_gemini_flash_lite_qwen_30b_granite_8b,"gemini_flash_lite,qwen_30b,granite_8b",232,extra_trees_router,0.9603960396039604,0.00011052633663366335,0.9603960396039604,0.009900990099009901,0.0,0.9108910891089109
3model_gemini_flash_lite_qwen_30b_granite_8b,"gemini_flash_lite,qwen_30b,granite_8b",232,tfidf_logistic_router,0.9603960396039604,0.00011580445544554458,0.9603960396039604,0.009900990099009901,0.0,0.9900990099009901
3model_gemini_flash_lite_qwen_30b_granite_8b,"gemini_flash_lite,qwen_30b,granite_8b",232,tfidf_linear_svm_router,0.9603960396039604,0.00011580445544554458,0.9603960396039604,0.009900990099009901,0.0,0.9900990099009901
3model_gemini_flash_lite_qwen_30b_granite_8b,"gemini_flash_lite,qwen_30b,granite_8b",233,always_gemini_flash_lite,0.9306930693069307,0.00012366089108910893,0.9306930693069307,0.019801980198019802,0.0,0.9801980198019802
3model_gemini_flash_lite_qwen_30b_granite_8b,"gemini_flash_lite,qwen_30b,granite_8b",233,always_qwen_30b,0.8910891089108911,2.4048427722772278e-05,0.8910891089108911,0.0594059405940594,0.0,0.009900990099009901
3model_gemini_flash_lite_qwen_30b_granite_8b,"gemini_flash_lite,qwen_30b,granite_8b",233,always_granite_8b,0.8514851485148515,1.601089108910891e-05,0.8514851485148515,0.09900990099009901,0.0,0.009900990099009901
3model_gemini_flash_lite_qwen_30b_granite_8b,"gemini_flash_lite,qwen_30b,granite_8b",233,random,0.8910891089108911,5.70865702970297e-05,0.8910891089108911,0.0594059405940594,0.0,0.3564356435643564
3model_gemini_flash_lite_qwen_30b_granite_8b,"gemini_flash_lite,qwen_30b,granite_8b",233,oracle,0.9504950495049505,0.00012193619405940593,0.9504950495049505,0.0,0.0,1.0
3model_gemini_flash_lite_qwen_30b_granite_8b,"gemini_flash_lite,qwen_30b,granite_8b",233,logistic_router,0.9108910891089109,0.00010789879603960395,0.9108910891089109,0.039603960396039604,0.0,0.801980198019802
3model_gemini_flash_lite_qwen_30b_granite_8b,"gemini_flash_lite,qwen_30b,granite_8b",233,linear_svm_router,0.9207920792079208,0.00012069931485148517,0.9207920792079208,0.0297029702970297,0.0,0.9504950495049505
3model_gemini_flash_lite_qwen_30b_granite_8b,"gemini_flash_lite,qwen_30b,granite_8b",233,knn_router,0.9306930693069307,0.00012366089108910893,0.9306930693069307,0.019801980198019802,0.0,0.9801980198019802
3model_gemini_flash_lite_qwen_30b_granite_8b,"gemini_flash_lite,qwen_30b,granite_8b",233,decision_tree_router,0.9207920792079208,0.00010177494653465345,0.9207920792079208,0.0297029702970297,0.0,0.7524752475247525
3model_gemini_flash_lite_qwen_30b_granite_8b,"gemini_flash_lite,qwen_30b,granite_8b",233,random_forest_router,0.9306930693069307,0.0001227198613861386,0.9306930693069307,0.019801980198019802,0.0,0.9702970297029703
3model_gemini_flash_lite_qwen_30b_granite_8b,"gemini_flash_lite,qwen_30b,granite_8b",233,extra_trees_router,0.9108910891089109,0.00011363442772277226,0.9108910891089109,0.039603960396039604,0.0,0.8613861386138614
3model_gemini_flash_lite_qwen_30b_granite_8b,"gemini_flash_lite,qwen_30b,granite_8b",233,tfidf_logistic_router,0.9207920792079208,0.00012155956435643563,0.9207920792079208,0.0297029702970297,0.0,0.9603960396039604
3model_gemini_flash_lite_qwen_30b_granite_8b,"gemini_flash_lite,qwen_30b,granite_8b",233,tfidf_linear_svm_router,0.9306930693069307,0.00012366089108910893,0.9306930693069307,0.019801980198019802,0.0,0.9801980198019802
3model_gemini_flash_lite_llama_70b_deepseek_v3,"gemini_flash_lite,llama_70b,deepseek_v3",229,always_gemini_flash_lite,0.9108910891089109,0.0001168069306930693,0.9108910891089109,0.039603960396039604,0.0,0.9603960396039604
3model_gemini_flash_lite_llama_70b_deepseek_v3,"gemini_flash_lite,llama_70b,deepseek_v3",229,always_llama_70b,0.8514851485148515,5.191463366336634e-05,0.8514851485148515,0.09900990099009901,0.0,0.0
3model_gemini_flash_lite_llama_70b_deepseek_v3,"gemini_flash_lite,llama_70b,deepseek_v3",229,always_deepseek_v3,0.9207920792079208,6.72319207920792e-05,0.9207920792079208,0.0297029702970297,0.0,0.039603960396039604
3model_gemini_flash_lite_llama_70b_deepseek_v3,"gemini_flash_lite,llama_70b,deepseek_v3",229,random,0.9207920792079208,7.826667326732674e-05,0.9207920792079208,0.0297029702970297,0.0,0.3069306930693069
3model_gemini_flash_lite_llama_70b_deepseek_v3,"gemini_flash_lite,llama_70b,deepseek_v3",229,oracle,0.9504950495049505,0.00011524366336633661,0.9504950495049505,0.0,0.0,1.0
3model_gemini_flash_lite_llama_70b_deepseek_v3,"gemini_flash_lite,llama_70b,deepseek_v3",229,logistic_router,0.9207920792079208,0.00010449353465346533,0.9207920792079208,0.0297029702970297,0.0,0.7524752475247525
3model_gemini_flash_lite_llama_70b_deepseek_v3,"gemini_flash_lite,llama_70b,deepseek_v3",229,linear_svm_router,0.9108910891089109,0.00011365170297029699,0.9108910891089109,0.039603960396039604,0.0,0.900990099009901
3model_gemini_flash_lite_llama_70b_deepseek_v3,"gemini_flash_lite,llama_70b,deepseek_v3",229,knn_router,0.9108910891089109,0.0001168069306930693,0.9108910891089109,0.039603960396039604,0.0,0.9603960396039604
3model_gemini_flash_lite_llama_70b_deepseek_v3,"gemini_flash_lite,llama_70b,deepseek_v3",229,decision_tree_router,0.8910891089108911,0.00010185222772277224,0.8910891089108911,0.0594059405940594,0.0,0.7524752475247525
3model_gemini_flash_lite_llama_70b_deepseek_v3,"gemini_flash_lite,llama_70b,deepseek_v3",229,random_forest_router,0.9108910891089109,0.0001168069306930693,0.9108910891089109,0.039603960396039604,0.0,0.9603960396039604
3model_gemini_flash_lite_llama_70b_deepseek_v3,"gemini_flash_lite,llama_70b,deepseek_v3",229,extra_trees_router,0.9207920792079208,0.00010730813861386138,0.9207920792079208,0.0297029702970297,0.0,0.8415841584158416
3model_gemini_flash_lite_llama_70b_deepseek_v3,"gemini_flash_lite,llama_70b,deepseek_v3",229,tfidf_logistic_router,0.9207920792079208,0.00011377893069306929,0.9207920792079208,0.0297029702970297,0.0,0.9108910891089109
3model_gemini_flash_lite_llama_70b_deepseek_v3,"gemini_flash_lite,llama_70b,deepseek_v3",229,tfidf_linear_svm_router,0.9108910891089109,0.00011674673267326734,0.9108910891089109,0.039603960396039604,0.0,0.9504950495049505
3model_gemini_flash_lite_llama_70b_deepseek_v3,"gemini_flash_lite,llama_70b,deepseek_v3",230,always_gemini_flash_lite,0.9702970297029703,0.00012524999999999998,0.9702970297029703,0.019801980198019802,0.0,0.9801980198019802
3model_gemini_flash_lite_llama_70b_deepseek_v3,"gemini_flash_lite,llama_70b,deepseek_v3",230,always_llama_70b,0.8910891089108911,5.2112425742574264e-05,0.8910891089108911,0.09900990099009901,0.0,0.0
3model_gemini_flash_lite_llama_70b_deepseek_v3,"gemini_flash_lite,llama_70b,deepseek_v3",230,always_deepseek_v3,0.9306930693069307,7.106932673267325e-05,0.9306930693069307,0.0594059405940594,0.0,0.019801980198019802
3model_gemini_flash_lite_llama_70b_deepseek_v3,"gemini_flash_lite,llama_70b,deepseek_v3",230,random,0.9405940594059405,8.83022475247525e-05,0.9405940594059405,0.04950495049504951,0.0,0.36633663366336633
3model_gemini_flash_lite_llama_70b_deepseek_v3,"gemini_flash_lite,llama_70b,deepseek_v3",230,oracle,0.9900990099009901,0.0001239987128712871,0.9900990099009901,0.0,0.0,1.0
3model_gemini_flash_lite_llama_70b_deepseek_v3,"gemini_flash_lite,llama_70b,deepseek_v3",230,logistic_router,0.9801980198019802,0.00011128040594059404,0.9801980198019802,0.009900990099009901,0.0,0.801980198019802
3model_gemini_flash_lite_llama_70b_deepseek_v3,"gemini_flash_lite,llama_70b,deepseek_v3",230,linear_svm_router,0.9801980198019802,0.00012198758415841581,0.9801980198019802,0.009900990099009901,0.0,0.9702970297029703
3model_gemini_flash_lite_llama_70b_deepseek_v3,"gemini_flash_lite,llama_70b,deepseek_v3",230,knn_router,0.9702970297029703,0.00012524999999999998,0.9702970297029703,0.019801980198019802,0.0,0.9801980198019802
3model_gemini_flash_lite_llama_70b_deepseek_v3,"gemini_flash_lite,llama_70b,deepseek_v3",230,decision_tree_router,0.9603960396039604,0.00011013802970297032,0.9603960396039604,0.0297029702970297,0.0,0.7821782178217822
3model_gemini_flash_lite_llama_70b_deepseek_v3,"gemini_flash_lite,llama_70b,deepseek_v3",230,random_forest_router,0.9801980198019802,0.00012361945544554453,0.9801980198019802,0.009900990099009901,0.0,0.9801980198019802
3model_gemini_flash_lite_llama_70b_deepseek_v3,"gemini_flash_lite,llama_70b,deepseek_v3",230,extra_trees_router,0.9801980198019802,0.00011866619801980196,0.9801980198019802,0.009900990099009901,0.0,0.900990099009901
3model_gemini_flash_lite_llama_70b_deepseek_v3,"gemini_flash_lite,llama_70b,deepseek_v3",230,tfidf_logistic_router,0.9801980198019802,0.00012198758415841581,0.9801980198019802,0.009900990099009901,0.0,0.9702970297029703
3model_gemini_flash_lite_llama_70b_deepseek_v3,"gemini_flash_lite,llama_70b,deepseek_v3",230,tfidf_linear_svm_router,0.9702970297029703,0.00012524999999999998,0.9702970297029703,0.019801980198019802,0.0,0.9801980198019802
3model_gemini_flash_lite_llama_70b_deepseek_v3,"gemini_flash_lite,llama_70b,deepseek_v3",231,always_gemini_flash_lite,0.9306930693069307,0.00012613366336633661,0.9306930693069307,0.0297029702970297,0.0,0.9702970297029703
3model_gemini_flash_lite_llama_70b_deepseek_v3,"gemini_flash_lite,llama_70b,deepseek_v3",231,always_llama_70b,0.8613861386138614,5.35139900990099e-05,0.8613861386138614,0.09900990099009901,0.0,0.009900990099009901
3model_gemini_flash_lite_llama_70b_deepseek_v3,"gemini_flash_lite,llama_70b,deepseek_v3",231,always_deepseek_v3,0.8613861386138614,7.282815841584158e-05,0.8613861386138614,0.09900990099009901,0.0,0.019801980198019802
3model_gemini_flash_lite_llama_70b_deepseek_v3,"gemini_flash_lite,llama_70b,deepseek_v3",231,random,0.8514851485148515,8.072415841584158e-05,0.8514851485148515,0.10891089108910891,0.0,0.24752475247524752
3model_gemini_flash_lite_llama_70b_deepseek_v3,"gemini_flash_lite,llama_70b,deepseek_v3",231,oracle,0.9603960396039604,0.0001250718811881188,0.9603960396039604,0.0,0.0,1.0
3model_gemini_flash_lite_llama_70b_deepseek_v3,"gemini_flash_lite,llama_70b,deepseek_v3",231,logistic_router,0.9306930693069307,0.00011349176237623761,0.9306930693069307,0.0297029702970297,0.0,0.8217821782178217
3model_gemini_flash_lite_llama_70b_deepseek_v3,"gemini_flash_lite,llama_70b,deepseek_v3",231,linear_svm_router,0.9306930693069307,0.00012114986138613861,0.9306930693069307,0.0297029702970297,0.0,0.9207920792079208
3model_gemini_flash_lite_llama_70b_deepseek_v3,"gemini_flash_lite,llama_70b,deepseek_v3",231,knn_router,0.9306930693069307,0.00012613366336633661,0.9306930693069307,0.0297029702970297,0.0,0.9702970297029703
3model_gemini_flash_lite_llama_70b_deepseek_v3,"gemini_flash_lite,llama_70b,deepseek_v3",231,decision_tree_router,0.9207920792079208,0.00011673945544554454,0.9207920792079208,0.039603960396039604,0.0,0.8712871287128713
3model_gemini_flash_lite_llama_70b_deepseek_v3,"gemini_flash_lite,llama_70b,deepseek_v3",231,random_forest_router,0.9306930693069307,0.00012207060396039605,0.9306930693069307,0.0297029702970297,0.0,0.9108910891089109
3model_gemini_flash_lite_llama_70b_deepseek_v3,"gemini_flash_lite,llama_70b,deepseek_v3",231,extra_trees_router,0.9108910891089109,0.00011835125742574258,0.9108910891089109,0.04950495049504951,0.0,0.8217821782178217
3model_gemini_flash_lite_llama_70b_deepseek_v3,"gemini_flash_lite,llama_70b,deepseek_v3",231,tfidf_logistic_router,0.9306930693069307,0.00012111946534653464,0.9306930693069307,0.0297029702970297,0.0,0.9108910891089109
3model_gemini_flash_lite_llama_70b_deepseek_v3,"gemini_flash_lite,llama_70b,deepseek_v3",231,tfidf_linear_svm_router,0.9306930693069307,0.00012384207920792078,0.9306930693069307,0.0297029702970297,0.0,0.9405940594059405
3model_gemini_flash_lite_llama_70b_deepseek_v3,"gemini_flash_lite,llama_70b,deepseek_v3",232,always_gemini_flash_lite,0.9603960396039604,0.00011580445544554458,0.9603960396039604,0.0,0.0,
3model_gemini_flash_lite_llama_70b_deepseek_v3,"gemini_flash_lite,llama_70b,deepseek_v3",232,always_llama_70b,0.8910891089108911,5.238212871287129e-05,0.8910891089108911,0.06930693069306931,0.0,
3model_gemini_flash_lite_llama_70b_deepseek_v3,"gemini_flash_lite,llama_70b,deepseek_v3",232,always_deepseek_v3,0.8811881188118812,6.627041584158416e-05,0.8811881188118812,0.07920792079207921,0.0,
3model_gemini_flash_lite_llama_70b_deepseek_v3,"gemini_flash_lite,llama_70b,deepseek_v3",232,random,0.900990099009901,7.577549504950496e-05,0.900990099009901,0.0594059405940594,0.0,
3model_gemini_flash_lite_llama_70b_deepseek_v3,"gemini_flash_lite,llama_70b,deepseek_v3",232,oracle,0.9603960396039604,0.00011580445544554458,0.9603960396039604,0.0,0.0,
3model_gemini_flash_lite_llama_70b_deepseek_v3,"gemini_flash_lite,llama_70b,deepseek_v3",232,logistic_router,0.9504950495049505,0.00010748000000000001,0.9504950495049505,0.009900990099009901,0.0,
3model_gemini_flash_lite_llama_70b_deepseek_v3,"gemini_flash_lite,llama_70b,deepseek_v3",232,linear_svm_router,0.9504950495049505,0.00011235608910891088,0.9504950495049505,0.009900990099009901,0.0,
3model_gemini_flash_lite_llama_70b_deepseek_v3,"gemini_flash_lite,llama_70b,deepseek_v3",232,knn_router,0.9603960396039604,0.00011580445544554458,0.9603960396039604,0.0,0.0,
3model_gemini_flash_lite_llama_70b_deepseek_v3,"gemini_flash_lite,llama_70b,deepseek_v3",232,decision_tree_router,0.9405940594059405,0.0001087860891089109,0.9405940594059405,0.019801980198019802,0.0,
3model_gemini_flash_lite_llama_70b_deepseek_v3,"gemini_flash_lite,llama_70b,deepseek_v3",232,random_forest_router,0.9504950495049505,0.00011441034653465348,0.9504950495049505,0.009900990099009901,0.0,
3model_gemini_flash_lite_llama_70b_deepseek_v3,"gemini_flash_lite,llama_70b,deepseek_v3",232,extra_trees_router,0.9405940594059405,0.0001095847425742574,0.9405940594059405,0.019801980198019802,0.0,
3model_gemini_flash_lite_llama_70b_deepseek_v3,"gemini_flash_lite,llama_70b,deepseek_v3",232,tfidf_logistic_router,0.9504950495049505,0.00011491481188118814,0.9504950495049505,0.009900990099009901,0.0,
3model_gemini_flash_lite_llama_70b_deepseek_v3,"gemini_flash_lite,llama_70b,deepseek_v3",232,tfidf_linear_svm_router,0.9504950495049505,0.00011547069306930692,0.9504950495049505,0.009900990099009901,0.0,
3model_gemini_flash_lite_llama_70b_deepseek_v3,"gemini_flash_lite,llama_70b,deepseek_v3",233,always_gemini_flash_lite,0.9306930693069307,0.00012366089108910893,0.9306930693069307,0.009900990099009901,0.0,0.9900990099009901
3model_gemini_flash_lite_llama_70b_deepseek_v3,"gemini_flash_lite,llama_70b,deepseek_v3",233,always_llama_70b,0.8811881188118812,5.316852475247525e-05,0.8811881188118812,0.0594059405940594,0.0,0.009900990099009901
3model_gemini_flash_lite_llama_70b_deepseek_v3,"gemini_flash_lite,llama_70b,deepseek_v3",233,always_deepseek_v3,0.8712871287128713,6.896013861386139e-05,0.8712871287128713,0.06930693069306931,0.0,0.0
3model_gemini_flash_lite_llama_70b_deepseek_v3,"gemini_flash_lite,llama_70b,deepseek_v3",233,random,0.8712871287128713,8.379063366336632e-05,0.8712871287128713,0.06930693069306931,0.0,0.3465346534653465
3model_gemini_flash_lite_llama_70b_deepseek_v3,"gemini_flash_lite,llama_70b,deepseek_v3",233,oracle,0.9405940594059405,0.00012336881188118812,0.9405940594059405,0.0,0.0,1.0
3model_gemini_flash_lite_llama_70b_deepseek_v3,"gemini_flash_lite,llama_70b,deepseek_v3",233,logistic_router,0.9108910891089109,0.00011169483168316832,0.9108910891089109,0.0297029702970297,0.0,0.801980198019802
3model_gemini_flash_lite_llama_70b_deepseek_v3,"gemini_flash_lite,llama_70b,deepseek_v3",233,linear_svm_router,0.9207920792079208,0.00012117045544554455,0.9207920792079208,0.019801980198019802,0.0,0.9405940594059405
3model_gemini_flash_lite_llama_70b_deepseek_v3,"gemini_flash_lite,llama_70b,deepseek_v3",233,knn_router,0.9306930693069307,0.00012366089108910893,0.9306930693069307,0.009900990099009901,0.0,0.9900990099009901
3model_gemini_flash_lite_llama_70b_deepseek_v3,"gemini_flash_lite,llama_70b,deepseek_v3",233,decision_tree_router,0.9207920792079208,0.00010824864356435645,0.9207920792079208,0.019801980198019802,0.0,0.7821782178217822
3model_gemini_flash_lite_llama_70b_deepseek_v3,"gemini_flash_lite,llama_70b,deepseek_v3",233,random_forest_router,0.9306930693069307,0.00012196620792079207,0.9306930693069307,0.009900990099009901,0.0,0.9702970297029703
3model_gemini_flash_lite_llama_70b_deepseek_v3,"gemini_flash_lite,llama_70b,deepseek_v3",233,extra_trees_router,0.9108910891089109,0.00011116026732673265,0.9108910891089109,0.0297029702970297,0.0,0.801980198019802
3model_gemini_flash_lite_llama_70b_deepseek_v3,"gemini_flash_lite,llama_70b,deepseek_v3",233,tfidf_logistic_router,0.9306930693069307,0.00012150516831683166,0.9306930693069307,0.009900990099009901,0.0,0.9504950495049505
3model_gemini_flash_lite_llama_70b_deepseek_v3,"gemini_flash_lite,llama_70b,deepseek_v3",233,tfidf_linear_svm_router,0.9306930693069307,0.00012366089108910893,0.9306930693069307,0.009900990099009901,0.0,0.9900990099009901
3model_gemini_flash_lite_llama_70b_granite_8b,"gemini_flash_lite,llama_70b,granite_8b",229,always_gemini_flash_lite,0.9108910891089109,0.0001168069306930693,0.9108910891089109,0.0297029702970297,0.0,0.9702970297029703
3model_gemini_flash_lite_llama_70b_granite_8b,"gemini_flash_lite,llama_70b,granite_8b",229,always_llama_70b,0.8514851485148515,5.191463366336634e-05,0.8514851485148515,0.0891089108910891,0.0,0.0
3model_gemini_flash_lite_llama_70b_granite_8b,"gemini_flash_lite,llama_70b,granite_8b",229,always_granite_8b,0.8613861386138614,1.5395544554455447e-05,0.8613861386138614,0.07920792079207921,0.0,0.0297029702970297
3model_gemini_flash_lite_llama_70b_granite_8b,"gemini_flash_lite,llama_70b,granite_8b",229,random,0.900990099009901,5.882594059405941e-05,0.900990099009901,0.039603960396039604,0.0,0.297029702970297
3model_gemini_flash_lite_llama_70b_granite_8b,"gemini_flash_lite,llama_70b,granite_8b",229,oracle,0.9405940594059405,0.00011417920792079208,0.9405940594059405,0.0,0.0,1.0
3model_gemini_flash_lite_llama_70b_granite_8b,"gemini_flash_lite,llama_70b,granite_8b",229,logistic_router,0.9207920792079208,0.00010336123762376236,0.9207920792079208,0.019801980198019802,0.0,0.7821782178217822
3model_gemini_flash_lite_llama_70b_granite_8b,"gemini_flash_lite,llama_70b,granite_8b",229,linear_svm_router,0.9207920792079208,0.00011374366336633663,0.9207920792079208,0.019801980198019802,0.0,0.9405940594059405
3model_gemini_flash_lite_llama_70b_granite_8b,"gemini_flash_lite,llama_70b,granite_8b",229,knn_router,0.9108910891089109,0.0001168069306930693,0.9108910891089109,0.0297029702970297,0.0,0.9702970297029703
3model_gemini_flash_lite_llama_70b_granite_8b,"gemini_flash_lite,llama_70b,granite_8b",229,decision_tree_router,0.8910891089108911,9.609445544554454e-05,0.8910891089108911,0.04950495049504951,0.0,0.7029702970297029
3model_gemini_flash_lite_llama_70b_granite_8b,"gemini_flash_lite,llama_70b,granite_8b",229,random_forest_router,0.9108910891089109,0.0001168069306930693,0.9108910891089109,0.0297029702970297,0.0,0.9702970297029703
3model_gemini_flash_lite_llama_70b_granite_8b,"gemini_flash_lite,llama_70b,granite_8b",229,extra_trees_router,0.9207920792079208,0.00010702732673267328,0.9207920792079208,0.019801980198019802,0.0,0.8613861386138614
3model_gemini_flash_lite_llama_70b_granite_8b,"gemini_flash_lite,llama_70b,granite_8b",229,tfidf_logistic_router,0.9207920792079208,0.00011389475247524751,0.9207920792079208,0.019801980198019802,0.0,0.9405940594059405
3model_gemini_flash_lite_llama_70b_granite_8b,"gemini_flash_lite,llama_70b,granite_8b",229,tfidf_linear_svm_router,0.9108910891089109,0.00011674673267326734,0.9108910891089109,0.0297029702970297,0.0,0.9603960396039604
3model_gemini_flash_lite_llama_70b_granite_8b,"gemini_flash_lite,llama_70b,granite_8b",230,always_gemini_flash_lite,0.9702970297029703,0.00012524999999999998,0.9702970297029703,0.0,0.0,
3model_gemini_flash_lite_llama_70b_granite_8b,"gemini_flash_lite,llama_70b,granite_8b",230,always_llama_70b,0.8910891089108911,5.2112425742574264e-05,0.8910891089108911,0.07920792079207921,0.0,
3model_gemini_flash_lite_llama_70b_granite_8b,"gemini_flash_lite,llama_70b,granite_8b",230,always_granite_8b,0.8316831683168316,1.659059405940594e-05,0.8316831683168316,0.13861386138613863,0.0,
3model_gemini_flash_lite_llama_70b_granite_8b,"gemini_flash_lite,llama_70b,granite_8b",230,random,0.9306930693069307,7.056133663366336e-05,0.9306930693069307,0.039603960396039604,0.0,
3model_gemini_flash_lite_llama_70b_granite_8b,"gemini_flash_lite,llama_70b,granite_8b",230,oracle,0.9702970297029703,0.00012524999999999998,0.9702970297029703,0.0,0.0,
3model_gemini_flash_lite_llama_70b_granite_8b,"gemini_flash_lite,llama_70b,granite_8b",230,logistic_router,0.9702970297029703,0.00010986618811881186,0.9702970297029703,0.0,0.0,
3model_gemini_flash_lite_llama_70b_granite_8b,"gemini_flash_lite,llama_70b,granite_8b",230,linear_svm_router,0.9702970297029703,0.00012056851485148515,0.9702970297029703,0.0,0.0,
3model_gemini_flash_lite_llama_70b_granite_8b,"gemini_flash_lite,llama_70b,granite_8b",230,knn_router,0.9702970297029703,0.00012524999999999998,0.9702970297029703,0.0,0.0,
3model_gemini_flash_lite_llama_70b_granite_8b,"gemini_flash_lite,llama_70b,granite_8b",230,decision_tree_router,0.9603960396039604,0.0001077291584158416,0.9603960396039604,0.009900990099009901,0.0,
3model_gemini_flash_lite_llama_70b_granite_8b,"gemini_flash_lite,llama_70b,granite_8b",230,random_forest_router,0.9702970297029703,0.00012258915841584158,0.9702970297029703,0.0,0.0,
3model_gemini_flash_lite_llama_70b_granite_8b,"gemini_flash_lite,llama_70b,granite_8b",230,extra_trees_router,0.9702970297029703,0.00011848029702970296,0.9702970297029703,0.0,0.0,
3model_gemini_flash_lite_llama_70b_granite_8b,"gemini_flash_lite,llama_70b,granite_8b",230,tfidf_logistic_router,0.9702970297029703,0.00011908,0.9702970297029703,0.0,0.0,
3model_gemini_flash_lite_llama_70b_granite_8b,"gemini_flash_lite,llama_70b,granite_8b",230,tfidf_linear_svm_router,0.9702970297029703,0.00012524999999999998,0.9702970297029703,0.0,0.0,
3model_gemini_flash_lite_llama_70b_granite_8b,"gemini_flash_lite,llama_70b,granite_8b",231,always_gemini_flash_lite,0.9306930693069307,0.00012613366336633661,0.9306930693069307,0.019801980198019802,0.0,0.9801980198019802
3model_gemini_flash_lite_llama_70b_granite_8b,"gemini_flash_lite,llama_70b,granite_8b",231,always_llama_70b,0.8613861386138614,5.35139900990099e-05,0.8613861386138614,0.0891089108910891,0.0,0.009900990099009901
3model_gemini_flash_lite_llama_70b_granite_8b,"gemini_flash_lite,llama_70b,granite_8b",231,always_granite_8b,0.8316831683168316,1.662079207920792e-05,0.8316831683168316,0.1188118811881188,0.0,0.009900990099009901
3model_gemini_flash_lite_llama_70b_granite_8b,"gemini_flash_lite,llama_70b,granite_8b",231,random,0.8712871287128713,5.896465346534654e-05,0.8712871287128713,0.07920792079207921,0.0,0.2376237623762376
3model_gemini_flash_lite_llama_70b_granite_8b,"gemini_flash_lite,llama_70b,granite_8b",231,oracle,0.9504950495049505,0.00012457881188118812,0.9504950495049505,0.0,0.0,1.0
3model_gemini_flash_lite_llama_70b_granite_8b,"gemini_flash_lite,llama_70b,granite_8b",231,logistic_router,0.9306930693069307,0.0001119688118811881,0.9306930693069307,0.019801980198019802,0.0,0.8316831683168316
3model_gemini_flash_lite_llama_70b_granite_8b,"gemini_flash_lite,llama_70b,granite_8b",231,linear_svm_router,0.9306930693069307,0.0001190150495049505,0.9306930693069307,0.019801980198019802,0.0,0.8910891089108911
3model_gemini_flash_lite_llama_70b_granite_8b,"gemini_flash_lite,llama_70b,granite_8b",231,knn_router,0.9306930693069307,0.00012613366336633661,0.9306930693069307,0.019801980198019802,0.0,0.9801980198019802
3model_gemini_flash_lite_llama_70b_granite_8b,"gemini_flash_lite,llama_70b,granite_8b",231,decision_tree_router,0.9108910891089109,0.0001039350495049505,0.9108910891089109,0.039603960396039604,0.0,0.7623762376237624
3model_gemini_flash_lite_llama_70b_granite_8b,"gemini_flash_lite,llama_70b,granite_8b",231,random_forest_router,0.9306930693069307,0.00012218915841584157,0.9306930693069307,0.019801980198019802,0.0,0.9306930693069307
3model_gemini_flash_lite_llama_70b_granite_8b,"gemini_flash_lite,llama_70b,granite_8b",231,extra_trees_router,0.9207920792079208,0.00011787959405940594,0.9207920792079208,0.0297029702970297,0.0,0.8415841584158416
3model_gemini_flash_lite_llama_70b_granite_8b,"gemini_flash_lite,llama_70b,granite_8b",231,tfidf_logistic_router,0.9306930693069307,0.00011872,0.9306930693069307,0.019801980198019802,0.0,0.8910891089108911
3model_gemini_flash_lite_llama_70b_granite_8b,"gemini_flash_lite,llama_70b,granite_8b",231,tfidf_linear_svm_router,0.9306930693069307,0.00012474603960396037,0.9306930693069307,0.019801980198019802,0.0,0.9504950495049505
3model_gemini_flash_lite_llama_70b_granite_8b,"gemini_flash_lite,llama_70b,granite_8b",232,always_gemini_flash_lite,0.9603960396039604,0.00011580445544554458,0.9603960396039604,0.009900990099009901,0.0,0.9900990099009901
3model_gemini_flash_lite_llama_70b_granite_8b,"gemini_flash_lite,llama_70b,granite_8b",232,always_llama_70b,0.8910891089108911,5.238212871287129e-05,0.8910891089108911,0.07920792079207921,0.0,0.0
3model_gemini_flash_lite_llama_70b_granite_8b,"gemini_flash_lite,llama_70b,granite_8b",232,always_granite_8b,0.8613861386138614,1.5412871287128713e-05,0.8613861386138614,0.10891089108910891,0.0,0.009900990099009901
3model_gemini_flash_lite_llama_70b_granite_8b,"gemini_flash_lite,llama_70b,granite_8b",232,random,0.9108910891089109,5.9576188118811896e-05,0.9108910891089109,0.0594059405940594,0.0,0.27722772277227725
3model_gemini_flash_lite_llama_70b_granite_8b,"gemini_flash_lite,llama_70b,granite_8b",232,oracle,0.9702970297029703,0.0001150549504950495,0.9702970297029703,0.0,0.0,1.0
3model_gemini_flash_lite_llama_70b_granite_8b,"gemini_flash_lite,llama_70b,granite_8b",232,logistic_router,0.9702970297029703,0.0001042270297029703,0.9702970297029703,0.0,0.0,0.8415841584158416
3model_gemini_flash_lite_llama_70b_granite_8b,"gemini_flash_lite,llama_70b,granite_8b",232,linear_svm_router,0.9504950495049505,0.00011301356435643567,0.9504950495049505,0.019801980198019802,0.0,0.9504950495049505
3model_gemini_flash_lite_llama_70b_granite_8b,"gemini_flash_lite,llama_70b,granite_8b",232,knn_router,0.9603960396039604,0.00011580445544554458,0.9603960396039604,0.009900990099009901,0.0,0.9900990099009901
3model_gemini_flash_lite_llama_70b_granite_8b,"gemini_flash_lite,llama_70b,granite_8b",232,decision_tree_router,0.9702970297029703,0.00010697272277227721,0.9702970297029703,0.0,0.0,0.8811881188118812
3model_gemini_flash_lite_llama_70b_granite_8b,"gemini_flash_lite,llama_70b,granite_8b",232,random_forest_router,0.9603960396039604,0.00011580445544554458,0.9603960396039604,0.009900990099009901,0.0,0.9900990099009901
3model_gemini_flash_lite_llama_70b_granite_8b,"gemini_flash_lite,llama_70b,granite_8b",232,extra_trees_router,0.9603960396039604,0.0001110660891089109,0.9603960396039604,0.009900990099009901,0.0,0.9207920792079208
3model_gemini_flash_lite_llama_70b_granite_8b,"gemini_flash_lite,llama_70b,granite_8b",232,tfidf_logistic_router,0.9603960396039604,0.00011490316831683167,0.9603960396039604,0.009900990099009901,0.0,0.9702970297029703
3model_gemini_flash_lite_llama_70b_granite_8b,"gemini_flash_lite,llama_70b,granite_8b",232,tfidf_linear_svm_router,0.9603960396039604,0.00011580445544554458,0.9603960396039604,0.009900990099009901,0.0,0.9900990099009901
3model_gemini_flash_lite_llama_70b_granite_8b,"gemini_flash_lite,llama_70b,granite_8b",233,always_gemini_flash_lite,0.9306930693069307,0.00012366089108910893,0.9306930693069307,0.019801980198019802,0.0,0.9801980198019802
3model_gemini_flash_lite_llama_70b_granite_8b,"gemini_flash_lite,llama_70b,granite_8b",233,always_llama_70b,0.8811881188118812,5.316852475247525e-05,0.8811881188118812,0.06930693069306931,0.0,0.009900990099009901
3model_gemini_flash_lite_llama_70b_granite_8b,"gemini_flash_lite,llama_70b,granite_8b",233,always_granite_8b,0.8514851485148515,1.601089108910891e-05,0.8514851485148515,0.09900990099009901,0.0,0.009900990099009901
3model_gemini_flash_lite_llama_70b_granite_8b,"gemini_flash_lite,llama_70b,granite_8b",233,random,0.8613861386138614,6.36389108910891e-05,0.8613861386138614,0.0891089108910891,0.0,0.3465346534653465
3model_gemini_flash_lite_llama_70b_granite_8b,"gemini_flash_lite,llama_70b,granite_8b",233,oracle,0.9504950495049505,0.00012261930693069307,0.9504950495049505,0.0,0.0,1.0
3model_gemini_flash_lite_llama_70b_granite_8b,"gemini_flash_lite,llama_70b,granite_8b",233,logistic_router,0.9207920792079208,0.00010916554455445543,0.9207920792079208,0.0297029702970297,0.0,0.8217821782178217
3model_gemini_flash_lite_llama_70b_granite_8b,"gemini_flash_lite,llama_70b,granite_8b",233,linear_svm_router,0.9306930693069307,0.00012015643564356435,0.9306930693069307,0.019801980198019802,0.0,0.9603960396039604
3model_gemini_flash_lite_llama_70b_granite_8b,"gemini_flash_lite,llama_70b,granite_8b",233,knn_router,0.9306930693069307,0.00012366089108910893,0.9306930693069307,0.019801980198019802,0.0,0.9801980198019802
3model_gemini_flash_lite_llama_70b_granite_8b,"gemini_flash_lite,llama_70b,granite_8b",233,decision_tree_router,0.900990099009901,0.00010346326732673267,0.900990099009901,0.04950495049504951,0.0,0.7227722772277227
3model_gemini_flash_lite_llama_70b_granite_8b,"gemini_flash_lite,llama_70b,granite_8b",233,random_forest_router,0.9306930693069307,0.0001238139207920792,0.9306930693069307,0.019801980198019802,0.0,0.9603960396039604
3model_gemini_flash_lite_llama_70b_granite_8b,"gemini_flash_lite,llama_70b,granite_8b",233,extra_trees_router,0.9108910891089109,0.000109641,0.9108910891089109,0.039603960396039604,0.0,0.7920792079207921
3model_gemini_flash_lite_llama_70b_granite_8b,"gemini_flash_lite,llama_70b,granite_8b",233,tfidf_logistic_router,0.9207920792079208,0.00011940495049504949,0.9207920792079208,0.0297029702970297,0.0,0.9405940594059405
3model_gemini_flash_lite_llama_70b_granite_8b,"gemini_flash_lite,llama_70b,granite_8b",233,tfidf_linear_svm_router,0.9306930693069307,0.00012366089108910893,0.9306930693069307,0.019801980198019802,0.0,0.9801980198019802
3model_gemini_flash_lite_deepseek_v3_granite_8b,"gemini_flash_lite,deepseek_v3,granite_8b",229,always_gemini_flash_lite,0.9108910891089109,0.0001168069306930693,0.9108910891089109,0.04950495049504951,0.0,0.9504950495049505
3model_gemini_flash_lite_deepseek_v3_granite_8b,"gemini_flash_lite,deepseek_v3,granite_8b",229,always_deepseek_v3,0.9207920792079208,6.72319207920792e-05,0.9207920792079208,0.039603960396039604,0.0,0.039603960396039604
3model_gemini_flash_lite_deepseek_v3_granite_8b,"gemini_flash_lite,deepseek_v3,granite_8b",229,always_granite_8b,0.8613861386138614,1.5395544554455447e-05,0.8613861386138614,0.09900990099009901,0.0,0.009900990099009901
3model_gemini_flash_lite_deepseek_v3_granite_8b,"gemini_flash_lite,deepseek_v3,granite_8b",229,random,0.900990099009901,6.139368316831684e-05,0.900990099009901,0.0594059405940594,0.0,0.26732673267326734
3model_gemini_flash_lite_deepseek_v3_granite_8b,"gemini_flash_lite,deepseek_v3,granite_8b",229,oracle,0.9603960396039604,0.00011449415841584158,0.9603960396039604,0.0,0.0,1.0
3model_gemini_flash_lite_deepseek_v3_granite_8b,"gemini_flash_lite,deepseek_v3,granite_8b",229,logistic_router,0.9207920792079208,0.0001057407128712871,0.9207920792079208,0.039603960396039604,0.0,0.8217821782178217
3model_gemini_flash_lite_deepseek_v3_granite_8b,"gemini_flash_lite,deepseek_v3,granite_8b",229,linear_svm_router,0.9108910891089109,0.0001152497821782178,0.9108910891089109,0.04950495049504951,0.0,0.9405940594059405
3model_gemini_flash_lite_deepseek_v3_granite_8b,"gemini_flash_lite,deepseek_v3,granite_8b",229,knn_router,0.9108910891089109,0.0001168069306930693,0.9108910891089109,0.04950495049504951,0.0,0.9504950495049505
3model_gemini_flash_lite_deepseek_v3_granite_8b,"gemini_flash_lite,deepseek_v3,granite_8b",229,decision_tree_router,0.9207920792079208,0.00010548928712871286,0.9207920792079208,0.039603960396039604,0.0,0.7821782178217822
3model_gemini_flash_lite_deepseek_v3_granite_8b,"gemini_flash_lite,deepseek_v3,granite_8b",229,random_forest_router,0.9108910891089109,0.0001168069306930693,0.9108910891089109,0.04950495049504951,0.0,0.9504950495049505
3model_gemini_flash_lite_deepseek_v3_granite_8b,"gemini_flash_lite,deepseek_v3,granite_8b",229,extra_trees_router,0.9207920792079208,0.00010676299009900986,0.9207920792079208,0.039603960396039604,0.0,0.8316831683168316
3model_gemini_flash_lite_deepseek_v3_granite_8b,"gemini_flash_lite,deepseek_v3,granite_8b",229,tfidf_logistic_router,0.9207920792079208,0.0001142357623762376,0.9207920792079208,0.039603960396039604,0.0,0.9306930693069307
3model_gemini_flash_lite_deepseek_v3_granite_8b,"gemini_flash_lite,deepseek_v3,granite_8b",229,tfidf_linear_svm_router,0.9108910891089109,0.0001168069306930693,0.9108910891089109,0.04950495049504951,0.0,0.9504950495049505
3model_gemini_flash_lite_deepseek_v3_granite_8b,"gemini_flash_lite,deepseek_v3,granite_8b",230,always_gemini_flash_lite,0.9702970297029703,0.00012524999999999998,0.9702970297029703,0.019801980198019802,0.0,0.9801980198019802
3model_gemini_flash_lite_deepseek_v3_granite_8b,"gemini_flash_lite,deepseek_v3,granite_8b",230,always_deepseek_v3,0.9306930693069307,7.106932673267325e-05,0.9306930693069307,0.0594059405940594,0.0,0.019801980198019802
3model_gemini_flash_lite_deepseek_v3_granite_8b,"gemini_flash_lite,deepseek_v3,granite_8b",230,always_granite_8b,0.8316831683168316,1.659059405940594e-05,0.8316831683168316,0.15841584158415842,0.0,0.0
3model_gemini_flash_lite_deepseek_v3_granite_8b,"gemini_flash_lite,deepseek_v3,granite_8b",230,random,0.9306930693069307,7.568770297029701e-05,0.9306930693069307,0.0594059405940594,0.0,0.37623762376237624
3model_gemini_flash_lite_deepseek_v3_granite_8b,"gemini_flash_lite,deepseek_v3,granite_8b",230,oracle,0.9900990099009901,0.0001239987128712871,0.9900990099009901,0.0,0.0,1.0
3model_gemini_flash_lite_deepseek_v3_granite_8b,"gemini_flash_lite,deepseek_v3,granite_8b",230,logistic_router,0.9801980198019802,0.00011019623762376238,0.9801980198019802,0.009900990099009901,0.0,0.8118811881188119
3model_gemini_flash_lite_deepseek_v3_granite_8b,"gemini_flash_lite,deepseek_v3,granite_8b",230,linear_svm_router,0.9801980198019802,0.00012025851485148513,0.9801980198019802,0.009900990099009901,0.0,0.9603960396039604
3model_gemini_flash_lite_deepseek_v3_granite_8b,"gemini_flash_lite,deepseek_v3,granite_8b",230,knn_router,0.9702970297029703,0.00012524999999999998,0.9702970297029703,0.019801980198019802,0.0,0.9801980198019802
3model_gemini_flash_lite_deepseek_v3_granite_8b,"gemini_flash_lite,deepseek_v3,granite_8b",230,decision_tree_router,0.9900990099009901,0.00010146621782178217,0.9900990099009901,0.0,0.0,0.7128712871287128
3model_gemini_flash_lite_deepseek_v3_granite_8b,"gemini_flash_lite,deepseek_v3,granite_8b",230,random_forest_router,0.9801980198019802,0.00012467980198019798,0.9801980198019802,0.009900990099009901,0.0,0.9900990099009901
3model_gemini_flash_lite_deepseek_v3_granite_8b,"gemini_flash_lite,deepseek_v3,granite_8b",230,extra_trees_router,0.9801980198019802,0.00011742649504950494,0.9801980198019802,0.009900990099009901,0.0,0.8811881188118812
3model_gemini_flash_lite_deepseek_v3_granite_8b,"gemini_flash_lite,deepseek_v3,granite_8b",230,tfidf_logistic_router,0.9801980198019802,0.00012144085148514849,0.9801980198019802,0.009900990099009901,0.0,0.9702970297029703
3model_gemini_flash_lite_deepseek_v3_granite_8b,"gemini_flash_lite,deepseek_v3,granite_8b",230,tfidf_linear_svm_router,0.9702970297029703,0.00012524999999999998,0.9702970297029703,0.019801980198019802,0.0,0.9801980198019802
3model_gemini_flash_lite_deepseek_v3_granite_8b,"gemini_flash_lite,deepseek_v3,granite_8b",231,always_gemini_flash_lite,0.9306930693069307,0.00012613366336633661,0.9306930693069307,0.0297029702970297,0.0,0.9702970297029703
3model_gemini_flash_lite_deepseek_v3_granite_8b,"gemini_flash_lite,deepseek_v3,granite_8b",231,always_deepseek_v3,0.8613861386138614,7.282815841584158e-05,0.8613861386138614,0.09900990099009901,0.0,0.019801980198019802
3model_gemini_flash_lite_deepseek_v3_granite_8b,"gemini_flash_lite,deepseek_v3,granite_8b",231,always_granite_8b,0.8316831683168316,1.662079207920792e-05,0.8316831683168316,0.12871287128712872,0.0,0.009900990099009901
3model_gemini_flash_lite_deepseek_v3_granite_8b,"gemini_flash_lite,deepseek_v3,granite_8b",231,random,0.8910891089108911,6.512043564356435e-05,0.8910891089108911,0.06930693069306931,0.0,0.2376237623762376
3model_gemini_flash_lite_deepseek_v3_granite_8b,"gemini_flash_lite,deepseek_v3,granite_8b",231,oracle,0.9603960396039604,0.00012488118811881187,0.9603960396039604,0.0,0.0,1.0
3model_gemini_flash_lite_deepseek_v3_granite_8b,"gemini_flash_lite,deepseek_v3,granite_8b",231,logistic_router,0.9306930693069307,0.00011907273267326731,0.9306930693069307,0.0297029702970297,0.0,0.8811881188118812
3model_gemini_flash_lite_deepseek_v3_granite_8b,"gemini_flash_lite,deepseek_v3,granite_8b",231,linear_svm_router,0.9306930693069307,0.00012375099009900989,0.9306930693069307,0.0297029702970297,0.0,0.9504950495049505
3model_gemini_flash_lite_deepseek_v3_granite_8b,"gemini_flash_lite,deepseek_v3,granite_8b",231,knn_router,0.9306930693069307,0.00012613366336633661,0.9306930693069307,0.0297029702970297,0.0,0.9702970297029703
3model_gemini_flash_lite_deepseek_v3_granite_8b,"gemini_flash_lite,deepseek_v3,granite_8b",231,decision_tree_router,0.9207920792079208,0.00010976461386138614,0.9207920792079208,0.039603960396039604,0.0,0.7920792079207921
3model_gemini_flash_lite_deepseek_v3_granite_8b,"gemini_flash_lite,deepseek_v3,granite_8b",231,random_forest_router,0.9306930693069307,0.00012359560396039602,0.9306930693069307,0.0297029702970297,0.0,0.9306930693069307
3model_gemini_flash_lite_deepseek_v3_granite_8b,"gemini_flash_lite,deepseek_v3,granite_8b",231,extra_trees_router,0.9306930693069307,0.00012023869306930692,0.9306930693069307,0.0297029702970297,0.0,0.8910891089108911
3model_gemini_flash_lite_deepseek_v3_granite_8b,"gemini_flash_lite,deepseek_v3,granite_8b",231,tfidf_logistic_router,0.9306930693069307,0.00011975388118811881,0.9306930693069307,0.0297029702970297,0.0,0.9108910891089109
3model_gemini_flash_lite_deepseek_v3_granite_8b,"gemini_flash_lite,deepseek_v3,granite_8b",231,tfidf_linear_svm_router,0.9207920792079208,0.000125799900990099,0.9207920792079208,0.039603960396039604,0.0,0.9603960396039604
3model_gemini_flash_lite_deepseek_v3_granite_8b,"gemini_flash_lite,deepseek_v3,granite_8b",232,always_gemini_flash_lite,0.9603960396039604,0.00011580445544554458,0.9603960396039604,0.009900990099009901,0.0,0.9900990099009901
3model_gemini_flash_lite_deepseek_v3_granite_8b,"gemini_flash_lite,deepseek_v3,granite_8b",232,always_deepseek_v3,0.8811881188118812,6.627041584158416e-05,0.8811881188118812,0.0891089108910891,0.0,0.0
3model_gemini_flash_lite_deepseek_v3_granite_8b,"gemini_flash_lite,deepseek_v3,granite_8b",232,always_granite_8b,0.8613861386138614,1.5412871287128713e-05,0.8613861386138614,0.10891089108910891,0.0,0.009900990099009901
3model_gemini_flash_lite_deepseek_v3_granite_8b,"gemini_flash_lite,deepseek_v3,granite_8b",232,random,0.900990099009901,6.588007920792081e-05,0.900990099009901,0.06930693069306931,0.0,0.27722772277227725
3model_gemini_flash_lite_deepseek_v3_granite_8b,"gemini_flash_lite,deepseek_v3,granite_8b",232,oracle,0.9702970297029703,0.0001150549504950495,0.9702970297029703,0.0,0.0,1.0
3model_gemini_flash_lite_deepseek_v3_granite_8b,"gemini_flash_lite,deepseek_v3,granite_8b",232,logistic_router,0.9504950495049505,0.00010472934653465346,0.9504950495049505,0.019801980198019802,0.0,0.8415841584158416
3model_gemini_flash_lite_deepseek_v3_granite_8b,"gemini_flash_lite,deepseek_v3,granite_8b",232,linear_svm_router,0.9504950495049505,0.00011180081188118811,0.9504950495049505,0.019801980198019802,0.0,0.9306930693069307
3model_gemini_flash_lite_deepseek_v3_granite_8b,"gemini_flash_lite,deepseek_v3,granite_8b",232,knn_router,0.9603960396039604,0.00011580445544554458,0.9603960396039604,0.009900990099009901,0.0,0.9900990099009901
3model_gemini_flash_lite_deepseek_v3_granite_8b,"gemini_flash_lite,deepseek_v3,granite_8b",232,decision_tree_router,0.9504950495049505,0.0001035879405940594,0.9504950495049505,0.019801980198019802,0.0,0.8118811881188119
3model_gemini_flash_lite_deepseek_v3_granite_8b,"gemini_flash_lite,deepseek_v3,granite_8b",232,random_forest_router,0.9504950495049505,0.00011547069306930692,0.9504950495049505,0.019801980198019802,0.0,0.9801980198019802
3model_gemini_flash_lite_deepseek_v3_granite_8b,"gemini_flash_lite,deepseek_v3,granite_8b",232,extra_trees_router,0.9504950495049505,0.00010941370297029704,0.9504950495049505,0.019801980198019802,0.0,0.8910891089108911
3model_gemini_flash_lite_deepseek_v3_granite_8b,"gemini_flash_lite,deepseek_v3,granite_8b",232,tfidf_logistic_router,0.9504950495049505,0.0001149750099009901,0.9504950495049505,0.019801980198019802,0.0,0.9702970297029703
3model_gemini_flash_lite_deepseek_v3_granite_8b,"gemini_flash_lite,deepseek_v3,granite_8b",232,tfidf_linear_svm_router,0.9504950495049505,0.00011547069306930692,0.9504950495049505,0.019801980198019802,0.0,0.9801980198019802
3model_gemini_flash_lite_deepseek_v3_granite_8b,"gemini_flash_lite,deepseek_v3,granite_8b",233,always_gemini_flash_lite,0.9306930693069307,0.00012366089108910893,0.9306930693069307,0.009900990099009901,0.0,0.9900990099009901
3model_gemini_flash_lite_deepseek_v3_granite_8b,"gemini_flash_lite,deepseek_v3,granite_8b",233,always_deepseek_v3,0.8712871287128713,6.896013861386139e-05,0.8712871287128713,0.06930693069306931,0.0,0.0
3model_gemini_flash_lite_deepseek_v3_granite_8b,"gemini_flash_lite,deepseek_v3,granite_8b",233,always_granite_8b,0.8514851485148515,1.601089108910891e-05,0.8514851485148515,0.0891089108910891,0.0,0.009900990099009901
3model_gemini_flash_lite_deepseek_v3_granite_8b,"gemini_flash_lite,deepseek_v3,granite_8b",233,random,0.8613861386138614,6.755437623762375e-05,0.8613861386138614,0.07920792079207921,0.0,0.3564356435643564
3model_gemini_flash_lite_deepseek_v3_granite_8b,"gemini_flash_lite,deepseek_v3,granite_8b",233,oracle,0.9405940594059405,0.00012291138613861386,0.9405940594059405,0.0,0.0,1.0
3model_gemini_flash_lite_deepseek_v3_granite_8b,"gemini_flash_lite,deepseek_v3,granite_8b",233,logistic_router,0.900990099009901,0.00010699425742574259,0.900990099009901,0.039603960396039604,0.0,0.7623762376237624
3model_gemini_flash_lite_deepseek_v3_granite_8b,"gemini_flash_lite,deepseek_v3,granite_8b",233,linear_svm_router,0.9207920792079208,0.0001206909306930693,0.9207920792079208,0.019801980198019802,0.0,0.9405940594059405
3model_gemini_flash_lite_deepseek_v3_granite_8b,"gemini_flash_lite,deepseek_v3,granite_8b",233,knn_router,0.9306930693069307,0.00012366089108910893,0.9306930693069307,0.009900990099009901,0.0,0.9900990099009901
3model_gemini_flash_lite_deepseek_v3_granite_8b,"gemini_flash_lite,deepseek_v3,granite_8b",233,decision_tree_router,0.9306930693069307,0.00011553243564356435,0.9306930693069307,0.009900990099009901,0.0,0.8514851485148515
3model_gemini_flash_lite_deepseek_v3_granite_8b,"gemini_flash_lite,deepseek_v3,granite_8b",233,random_forest_router,0.9306930693069307,0.00012302655445544554,0.9306930693069307,0.009900990099009901,0.0,0.9801980198019802
3model_gemini_flash_lite_deepseek_v3_granite_8b,"gemini_flash_lite,deepseek_v3,granite_8b",233,extra_trees_router,0.9108910891089109,0.00011469996039603959,0.9108910891089109,0.0297029702970297,0.0,0.8613861386138614
3model_gemini_flash_lite_deepseek_v3_granite_8b,"gemini_flash_lite,deepseek_v3,granite_8b",233,tfidf_logistic_router,0.9207920792079208,0.00012009665346534653,0.9207920792079208,0.019801980198019802,0.0,0.9207920792079208
3model_gemini_flash_lite_deepseek_v3_granite_8b,"gemini_flash_lite,deepseek_v3,granite_8b",233,tfidf_linear_svm_router,0.9306930693069307,0.00012366089108910893,0.9306930693069307,0.009900990099009901,0.0,0.9900990099009901
3model_gemini_flash_qwen_30b_llama_70b,"gemini_flash,qwen_30b,llama_70b",229,always_gemini_flash,0.8712871287128713,0.0001869188118811881,0.8712871287128713,0.06930693069306931,0.0,0.9306930693069307
3model_gemini_flash_qwen_30b_llama_70b,"gemini_flash,qwen_30b,llama_70b",229,always_qwen_30b,0.8811881188118812,2.3685825742574253e-05,0.8811881188118812,0.0594059405940594,0.0,0.04950495049504951
3model_gemini_flash_qwen_30b_llama_70b,"gemini_flash,qwen_30b,llama_70b",229,always_llama_70b,0.8514851485148515,5.191463366336634e-05,0.8514851485148515,0.0891089108910891,0.0,0.019801980198019802
3model_gemini_flash_qwen_30b_llama_70b,"gemini_flash,qwen_30b,llama_70b",229,random,0.8514851485148515,7.97310297029703e-05,0.8514851485148515,0.0891089108910891,0.0,0.3069306930693069
3model_gemini_flash_qwen_30b_llama_70b,"gemini_flash,qwen_30b,llama_70b",229,oracle,0.9405940594059405,0.0001763922653465346,0.9405940594059405,0.0,0.0,1.0
3model_gemini_flash_qwen_30b_llama_70b,"gemini_flash,qwen_30b,llama_70b",229,logistic_router,0.8811881188118812,0.0001380474336633663,0.8811881188118812,0.0594059405940594,0.0,0.6336633663366337
3model_gemini_flash_qwen_30b_llama_70b,"gemini_flash,qwen_30b,llama_70b",229,linear_svm_router,0.8613861386138614,0.0001718464396039604,0.8613861386138614,0.07920792079207921,0.0,0.8415841584158416
3model_gemini_flash_qwen_30b_llama_70b,"gemini_flash,qwen_30b,llama_70b",229,knn_router,0.8712871287128713,0.0001858178217821782,0.8712871287128713,0.06930693069306931,0.0,0.9306930693069307
3model_gemini_flash_qwen_30b_llama_70b,"gemini_flash,qwen_30b,llama_70b",229,decision_tree_router,0.8514851485148515,0.00011693956633663366,0.8514851485148515,0.0891089108910891,0.0,0.5643564356435643
3model_gemini_flash_qwen_30b_llama_70b,"gemini_flash,qwen_30b,llama_70b",229,random_forest_router,0.900990099009901,0.00016903895445544555,0.900990099009901,0.039603960396039604,0.0,0.8712871287128713
3model_gemini_flash_qwen_30b_llama_70b,"gemini_flash,qwen_30b,llama_70b",229,extra_trees_router,0.8811881188118812,0.00014782812871287128,0.8811881188118812,0.0594059405940594,0.0,0.7029702970297029
3model_gemini_flash_qwen_30b_llama_70b,"gemini_flash,qwen_30b,llama_70b",229,tfidf_logistic_router,0.8811881188118812,0.00016681190099009902,0.8811881188118812,0.0594059405940594,0.0,0.8217821782178217
3model_gemini_flash_qwen_30b_llama_70b,"gemini_flash,qwen_30b,llama_70b",229,tfidf_linear_svm_router,0.8712871287128713,0.00018405071287128712,0.8712871287128713,0.06930693069306931,0.0,0.9108910891089109
3model_gemini_flash_qwen_30b_llama_70b,"gemini_flash,qwen_30b,llama_70b",230,always_gemini_flash,0.8811881188118812,0.00020017524752475246,0.8811881188118812,0.0891089108910891,0.0,0.9108910891089109
3model_gemini_flash_qwen_30b_llama_70b,"gemini_flash,qwen_30b,llama_70b",230,always_qwen_30b,0.9207920792079208,2.5462792079207926e-05,0.9207920792079208,0.04950495049504951,0.0,0.0594059405940594
3model_gemini_flash_qwen_30b_llama_70b,"gemini_flash,qwen_30b,llama_70b",230,always_llama_70b,0.8910891089108911,5.2112425742574264e-05,0.8910891089108911,0.07920792079207921,0.0,0.0297029702970297
3model_gemini_flash_qwen_30b_llama_70b,"gemini_flash,qwen_30b,llama_70b",230,random,0.8613861386138614,9.72810772277228e-05,0.8613861386138614,0.10891089108910891,0.0,0.32673267326732675
3model_gemini_flash_qwen_30b_llama_70b,"gemini_flash,qwen_30b,llama_70b",230,oracle,0.9702970297029703,0.00018875769900990097,0.9702970297029703,0.0,0.0,1.0
3model_gemini_flash_qwen_30b_llama_70b,"gemini_flash,qwen_30b,llama_70b",230,logistic_router,0.9108910891089109,0.000158141998019802,0.9108910891089109,0.0594059405940594,0.0,0.6336633663366337
3model_gemini_flash_qwen_30b_llama_70b,"gemini_flash,qwen_30b,llama_70b",230,linear_svm_router,0.8811881188118812,0.00018626449900990098,0.8811881188118812,0.0891089108910891,0.0,0.8514851485148515
3model_gemini_flash_qwen_30b_llama_70b,"gemini_flash,qwen_30b,llama_70b",230,knn_router,0.8811881188118812,0.00020017524752475246,0.8811881188118812,0.0891089108910891,0.0,0.9108910891089109
3model_gemini_flash_qwen_30b_llama_70b,"gemini_flash,qwen_30b,llama_70b",230,decision_tree_router,0.9108910891089109,0.00014315707128712872,0.9108910891089109,0.0594059405940594,0.0,0.5643564356435643
3model_gemini_flash_qwen_30b_llama_70b,"gemini_flash,qwen_30b,llama_70b",230,random_forest_router,0.9108910891089109,0.00017599715643564355,0.9108910891089109,0.0594059405940594,0.0,0.7821782178217822
3model_gemini_flash_qwen_30b_llama_70b,"gemini_flash,qwen_30b,llama_70b",230,extra_trees_router,0.9207920792079208,0.0001669876792079208,0.9207920792079208,0.04950495049504951,0.0,0.7227722772277227
3model_gemini_flash_qwen_30b_llama_70b,"gemini_flash,qwen_30b,llama_70b",230,tfidf_logistic_router,0.9108910891089109,0.00018204617425742576,0.9108910891089109,0.0594059405940594,0.0,0.8415841584158416
3model_gemini_flash_qwen_30b_llama_70b,"gemini_flash,qwen_30b,llama_70b",230,tfidf_linear_svm_router,0.8910891089108911,0.00019655742574257426,0.8910891089108911,0.07920792079207921,0.0,0.9108910891089109
3model_gemini_flash_qwen_30b_llama_70b,"gemini_flash,qwen_30b,llama_70b",231,always_gemini_flash,0.8316831683168316,0.00020165940594059402,0.8316831683168316,0.07920792079207921,0.0,0.9207920792079208
3model_gemini_flash_qwen_30b_llama_70b,"gemini_flash,qwen_30b,llama_70b",231,always_qwen_30b,0.8613861386138614,2.4274570297029705e-05,0.8613861386138614,0.04950495049504951,0.0,0.06930693069306931
3model_gemini_flash_qwen_30b_llama_70b,"gemini_flash,qwen_30b,llama_70b",231,always_llama_70b,0.8613861386138614,5.35139900990099e-05,0.8613861386138614,0.04950495049504951,0.0,0.009900990099009901
3model_gemini_flash_qwen_30b_llama_70b,"gemini_flash,qwen_30b,llama_70b",231,random,0.8415841584158416,7.717333465346534e-05,0.8415841584158416,0.06930693069306931,0.0,0.22772277227722773
3model_gemini_flash_qwen_30b_llama_70b,"gemini_flash,qwen_30b,llama_70b",231,oracle,0.9108910891089109,0.00018753516039603956,0.9108910891089109,0.0,0.0,1.0
3model_gemini_flash_qwen_30b_llama_70b,"gemini_flash,qwen_30b,llama_70b",231,logistic_router,0.8415841584158416,0.00017075718811881185,0.8415841584158416,0.06930693069306931,0.0,0.7425742574257426
3model_gemini_flash_qwen_30b_llama_70b,"gemini_flash,qwen_30b,llama_70b",231,linear_svm_router,0.8316831683168316,0.0001781823207920792,0.8316831683168316,0.07920792079207921,0.0,0.8118811881188119
3model_gemini_flash_qwen_30b_llama_70b,"gemini_flash,qwen_30b,llama_70b",231,knn_router,0.8316831683168316,0.00020165940594059402,0.8316831683168316,0.07920792079207921,0.0,0.9207920792079208
3model_gemini_flash_qwen_30b_llama_70b,"gemini_flash,qwen_30b,llama_70b",231,decision_tree_router,0.8514851485148515,0.0001416917920792079,0.8514851485148515,0.0594059405940594,0.0,0.6138613861386139
3model_gemini_flash_qwen_30b_llama_70b,"gemini_flash,qwen_30b,llama_70b",231,random_forest_router,0.8514851485148515,0.0001755629108910891,0.8514851485148515,0.0594059405940594,0.0,0.8118811881188119
3model_gemini_flash_qwen_30b_llama_70b,"gemini_flash,qwen_30b,llama_70b",231,extra_trees_router,0.8415841584158416,0.00016045190099009897,0.8415841584158416,0.06930693069306931,0.0,0.693069306930693
3model_gemini_flash_qwen_30b_llama_70b,"gemini_flash,qwen_30b,llama_70b",231,tfidf_logistic_router,0.8316831683168316,0.00018100802376237618,0.8316831683168316,0.07920792079207921,0.0,0.7920792079207921
3model_gemini_flash_qwen_30b_llama_70b,"gemini_flash,qwen_30b,llama_70b",231,tfidf_linear_svm_router,0.8316831683168316,0.00019256269306930693,0.8316831683168316,0.07920792079207921,0.0,0.8613861386138614
3model_gemini_flash_qwen_30b_llama_70b,"gemini_flash,qwen_30b,llama_70b",232,always_gemini_flash,0.900990099009901,0.0001824257425742574,0.900990099009901,0.04950495049504951,0.0,0.9504950495049505
3model_gemini_flash_qwen_30b_llama_70b,"gemini_flash,qwen_30b,llama_70b",232,always_qwen_30b,0.8910891089108911,2.3704570297029702e-05,0.8910891089108911,0.0594059405940594,0.0,0.039603960396039604
3model_gemini_flash_qwen_30b_llama_70b,"gemini_flash,qwen_30b,llama_70b",232,always_llama_70b,0.8910891089108911,5.238212871287129e-05,0.8910891089108911,0.0594059405940594,0.0,0.009900990099009901
3model_gemini_flash_qwen_30b_llama_70b,"gemini_flash,qwen_30b,llama_70b",232,random,0.8712871287128713,7.38251306930693e-05,0.8712871287128713,0.07920792079207921,0.0,0.2871287128712871
3model_gemini_flash_qwen_30b_llama_70b,"gemini_flash,qwen_30b,llama_70b",232,oracle,0.9504950495049505,0.00017604209108910892,0.9504950495049505,0.0,0.0,1.0
3model_gemini_flash_qwen_30b_llama_70b,"gemini_flash,qwen_30b,llama_70b",232,logistic_router,0.900990099009901,0.00014256280792079206,0.900990099009901,0.04950495049504951,0.0,0.7128712871287128
3model_gemini_flash_qwen_30b_llama_70b,"gemini_flash,qwen_30b,llama_70b",232,linear_svm_router,0.8910891089108911,0.00017257782574257426,0.8910891089108911,0.0594059405940594,0.0,0.8811881188118812
3model_gemini_flash_qwen_30b_llama_70b,"gemini_flash,qwen_30b,llama_70b",232,knn_router,0.900990099009901,0.0001824257425742574,0.900990099009901,0.04950495049504951,0.0,0.9504950495049505
3model_gemini_flash_qwen_30b_llama_70b,"gemini_flash,qwen_30b,llama_70b",232,decision_tree_router,0.8910891089108911,0.00014571909900990094,0.8910891089108911,0.0594059405940594,0.0,0.7128712871287128
3model_gemini_flash_qwen_30b_llama_70b,"gemini_flash,qwen_30b,llama_70b",232,random_forest_router,0.900990099009901,0.00016067927920792078,0.900990099009901,0.04950495049504951,0.0,0.8415841584158416
3model_gemini_flash_qwen_30b_llama_70b,"gemini_flash,qwen_30b,llama_70b",232,extra_trees_router,0.9207920792079208,0.00014980906930693065,0.9207920792079208,0.0297029702970297,0.0,0.7920792079207921
3model_gemini_flash_qwen_30b_llama_70b,"gemini_flash,qwen_30b,llama_70b",232,tfidf_logistic_router,0.9108910891089109,0.00016653822178217822,0.9108910891089109,0.039603960396039604,0.0,0.8613861386138614
3model_gemini_flash_qwen_30b_llama_70b,"gemini_flash,qwen_30b,llama_70b",232,tfidf_linear_svm_router,0.9108910891089109,0.00017868683168316833,0.9108910891089109,0.039603960396039604,0.0,0.9405940594059405
3model_gemini_flash_qwen_30b_llama_70b,"gemini_flash,qwen_30b,llama_70b",233,always_gemini_flash,0.8217821782178217,0.00019657623762376237,0.8217821782178217,0.10891089108910891,0.0,0.8910891089108911
3model_gemini_flash_qwen_30b_llama_70b,"gemini_flash,qwen_30b,llama_70b",233,always_qwen_30b,0.8910891089108911,2.4048427722772278e-05,0.8910891089108911,0.039603960396039604,0.0,0.09900990099009901
3model_gemini_flash_qwen_30b_llama_70b,"gemini_flash,qwen_30b,llama_70b",233,always_llama_70b,0.8811881188118812,5.316852475247525e-05,0.8811881188118812,0.04950495049504951,0.0,0.009900990099009901
3model_gemini_flash_qwen_30b_llama_70b,"gemini_flash,qwen_30b,llama_70b",233,random,0.8613861386138614,9.574697623762378e-05,0.8613861386138614,0.06930693069306931,0.0,0.31683168316831684
3model_gemini_flash_qwen_30b_llama_70b,"gemini_flash,qwen_30b,llama_70b",233,oracle,0.9306930693069307,0.00017446807524752476,0.9306930693069307,0.0,0.0,1.0
3model_gemini_flash_qwen_30b_llama_70b,"gemini_flash,qwen_30b,llama_70b",233,logistic_router,0.8514851485148515,0.00013516157029702972,0.8514851485148515,0.07920792079207921,0.0,0.594059405940594
3model_gemini_flash_qwen_30b_llama_70b,"gemini_flash,qwen_30b,llama_70b",233,linear_svm_router,0.8316831683168316,0.00017464674059405942,0.8316831683168316,0.09900990099009901,0.0,0.7821782178217822
3model_gemini_flash_qwen_30b_llama_70b,"gemini_flash,qwen_30b,llama_70b",233,knn_router,0.8316831683168316,0.00019391534653465347,0.8316831683168316,0.09900990099009901,0.0,0.8910891089108911
3model_gemini_flash_qwen_30b_llama_70b,"gemini_flash,qwen_30b,llama_70b",233,decision_tree_router,0.8910891089108911,0.00010057215841584159,0.8910891089108911,0.039603960396039604,0.0,0.4752475247524752
3model_gemini_flash_qwen_30b_llama_70b,"gemini_flash,qwen_30b,llama_70b",233,random_forest_router,0.8613861386138614,0.0001744118811881188,0.8613861386138614,0.06930693069306931,0.0,0.8415841584158416
3model_gemini_flash_qwen_30b_llama_70b,"gemini_flash,qwen_30b,llama_70b",233,extra_trees_router,0.8811881188118812,0.00014853049702970297,0.8811881188118812,0.04950495049504951,0.0,0.7128712871287128
3model_gemini_flash_qwen_30b_llama_70b,"gemini_flash,qwen_30b,llama_70b",233,tfidf_logistic_router,0.8415841584158416,0.00016874865346534656,0.8415841584158416,0.0891089108910891,0.0,0.7623762376237624
3model_gemini_flash_qwen_30b_llama_70b,"gemini_flash,qwen_30b,llama_70b",233,tfidf_linear_svm_router,0.8217821782178217,0.00019326487524752475,0.8217821782178217,0.10891089108910891,0.0,0.8613861386138614
3model_gemini_flash_qwen_30b_deepseek_v3,"gemini_flash,qwen_30b,deepseek_v3",229,always_gemini_flash,0.8712871287128713,0.0001869188118811881,0.8712871287128713,0.0891089108910891,0.0,0.9108910891089109
3model_gemini_flash_qwen_30b_deepseek_v3,"gemini_flash,qwen_30b,deepseek_v3",229,always_qwen_30b,0.8811881188118812,2.3685825742574253e-05,0.8811881188118812,0.07920792079207921,0.0,0.04950495049504951
3model_gemini_flash_qwen_30b_deepseek_v3,"gemini_flash,qwen_30b,deepseek_v3",229,always_deepseek_v3,0.9207920792079208,6.72319207920792e-05,0.9207920792079208,0.039603960396039604,0.0,0.039603960396039604
3model_gemini_flash_qwen_30b_deepseek_v3,"gemini_flash,qwen_30b,deepseek_v3",229,random,0.900990099009901,8.86389900990099e-05,0.900990099009901,0.0594059405940594,0.0,0.32673267326732675
3model_gemini_flash_qwen_30b_deepseek_v3,"gemini_flash,qwen_30b,deepseek_v3",229,oracle,0.9603960396039604,0.0001736868198019802,0.9603960396039604,0.0,0.0,1.0
3model_gemini_flash_qwen_30b_deepseek_v3,"gemini_flash,qwen_30b,deepseek_v3",229,logistic_router,0.900990099009901,0.00015062604752475245,0.900990099009901,0.0594059405940594,0.0,0.7821782178217822
3model_gemini_flash_qwen_30b_deepseek_v3,"gemini_flash,qwen_30b,deepseek_v3",229,linear_svm_router,0.8712871287128713,0.00017364836039603963,0.8712871287128713,0.0891089108910891,0.0,0.8514851485148515
3model_gemini_flash_qwen_30b_deepseek_v3,"gemini_flash,qwen_30b,deepseek_v3",229,knn_router,0.8712871287128713,0.0001858178217821782,0.8712871287128713,0.0891089108910891,0.0,0.9108910891089109
3model_gemini_flash_qwen_30b_deepseek_v3,"gemini_flash,qwen_30b,deepseek_v3",229,decision_tree_router,0.8910891089108911,0.00014574313267326733,0.8910891089108911,0.06930693069306931,0.0,0.7326732673267327
3model_gemini_flash_qwen_30b_deepseek_v3,"gemini_flash,qwen_30b,deepseek_v3",229,random_forest_router,0.8910891089108911,0.00017024925148514852,0.8910891089108911,0.06930693069306931,0.0,0.8415841584158416
3model_gemini_flash_qwen_30b_deepseek_v3,"gemini_flash,qwen_30b,deepseek_v3",229,extra_trees_router,0.9108910891089109,0.0001598731801980198,0.9108910891089109,0.04950495049504951,0.0,0.8118811881188119
3model_gemini_flash_qwen_30b_deepseek_v3,"gemini_flash,qwen_30b,deepseek_v3",229,tfidf_logistic_router,0.900990099009901,0.00016376206336633664,0.900990099009901,0.0594059405940594,0.0,0.8514851485148515
3model_gemini_flash_qwen_30b_deepseek_v3,"gemini_flash,qwen_30b,deepseek_v3",229,tfidf_linear_svm_router,0.8712871287128713,0.00018350938613861384,0.8712871287128713,0.0891089108910891,0.0,0.8910891089108911
3model_gemini_flash_qwen_30b_deepseek_v3,"gemini_flash,qwen_30b,deepseek_v3",230,always_gemini_flash,0.8811881188118812,0.00020017524752475246,0.8811881188118812,0.0891089108910891,0.0,0.9108910891089109
3model_gemini_flash_qwen_30b_deepseek_v3,"gemini_flash,qwen_30b,deepseek_v3",230,always_qwen_30b,0.9207920792079208,2.5462792079207926e-05,0.9207920792079208,0.04950495049504951,0.0,0.0594059405940594
3model_gemini_flash_qwen_30b_deepseek_v3,"gemini_flash,qwen_30b,deepseek_v3",230,always_deepseek_v3,0.9306930693069307,7.106932673267325e-05,0.9306930693069307,0.039603960396039604,0.0,0.0297029702970297
3model_gemini_flash_qwen_30b_deepseek_v3,"gemini_flash,qwen_30b,deepseek_v3",230,random,0.8811881188118812,0.00010465446336633667,0.8811881188118812,0.0891089108910891,0.0,0.32673267326732675
3model_gemini_flash_qwen_30b_deepseek_v3,"gemini_flash,qwen_30b,deepseek_v3",230,oracle,0.9702970297029703,0.00018882116435643562,0.9702970297029703,0.0,0.0,1.0
3model_gemini_flash_qwen_30b_deepseek_v3,"gemini_flash,qwen_30b,deepseek_v3",230,logistic_router,0.9306930693069307,0.00016552207524752474,0.9306930693069307,0.039603960396039604,0.0,0.7722772277227723
3model_gemini_flash_qwen_30b_deepseek_v3,"gemini_flash,qwen_30b,deepseek_v3",230,linear_svm_router,0.8910891089108911,0.0001848482495049505,0.8910891089108911,0.07920792079207921,0.0,0.8415841584158416
3model_gemini_flash_qwen_30b_deepseek_v3,"gemini_flash,qwen_30b,deepseek_v3",230,knn_router,0.8811881188118812,0.00020017524752475246,0.8811881188118812,0.0891089108910891,0.0,0.9108910891089109
3model_gemini_flash_qwen_30b_deepseek_v3,"gemini_flash,qwen_30b,deepseek_v3",230,decision_tree_router,0.9108910891089109,0.00016544274851485144,0.9108910891089109,0.0594059405940594,0.0,0.7128712871287128
3model_gemini_flash_qwen_30b_deepseek_v3,"gemini_flash,qwen_30b,deepseek_v3",230,random_forest_router,0.9108910891089109,0.00017990911287128715,0.9108910891089109,0.0594059405940594,0.0,0.8316831683168316
3model_gemini_flash_qwen_30b_deepseek_v3,"gemini_flash,qwen_30b,deepseek_v3",230,extra_trees_router,0.9306930693069307,0.0001695964633663366,0.9306930693069307,0.039603960396039604,0.0,0.7821782178217822
3model_gemini_flash_qwen_30b_deepseek_v3,"gemini_flash,qwen_30b,deepseek_v3",230,tfidf_logistic_router,0.9207920792079208,0.00018219845148514854,0.9207920792079208,0.04950495049504951,0.0,0.8613861386138614
3model_gemini_flash_qwen_30b_deepseek_v3,"gemini_flash,qwen_30b,deepseek_v3",230,tfidf_linear_svm_router,0.8910891089108911,0.00019655742574257426,0.8910891089108911,0.07920792079207921,0.0,0.9108910891089109
3model_gemini_flash_qwen_30b_deepseek_v3,"gemini_flash,qwen_30b,deepseek_v3",231,always_gemini_flash,0.8316831683168316,0.00020165940594059402,0.8316831683168316,0.07920792079207921,0.0,0.9207920792079208
3model_gemini_flash_qwen_30b_deepseek_v3,"gemini_flash,qwen_30b,deepseek_v3",231,always_qwen_30b,0.8613861386138614,2.4274570297029705e-05,0.8613861386138614,0.04950495049504951,0.0,0.06930693069306931
3model_gemini_flash_qwen_30b_deepseek_v3,"gemini_flash,qwen_30b,deepseek_v3",231,always_deepseek_v3,0.8613861386138614,7.282815841584158e-05,0.8613861386138614,0.04950495049504951,0.0,0.009900990099009901
3model_gemini_flash_qwen_30b_deepseek_v3,"gemini_flash,qwen_30b,deepseek_v3",231,random,0.8217821782178217,8.476939405940596e-05,0.8217821782178217,0.0891089108910891,0.0,0.2376237623762376
3model_gemini_flash_qwen_30b_deepseek_v3,"gemini_flash,qwen_30b,deepseek_v3",231,oracle,0.9108910891089109,0.0001873559524752475,0.9108910891089109,0.0,0.0,1.0
3model_gemini_flash_qwen_30b_deepseek_v3,"gemini_flash,qwen_30b,deepseek_v3",231,logistic_router,0.8316831683168316,0.00017643446732673262,0.8316831683168316,0.07920792079207921,0.0,0.7821782178217822
3model_gemini_flash_qwen_30b_deepseek_v3,"gemini_flash,qwen_30b,deepseek_v3",231,linear_svm_router,0.8217821782178217,0.00018669328712871282,0.8217821782178217,0.0891089108910891,0.0,0.8613861386138614
3model_gemini_flash_qwen_30b_deepseek_v3,"gemini_flash,qwen_30b,deepseek_v3",231,knn_router,0.8316831683168316,0.00020165940594059402,0.8316831683168316,0.07920792079207921,0.0,0.9207920792079208
3model_gemini_flash_qwen_30b_deepseek_v3,"gemini_flash,qwen_30b,deepseek_v3",231,decision_tree_router,0.8118811881188119,0.0001535337504950495,0.8118811881188119,0.09900990099009901,0.0,0.6633663366336634
3model_gemini_flash_qwen_30b_deepseek_v3,"gemini_flash,qwen_30b,deepseek_v3",231,random_forest_router,0.8613861386138614,0.00018295980594059403,0.8613861386138614,0.04950495049504951,0.0,0.8811881188118812
3model_gemini_flash_qwen_30b_deepseek_v3,"gemini_flash,qwen_30b,deepseek_v3",231,extra_trees_router,0.8712871287128713,0.0001697589940594059,0.8712871287128713,0.039603960396039604,0.0,0.7920792079207921
3model_gemini_flash_qwen_30b_deepseek_v3,"gemini_flash,qwen_30b,deepseek_v3",231,tfidf_logistic_router,0.8316831683168316,0.00018814931089108908,0.8316831683168316,0.07920792079207921,0.0,0.8514851485148515
3model_gemini_flash_qwen_30b_deepseek_v3,"gemini_flash,qwen_30b,deepseek_v3",231,tfidf_linear_svm_router,0.8316831683168316,0.0001978626732673267,0.8316831683168316,0.07920792079207921,0.0,0.900990099009901
3model_gemini_flash_qwen_30b_deepseek_v3,"gemini_flash,qwen_30b,deepseek_v3",232,always_gemini_flash,0.900990099009901,0.0001824257425742574,0.900990099009901,0.039603960396039604,0.0,0.9603960396039604
3model_gemini_flash_qwen_30b_deepseek_v3,"gemini_flash,qwen_30b,deepseek_v3",232,always_qwen_30b,0.8910891089108911,2.3704570297029702e-05,0.8910891089108911,0.04950495049504951,0.0,0.039603960396039604
3model_gemini_flash_qwen_30b_deepseek_v3,"gemini_flash,qwen_30b,deepseek_v3",232,always_deepseek_v3,0.8811881188118812,6.627041584158416e-05,0.8811881188118812,0.0594059405940594,0.0,0.0
3model_gemini_flash_qwen_30b_deepseek_v3,"gemini_flash,qwen_30b,deepseek_v3",232,random,0.8613861386138614,8.082735841584157e-05,0.8613861386138614,0.07920792079207921,0.0,0.2871287128712871
3model_gemini_flash_qwen_30b_deepseek_v3,"gemini_flash,qwen_30b,deepseek_v3",232,oracle,0.9405940594059405,0.00017688327920792077,0.9405940594059405,0.0,0.0,1.0
3model_gemini_flash_qwen_30b_deepseek_v3,"gemini_flash,qwen_30b,deepseek_v3",232,logistic_router,0.9108910891089109,0.0001581666297029703,0.9108910891089109,0.0297029702970297,0.0,0.8316831683168316
3model_gemini_flash_qwen_30b_deepseek_v3,"gemini_flash,qwen_30b,deepseek_v3",232,linear_svm_router,0.8910891089108911,0.00017396511287128712,0.8910891089108911,0.04950495049504951,0.0,0.900990099009901
3model_gemini_flash_qwen_30b_deepseek_v3,"gemini_flash,qwen_30b,deepseek_v3",232,knn_router,0.900990099009901,0.0001824257425742574,0.900990099009901,0.039603960396039604,0.0,0.9603960396039604
3model_gemini_flash_qwen_30b_deepseek_v3,"gemini_flash,qwen_30b,deepseek_v3",232,decision_tree_router,0.8811881188118812,0.00011534473663366335,0.8811881188118812,0.0594059405940594,0.0,0.5643564356435643
3model_gemini_flash_qwen_30b_deepseek_v3,"gemini_flash,qwen_30b,deepseek_v3",232,random_forest_router,0.9108910891089109,0.00016247923168316832,0.9108910891089109,0.0297029702970297,0.0,0.8613861386138614
3model_gemini_flash_qwen_30b_deepseek_v3,"gemini_flash,qwen_30b,deepseek_v3",232,extra_trees_router,0.9207920792079208,0.00015160071287128712,0.9207920792079208,0.019801980198019802,0.0,0.8217821782178217
3model_gemini_flash_qwen_30b_deepseek_v3,"gemini_flash,qwen_30b,deepseek_v3",232,tfidf_logistic_router,0.900990099009901,0.00017386570693069304,0.900990099009901,0.039603960396039604,0.0,0.900990099009901
3model_gemini_flash_qwen_30b_deepseek_v3,"gemini_flash,qwen_30b,deepseek_v3",232,tfidf_linear_svm_router,0.9108910891089109,0.0001800098613861386,0.9108910891089109,0.0297029702970297,0.0,0.9504950495049505
3model_gemini_flash_qwen_30b_deepseek_v3,"gemini_flash,qwen_30b,deepseek_v3",233,always_gemini_flash,0.8217821782178217,0.00019657623762376237,0.8217821782178217,0.09900990099009901,0.0,0.900990099009901
3model_gemini_flash_qwen_30b_deepseek_v3,"gemini_flash,qwen_30b,deepseek_v3",233,always_qwen_30b,0.8910891089108911,2.4048427722772278e-05,0.8910891089108911,0.0297029702970297,0.0,0.09900990099009901
3model_gemini_flash_qwen_30b_deepseek_v3,"gemini_flash,qwen_30b,deepseek_v3",233,always_deepseek_v3,0.8712871287128713,6.896013861386139e-05,0.8712871287128713,0.04950495049504951,0.0,0.0
3model_gemini_flash_qwen_30b_deepseek_v3,"gemini_flash,qwen_30b,deepseek_v3",233,random,0.8514851485148515,0.00010392641188118811,0.8514851485148515,0.06930693069306931,0.0,0.32673267326732675
3model_gemini_flash_qwen_30b_deepseek_v3,"gemini_flash,qwen_30b,deepseek_v3",233,oracle,0.9207920792079208,0.00017590916435643563,0.9207920792079208,0.0,0.0,1.0
3model_gemini_flash_qwen_30b_deepseek_v3,"gemini_flash,qwen_30b,deepseek_v3",233,logistic_router,0.8613861386138614,0.00015068450297029703,0.8613861386138614,0.0594059405940594,0.0,0.7326732673267327
3model_gemini_flash_qwen_30b_deepseek_v3,"gemini_flash,qwen_30b,deepseek_v3",233,linear_svm_router,0.8217821782178217,0.00017859135445544554,0.8217821782178217,0.09900990099009901,0.0,0.7920792079207921
3model_gemini_flash_qwen_30b_deepseek_v3,"gemini_flash,qwen_30b,deepseek_v3",233,knn_router,0.8316831683168316,0.00019309623762376235,0.8316831683168316,0.0891089108910891,0.0,0.900990099009901
3model_gemini_flash_qwen_30b_deepseek_v3,"gemini_flash,qwen_30b,deepseek_v3",233,decision_tree_router,0.8415841584158416,0.00014330967128712871,0.8415841584158416,0.07920792079207921,0.0,0.594059405940594
3model_gemini_flash_qwen_30b_deepseek_v3,"gemini_flash,qwen_30b,deepseek_v3",233,random_forest_router,0.8514851485148515,0.00017161626534653465,0.8514851485148515,0.06930693069306931,0.0,0.8415841584158416
3model_gemini_flash_qwen_30b_deepseek_v3,"gemini_flash,qwen_30b,deepseek_v3",233,extra_trees_router,0.8811881188118812,0.0001489184396039604,0.8811881188118812,0.039603960396039604,0.0,0.7425742574257426
3model_gemini_flash_qwen_30b_deepseek_v3,"gemini_flash,qwen_30b,deepseek_v3",233,tfidf_logistic_router,0.8613861386138614,0.0001676872594059406,0.8613861386138614,0.0594059405940594,0.0,0.801980198019802
3model_gemini_flash_qwen_30b_deepseek_v3,"gemini_flash,qwen_30b,deepseek_v3",233,tfidf_linear_svm_router,0.8217821782178217,0.00019275620198019798,0.8217821782178217,0.09900990099009901,0.0,0.8613861386138614
3model_gemini_flash_qwen_30b_granite_8b,"gemini_flash,qwen_30b,granite_8b",229,always_gemini_flash,0.8712871287128713,0.0001869188118811881,0.8712871287128713,0.06930693069306931,0.0,0.9306930693069307
3model_gemini_flash_qwen_30b_granite_8b,"gemini_flash,qwen_30b,granite_8b",229,always_qwen_30b,0.8811881188118812,2.3685825742574253e-05,0.8811881188118812,0.0594059405940594,0.0,0.04950495049504951
3model_gemini_flash_qwen_30b_granite_8b,"gemini_flash,qwen_30b,granite_8b",229,always_granite_8b,0.8613861386138614,1.5395544554455447e-05,0.8613861386138614,0.07920792079207921,0.0,0.019801980198019802
3model_gemini_flash_qwen_30b_granite_8b,"gemini_flash,qwen_30b,granite_8b",229,random,0.8811881188118812,6.919825742574257e-05,0.8811881188118812,0.0594059405940594,0.0,0.2871287128712871
3model_gemini_flash_qwen_30b_granite_8b,"gemini_flash,qwen_30b,granite_8b",229,oracle,0.9405940594059405,0.00017494790891089105,0.9405940594059405,0.0,0.0,1.0
3model_gemini_flash_qwen_30b_granite_8b,"gemini_flash,qwen_30b,granite_8b",229,logistic_router,0.8910891089108911,0.00014006416633663364,0.8910891089108911,0.04950495049504951,0.0,0.6831683168316832
3model_gemini_flash_qwen_30b_granite_8b,"gemini_flash,qwen_30b,granite_8b",229,linear_svm_router,0.8613861386138614,0.00017419208316831684,0.8613861386138614,0.07920792079207921,0.0,0.8613861386138614
3model_gemini_flash_qwen_30b_granite_8b,"gemini_flash,qwen_30b,granite_8b",229,knn_router,0.8712871287128713,0.0001858178217821782,0.8712871287128713,0.06930693069306931,0.0,0.9207920792079208
3model_gemini_flash_qwen_30b_granite_8b,"gemini_flash,qwen_30b,granite_8b",229,decision_tree_router,0.900990099009901,0.00013181841584158417,0.900990099009901,0.039603960396039604,0.0,0.6732673267326733
3model_gemini_flash_qwen_30b_granite_8b,"gemini_flash,qwen_30b,granite_8b",229,random_forest_router,0.8910891089108911,0.00017024925148514852,0.8910891089108911,0.04950495049504951,0.0,0.8514851485148515
3model_gemini_flash_qwen_30b_granite_8b,"gemini_flash,qwen_30b,granite_8b",229,extra_trees_router,0.900990099009901,0.0001422070495049505,0.900990099009901,0.039603960396039604,0.0,0.6831683168316832
3model_gemini_flash_qwen_30b_granite_8b,"gemini_flash,qwen_30b,granite_8b",229,tfidf_logistic_router,0.8811881188118812,0.0001688882376237624,0.8811881188118812,0.0594059405940594,0.0,0.8415841584158416
3model_gemini_flash_qwen_30b_granite_8b,"gemini_flash,qwen_30b,granite_8b",229,tfidf_linear_svm_router,0.8712871287128713,0.00018444308910891088,0.8712871287128713,0.06930693069306931,0.0,0.9207920792079208
3model_gemini_flash_qwen_30b_granite_8b,"gemini_flash,qwen_30b,granite_8b",230,always_gemini_flash,0.8811881188118812,0.00020017524752475246,0.8811881188118812,0.06930693069306931,0.0,0.9306930693069307
3model_gemini_flash_qwen_30b_granite_8b,"gemini_flash,qwen_30b,granite_8b",230,always_qwen_30b,0.9207920792079208,2.5462792079207926e-05,0.9207920792079208,0.0297029702970297,0.0,0.0594059405940594
3model_gemini_flash_qwen_30b_granite_8b,"gemini_flash,qwen_30b,granite_8b",230,always_granite_8b,0.8316831683168316,1.659059405940594e-05,0.8316831683168316,0.1188118811881188,0.0,0.009900990099009901
3model_gemini_flash_qwen_30b_granite_8b,"gemini_flash,qwen_30b,granite_8b",230,random,0.8712871287128713,8.691355247524753e-05,0.8712871287128713,0.07920792079207921,0.0,0.33663366336633666
3model_gemini_flash_qwen_30b_granite_8b,"gemini_flash,qwen_30b,granite_8b",230,oracle,0.9504950495049505,0.00019043264950495048,0.9504950495049505,0.0,0.0,1.0
3model_gemini_flash_qwen_30b_granite_8b,"gemini_flash,qwen_30b,granite_8b",230,logistic_router,0.9108910891089109,0.00015439425346534656,0.9108910891089109,0.039603960396039604,0.0,0.6633663366336634
3model_gemini_flash_qwen_30b_granite_8b,"gemini_flash,qwen_30b,granite_8b",230,linear_svm_router,0.8811881188118812,0.00018941057821782179,0.8811881188118812,0.06930693069306931,0.0,0.8811881188118812
3model_gemini_flash_qwen_30b_granite_8b,"gemini_flash,qwen_30b,granite_8b",230,knn_router,0.8811881188118812,0.00020017524752475246,0.8811881188118812,0.06930693069306931,0.0,0.9306930693069307
3model_gemini_flash_qwen_30b_granite_8b,"gemini_flash,qwen_30b,granite_8b",230,decision_tree_router,0.9108910891089109,0.0001313561306930693,0.9108910891089109,0.039603960396039604,0.0,0.5445544554455446
3model_gemini_flash_qwen_30b_granite_8b,"gemini_flash,qwen_30b,granite_8b",230,random_forest_router,0.9108910891089109,0.00017990911287128715,0.9108910891089109,0.039603960396039604,0.0,0.8415841584158416
3model_gemini_flash_qwen_30b_granite_8b,"gemini_flash,qwen_30b,granite_8b",230,extra_trees_router,0.9207920792079208,0.00015703428514851487,0.9207920792079208,0.0297029702970297,0.0,0.6831683168316832
3model_gemini_flash_qwen_30b_granite_8b,"gemini_flash,qwen_30b,granite_8b",230,tfidf_logistic_router,0.9108910891089109,0.00018204617425742576,0.9108910891089109,0.039603960396039604,0.0,0.8613861386138614
3model_gemini_flash_qwen_30b_granite_8b,"gemini_flash,qwen_30b,granite_8b",230,tfidf_linear_svm_router,0.8910891089108911,0.00019655742574257426,0.8910891089108911,0.0594059405940594,0.0,0.9306930693069307
3model_gemini_flash_qwen_30b_granite_8b,"gemini_flash,qwen_30b,granite_8b",231,always_gemini_flash,0.8316831683168316,0.00020165940594059402,0.8316831683168316,0.07920792079207921,0.0,0.9207920792079208
3model_gemini_flash_qwen_30b_granite_8b,"gemini_flash,qwen_30b,granite_8b",231,always_qwen_30b,0.8613861386138614,2.4274570297029705e-05,0.8613861386138614,0.04950495049504951,0.0,0.06930693069306931
3model_gemini_flash_qwen_30b_granite_8b,"gemini_flash,qwen_30b,granite_8b",231,always_granite_8b,0.8316831683168316,1.662079207920792e-05,0.8316831683168316,0.07920792079207921,0.0,0.009900990099009901
3model_gemini_flash_qwen_30b_granite_8b,"gemini_flash,qwen_30b,granite_8b",231,random,0.8415841584158416,6.30098891089109e-05,0.8415841584158416,0.06930693069306931,0.0,0.22772277227722773
3model_gemini_flash_qwen_30b_granite_8b,"gemini_flash,qwen_30b,granite_8b",231,oracle,0.9108910891089109,0.00018734446732673264,0.9108910891089109,0.0,0.0,1.0
3model_gemini_flash_qwen_30b_granite_8b,"gemini_flash,qwen_30b,granite_8b",231,logistic_router,0.8316831683168316,0.0001689503643564356,0.8316831683168316,0.07920792079207921,0.0,0.7524752475247525
3model_gemini_flash_qwen_30b_granite_8b,"gemini_flash,qwen_30b,granite_8b",231,linear_svm_router,0.8316831683168316,0.00018444219801980197,0.8316831683168316,0.07920792079207921,0.0,0.8316831683168316
3model_gemini_flash_qwen_30b_granite_8b,"gemini_flash,qwen_30b,granite_8b",231,knn_router,0.8316831683168316,0.00020165940594059402,0.8316831683168316,0.07920792079207921,0.0,0.9207920792079208
3model_gemini_flash_qwen_30b_granite_8b,"gemini_flash,qwen_30b,granite_8b",231,decision_tree_router,0.8118811881188119,0.00014155970297029705,0.8118811881188119,0.09900990099009901,0.0,0.6336633663366337
3model_gemini_flash_qwen_30b_granite_8b,"gemini_flash,qwen_30b,granite_8b",231,random_forest_router,0.8514851485148515,0.00017795640396039603,0.8514851485148515,0.0594059405940594,0.0,0.8316831683168316
3model_gemini_flash_qwen_30b_granite_8b,"gemini_flash,qwen_30b,granite_8b",231,extra_trees_router,0.8613861386138614,0.0001671684712871287,0.8613861386138614,0.04950495049504951,0.0,0.7722772277227723
3model_gemini_flash_qwen_30b_granite_8b,"gemini_flash,qwen_30b,granite_8b",231,tfidf_logistic_router,0.8217821782178217,0.00018544632079207915,0.8217821782178217,0.0891089108910891,0.0,0.8217821782178217
3model_gemini_flash_qwen_30b_granite_8b,"gemini_flash,qwen_30b,granite_8b",231,tfidf_linear_svm_router,0.8316831683168316,0.00019538695049504942,0.8316831683168316,0.07920792079207921,0.0,0.8910891089108911
3model_gemini_flash_qwen_30b_granite_8b,"gemini_flash,qwen_30b,granite_8b",232,always_gemini_flash,0.900990099009901,0.0001824257425742574,0.900990099009901,0.04950495049504951,0.0,0.9504950495049505
3model_gemini_flash_qwen_30b_granite_8b,"gemini_flash,qwen_30b,granite_8b",232,always_qwen_30b,0.8910891089108911,2.3704570297029702e-05,0.8910891089108911,0.0594059405940594,0.0,0.039603960396039604
3model_gemini_flash_qwen_30b_granite_8b,"gemini_flash,qwen_30b,granite_8b",232,always_granite_8b,0.8613861386138614,1.5412871287128713e-05,0.8613861386138614,0.0891089108910891,0.0,0.009900990099009901
3model_gemini_flash_qwen_30b_granite_8b,"gemini_flash,qwen_30b,granite_8b",232,random,0.8712871287128713,6.462805148514852e-05,0.8712871287128713,0.07920792079207921,0.0,0.27722772277227725
3model_gemini_flash_qwen_30b_granite_8b,"gemini_flash,qwen_30b,granite_8b",232,oracle,0.9504950495049505,0.0001754798138613861,0.9504950495049505,0.0,0.0,1.0
3model_gemini_flash_qwen_30b_granite_8b,"gemini_flash,qwen_30b,granite_8b",232,logistic_router,0.9207920792079208,0.00014902330297029702,0.9207920792079208,0.0297029702970297,0.0,0.7722772277227723
3model_gemini_flash_qwen_30b_granite_8b,"gemini_flash,qwen_30b,granite_8b",232,linear_svm_router,0.900990099009901,0.00017819297425742574,0.900990099009901,0.04950495049504951,0.0,0.9207920792079208
3model_gemini_flash_qwen_30b_granite_8b,"gemini_flash,qwen_30b,granite_8b",232,knn_router,0.900990099009901,0.0001824257425742574,0.900990099009901,0.04950495049504951,0.0,0.9504950495049505
3model_gemini_flash_qwen_30b_granite_8b,"gemini_flash,qwen_30b,granite_8b",232,decision_tree_router,0.8910891089108911,0.00012453219405940592,0.8910891089108911,0.0594059405940594,0.0,0.6138613861386139
3model_gemini_flash_qwen_30b_granite_8b,"gemini_flash,qwen_30b,granite_8b",232,random_forest_router,0.9306930693069307,0.00016443862178217822,0.9306930693069307,0.019801980198019802,0.0,0.8811881188118812
3model_gemini_flash_qwen_30b_granite_8b,"gemini_flash,qwen_30b,granite_8b",232,extra_trees_router,0.9306930693069307,0.00014414243564356434,0.9306930693069307,0.019801980198019802,0.0,0.7623762376237624
3model_gemini_flash_qwen_30b_granite_8b,"gemini_flash,qwen_30b,granite_8b",232,tfidf_logistic_router,0.9108910891089109,0.0001714342099009901,0.9108910891089109,0.039603960396039604,0.0,0.8811881188118812
3model_gemini_flash_qwen_30b_granite_8b,"gemini_flash,qwen_30b,granite_8b",232,tfidf_linear_svm_router,0.9108910891089109,0.00018022871287128712,0.9108910891089109,0.039603960396039604,0.0,0.9504950495049505
3model_gemini_flash_qwen_30b_granite_8b,"gemini_flash,qwen_30b,granite_8b",233,always_gemini_flash,0.8217821782178217,0.00019657623762376237,0.8217821782178217,0.10891089108910891,0.0,0.8910891089108911
3model_gemini_flash_qwen_30b_granite_8b,"gemini_flash,qwen_30b,granite_8b",233,always_qwen_30b,0.8910891089108911,2.4048427722772278e-05,0.8910891089108911,0.039603960396039604,0.0,0.09900990099009901
3model_gemini_flash_qwen_30b_granite_8b,"gemini_flash,qwen_30b,granite_8b",233,always_granite_8b,0.8514851485148515,1.601089108910891e-05,0.8514851485148515,0.07920792079207921,0.0,0.009900990099009901
3model_gemini_flash_qwen_30b_granite_8b,"gemini_flash,qwen_30b,granite_8b",233,random,0.8415841584158416,8.377468910891089e-05,0.8415841584158416,0.0891089108910891,0.0,0.32673267326732675
3model_gemini_flash_qwen_30b_granite_8b,"gemini_flash,qwen_30b,granite_8b",233,oracle,0.9306930693069307,0.000174505699009901,0.9306930693069307,0.0,0.0,1.0
3model_gemini_flash_qwen_30b_granite_8b,"gemini_flash,qwen_30b,granite_8b",233,logistic_router,0.8613861386138614,0.0001396597702970297,0.8613861386138614,0.06930693069306931,0.0,0.6633663366336634
3model_gemini_flash_qwen_30b_granite_8b,"gemini_flash,qwen_30b,granite_8b",233,linear_svm_router,0.8217821782178217,0.0001785197108910891,0.8217821782178217,0.10891089108910891,0.0,0.7920792079207921
3model_gemini_flash_qwen_30b_granite_8b,"gemini_flash,qwen_30b,granite_8b",233,knn_router,0.8217821782178217,0.00019657623762376237,0.8217821782178217,0.10891089108910891,0.0,0.8910891089108911
3model_gemini_flash_qwen_30b_granite_8b,"gemini_flash,qwen_30b,granite_8b",233,decision_tree_router,0.8415841584158416,0.0001365510297029703,0.8415841584158416,0.0891089108910891,0.0,0.6138613861386139
3model_gemini_flash_qwen_30b_granite_8b,"gemini_flash,qwen_30b,granite_8b",233,random_forest_router,0.8613861386138614,0.00017090141386138616,0.8613861386138614,0.06930693069306931,0.0,0.8415841584158416
3model_gemini_flash_qwen_30b_granite_8b,"gemini_flash,qwen_30b,granite_8b",233,extra_trees_router,0.8910891089108911,0.0001358364,0.8910891089108911,0.039603960396039604,0.0,0.693069306930693
3model_gemini_flash_qwen_30b_granite_8b,"gemini_flash,qwen_30b,granite_8b",233,tfidf_logistic_router,0.8514851485148515,0.00016934284356435645,0.8514851485148515,0.07920792079207921,0.0,0.7920792079207921
3model_gemini_flash_qwen_30b_granite_8b,"gemini_flash,qwen_30b,granite_8b",233,tfidf_linear_svm_router,0.8217821782178217,0.00019326487524752475,0.8217821782178217,0.10891089108910891,0.0,0.8613861386138614
3model_gemini_flash_llama_70b_deepseek_v3,"gemini_flash,llama_70b,deepseek_v3",229,always_gemini_flash,0.8712871287128713,0.0001869188118811881,0.8712871287128713,0.07920792079207921,0.0,0.9207920792079208
3model_gemini_flash_llama_70b_deepseek_v3,"gemini_flash,llama_70b,deepseek_v3",229,always_llama_70b,0.8514851485148515,5.191463366336634e-05,0.8514851485148515,0.09900990099009901,0.0,0.0297029702970297
3model_gemini_flash_llama_70b_deepseek_v3,"gemini_flash,llama_70b,deepseek_v3",229,always_deepseek_v3,0.9207920792079208,6.72319207920792e-05,0.9207920792079208,0.0297029702970297,0.0,0.04950495049504951
3model_gemini_flash_llama_70b_deepseek_v3,"gemini_flash,llama_70b,deepseek_v3",229,random,0.9108910891089109,0.00010021766336633664,0.9108910891089109,0.039603960396039604,0.0,0.3069306930693069
3model_gemini_flash_llama_70b_deepseek_v3,"gemini_flash,llama_70b,deepseek_v3",229,oracle,0.9504950495049505,0.00017822405940594055,0.9504950495049505,0.0,0.0,1.0
3model_gemini_flash_llama_70b_deepseek_v3,"gemini_flash,llama_70b,deepseek_v3",229,logistic_router,0.9108910891089109,0.00015549323762376237,0.9108910891089109,0.039603960396039604,0.0,0.7425742574257426
3model_gemini_flash_llama_70b_deepseek_v3,"gemini_flash,llama_70b,deepseek_v3",229,linear_svm_router,0.8910891089108911,0.00017675047524752478,0.8910891089108911,0.0594059405940594,0.0,0.8811881188118812
3model_gemini_flash_llama_70b_deepseek_v3,"gemini_flash,llama_70b,deepseek_v3",229,knn_router,0.8811881188118812,0.0001857190099009901,0.8811881188118812,0.06930693069306931,0.0,0.9306930693069307
3model_gemini_flash_llama_70b_deepseek_v3,"gemini_flash,llama_70b,deepseek_v3",229,decision_tree_router,0.8613861386138614,0.0001480187425742574,0.8613861386138614,0.0891089108910891,0.0,0.6435643564356436
3model_gemini_flash_llama_70b_deepseek_v3,"gemini_flash,llama_70b,deepseek_v3",229,random_forest_router,0.900990099009901,0.00017176483168316833,0.900990099009901,0.04950495049504951,0.0,0.8514851485148515
3model_gemini_flash_llama_70b_deepseek_v3,"gemini_flash,llama_70b,deepseek_v3",229,extra_trees_router,0.9207920792079208,0.000157929900990099,0.9207920792079208,0.0297029702970297,0.0,0.7524752475247525
3model_gemini_flash_llama_70b_deepseek_v3,"gemini_flash,llama_70b,deepseek_v3",229,tfidf_logistic_router,0.9108910891089109,0.00016667962376237629,0.9108910891089109,0.039603960396039604,0.0,0.8118811881188119
3model_gemini_flash_llama_70b_deepseek_v3,"gemini_flash,llama_70b,deepseek_v3",229,tfidf_linear_svm_router,0.8811881188118812,0.00018365970297029702,0.8811881188118812,0.06930693069306931,0.0,0.9108910891089109
3model_gemini_flash_llama_70b_deepseek_v3,"gemini_flash,llama_70b,deepseek_v3",230,always_gemini_flash,0.8811881188118812,0.00020017524752475246,0.8811881188118812,0.07920792079207921,0.0,0.9207920792079208
3model_gemini_flash_llama_70b_deepseek_v3,"gemini_flash,llama_70b,deepseek_v3",230,always_llama_70b,0.8910891089108911,5.2112425742574264e-05,0.8910891089108911,0.06930693069306931,0.0,0.0594059405940594
3model_gemini_flash_llama_70b_deepseek_v3,"gemini_flash,llama_70b,deepseek_v3",230,always_deepseek_v3,0.9306930693069307,7.106932673267325e-05,0.9306930693069307,0.0297029702970297,0.0,0.019801980198019802
3model_gemini_flash_llama_70b_deepseek_v3,"gemini_flash,llama_70b,deepseek_v3",230,random,0.8910891089108911,0.00011442700000000002,0.8910891089108911,0.06930693069306931,0.0,0.3465346534653465
3model_gemini_flash_llama_70b_deepseek_v3,"gemini_flash,llama_70b,deepseek_v3",230,oracle,0.9603960396039604,0.0001912328217821782,0.9603960396039604,0.0,0.0,1.0
3model_gemini_flash_llama_70b_deepseek_v3,"gemini_flash,llama_70b,deepseek_v3",230,logistic_router,0.9306930693069307,0.0001685635643564356,0.9306930693069307,0.0297029702970297,0.0,0.7524752475247525
3model_gemini_flash_llama_70b_deepseek_v3,"gemini_flash,llama_70b,deepseek_v3",230,linear_svm_router,0.900990099009901,0.000190354801980198,0.900990099009901,0.0594059405940594,0.0,0.900990099009901
3model_gemini_flash_llama_70b_deepseek_v3,"gemini_flash,llama_70b,deepseek_v3",230,knn_router,0.8811881188118812,0.00020017524752475246,0.8811881188118812,0.07920792079207921,0.0,0.9207920792079208
3model_gemini_flash_llama_70b_deepseek_v3,"gemini_flash,llama_70b,deepseek_v3",230,decision_tree_router,0.9306930693069307,0.00018086718811881187,0.9306930693069307,0.0297029702970297,0.0,0.8316831683168316
3model_gemini_flash_llama_70b_deepseek_v3,"gemini_flash,llama_70b,deepseek_v3",230,random_forest_router,0.9306930693069307,0.00017953846534653464,0.9306930693069307,0.0297029702970297,0.0,0.8514851485148515
3model_gemini_flash_llama_70b_deepseek_v3,"gemini_flash,llama_70b,deepseek_v3",230,extra_trees_router,0.9306930693069307,0.00017253530693069305,0.9306930693069307,0.0297029702970297,0.0,0.7722772277227723
3model_gemini_flash_llama_70b_deepseek_v3,"gemini_flash,llama_70b,deepseek_v3",230,tfidf_logistic_router,0.9108910891089109,0.00018733529702970295,0.9108910891089109,0.04950495049504951,0.0,0.8613861386138614
3model_gemini_flash_llama_70b_deepseek_v3,"gemini_flash,llama_70b,deepseek_v3",230,tfidf_linear_svm_router,0.8910891089108911,0.00019686168316831684,0.8910891089108911,0.06930693069306931,0.0,0.9207920792079208
3model_gemini_flash_llama_70b_deepseek_v3,"gemini_flash,llama_70b,deepseek_v3",231,always_gemini_flash,0.8316831683168316,0.00020165940594059402,0.8316831683168316,0.07920792079207921,0.0,0.9207920792079208
3model_gemini_flash_llama_70b_deepseek_v3,"gemini_flash,llama_70b,deepseek_v3",231,always_llama_70b,0.8613861386138614,5.35139900990099e-05,0.8613861386138614,0.04950495049504951,0.0,0.0594059405940594
3model_gemini_flash_llama_70b_deepseek_v3,"gemini_flash,llama_70b,deepseek_v3",231,always_deepseek_v3,0.8613861386138614,7.282815841584158e-05,0.8613861386138614,0.04950495049504951,0.0,0.019801980198019802
3model_gemini_flash_llama_70b_deepseek_v3,"gemini_flash,llama_70b,deepseek_v3",231,random,0.8118811881188119,9.890138613861388e-05,0.8118811881188119,0.09900990099009901,0.0,0.2376237623762376
3model_gemini_flash_llama_70b_deepseek_v3,"gemini_flash,llama_70b,deepseek_v3",231,oracle,0.9108910891089109,0.00019133440594059403,0.9108910891089109,0.0,0.0,1.0
3model_gemini_flash_llama_70b_deepseek_v3,"gemini_flash,llama_70b,deepseek_v3",231,logistic_router,0.8613861386138614,0.00017167061386138614,0.8613861386138614,0.04950495049504951,0.0,0.7722772277227723
3model_gemini_flash_llama_70b_deepseek_v3,"gemini_flash,llama_70b,deepseek_v3",231,linear_svm_router,0.8316831683168316,0.00018294277227722767,0.8316831683168316,0.07920792079207921,0.0,0.8217821782178217
3model_gemini_flash_llama_70b_deepseek_v3,"gemini_flash,llama_70b,deepseek_v3",231,knn_router,0.8316831683168316,0.00020165940594059402,0.8316831683168316,0.07920792079207921,0.0,0.9207920792079208
3model_gemini_flash_llama_70b_deepseek_v3,"gemini_flash,llama_70b,deepseek_v3",231,decision_tree_router,0.8514851485148515,0.00017634559405940592,0.8514851485148515,0.0594059405940594,0.0,0.8118811881188119
3model_gemini_flash_llama_70b_deepseek_v3,"gemini_flash,llama_70b,deepseek_v3",231,random_forest_router,0.8514851485148515,0.000175678801980198,0.8514851485148515,0.0594059405940594,0.0,0.7920792079207921
3model_gemini_flash_llama_70b_deepseek_v3,"gemini_flash,llama_70b,deepseek_v3",231,extra_trees_router,0.8613861386138614,0.0001721930792079208,0.8613861386138614,0.04950495049504951,0.0,0.7623762376237624
3model_gemini_flash_llama_70b_deepseek_v3,"gemini_flash,llama_70b,deepseek_v3",231,tfidf_logistic_router,0.8514851485148515,0.00018232343564356435,0.8514851485148515,0.0594059405940594,0.0,0.8217821782178217
3model_gemini_flash_llama_70b_deepseek_v3,"gemini_flash,llama_70b,deepseek_v3",231,tfidf_linear_svm_router,0.8316831683168316,0.00019327267326732668,0.8316831683168316,0.07920792079207921,0.0,0.8712871287128713
3model_gemini_flash_llama_70b_deepseek_v3,"gemini_flash,llama_70b,deepseek_v3",232,always_gemini_flash,0.900990099009901,0.0001824257425742574,0.900990099009901,0.04950495049504951,0.0,0.9504950495049505
3model_gemini_flash_llama_70b_deepseek_v3,"gemini_flash,llama_70b,deepseek_v3",232,always_llama_70b,0.8910891089108911,5.238212871287129e-05,0.8910891089108911,0.0594059405940594,0.0,0.04950495049504951
3model_gemini_flash_llama_70b_deepseek_v3,"gemini_flash,llama_70b,deepseek_v3",232,always_deepseek_v3,0.8811881188118812,6.627041584158416e-05,0.8811881188118812,0.06930693069306931,0.0,0.0
3model_gemini_flash_llama_70b_deepseek_v3,"gemini_flash,llama_70b,deepseek_v3",232,random,0.8811881188118812,9.288391089108909e-05,0.8811881188118812,0.06930693069306931,0.0,0.297029702970297
3model_gemini_flash_llama_70b_deepseek_v3,"gemini_flash,llama_70b,deepseek_v3",232,oracle,0.9504950495049505,0.00017714955445544554,0.9504950495049505,0.0,0.0,1.0
3model_gemini_flash_llama_70b_deepseek_v3,"gemini_flash,llama_70b,deepseek_v3",232,logistic_router,0.8910891089108911,0.0001559130198019802,0.8910891089108911,0.0594059405940594,0.0,0.7524752475247525
3model_gemini_flash_llama_70b_deepseek_v3,"gemini_flash,llama_70b,deepseek_v3",232,linear_svm_router,0.8910891089108911,0.00016836972277227722,0.8910891089108911,0.0594059405940594,0.0,0.8514851485148515
3model_gemini_flash_llama_70b_deepseek_v3,"gemini_flash,llama_70b,deepseek_v3",232,knn_router,0.900990099009901,0.0001824257425742574,0.900990099009901,0.04950495049504951,0.0,0.9504950495049505
3model_gemini_flash_llama_70b_deepseek_v3,"gemini_flash,llama_70b,deepseek_v3",232,decision_tree_router,0.9108910891089109,0.00015819816831683166,0.9108910891089109,0.039603960396039604,0.0,0.7920792079207921
3model_gemini_flash_llama_70b_deepseek_v3,"gemini_flash,llama_70b,deepseek_v3",232,random_forest_router,0.9108910891089109,0.00016458013861386136,0.9108910891089109,0.039603960396039604,0.0,0.8415841584158416
3model_gemini_flash_llama_70b_deepseek_v3,"gemini_flash,llama_70b,deepseek_v3",232,extra_trees_router,0.9207920792079208,0.00015701594059405939,0.9207920792079208,0.0297029702970297,0.0,0.7920792079207921
3model_gemini_flash_llama_70b_deepseek_v3,"gemini_flash,llama_70b,deepseek_v3",232,tfidf_logistic_router,0.900990099009901,0.00016693179207920793,0.900990099009901,0.04950495049504951,0.0,0.8415841584158416
3model_gemini_flash_llama_70b_deepseek_v3,"gemini_flash,llama_70b,deepseek_v3",232,tfidf_linear_svm_router,0.8910891089108911,0.00017552694059405939,0.8910891089108911,0.0594059405940594,0.0,0.8910891089108911
3model_gemini_flash_llama_70b_deepseek_v3,"gemini_flash,llama_70b,deepseek_v3",233,always_gemini_flash,0.8217821782178217,0.00019657623762376237,0.8217821782178217,0.09900990099009901,0.0,0.900990099009901
3model_gemini_flash_llama_70b_deepseek_v3,"gemini_flash,llama_70b,deepseek_v3",233,always_llama_70b,0.8811881188118812,5.316852475247525e-05,0.8811881188118812,0.039603960396039604,0.0,0.0891089108910891
3model_gemini_flash_llama_70b_deepseek_v3,"gemini_flash,llama_70b,deepseek_v3",233,always_deepseek_v3,0.8712871287128713,6.896013861386139e-05,0.8712871287128713,0.04950495049504951,0.0,0.009900990099009901
3model_gemini_flash_llama_70b_deepseek_v3,"gemini_flash,llama_70b,deepseek_v3",233,random,0.8217821782178217,0.00011047875247524751,0.8217821782178217,0.09900990099009901,0.0,0.31683168316831684
3model_gemini_flash_llama_70b_deepseek_v3,"gemini_flash,llama_70b,deepseek_v3",233,oracle,0.9207920792079208,0.00017925405940594056,0.9207920792079208,0.0,0.0,1.0
3model_gemini_flash_llama_70b_deepseek_v3,"gemini_flash,llama_70b,deepseek_v3",233,logistic_router,0.8811881188118812,0.00015164277227722772,0.8811881188118812,0.039603960396039604,0.0,0.693069306930693
3model_gemini_flash_llama_70b_deepseek_v3,"gemini_flash,llama_70b,deepseek_v3",233,linear_svm_router,0.8415841584158416,0.00017342159405940593,0.8415841584158416,0.07920792079207921,0.0,0.7920792079207921
3model_gemini_flash_llama_70b_deepseek_v3,"gemini_flash,llama_70b,deepseek_v3",233,knn_router,0.8316831683168316,0.00019391534653465347,0.8316831683168316,0.0891089108910891,0.0,0.9108910891089109
3model_gemini_flash_llama_70b_deepseek_v3,"gemini_flash,llama_70b,deepseek_v3",233,decision_tree_router,0.8811881188118812,0.00015182510891089107,0.8811881188118812,0.039603960396039604,0.0,0.7128712871287128
3model_gemini_flash_llama_70b_deepseek_v3,"gemini_flash,llama_70b,deepseek_v3",233,random_forest_router,0.8514851485148515,0.00017262258415841588,0.8514851485148515,0.06930693069306931,0.0,0.801980198019802
3model_gemini_flash_llama_70b_deepseek_v3,"gemini_flash,llama_70b,deepseek_v3",233,extra_trees_router,0.8910891089108911,0.0001531430792079208,0.8910891089108911,0.0297029702970297,0.0,0.7128712871287128
3model_gemini_flash_llama_70b_deepseek_v3,"gemini_flash,llama_70b,deepseek_v3",233,tfidf_logistic_router,0.8811881188118812,0.00016498530693069305,0.8811881188118812,0.039603960396039604,0.0,0.7821782178217822
3model_gemini_flash_llama_70b_deepseek_v3,"gemini_flash,llama_70b,deepseek_v3",233,tfidf_linear_svm_router,0.8316831683168316,0.0001895147920792079,0.8316831683168316,0.0891089108910891,0.0,0.8712871287128713
3model_gemini_flash_llama_70b_granite_8b,"gemini_flash,llama_70b,granite_8b",229,always_gemini_flash,0.8712871287128713,0.0001869188118811881,0.8712871287128713,0.0594059405940594,0.0,0.9405940594059405
3model_gemini_flash_llama_70b_granite_8b,"gemini_flash,llama_70b,granite_8b",229,always_llama_70b,0.8514851485148515,5.191463366336634e-05,0.8514851485148515,0.07920792079207921,0.0,0.0297029702970297
3model_gemini_flash_llama_70b_granite_8b,"gemini_flash,llama_70b,granite_8b",229,always_granite_8b,0.8613861386138614,1.5395544554455447e-05,0.8613861386138614,0.06930693069306931,0.0,0.0297029702970297
3model_gemini_flash_llama_70b_granite_8b,"gemini_flash,llama_70b,granite_8b",229,random,0.8910891089108911,8.07769306930693e-05,0.8910891089108911,0.039603960396039604,0.0,0.3069306930693069
3model_gemini_flash_llama_70b_granite_8b,"gemini_flash,llama_70b,granite_8b",229,oracle,0.9306930693069307,0.00017813247524752472,0.9306930693069307,0.0,0.0,1.0
3model_gemini_flash_llama_70b_granite_8b,"gemini_flash,llama_70b,granite_8b",229,logistic_router,0.8910891089108911,0.0001541429207920792,0.8910891089108911,0.039603960396039604,0.0,0.7425742574257426
3model_gemini_flash_llama_70b_granite_8b,"gemini_flash,llama_70b,granite_8b",229,linear_svm_router,0.8811881188118812,0.00017758371287128713,0.8811881188118812,0.04950495049504951,0.0,0.8910891089108911
3model_gemini_flash_llama_70b_granite_8b,"gemini_flash,llama_70b,granite_8b",229,knn_router,0.8811881188118812,0.0001857190099009901,0.8811881188118812,0.04950495049504951,0.0,0.9504950495049505
3model_gemini_flash_llama_70b_granite_8b,"gemini_flash,llama_70b,granite_8b",229,decision_tree_router,0.8910891089108911,0.0001464382178217822,0.8910891089108911,0.039603960396039604,0.0,0.6831683168316832
3model_gemini_flash_llama_70b_granite_8b,"gemini_flash,llama_70b,granite_8b",229,random_forest_router,0.8910891089108911,0.00017387009900990096,0.8910891089108911,0.039603960396039604,0.0,0.8712871287128713
3model_gemini_flash_llama_70b_granite_8b,"gemini_flash,llama_70b,granite_8b",229,extra_trees_router,0.8811881188118812,0.0001562960396039604,0.8811881188118812,0.04950495049504951,0.0,0.7425742574257426
3model_gemini_flash_llama_70b_granite_8b,"gemini_flash,llama_70b,granite_8b",229,tfidf_logistic_router,0.8910891089108911,0.0001704959900990099,0.8910891089108911,0.039603960396039604,0.0,0.8514851485148515
3model_gemini_flash_llama_70b_granite_8b,"gemini_flash,llama_70b,granite_8b",229,tfidf_linear_svm_router,0.8712871287128713,0.00018652643564356434,0.8712871287128713,0.0594059405940594,0.0,0.9306930693069307
3model_gemini_flash_llama_70b_granite_8b,"gemini_flash,llama_70b,granite_8b",230,always_gemini_flash,0.8811881188118812,0.00020017524752475246,0.8811881188118812,0.0594059405940594,0.0,0.9405940594059405
3model_gemini_flash_llama_70b_granite_8b,"gemini_flash,llama_70b,granite_8b",230,always_llama_70b,0.8910891089108911,5.2112425742574264e-05,0.8910891089108911,0.04950495049504951,0.0,0.0594059405940594
3model_gemini_flash_llama_70b_granite_8b,"gemini_flash,llama_70b,granite_8b",230,always_granite_8b,0.8316831683168316,1.659059405940594e-05,0.8316831683168316,0.10891089108910891,0.0,0.0
3model_gemini_flash_llama_70b_granite_8b,"gemini_flash,llama_70b,granite_8b",230,random,0.8811881188118812,9.668608910891091e-05,0.8811881188118812,0.0594059405940594,0.0,0.3564356435643564
3model_gemini_flash_llama_70b_granite_8b,"gemini_flash,llama_70b,granite_8b",230,oracle,0.9405940594059405,0.00019327420792079205,0.9405940594059405,0.0,0.0,1.0
3model_gemini_flash_llama_70b_granite_8b,"gemini_flash,llama_70b,granite_8b",230,logistic_router,0.900990099009901,0.0001703259405940594,0.900990099009901,0.039603960396039604,0.0,0.7425742574257426
3model_gemini_flash_llama_70b_granite_8b,"gemini_flash,llama_70b,granite_8b",230,linear_svm_router,0.8910891089108911,0.00018815816831683167,0.8910891089108911,0.04950495049504951,0.0,0.8811881188118812
3model_gemini_flash_llama_70b_granite_8b,"gemini_flash,llama_70b,granite_8b",230,knn_router,0.8811881188118812,0.00020017524752475246,0.8811881188118812,0.0594059405940594,0.0,0.9405940594059405
3model_gemini_flash_llama_70b_granite_8b,"gemini_flash,llama_70b,granite_8b",230,decision_tree_router,0.8712871287128713,0.00015940683168316834,0.8712871287128713,0.06930693069306931,0.0,0.7029702970297029
3model_gemini_flash_llama_70b_granite_8b,"gemini_flash,llama_70b,granite_8b",230,random_forest_router,0.9108910891089109,0.0001790357920792079,0.9108910891089109,0.0297029702970297,0.0,0.8316831683168316
3model_gemini_flash_llama_70b_granite_8b,"gemini_flash,llama_70b,granite_8b",230,extra_trees_router,0.9108910891089109,0.0001713024752475247,0.9108910891089109,0.0297029702970297,0.0,0.7524752475247525
3model_gemini_flash_llama_70b_granite_8b,"gemini_flash,llama_70b,granite_8b",230,tfidf_logistic_router,0.900990099009901,0.00018391569306930696,0.900990099009901,0.039603960396039604,0.0,0.8316831683168316
3model_gemini_flash_llama_70b_granite_8b,"gemini_flash,llama_70b,granite_8b",230,tfidf_linear_svm_router,0.8811881188118812,0.0001973939603960396,0.8811881188118812,0.0594059405940594,0.0,0.9306930693069307
3model_gemini_flash_llama_70b_granite_8b,"gemini_flash,llama_70b,granite_8b",231,always_gemini_flash,0.8316831683168316,0.00020165940594059402,0.8316831683168316,0.06930693069306931,0.0,0.9306930693069307
3model_gemini_flash_llama_70b_granite_8b,"gemini_flash,llama_70b,granite_8b",231,always_llama_70b,0.8613861386138614,5.35139900990099e-05,0.8613861386138614,0.039603960396039604,0.0,0.0594059405940594
3model_gemini_flash_llama_70b_granite_8b,"gemini_flash,llama_70b,granite_8b",231,always_granite_8b,0.8316831683168316,1.662079207920792e-05,0.8316831683168316,0.06930693069306931,0.0,0.009900990099009901
3model_gemini_flash_llama_70b_granite_8b,"gemini_flash,llama_70b,granite_8b",231,random,0.8316831683168316,7.714188118811882e-05,0.8316831683168316,0.06930693069306931,0.0,0.22772277227722773
3model_gemini_flash_llama_70b_granite_8b,"gemini_flash,llama_70b,granite_8b",231,oracle,0.900990099009901,0.00019129430693069305,0.900990099009901,0.0,0.0,1.0
3model_gemini_flash_llama_70b_granite_8b,"gemini_flash,llama_70b,granite_8b",231,logistic_router,0.8613861386138614,0.00016742904950495049,0.8613861386138614,0.039603960396039604,0.0,0.7623762376237624
3model_gemini_flash_llama_70b_granite_8b,"gemini_flash,llama_70b,granite_8b",231,linear_svm_router,0.8316831683168316,0.00017973257425742568,0.8316831683168316,0.06930693069306931,0.0,0.7920792079207921
3model_gemini_flash_llama_70b_granite_8b,"gemini_flash,llama_70b,granite_8b",231,knn_router,0.8316831683168316,0.00020165940594059402,0.8316831683168316,0.06930693069306931,0.0,0.9306930693069307
3model_gemini_flash_llama_70b_granite_8b,"gemini_flash,llama_70b,granite_8b",231,decision_tree_router,0.8316831683168316,0.0001569940594059406,0.8316831683168316,0.06930693069306931,0.0,0.6633663366336634
3model_gemini_flash_llama_70b_granite_8b,"gemini_flash,llama_70b,granite_8b",231,random_forest_router,0.8514851485148515,0.00017849133663366335,0.8514851485148515,0.04950495049504951,0.0,0.8217821782178217
3model_gemini_flash_llama_70b_granite_8b,"gemini_flash,llama_70b,granite_8b",231,extra_trees_router,0.8613861386138614,0.000166048702970297,0.8613861386138614,0.039603960396039604,0.0,0.7326732673267327
3model_gemini_flash_llama_70b_granite_8b,"gemini_flash,llama_70b,granite_8b",231,tfidf_logistic_router,0.8514851485148515,0.00018112252475247517,0.8514851485148515,0.04950495049504951,0.0,0.8217821782178217
3model_gemini_flash_llama_70b_granite_8b,"gemini_flash,llama_70b,granite_8b",231,tfidf_linear_svm_router,0.8316831683168316,0.00019469821782178216,0.8316831683168316,0.06930693069306931,0.0,0.8811881188118812
3model_gemini_flash_llama_70b_granite_8b,"gemini_flash,llama_70b,granite_8b",232,always_gemini_flash,0.900990099009901,0.0001824257425742574,0.900990099009901,0.0594059405940594,0.0,0.9405940594059405
3model_gemini_flash_llama_70b_granite_8b,"gemini_flash,llama_70b,granite_8b",232,always_llama_70b,0.8910891089108911,5.238212871287129e-05,0.8910891089108911,0.06930693069306931,0.0,0.04950495049504951
3model_gemini_flash_llama_70b_granite_8b,"gemini_flash,llama_70b,granite_8b",232,always_granite_8b,0.8613861386138614,1.5412871287128713e-05,0.8613861386138614,0.09900990099009901,0.0,0.009900990099009901
3model_gemini_flash_llama_70b_granite_8b,"gemini_flash,llama_70b,granite_8b",232,random,0.8910891089108911,7.668460396039604e-05,0.8910891089108911,0.06930693069306931,0.0,0.2871287128712871
3model_gemini_flash_llama_70b_granite_8b,"gemini_flash,llama_70b,granite_8b",232,oracle,0.9603960396039604,0.00017574608910891088,0.9603960396039604,0.0,0.0,1.0
3model_gemini_flash_llama_70b_granite_8b,"gemini_flash,llama_70b,granite_8b",232,logistic_router,0.9207920792079208,0.00015142866336633663,0.9207920792079208,0.039603960396039604,0.0,0.7524752475247525
3model_gemini_flash_llama_70b_granite_8b,"gemini_flash,llama_70b,granite_8b",232,linear_svm_router,0.900990099009901,0.00017206405940594063,0.900990099009901,0.0594059405940594,0.0,0.8712871287128713
3model_gemini_flash_llama_70b_granite_8b,"gemini_flash,llama_70b,granite_8b",232,knn_router,0.900990099009901,0.0001824257425742574,0.900990099009901,0.0594059405940594,0.0,0.9405940594059405
3model_gemini_flash_llama_70b_granite_8b,"gemini_flash,llama_70b,granite_8b",232,decision_tree_router,0.900990099009901,0.0001422697524752475,0.900990099009901,0.0594059405940594,0.0,0.693069306930693
3model_gemini_flash_llama_70b_granite_8b,"gemini_flash,llama_70b,granite_8b",232,random_forest_router,0.9207920792079208,0.00016631910891089105,0.9207920792079208,0.039603960396039604,0.0,0.8514851485148515
3model_gemini_flash_llama_70b_granite_8b,"gemini_flash,llama_70b,granite_8b",232,extra_trees_router,0.9306930693069307,0.0001547518811881188,0.9306930693069307,0.0297029702970297,0.0,0.7821782178217822
3model_gemini_flash_llama_70b_granite_8b,"gemini_flash,llama_70b,granite_8b",232,tfidf_logistic_router,0.9108910891089109,0.000170385,0.9108910891089109,0.04950495049504951,0.0,0.8712871287128713
3model_gemini_flash_llama_70b_granite_8b,"gemini_flash,llama_70b,granite_8b",232,tfidf_linear_svm_router,0.900990099009901,0.00017702321782178215,0.900990099009901,0.0594059405940594,0.0,0.900990099009901
3model_gemini_flash_llama_70b_granite_8b,"gemini_flash,llama_70b,granite_8b",233,always_gemini_flash,0.8217821782178217,0.00019657623762376237,0.8217821782178217,0.09900990099009901,0.0,0.900990099009901
3model_gemini_flash_llama_70b_granite_8b,"gemini_flash,llama_70b,granite_8b",233,always_llama_70b,0.8811881188118812,5.316852475247525e-05,0.8811881188118812,0.039603960396039604,0.0,0.0891089108910891
3model_gemini_flash_llama_70b_granite_8b,"gemini_flash,llama_70b,granite_8b",233,always_granite_8b,0.8514851485148515,1.601089108910891e-05,0.8514851485148515,0.06930693069306931,0.0,0.009900990099009901
3model_gemini_flash_llama_70b_granite_8b,"gemini_flash,llama_70b,granite_8b",233,random,0.8118811881188119,9.03270297029703e-05,0.8118811881188119,0.10891089108910891,0.0,0.32673267326732675
3model_gemini_flash_llama_70b_granite_8b,"gemini_flash,llama_70b,granite_8b",233,oracle,0.9207920792079208,0.00018141356435643564,0.9207920792079208,0.0,0.0,1.0
3model_gemini_flash_llama_70b_granite_8b,"gemini_flash,llama_70b,granite_8b",233,logistic_router,0.8712871287128713,0.00014690401980198018,0.8712871287128713,0.04950495049504951,0.0,0.6831683168316832
3model_gemini_flash_llama_70b_granite_8b,"gemini_flash,llama_70b,granite_8b",233,linear_svm_router,0.8316831683168316,0.00017992257425742574,0.8316831683168316,0.0891089108910891,0.0,0.8217821782178217
3model_gemini_flash_llama_70b_granite_8b,"gemini_flash,llama_70b,granite_8b",233,knn_router,0.8316831683168316,0.00019391534653465347,0.8316831683168316,0.0891089108910891,0.0,0.9108910891089109
3model_gemini_flash_llama_70b_granite_8b,"gemini_flash,llama_70b,granite_8b",233,decision_tree_router,0.8514851485148515,0.00015488514851485146,0.8514851485148515,0.06930693069306931,0.0,0.693069306930693
3model_gemini_flash_llama_70b_granite_8b,"gemini_flash,llama_70b,granite_8b",233,random_forest_router,0.8514851485148515,0.0001748279702970297,0.8514851485148515,0.06930693069306931,0.0,0.8217821782178217
3model_gemini_flash_llama_70b_granite_8b,"gemini_flash,llama_70b,granite_8b",233,extra_trees_router,0.8910891089108911,0.0001491998118811881,0.8910891089108911,0.0297029702970297,0.0,0.7227722772277227
3model_gemini_flash_llama_70b_granite_8b,"gemini_flash,llama_70b,granite_8b",233,tfidf_logistic_router,0.8712871287128713,0.0001680009504950495,0.8712871287128713,0.04950495049504951,0.0,0.8118811881188119
3model_gemini_flash_llama_70b_granite_8b,"gemini_flash,llama_70b,granite_8b",233,tfidf_linear_svm_router,0.8316831683168316,0.00019191772277227722,0.8316831683168316,0.0891089108910891,0.0,0.8910891089108911
3model_gemini_flash_deepseek_v3_granite_8b,"gemini_flash,deepseek_v3,granite_8b",229,always_gemini_flash,0.8712871287128713,0.0001869188118811881,0.8712871287128713,0.0891089108910891,0.0,0.9108910891089109
3model_gemini_flash_deepseek_v3_granite_8b,"gemini_flash,deepseek_v3,granite_8b",229,always_deepseek_v3,0.9207920792079208,6.72319207920792e-05,0.9207920792079208,0.039603960396039604,0.0,0.07920792079207921
3model_gemini_flash_deepseek_v3_granite_8b,"gemini_flash,deepseek_v3,granite_8b",229,always_granite_8b,0.8613861386138614,1.5395544554455447e-05,0.8613861386138614,0.09900990099009901,0.0,0.009900990099009901
3model_gemini_flash_deepseek_v3_granite_8b,"gemini_flash,deepseek_v3,granite_8b",229,random,0.8910891089108911,8.334467326732672e-05,0.8910891089108911,0.06930693069306931,0.0,0.26732673267326734
3model_gemini_flash_deepseek_v3_granite_8b,"gemini_flash,deepseek_v3,granite_8b",229,oracle,0.9603960396039604,0.00017688653465346534,0.9603960396039604,0.0,0.0,1.0
3model_gemini_flash_deepseek_v3_granite_8b,"gemini_flash,deepseek_v3,granite_8b",229,logistic_router,0.9207920792079208,0.00014566645544554453,0.9207920792079208,0.039603960396039604,0.0,0.693069306930693
3model_gemini_flash_deepseek_v3_granite_8b,"gemini_flash,deepseek_v3,granite_8b",229,linear_svm_router,0.8811881188118812,0.0001784090693069307,0.8811881188118812,0.07920792079207921,0.0,0.8811881188118812
3model_gemini_flash_deepseek_v3_granite_8b,"gemini_flash,deepseek_v3,granite_8b",229,knn_router,0.8811881188118812,0.00018664554455445544,0.8811881188118812,0.07920792079207921,0.0,0.9207920792079208
3model_gemini_flash_deepseek_v3_granite_8b,"gemini_flash,deepseek_v3,granite_8b",229,decision_tree_router,0.8910891089108911,0.00015376889108910892,0.8910891089108911,0.06930693069306931,0.0,0.6831683168316832
3model_gemini_flash_deepseek_v3_granite_8b,"gemini_flash,deepseek_v3,granite_8b",229,random_forest_router,0.8910891089108911,0.0001772509504950495,0.8910891089108911,0.06930693069306931,0.0,0.8613861386138614
3model_gemini_flash_deepseek_v3_granite_8b,"gemini_flash,deepseek_v3,granite_8b",229,extra_trees_router,0.9108910891089109,0.00016083906930693071,0.9108910891089109,0.04950495049504951,0.0,0.7623762376237624
3model_gemini_flash_deepseek_v3_granite_8b,"gemini_flash,deepseek_v3,granite_8b",229,tfidf_logistic_router,0.900990099009901,0.00017487550495049508,0.900990099009901,0.0594059405940594,0.0,0.8811881188118812
3model_gemini_flash_deepseek_v3_granite_8b,"gemini_flash,deepseek_v3,granite_8b",229,tfidf_linear_svm_router,0.8712871287128713,0.00018489485148514848,0.8712871287128713,0.0891089108910891,0.0,0.900990099009901
3model_gemini_flash_deepseek_v3_granite_8b,"gemini_flash,deepseek_v3,granite_8b",230,always_gemini_flash,0.8811881188118812,0.00020017524752475246,0.8811881188118812,0.06930693069306931,0.0,0.9306930693069307
3model_gemini_flash_deepseek_v3_granite_8b,"gemini_flash,deepseek_v3,granite_8b",230,always_deepseek_v3,0.9306930693069307,7.106932673267325e-05,0.9306930693069307,0.019801980198019802,0.0,0.0594059405940594
3model_gemini_flash_deepseek_v3_granite_8b,"gemini_flash,deepseek_v3,granite_8b",230,always_granite_8b,0.8316831683168316,1.659059405940594e-05,0.8316831683168316,0.1188118811881188,0.0,0.009900990099009901
3model_gemini_flash_deepseek_v3_granite_8b,"gemini_flash,deepseek_v3,granite_8b",230,random,0.8811881188118812,0.00010181245544554457,0.8811881188118812,0.06930693069306931,0.0,0.3465346534653465
3model_gemini_flash_deepseek_v3_granite_8b,"gemini_flash,deepseek_v3,granite_8b",230,oracle,0.9504950495049505,0.00019301861386138614,0.9504950495049505,0.0,0.0,1.0
3model_gemini_flash_deepseek_v3_granite_8b,"gemini_flash,deepseek_v3,granite_8b",230,logistic_router,0.9306930693069307,0.0001610804950495049,0.9306930693069307,0.019801980198019802,0.0,0.7029702970297029
3model_gemini_flash_deepseek_v3_granite_8b,"gemini_flash,deepseek_v3,granite_8b",230,linear_svm_router,0.8811881188118812,0.00018948514851485146,0.8811881188118812,0.06930693069306931,0.0,0.8811881188118812
3model_gemini_flash_deepseek_v3_granite_8b,"gemini_flash,deepseek_v3,granite_8b",230,knn_router,0.8811881188118812,0.00020017524752475246,0.8811881188118812,0.06930693069306931,0.0,0.9306930693069307
3model_gemini_flash_deepseek_v3_granite_8b,"gemini_flash,deepseek_v3,granite_8b",230,decision_tree_router,0.900990099009901,0.00017789322772277227,0.900990099009901,0.04950495049504951,0.0,0.7920792079207921
3model_gemini_flash_deepseek_v3_granite_8b,"gemini_flash,deepseek_v3,granite_8b",230,random_forest_router,0.9108910891089109,0.0001875788514851485,0.9108910891089109,0.039603960396039604,0.0,0.8415841584158416
3model_gemini_flash_deepseek_v3_granite_8b,"gemini_flash,deepseek_v3,granite_8b",230,extra_trees_router,0.9207920792079208,0.00016550213861386137,0.9207920792079208,0.0297029702970297,0.0,0.693069306930693
3model_gemini_flash_deepseek_v3_granite_8b,"gemini_flash,deepseek_v3,granite_8b",230,tfidf_logistic_router,0.9108910891089109,0.00018399128712871286,0.9108910891089109,0.039603960396039604,0.0,0.8415841584158416
3model_gemini_flash_deepseek_v3_granite_8b,"gemini_flash,deepseek_v3,granite_8b",230,tfidf_linear_svm_router,0.8811881188118812,0.00019731633663366333,0.8811881188118812,0.06930693069306931,0.0,0.9207920792079208
3model_gemini_flash_deepseek_v3_granite_8b,"gemini_flash,deepseek_v3,granite_8b",231,always_gemini_flash,0.8316831683168316,0.00020165940594059402,0.8316831683168316,0.07920792079207921,0.0,0.9207920792079208
3model_gemini_flash_deepseek_v3_granite_8b,"gemini_flash,deepseek_v3,granite_8b",231,always_deepseek_v3,0.8613861386138614,7.282815841584158e-05,0.8613861386138614,0.04950495049504951,0.0,0.06930693069306931
3model_gemini_flash_deepseek_v3_granite_8b,"gemini_flash,deepseek_v3,granite_8b",231,always_granite_8b,0.8316831683168316,1.662079207920792e-05,0.8316831683168316,0.07920792079207921,0.0,0.009900990099009901
3model_gemini_flash_deepseek_v3_granite_8b,"gemini_flash,deepseek_v3,granite_8b",231,random,0.8514851485148515,8.329766336633665e-05,0.8514851485148515,0.0594059405940594,0.0,0.22772277227722773
3model_gemini_flash_deepseek_v3_granite_8b,"gemini_flash,deepseek_v3,granite_8b",231,oracle,0.9108910891089109,0.00019169704950495046,0.9108910891089109,0.0,0.0,1.0
3model_gemini_flash_deepseek_v3_granite_8b,"gemini_flash,deepseek_v3,granite_8b",231,logistic_router,0.8514851485148515,0.0001819342574257425,0.8514851485148515,0.0594059405940594,0.0,0.801980198019802
3model_gemini_flash_deepseek_v3_granite_8b,"gemini_flash,deepseek_v3,granite_8b",231,linear_svm_router,0.8316831683168316,0.00019190801980198017,0.8316831683168316,0.07920792079207921,0.0,0.8613861386138614
3model_gemini_flash_deepseek_v3_granite_8b,"gemini_flash,deepseek_v3,granite_8b",231,knn_router,0.8316831683168316,0.00020165940594059402,0.8316831683168316,0.07920792079207921,0.0,0.9207920792079208
3model_gemini_flash_deepseek_v3_granite_8b,"gemini_flash,deepseek_v3,granite_8b",231,decision_tree_router,0.8217821782178217,0.00018502944554455442,0.8217821782178217,0.0891089108910891,0.0,0.8118811881188119
3model_gemini_flash_deepseek_v3_granite_8b,"gemini_flash,deepseek_v3,granite_8b",231,random_forest_router,0.8514851485148515,0.0001921654455445544,0.8514851485148515,0.0594059405940594,0.0,0.8712871287128713
3model_gemini_flash_deepseek_v3_granite_8b,"gemini_flash,deepseek_v3,granite_8b",231,extra_trees_router,0.8712871287128713,0.0001764303762376237,0.8712871287128713,0.039603960396039604,0.0,0.7821782178217822
3model_gemini_flash_deepseek_v3_granite_8b,"gemini_flash,deepseek_v3,granite_8b",231,tfidf_logistic_router,0.8316831683168316,0.00019033445544554452,0.8316831683168316,0.07920792079207921,0.0,0.8415841584158416
3model_gemini_flash_deepseek_v3_granite_8b,"gemini_flash,deepseek_v3,granite_8b",231,tfidf_linear_svm_router,0.8217821782178217,0.0001985746534653465,0.8217821782178217,0.0891089108910891,0.0,0.900990099009901
3model_gemini_flash_deepseek_v3_granite_8b,"gemini_flash,deepseek_v3,granite_8b",232,always_gemini_flash,0.900990099009901,0.0001824257425742574,0.900990099009901,0.039603960396039604,0.0,0.9603960396039604
3model_gemini_flash_deepseek_v3_granite_8b,"gemini_flash,deepseek_v3,granite_8b",232,always_deepseek_v3,0.8811881188118812,6.627041584158416e-05,0.8811881188118812,0.0594059405940594,0.0,0.019801980198019802
3model_gemini_flash_deepseek_v3_granite_8b,"gemini_flash,deepseek_v3,granite_8b",232,always_granite_8b,0.8613861386138614,1.5412871287128713e-05,0.8613861386138614,0.07920792079207921,0.0,0.019801980198019802
3model_gemini_flash_deepseek_v3_granite_8b,"gemini_flash,deepseek_v3,granite_8b",232,random,0.8811881188118812,8.298849504950494e-05,0.8811881188118812,0.0594059405940594,0.0,0.27722772277227725
3model_gemini_flash_deepseek_v3_granite_8b,"gemini_flash,deepseek_v3,granite_8b",232,oracle,0.9405940594059405,0.00017701354455445544,0.9405940594059405,0.0,0.0,1.0
3model_gemini_flash_deepseek_v3_granite_8b,"gemini_flash,deepseek_v3,granite_8b",232,logistic_router,0.900990099009901,0.0001517730693069307,0.900990099009901,0.039603960396039604,0.0,0.7524752475247525
3model_gemini_flash_deepseek_v3_granite_8b,"gemini_flash,deepseek_v3,granite_8b",232,linear_svm_router,0.8910891089108911,0.0001733468910891089,0.8910891089108911,0.04950495049504951,0.0,0.900990099009901
3model_gemini_flash_deepseek_v3_granite_8b,"gemini_flash,deepseek_v3,granite_8b",232,knn_router,0.900990099009901,0.0001824257425742574,0.900990099009901,0.039603960396039604,0.0,0.9603960396039604
3model_gemini_flash_deepseek_v3_granite_8b,"gemini_flash,deepseek_v3,granite_8b",232,decision_tree_router,0.900990099009901,0.00015624102970297028,0.900990099009901,0.039603960396039604,0.0,0.7524752475247525
3model_gemini_flash_deepseek_v3_granite_8b,"gemini_flash,deepseek_v3,granite_8b",232,random_forest_router,0.900990099009901,0.0001696918415841584,0.900990099009901,0.039603960396039604,0.0,0.8514851485148515
3model_gemini_flash_deepseek_v3_granite_8b,"gemini_flash,deepseek_v3,granite_8b",232,extra_trees_router,0.900990099009901,0.00015280340594059404,0.900990099009901,0.039603960396039604,0.0,0.7623762376237624
3model_gemini_flash_deepseek_v3_granite_8b,"gemini_flash,deepseek_v3,granite_8b",232,tfidf_logistic_router,0.8910891089108911,0.00016790368316831682,0.8910891089108911,0.04950495049504951,0.0,0.8514851485148515
3model_gemini_flash_deepseek_v3_granite_8b,"gemini_flash,deepseek_v3,granite_8b",232,tfidf_linear_svm_router,0.8910891089108911,0.0001804596633663366,0.8910891089108911,0.04950495049504951,0.0,0.9405940594059405
3model_gemini_flash_deepseek_v3_granite_8b,"gemini_flash,deepseek_v3,granite_8b",233,always_gemini_flash,0.8217821782178217,0.00019657623762376237,0.8217821782178217,0.09900990099009901,0.0,0.900990099009901
3model_gemini_flash_deepseek_v3_granite_8b,"gemini_flash,deepseek_v3,granite_8b",233,always_deepseek_v3,0.8712871287128713,6.896013861386139e-05,0.8712871287128713,0.04950495049504951,0.0,0.07920792079207921
3model_gemini_flash_deepseek_v3_granite_8b,"gemini_flash,deepseek_v3,granite_8b",233,always_granite_8b,0.8514851485148515,1.601089108910891e-05,0.8514851485148515,0.06930693069306931,0.0,0.019801980198019802
3model_gemini_flash_deepseek_v3_granite_8b,"gemini_flash,deepseek_v3,granite_8b",233,random,0.8118811881188119,9.424249504950495e-05,0.8118811881188119,0.10891089108910891,0.0,0.31683168316831684
3model_gemini_flash_deepseek_v3_granite_8b,"gemini_flash,deepseek_v3,granite_8b",233,oracle,0.9207920792079208,0.0001803233663366337,0.9207920792079208,0.0,0.0,1.0
3model_gemini_flash_deepseek_v3_granite_8b,"gemini_flash,deepseek_v3,granite_8b",233,logistic_router,0.8613861386138614,0.00014865732673267326,0.8613861386138614,0.0594059405940594,0.0,0.6534653465346535
3model_gemini_flash_deepseek_v3_granite_8b,"gemini_flash,deepseek_v3,granite_8b",233,linear_svm_router,0.8316831683168316,0.00018027441584158414,0.8316831683168316,0.0891089108910891,0.0,0.8118811881188119
3model_gemini_flash_deepseek_v3_granite_8b,"gemini_flash,deepseek_v3,granite_8b",233,knn_router,0.8316831683168316,0.00019309623762376235,0.8316831683168316,0.0891089108910891,0.0,0.9108910891089109
3model_gemini_flash_deepseek_v3_granite_8b,"gemini_flash,deepseek_v3,granite_8b",233,decision_tree_router,0.8712871287128713,0.00015323879207920793,0.8712871287128713,0.04950495049504951,0.0,0.693069306930693
3model_gemini_flash_deepseek_v3_granite_8b,"gemini_flash,deepseek_v3,granite_8b",233,random_forest_router,0.8316831683168316,0.00017917085148514854,0.8316831683168316,0.0891089108910891,0.0,0.8118811881188119
3model_gemini_flash_deepseek_v3_granite_8b,"gemini_flash,deepseek_v3,granite_8b",233,extra_trees_router,0.8712871287128713,0.00015067782178217824,0.8712871287128713,0.04950495049504951,0.0,0.7029702970297029
3model_gemini_flash_deepseek_v3_granite_8b,"gemini_flash,deepseek_v3,granite_8b",233,tfidf_logistic_router,0.8514851485148515,0.000171548396039604,0.8514851485148515,0.06930693069306931,0.0,0.7920792079207921
3model_gemini_flash_deepseek_v3_granite_8b,"gemini_flash,deepseek_v3,granite_8b",233,tfidf_linear_svm_router,0.8217821782178217,0.00019409063366336636,0.8217821782178217,0.09900990099009901,0.0,0.8514851485148515
3model_qwen_30b_llama_70b_deepseek_v3,"qwen_30b,llama_70b,deepseek_v3",229,always_qwen_30b,0.8811881188118812,2.3685825742574253e-05,0.8811881188118812,0.06930693069306931,0.0,0.9306930693069307
3model_qwen_30b_llama_70b_deepseek_v3,"qwen_30b,llama_70b,deepseek_v3",229,always_llama_70b,0.8514851485148515,5.191463366336634e-05,0.8514851485148515,0.09900990099009901,0.0,0.039603960396039604
3model_qwen_30b_llama_70b_deepseek_v3,"qwen_30b,llama_70b,deepseek_v3",229,always_deepseek_v3,0.9207920792079208,6.72319207920792e-05,0.9207920792079208,0.0297029702970297,0.0,0.0297029702970297
3model_qwen_30b_llama_70b_deepseek_v3,"qwen_30b,llama_70b,deepseek_v3",229,random,0.9207920792079208,5.058963564356436e-05,0.9207920792079208,0.0297029702970297,0.0,0.31683168316831684
3model_qwen_30b_llama_70b_deepseek_v3,"qwen_30b,llama_70b,deepseek_v3",229,oracle,0.9504950495049505,2.494294851485148e-05,0.9504950495049505,0.0,0.0,1.0
3model_qwen_30b_llama_70b_deepseek_v3,"qwen_30b,llama_70b,deepseek_v3",229,logistic_router,0.8712871287128713,3.227092079207921e-05,0.8712871287128713,0.07920792079207921,0.0,0.7425742574257426
3model_qwen_30b_llama_70b_deepseek_v3,"qwen_30b,llama_70b,deepseek_v3",229,linear_svm_router,0.8811881188118812,2.74543702970297e-05,0.8811881188118812,0.06930693069306931,0.0,0.8712871287128713
3model_qwen_30b_llama_70b_deepseek_v3,"qwen_30b,llama_70b,deepseek_v3",229,knn_router,0.8811881188118812,2.3685825742574253e-05,0.8811881188118812,0.06930693069306931,0.0,0.9306930693069307
3model_qwen_30b_llama_70b_deepseek_v3,"qwen_30b,llama_70b,deepseek_v3",229,decision_tree_router,0.8811881188118812,3.305470693069307e-05,0.8811881188118812,0.06930693069306931,0.0,0.6435643564356436
3model_qwen_30b_llama_70b_deepseek_v3,"qwen_30b,llama_70b,deepseek_v3",229,random_forest_router,0.8910891089108911,2.4096536633663363e-05,0.8910891089108911,0.0594059405940594,0.0,0.9108910891089109
3model_qwen_30b_llama_70b_deepseek_v3,"qwen_30b,llama_70b,deepseek_v3",229,extra_trees_router,0.9108910891089109,2.7694794059405936e-05,0.9108910891089109,0.039603960396039604,0.0,0.8316831683168316
3model_qwen_30b_llama_70b_deepseek_v3,"qwen_30b,llama_70b,deepseek_v3",229,tfidf_logistic_router,0.8811881188118812,2.9133441584158417e-05,0.8811881188118812,0.06930693069306931,0.0,0.8217821782178217
3model_qwen_30b_llama_70b_deepseek_v3,"qwen_30b,llama_70b,deepseek_v3",229,tfidf_linear_svm_router,0.8811881188118812,2.4642336633663367e-05,0.8811881188118812,0.06930693069306931,0.0,0.9207920792079208
3model_qwen_30b_llama_70b_deepseek_v3,"qwen_30b,llama_70b,deepseek_v3",230,always_qwen_30b,0.9207920792079208,2.5462792079207926e-05,0.9207920792079208,0.04950495049504951,0.0,0.9504950495049505
3model_qwen_30b_llama_70b_deepseek_v3,"qwen_30b,llama_70b,deepseek_v3",230,always_llama_70b,0.8910891089108911,5.2112425742574264e-05,0.8910891089108911,0.07920792079207921,0.0,0.039603960396039604
3model_qwen_30b_llama_70b_deepseek_v3,"qwen_30b,llama_70b,deepseek_v3",230,always_deepseek_v3,0.9306930693069307,7.106932673267325e-05,0.9306930693069307,0.039603960396039604,0.0,0.009900990099009901
3model_qwen_30b_llama_70b_deepseek_v3,"qwen_30b,llama_70b,deepseek_v3",230,random,0.9306930693069307,4.9334081188118815e-05,0.9306930693069307,0.039603960396039604,0.0,0.36633663366336633
3model_qwen_30b_llama_70b_deepseek_v3,"qwen_30b,llama_70b,deepseek_v3",230,oracle,0.9702970297029703,2.7124740594059406e-05,0.9702970297029703,0.0,0.0,1.0
3model_qwen_30b_llama_70b_deepseek_v3,"qwen_30b,llama_70b,deepseek_v3",230,logistic_router,0.9207920792079208,3.140135841584158e-05,0.9207920792079208,0.04950495049504951,0.0,0.7920792079207921
3model_qwen_30b_llama_70b_deepseek_v3,"qwen_30b,llama_70b,deepseek_v3",230,linear_svm_router,0.9108910891089109,2.701941386138614e-05,0.9108910891089109,0.0594059405940594,0.0,0.8910891089108911
3model_qwen_30b_llama_70b_deepseek_v3,"qwen_30b,llama_70b,deepseek_v3",230,knn_router,0.9207920792079208,2.5462792079207926e-05,0.9207920792079208,0.04950495049504951,0.0,0.9504950495049505
3model_qwen_30b_llama_70b_deepseek_v3,"qwen_30b,llama_70b,deepseek_v3",230,decision_tree_router,0.9108910891089109,2.945125544554456e-05,0.9108910891089109,0.0594059405940594,0.0,0.801980198019802
3model_qwen_30b_llama_70b_deepseek_v3,"qwen_30b,llama_70b,deepseek_v3",230,random_forest_router,0.9108910891089109,2.6539984158415845e-05,0.9108910891089109,0.0594059405940594,0.0,0.9108910891089109
3model_qwen_30b_llama_70b_deepseek_v3,"qwen_30b,llama_70b,deepseek_v3",230,extra_trees_router,0.9306930693069307,2.819786930693069e-05,0.9306930693069307,0.039603960396039604,0.0,0.8415841584158416
3model_qwen_30b_llama_70b_deepseek_v3,"qwen_30b,llama_70b,deepseek_v3",230,tfidf_logistic_router,0.9207920792079208,2.7304120792079208e-05,0.9207920792079208,0.04950495049504951,0.0,0.8910891089108911
3model_qwen_30b_llama_70b_deepseek_v3,"qwen_30b,llama_70b,deepseek_v3",230,tfidf_linear_svm_router,0.9108910891089109,2.576635643564357e-05,0.9108910891089109,0.0594059405940594,0.0,0.9405940594059405
3model_qwen_30b_llama_70b_deepseek_v3,"qwen_30b,llama_70b,deepseek_v3",231,always_qwen_30b,0.8613861386138614,2.4274570297029705e-05,0.8613861386138614,0.04950495049504951,0.0,0.9504950495049505
3model_qwen_30b_llama_70b_deepseek_v3,"qwen_30b,llama_70b,deepseek_v3",231,always_llama_70b,0.8613861386138614,5.35139900990099e-05,0.8613861386138614,0.04950495049504951,0.0,0.039603960396039604
3model_qwen_30b_llama_70b_deepseek_v3,"qwen_30b,llama_70b,deepseek_v3",231,always_deepseek_v3,0.8613861386138614,7.282815841584158e-05,0.8613861386138614,0.04950495049504951,0.0,0.009900990099009901
3model_qwen_30b_llama_70b_deepseek_v3,"qwen_30b,llama_70b,deepseek_v3",231,random,0.8316831683168316,5.69976e-05,0.8316831683168316,0.07920792079207921,0.0,0.24752475247524752
3model_qwen_30b_llama_70b_deepseek_v3,"qwen_30b,llama_70b,deepseek_v3",231,oracle,0.9108910891089109,2.5420772277227723e-05,0.9108910891089109,0.0,0.0,1.0
3model_qwen_30b_llama_70b_deepseek_v3,"qwen_30b,llama_70b,deepseek_v3",231,logistic_router,0.8712871287128713,3.2361027722772277e-05,0.8712871287128713,0.039603960396039604,0.0,0.7920792079207921
3model_qwen_30b_llama_70b_deepseek_v3,"qwen_30b,llama_70b,deepseek_v3",231,linear_svm_router,0.8613861386138614,2.7388225742574257e-05,0.8613861386138614,0.04950495049504951,0.0,0.8910891089108911
3model_qwen_30b_llama_70b_deepseek_v3,"qwen_30b,llama_70b,deepseek_v3",231,knn_router,0.8613861386138614,2.4274570297029705e-05,0.8613861386138614,0.04950495049504951,0.0,0.9504950495049505
3model_qwen_30b_llama_70b_deepseek_v3,"qwen_30b,llama_70b,deepseek_v3",231,decision_tree_router,0.8712871287128713,3.392528514851485e-05,0.8712871287128713,0.039603960396039604,0.0,0.7920792079207921
3model_qwen_30b_llama_70b_deepseek_v3,"qwen_30b,llama_70b,deepseek_v3",231,random_forest_router,0.8514851485148515,2.8511805940594066e-05,0.8514851485148515,0.0594059405940594,0.0,0.8415841584158416
3model_qwen_30b_llama_70b_deepseek_v3,"qwen_30b,llama_70b,deepseek_v3",231,extra_trees_router,0.8514851485148515,3.313977623762376e-05,0.8514851485148515,0.0594059405940594,0.0,0.7524752475247525
3model_qwen_30b_llama_70b_deepseek_v3,"qwen_30b,llama_70b,deepseek_v3",231,tfidf_logistic_router,0.8613861386138614,2.8252542574257424e-05,0.8613861386138614,0.04950495049504951,0.0,0.8613861386138614
3model_qwen_30b_llama_70b_deepseek_v3,"qwen_30b,llama_70b,deepseek_v3",231,tfidf_linear_svm_router,0.8613861386138614,2.5231081188118816e-05,0.8613861386138614,0.04950495049504951,0.0,0.9405940594059405
3model_qwen_30b_llama_70b_deepseek_v3,"qwen_30b,llama_70b,deepseek_v3",232,always_qwen_30b,0.8910891089108911,2.3704570297029702e-05,0.8910891089108911,0.0297029702970297,0.0,0.9702970297029703
3model_qwen_30b_llama_70b_deepseek_v3,"qwen_30b,llama_70b,deepseek_v3",232,always_llama_70b,0.8910891089108911,5.238212871287129e-05,0.8910891089108911,0.0297029702970297,0.0,0.019801980198019802
3model_qwen_30b_llama_70b_deepseek_v3,"qwen_30b,llama_70b,deepseek_v3",232,always_deepseek_v3,0.8811881188118812,6.627041584158416e-05,0.8811881188118812,0.039603960396039604,0.0,0.009900990099009901
3model_qwen_30b_llama_70b_deepseek_v3,"qwen_30b,llama_70b,deepseek_v3",232,random,0.900990099009901,5.046634653465347e-05,0.900990099009901,0.019801980198019802,0.0,0.3069306930693069
3model_qwen_30b_llama_70b_deepseek_v3,"qwen_30b,llama_70b,deepseek_v3",232,oracle,0.9207920792079208,2.4282669306930695e-05,0.9207920792079208,0.0,0.0,1.0
3model_qwen_30b_llama_70b_deepseek_v3,"qwen_30b,llama_70b,deepseek_v3",232,logistic_router,0.8811881188118812,2.920510495049505e-05,0.8811881188118812,0.039603960396039604,0.0,0.801980198019802
3model_qwen_30b_llama_70b_deepseek_v3,"qwen_30b,llama_70b,deepseek_v3",232,linear_svm_router,0.8712871287128713,2.6442465346534657e-05,0.8712871287128713,0.04950495049504951,0.0,0.8811881188118812
3model_qwen_30b_llama_70b_deepseek_v3,"qwen_30b,llama_70b,deepseek_v3",232,knn_router,0.8910891089108911,2.3704570297029702e-05,0.8910891089108911,0.0297029702970297,0.0,0.9702970297029703
3model_qwen_30b_llama_70b_deepseek_v3,"qwen_30b,llama_70b,deepseek_v3",232,decision_tree_router,0.8811881188118812,3.073256435643564e-05,0.8811881188118812,0.039603960396039604,0.0,0.7722772277227723
3model_qwen_30b_llama_70b_deepseek_v3,"qwen_30b,llama_70b,deepseek_v3",232,random_forest_router,0.8811881188118812,2.743881386138614e-05,0.8811881188118812,0.039603960396039604,0.0,0.8712871287128713
3model_qwen_30b_llama_70b_deepseek_v3,"qwen_30b,llama_70b,deepseek_v3",232,extra_trees_router,0.8910891089108911,2.917500792079208e-05,0.8910891089108911,0.0297029702970297,0.0,0.8316831683168316
3model_qwen_30b_llama_70b_deepseek_v3,"qwen_30b,llama_70b,deepseek_v3",232,tfidf_logistic_router,0.8712871287128713,2.7519388118811882e-05,0.8712871287128713,0.04950495049504951,0.0,0.8613861386138614
3model_qwen_30b_llama_70b_deepseek_v3,"qwen_30b,llama_70b,deepseek_v3",232,tfidf_linear_svm_router,0.8910891089108911,2.468041584158416e-05,0.8910891089108911,0.0297029702970297,0.0,0.9405940594059405
3model_qwen_30b_llama_70b_deepseek_v3,"qwen_30b,llama_70b,deepseek_v3",233,always_qwen_30b,0.8910891089108911,2.4048427722772278e-05,0.8910891089108911,0.039603960396039604,0.0,0.9603960396039604
3model_qwen_30b_llama_70b_deepseek_v3,"qwen_30b,llama_70b,deepseek_v3",233,always_llama_70b,0.8811881188118812,5.316852475247525e-05,0.8811881188118812,0.04950495049504951,0.0,0.039603960396039604
3model_qwen_30b_llama_70b_deepseek_v3,"qwen_30b,llama_70b,deepseek_v3",233,always_deepseek_v3,0.8712871287128713,6.896013861386139e-05,0.8712871287128713,0.0594059405940594,0.0,0.0
3model_qwen_30b_llama_70b_deepseek_v3,"qwen_30b,llama_70b,deepseek_v3",233,random,0.8712871287128713,4.7121615841584154e-05,0.8712871287128713,0.0594059405940594,0.0,0.3465346534653465
3model_qwen_30b_llama_70b_deepseek_v3,"qwen_30b,llama_70b,deepseek_v3",233,oracle,0.9306930693069307,2.4419600000000006e-05,0.9306930693069307,0.0,0.0,1.0
3model_qwen_30b_llama_70b_deepseek_v3,"qwen_30b,llama_70b,deepseek_v3",233,logistic_router,0.8811881188118812,3.1537918811881186e-05,0.8811881188118812,0.04950495049504951,0.0,0.7920792079207921
3model_qwen_30b_llama_70b_deepseek_v3,"qwen_30b,llama_70b,deepseek_v3",233,linear_svm_router,0.8811881188118812,2.5779590099009907e-05,0.8811881188118812,0.04950495049504951,0.0,0.8910891089108911
3model_qwen_30b_llama_70b_deepseek_v3,"qwen_30b,llama_70b,deepseek_v3",233,knn_router,0.8910891089108911,2.5421180198019808e-05,0.8910891089108911,0.039603960396039604,0.0,0.9504950495049505
3model_qwen_30b_llama_70b_deepseek_v3,"qwen_30b,llama_70b,deepseek_v3",233,decision_tree_router,0.8910891089108911,2.959968514851485e-05,0.8910891089108911,0.039603960396039604,0.0,0.801980198019802
3model_qwen_30b_llama_70b_deepseek_v3,"qwen_30b,llama_70b,deepseek_v3",233,random_forest_router,0.8811881188118812,2.6174562376237627e-05,0.8811881188118812,0.04950495049504951,0.0,0.9108910891089109
3model_qwen_30b_llama_70b_deepseek_v3,"qwen_30b,llama_70b,deepseek_v3",233,extra_trees_router,0.8811881188118812,2.8609762376237627e-05,0.8811881188118812,0.04950495049504951,0.0,0.8415841584158416
3model_qwen_30b_llama_70b_deepseek_v3,"qwen_30b,llama_70b,deepseek_v3",233,tfidf_logistic_router,0.8910891089108911,2.6674150495049507e-05,0.8910891089108911,0.039603960396039604,0.0,0.900990099009901
3model_qwen_30b_llama_70b_deepseek_v3,"qwen_30b,llama_70b,deepseek_v3",233,tfidf_linear_svm_router,0.8910891089108911,2.4048427722772278e-05,0.8910891089108911,0.039603960396039604,0.0,0.9603960396039604
3model_qwen_30b_llama_70b_granite_8b,"qwen_30b,llama_70b,granite_8b",229,always_qwen_30b,0.8811881188118812,2.3685825742574253e-05,0.8811881188118812,0.07920792079207921,0.0,0.9207920792079208
3model_qwen_30b_llama_70b_granite_8b,"qwen_30b,llama_70b,granite_8b",229,always_llama_70b,0.8514851485148515,5.191463366336634e-05,0.8514851485148515,0.10891089108910891,0.0,0.039603960396039604
3model_qwen_30b_llama_70b_granite_8b,"qwen_30b,llama_70b,granite_8b",229,always_granite_8b,0.8613861386138614,1.5395544554455447e-05,0.8613861386138614,0.09900990099009901,0.0,0.039603960396039604
3model_qwen_30b_llama_70b_granite_8b,"qwen_30b,llama_70b,granite_8b",229,random,0.900990099009901,3.114890297029703e-05,0.900990099009901,0.0594059405940594,0.0,0.3069306930693069
3model_qwen_30b_llama_70b_granite_8b,"qwen_30b,llama_70b,granite_8b",229,oracle,0.9603960396039604,2.339535247524753e-05,0.9603960396039604,0.0,0.0,1.0
3model_qwen_30b_llama_70b_granite_8b,"qwen_30b,llama_70b,granite_8b",229,logistic_router,0.8514851485148515,3.1557906930693065e-05,0.8514851485148515,0.10891089108910891,0.0,0.7227722772277227
3model_qwen_30b_llama_70b_granite_8b,"qwen_30b,llama_70b,granite_8b",229,linear_svm_router,0.8613861386138614,2.982715247524752e-05,0.8613861386138614,0.09900990099009901,0.0,0.7623762376237624
3model_qwen_30b_llama_70b_granite_8b,"qwen_30b,llama_70b,granite_8b",229,knn_router,0.8811881188118812,2.3685825742574253e-05,0.8811881188118812,0.07920792079207921,0.0,0.9207920792079208
3model_qwen_30b_llama_70b_granite_8b,"qwen_30b,llama_70b,granite_8b",229,decision_tree_router,0.8712871287128713,2.6630251485148516e-05,0.8712871287128713,0.0891089108910891,0.0,0.8118811881188119
3model_qwen_30b_llama_70b_granite_8b,"qwen_30b,llama_70b,granite_8b",229,random_forest_router,0.8811881188118812,2.573583564356436e-05,0.8811881188118812,0.07920792079207921,0.0,0.8613861386138614
3model_qwen_30b_llama_70b_granite_8b,"qwen_30b,llama_70b,granite_8b",229,extra_trees_router,0.8712871287128713,2.6853463366336635e-05,0.8712871287128713,0.0891089108910891,0.0,0.8118811881188119
3model_qwen_30b_llama_70b_granite_8b,"qwen_30b,llama_70b,granite_8b",229,tfidf_logistic_router,0.8712871287128713,2.8284744554455445e-05,0.8712871287128713,0.0891089108910891,0.0,0.8118811881188119
3model_qwen_30b_llama_70b_granite_8b,"qwen_30b,llama_70b,granite_8b",229,tfidf_linear_svm_router,0.8811881188118812,2.4602534653465343e-05,0.8811881188118812,0.07920792079207921,0.0,0.900990099009901
3model_qwen_30b_llama_70b_granite_8b,"qwen_30b,llama_70b,granite_8b",230,always_qwen_30b,0.9207920792079208,2.5462792079207926e-05,0.9207920792079208,0.039603960396039604,0.0,0.9603960396039604
3model_qwen_30b_llama_70b_granite_8b,"qwen_30b,llama_70b,granite_8b",230,always_llama_70b,0.8910891089108911,5.2112425742574264e-05,0.8910891089108911,0.06930693069306931,0.0,0.039603960396039604
3model_qwen_30b_llama_70b_granite_8b,"qwen_30b,llama_70b,granite_8b",230,always_granite_8b,0.8316831683168316,1.659059405940594e-05,0.8316831683168316,0.12871287128712872,0.0,0.0
3model_qwen_30b_llama_70b_granite_8b,"qwen_30b,llama_70b,granite_8b",230,random,0.9207920792079208,3.15931702970297e-05,0.9207920792079208,0.039603960396039604,0.0,0.36633663366336633
3model_qwen_30b_llama_70b_granite_8b,"qwen_30b,llama_70b,granite_8b",230,oracle,0.9603960396039604,2.6972463366336635e-05,0.9603960396039604,0.0,0.0,1.0
3model_qwen_30b_llama_70b_granite_8b,"qwen_30b,llama_70b,granite_8b",230,logistic_router,0.9108910891089109,2.8149419801980197e-05,0.9108910891089109,0.04950495049504951,0.0,0.8118811881188119
3model_qwen_30b_llama_70b_granite_8b,"qwen_30b,llama_70b,granite_8b",230,linear_svm_router,0.9108910891089109,2.6838285148514853e-05,0.9108910891089109,0.04950495049504951,0.0,0.900990099009901
3model_qwen_30b_llama_70b_granite_8b,"qwen_30b,llama_70b,granite_8b",230,knn_router,0.9207920792079208,2.5462792079207926e-05,0.9207920792079208,0.039603960396039604,0.0,0.9603960396039604
3model_qwen_30b_llama_70b_granite_8b,"qwen_30b,llama_70b,granite_8b",230,decision_tree_router,0.900990099009901,2.8348257425742574e-05,0.900990099009901,0.0594059405940594,0.0,0.7128712871287128
3model_qwen_30b_llama_70b_granite_8b,"qwen_30b,llama_70b,granite_8b",230,random_forest_router,0.9108910891089109,2.6101033663366345e-05,0.9108910891089109,0.04950495049504951,0.0,0.8910891089108911
3model_qwen_30b_llama_70b_granite_8b,"qwen_30b,llama_70b,granite_8b",230,extra_trees_router,0.9108910891089109,2.642218415841584e-05,0.9108910891089109,0.04950495049504951,0.0,0.8514851485148515
3model_qwen_30b_llama_70b_granite_8b,"qwen_30b,llama_70b,granite_8b",230,tfidf_logistic_router,0.9108910891089109,2.6871114851485148e-05,0.9108910891089109,0.04950495049504951,0.0,0.8910891089108911
3model_qwen_30b_llama_70b_granite_8b,"qwen_30b,llama_70b,granite_8b",230,tfidf_linear_svm_router,0.9108910891089109,2.576635643564357e-05,0.9108910891089109,0.04950495049504951,0.0,0.9504950495049505
3model_qwen_30b_llama_70b_granite_8b,"qwen_30b,llama_70b,granite_8b",231,always_qwen_30b,0.8613861386138614,2.4274570297029705e-05,0.8613861386138614,0.04950495049504951,0.0,0.9504950495049505
3model_qwen_30b_llama_70b_granite_8b,"qwen_30b,llama_70b,granite_8b",231,always_llama_70b,0.8613861386138614,5.35139900990099e-05,0.8613861386138614,0.04950495049504951,0.0,0.039603960396039604
3model_qwen_30b_llama_70b_granite_8b,"qwen_30b,llama_70b,granite_8b",231,always_granite_8b,0.8316831683168316,1.662079207920792e-05,0.8316831683168316,0.07920792079207921,0.0,0.009900990099009901
3model_qwen_30b_llama_70b_granite_8b,"qwen_30b,llama_70b,granite_8b",231,random,0.8514851485148515,3.5238095049504946e-05,0.8514851485148515,0.0594059405940594,0.0,0.2376237623762376
3model_qwen_30b_llama_70b_granite_8b,"qwen_30b,llama_70b,granite_8b",231,oracle,0.9108910891089109,2.5144237623762377e-05,0.9108910891089109,0.0,0.0,1.0
3model_qwen_30b_llama_70b_granite_8b,"qwen_30b,llama_70b,granite_8b",231,logistic_router,0.8613861386138614,2.8463417821782176e-05,0.8613861386138614,0.04950495049504951,0.0,0.8316831683168316
3model_qwen_30b_llama_70b_granite_8b,"qwen_30b,llama_70b,granite_8b",231,linear_svm_router,0.8712871287128713,2.5629132673267326e-05,0.8712871287128713,0.039603960396039604,0.0,0.9306930693069307
3model_qwen_30b_llama_70b_granite_8b,"qwen_30b,llama_70b,granite_8b",231,knn_router,0.8613861386138614,2.4274570297029705e-05,0.8613861386138614,0.04950495049504951,0.0,0.9504950495049505
3model_qwen_30b_llama_70b_granite_8b,"qwen_30b,llama_70b,granite_8b",231,decision_tree_router,0.8514851485148515,3.069386732673268e-05,0.8514851485148515,0.0594059405940594,0.0,0.7029702970297029
3model_qwen_30b_llama_70b_granite_8b,"qwen_30b,llama_70b,granite_8b",231,random_forest_router,0.8415841584158416,2.772554851485149e-05,0.8415841584158416,0.06930693069306931,0.0,0.8316831683168316
3model_qwen_30b_llama_70b_granite_8b,"qwen_30b,llama_70b,granite_8b",231,extra_trees_router,0.8415841584158416,2.5763700990099013e-05,0.8415841584158416,0.06930693069306931,0.0,0.7821782178217822
3model_qwen_30b_llama_70b_granite_8b,"qwen_30b,llama_70b,granite_8b",231,tfidf_logistic_router,0.8613861386138614,2.4831572277227722e-05,0.8613861386138614,0.04950495049504951,0.0,0.8910891089108911
3model_qwen_30b_llama_70b_granite_8b,"qwen_30b,llama_70b,granite_8b",231,tfidf_linear_svm_router,0.8613861386138614,2.5231081188118816e-05,0.8613861386138614,0.04950495049504951,0.0,0.9405940594059405
3model_qwen_30b_llama_70b_granite_8b,"qwen_30b,llama_70b,granite_8b",232,always_qwen_30b,0.8910891089108911,2.3704570297029702e-05,0.8910891089108911,0.04950495049504951,0.0,0.9504950495049505
3model_qwen_30b_llama_70b_granite_8b,"qwen_30b,llama_70b,granite_8b",232,always_llama_70b,0.8910891089108911,5.238212871287129e-05,0.8910891089108911,0.04950495049504951,0.0,0.019801980198019802
3model_qwen_30b_llama_70b_granite_8b,"qwen_30b,llama_70b,granite_8b",232,always_granite_8b,0.8613861386138614,1.5412871287128713e-05,0.8613861386138614,0.07920792079207921,0.0,0.0297029702970297
3model_qwen_30b_llama_70b_granite_8b,"qwen_30b,llama_70b,granite_8b",232,random,0.9108910891089109,3.426703960396039e-05,0.9108910891089109,0.0297029702970297,0.0,0.3069306930693069
3model_qwen_30b_llama_70b_granite_8b,"qwen_30b,llama_70b,granite_8b",232,oracle,0.9405940594059405,2.383822178217822e-05,0.9405940594059405,0.0,0.0,1.0
3model_qwen_30b_llama_70b_granite_8b,"qwen_30b,llama_70b,granite_8b",232,logistic_router,0.8910891089108911,2.66148e-05,0.8910891089108911,0.04950495049504951,0.0,0.8514851485148515
3model_qwen_30b_llama_70b_granite_8b,"qwen_30b,llama_70b,granite_8b",232,linear_svm_router,0.8910891089108911,2.485612475247525e-05,0.8910891089108911,0.04950495049504951,0.0,0.900990099009901
3model_qwen_30b_llama_70b_granite_8b,"qwen_30b,llama_70b,granite_8b",232,knn_router,0.8910891089108911,2.3704570297029702e-05,0.8910891089108911,0.04950495049504951,0.0,0.9504950495049505
3model_qwen_30b_llama_70b_granite_8b,"qwen_30b,llama_70b,granite_8b",232,decision_tree_router,0.8910891089108911,2.6453584158415842e-05,0.8910891089108911,0.04950495049504951,0.0,0.8514851485148515
3model_qwen_30b_llama_70b_granite_8b,"qwen_30b,llama_70b,granite_8b",232,random_forest_router,0.8910891089108911,2.6825732673267327e-05,0.8910891089108911,0.04950495049504951,0.0,0.8811881188118812
3model_qwen_30b_llama_70b_granite_8b,"qwen_30b,llama_70b,granite_8b",232,extra_trees_router,0.8910891089108911,2.6452304950495052e-05,0.8910891089108911,0.04950495049504951,0.0,0.8712871287128713
3model_qwen_30b_llama_70b_granite_8b,"qwen_30b,llama_70b,granite_8b",232,tfidf_logistic_router,0.8910891089108911,2.5332255445544556e-05,0.8910891089108911,0.04950495049504951,0.0,0.8910891089108911
3model_qwen_30b_llama_70b_granite_8b,"qwen_30b,llama_70b,granite_8b",232,tfidf_linear_svm_router,0.8910891089108911,2.4493754455445547e-05,0.8910891089108911,0.04950495049504951,0.0,0.9306930693069307
3model_qwen_30b_llama_70b_granite_8b,"qwen_30b,llama_70b,granite_8b",233,always_qwen_30b,0.8910891089108911,2.4048427722772278e-05,0.8910891089108911,0.04950495049504951,0.0,0.9504950495049505
3model_qwen_30b_llama_70b_granite_8b,"qwen_30b,llama_70b,granite_8b",233,always_llama_70b,0.8811881188118812,5.316852475247525e-05,0.8811881188118812,0.0594059405940594,0.0,0.039603960396039604
3model_qwen_30b_llama_70b_granite_8b,"qwen_30b,llama_70b,granite_8b",233,always_granite_8b,0.8514851485148515,1.601089108910891e-05,0.8514851485148515,0.0891089108910891,0.0,0.009900990099009901
3model_qwen_30b_llama_70b_granite_8b,"qwen_30b,llama_70b,granite_8b",233,random,0.8613861386138614,2.6969893069306934e-05,0.8613861386138614,0.07920792079207921,0.0,0.3465346534653465
3model_qwen_30b_llama_70b_granite_8b,"qwen_30b,llama_70b,granite_8b",233,oracle,0.9405940594059405,2.441295445544555e-05,0.9405940594059405,0.0,0.0,1.0
3model_qwen_30b_llama_70b_granite_8b,"qwen_30b,llama_70b,granite_8b",233,logistic_router,0.8712871287128713,2.8040600000000007e-05,0.8712871287128713,0.06930693069306931,0.0,0.8316831683168316
3model_qwen_30b_llama_70b_granite_8b,"qwen_30b,llama_70b,granite_8b",233,linear_svm_router,0.8811881188118812,2.48338396039604e-05,0.8811881188118812,0.0594059405940594,0.0,0.900990099009901
3model_qwen_30b_llama_70b_granite_8b,"qwen_30b,llama_70b,granite_8b",233,knn_router,0.8910891089108911,2.5421180198019808e-05,0.8910891089108911,0.04950495049504951,0.0,0.9405940594059405
3model_qwen_30b_llama_70b_granite_8b,"qwen_30b,llama_70b,granite_8b",233,decision_tree_router,0.8811881188118812,2.751849108910891e-05,0.8811881188118812,0.0594059405940594,0.0,0.7623762376237624
3model_qwen_30b_llama_70b_granite_8b,"qwen_30b,llama_70b,granite_8b",233,random_forest_router,0.8712871287128713,2.5350750495049505e-05,0.8712871287128713,0.06930693069306931,0.0,0.8910891089108911
3model_qwen_30b_llama_70b_granite_8b,"qwen_30b,llama_70b,granite_8b",233,extra_trees_router,0.8811881188118812,2.8632314851485147e-05,0.8811881188118812,0.0594059405940594,0.0,0.8217821782178217
3model_qwen_30b_llama_70b_granite_8b,"qwen_30b,llama_70b,granite_8b",233,tfidf_logistic_router,0.8811881188118812,2.414585346534654e-05,0.8811881188118812,0.0594059405940594,0.0,0.9108910891089109
3model_qwen_30b_llama_70b_granite_8b,"qwen_30b,llama_70b,granite_8b",233,tfidf_linear_svm_router,0.8910891089108911,2.4048427722772278e-05,0.8910891089108911,0.04950495049504951,0.0,0.9504950495049505
3model_qwen_30b_deepseek_v3_granite_8b,"qwen_30b,deepseek_v3,granite_8b",229,always_qwen_30b,0.8811881188118812,2.3685825742574253e-05,0.8811881188118812,0.0891089108910891,0.0,0.9108910891089109
3model_qwen_30b_deepseek_v3_granite_8b,"qwen_30b,deepseek_v3,granite_8b",229,always_deepseek_v3,0.9207920792079208,6.72319207920792e-05,0.9207920792079208,0.04950495049504951,0.0,0.06930693069306931
3model_qwen_30b_deepseek_v3_granite_8b,"qwen_30b,deepseek_v3,granite_8b",229,always_granite_8b,0.8613861386138614,1.5395544554455447e-05,0.8613861386138614,0.10891089108910891,0.0,0.019801980198019802
3model_qwen_30b_deepseek_v3_granite_8b,"qwen_30b,deepseek_v3,granite_8b",229,random,0.900990099009901,3.371664554455446e-05,0.900990099009901,0.06930693069306931,0.0,0.297029702970297
3model_qwen_30b_deepseek_v3_granite_8b,"qwen_30b,deepseek_v3,granite_8b",229,oracle,0.9702970297029703,2.591108514851485e-05,0.9702970297029703,0.0,0.0,1.0
3model_qwen_30b_deepseek_v3_granite_8b,"qwen_30b,deepseek_v3,granite_8b",229,logistic_router,0.8910891089108911,3.165189702970297e-05,0.8910891089108911,0.07920792079207921,0.0,0.6633663366336634
3model_qwen_30b_deepseek_v3_granite_8b,"qwen_30b,deepseek_v3,granite_8b",229,linear_svm_router,0.8910891089108911,2.6278871287128713e-05,0.8910891089108911,0.07920792079207921,0.0,0.8811881188118812
3model_qwen_30b_deepseek_v3_granite_8b,"qwen_30b,deepseek_v3,granite_8b",229,knn_router,0.8811881188118812,2.3685825742574253e-05,0.8811881188118812,0.0891089108910891,0.0,0.9108910891089109
3model_qwen_30b_deepseek_v3_granite_8b,"qwen_30b,deepseek_v3,granite_8b",229,decision_tree_router,0.9108910891089109,3.097172673267327e-05,0.9108910891089109,0.0594059405940594,0.0,0.7425742574257426
3model_qwen_30b_deepseek_v3_granite_8b,"qwen_30b,deepseek_v3,granite_8b",229,random_forest_router,0.8811881188118812,2.580012277227723e-05,0.8811881188118812,0.0891089108910891,0.0,0.8910891089108911
3model_qwen_30b_deepseek_v3_granite_8b,"qwen_30b,deepseek_v3,granite_8b",229,extra_trees_router,0.900990099009901,2.8059310891089108e-05,0.900990099009901,0.06930693069306931,0.0,0.7524752475247525
3model_qwen_30b_deepseek_v3_granite_8b,"qwen_30b,deepseek_v3,granite_8b",229,tfidf_logistic_router,0.8910891089108911,3.069477623762376e-05,0.8910891089108911,0.07920792079207921,0.0,0.8217821782178217
3model_qwen_30b_deepseek_v3_granite_8b,"qwen_30b,deepseek_v3,granite_8b",229,tfidf_linear_svm_router,0.8811881188118812,2.4232312871287127e-05,0.8811881188118812,0.0891089108910891,0.0,0.900990099009901
3model_qwen_30b_deepseek_v3_granite_8b,"qwen_30b,deepseek_v3,granite_8b",230,always_qwen_30b,0.9207920792079208,2.5462792079207926e-05,0.9207920792079208,0.039603960396039604,0.0,0.9603960396039604
3model_qwen_30b_deepseek_v3_granite_8b,"qwen_30b,deepseek_v3,granite_8b",230,always_deepseek_v3,0.9306930693069307,7.106932673267325e-05,0.9306930693069307,0.0297029702970297,0.0,0.039603960396039604
3model_qwen_30b_deepseek_v3_granite_8b,"qwen_30b,deepseek_v3,granite_8b",230,always_granite_8b,0.8316831683168316,1.659059405940594e-05,0.8316831683168316,0.12871287128712872,0.0,0.0
3model_qwen_30b_deepseek_v3_granite_8b,"qwen_30b,deepseek_v3,granite_8b",230,random,0.9207920792079208,3.671953663366337e-05,0.9207920792079208,0.039603960396039604,0.0,0.36633663366336633
3model_qwen_30b_deepseek_v3_granite_8b,"qwen_30b,deepseek_v3,granite_8b",230,oracle,0.9603960396039604,2.8772859405940596e-05,0.9603960396039604,0.0,0.0,1.0
3model_qwen_30b_deepseek_v3_granite_8b,"qwen_30b,deepseek_v3,granite_8b",230,logistic_router,0.9207920792079208,2.936813465346535e-05,0.9207920792079208,0.039603960396039604,0.0,0.7524752475247525
3model_qwen_30b_deepseek_v3_granite_8b,"qwen_30b,deepseek_v3,granite_8b",230,linear_svm_router,0.9207920792079208,2.6594843564356436e-05,0.9207920792079208,0.039603960396039604,0.0,0.9108910891089109
3model_qwen_30b_deepseek_v3_granite_8b,"qwen_30b,deepseek_v3,granite_8b",230,knn_router,0.9207920792079208,2.5462792079207926e-05,0.9207920792079208,0.039603960396039604,0.0,0.9603960396039604
3model_qwen_30b_deepseek_v3_granite_8b,"qwen_30b,deepseek_v3,granite_8b",230,decision_tree_router,0.9405940594059405,3.0114257425742574e-05,0.9405940594059405,0.019801980198019802,0.0,0.8118811881188119
3model_qwen_30b_deepseek_v3_granite_8b,"qwen_30b,deepseek_v3,granite_8b",230,random_forest_router,0.9306930693069307,2.6804154455445544e-05,0.9306930693069307,0.0297029702970297,0.0,0.8712871287128713
3model_qwen_30b_deepseek_v3_granite_8b,"qwen_30b,deepseek_v3,granite_8b",230,extra_trees_router,0.9405940594059405,2.8117623762376235e-05,0.9405940594059405,0.019801980198019802,0.0,0.8118811881188119
3model_qwen_30b_deepseek_v3_granite_8b,"qwen_30b,deepseek_v3,granite_8b",230,tfidf_logistic_router,0.9207920792079208,2.678811089108911e-05,0.9207920792079208,0.039603960396039604,0.0,0.9108910891089109
3model_qwen_30b_deepseek_v3_granite_8b,"qwen_30b,deepseek_v3,granite_8b",230,tfidf_linear_svm_router,0.9207920792079208,2.5654871287128717e-05,0.9207920792079208,0.039603960396039604,0.0,0.9504950495049505
3model_qwen_30b_deepseek_v3_granite_8b,"qwen_30b,deepseek_v3,granite_8b",231,always_qwen_30b,0.8613861386138614,2.4274570297029705e-05,0.8613861386138614,0.0594059405940594,0.0,0.9405940594059405
3model_qwen_30b_deepseek_v3_granite_8b,"qwen_30b,deepseek_v3,granite_8b",231,always_deepseek_v3,0.8613861386138614,7.282815841584158e-05,0.8613861386138614,0.0594059405940594,0.0,0.0297029702970297
3model_qwen_30b_deepseek_v3_granite_8b,"qwen_30b,deepseek_v3,granite_8b",231,always_granite_8b,0.8316831683168316,1.662079207920792e-05,0.8316831683168316,0.0891089108910891,0.0,0.0297029702970297
3model_qwen_30b_deepseek_v3_granite_8b,"qwen_30b,deepseek_v3,granite_8b",231,random,0.8712871287128713,4.139387722772277e-05,0.8712871287128713,0.04950495049504951,0.0,0.2376237623762376
3model_qwen_30b_deepseek_v3_granite_8b,"qwen_30b,deepseek_v3,granite_8b",231,oracle,0.9207920792079208,2.6905128712871288e-05,0.9207920792079208,0.0,0.0,1.0
3model_qwen_30b_deepseek_v3_granite_8b,"qwen_30b,deepseek_v3,granite_8b",231,logistic_router,0.8613861386138614,2.915620594059406e-05,0.8613861386138614,0.0594059405940594,0.0,0.7920792079207921
3model_qwen_30b_deepseek_v3_granite_8b,"qwen_30b,deepseek_v3,granite_8b",231,linear_svm_router,0.8613861386138614,2.4055972277227726e-05,0.8613861386138614,0.0594059405940594,0.0,0.9108910891089109
3model_qwen_30b_deepseek_v3_granite_8b,"qwen_30b,deepseek_v3,granite_8b",231,knn_router,0.8613861386138614,2.4274570297029705e-05,0.8613861386138614,0.0594059405940594,0.0,0.9405940594059405
3model_qwen_30b_deepseek_v3_granite_8b,"qwen_30b,deepseek_v3,granite_8b",231,decision_tree_router,0.8514851485148515,3.158369108910891e-05,0.8514851485148515,0.06930693069306931,0.0,0.7821782178217822
3model_qwen_30b_deepseek_v3_granite_8b,"qwen_30b,deepseek_v3,granite_8b",231,random_forest_router,0.8514851485148515,2.817910495049505e-05,0.8514851485148515,0.06930693069306931,0.0,0.8217821782178217
3model_qwen_30b_deepseek_v3_granite_8b,"qwen_30b,deepseek_v3,granite_8b",231,extra_trees_router,0.8613861386138614,2.7900023762376236e-05,0.8613861386138614,0.0594059405940594,0.0,0.7920792079207921
3model_qwen_30b_deepseek_v3_granite_8b,"qwen_30b,deepseek_v3,granite_8b",231,tfidf_logistic_router,0.8613861386138614,2.5013045544554455e-05,0.8613861386138614,0.0594059405940594,0.0,0.8712871287128713
3model_qwen_30b_deepseek_v3_granite_8b,"qwen_30b,deepseek_v3,granite_8b",231,tfidf_linear_svm_router,0.8613861386138614,2.4274570297029705e-05,0.8613861386138614,0.0594059405940594,0.0,0.9405940594059405
3model_qwen_30b_deepseek_v3_granite_8b,"qwen_30b,deepseek_v3,granite_8b",232,always_qwen_30b,0.8910891089108911,2.3704570297029702e-05,0.8910891089108911,0.039603960396039604,0.0,0.9603960396039604
3model_qwen_30b_deepseek_v3_granite_8b,"qwen_30b,deepseek_v3,granite_8b",232,always_deepseek_v3,0.8811881188118812,6.627041584158416e-05,0.8811881188118812,0.04950495049504951,0.0,0.019801980198019802
3model_qwen_30b_deepseek_v3_granite_8b,"qwen_30b,deepseek_v3,granite_8b",232,always_granite_8b,0.8613861386138614,1.5412871287128713e-05,0.8613861386138614,0.06930693069306931,0.0,0.019801980198019802
3model_qwen_30b_deepseek_v3_granite_8b,"qwen_30b,deepseek_v3,granite_8b",232,random,0.900990099009901,4.057093069306931e-05,0.900990099009901,0.0297029702970297,0.0,0.3069306930693069
3model_qwen_30b_deepseek_v3_granite_8b,"qwen_30b,deepseek_v3,granite_8b",232,oracle,0.9306930693069307,2.4361469306930695e-05,0.9306930693069307,0.0,0.0,1.0
3model_qwen_30b_deepseek_v3_granite_8b,"qwen_30b,deepseek_v3,granite_8b",232,logistic_router,0.8811881188118812,2.8754352475247523e-05,0.8811881188118812,0.04950495049504951,0.0,0.7425742574257426
3model_qwen_30b_deepseek_v3_granite_8b,"qwen_30b,deepseek_v3,granite_8b",232,linear_svm_router,0.8910891089108911,2.529590495049505e-05,0.8910891089108911,0.039603960396039604,0.0,0.9207920792079208
3model_qwen_30b_deepseek_v3_granite_8b,"qwen_30b,deepseek_v3,granite_8b",232,knn_router,0.8910891089108911,2.3704570297029702e-05,0.8910891089108911,0.039603960396039604,0.0,0.9603960396039604
3model_qwen_30b_deepseek_v3_granite_8b,"qwen_30b,deepseek_v3,granite_8b",232,decision_tree_router,0.8910891089108911,2.8931600000000006e-05,0.8910891089108911,0.039603960396039604,0.0,0.8415841584158416
3model_qwen_30b_deepseek_v3_granite_8b,"qwen_30b,deepseek_v3,granite_8b",232,random_forest_router,0.8910891089108911,2.6686847524752478e-05,0.8910891089108911,0.039603960396039604,0.0,0.8811881188118812
3model_qwen_30b_deepseek_v3_granite_8b,"qwen_30b,deepseek_v3,granite_8b",232,extra_trees_router,0.8910891089108911,2.6723889108910893e-05,0.8910891089108911,0.039603960396039604,0.0,0.8217821782178217
3model_qwen_30b_deepseek_v3_granite_8b,"qwen_30b,deepseek_v3,granite_8b",232,tfidf_logistic_router,0.900990099009901,2.635290297029703e-05,0.900990099009901,0.0297029702970297,0.0,0.9207920792079208
3model_qwen_30b_deepseek_v3_granite_8b,"qwen_30b,deepseek_v3,granite_8b",232,tfidf_linear_svm_router,0.8910891089108911,2.467769108910891e-05,0.8910891089108911,0.039603960396039604,0.0,0.9405940594059405
3model_qwen_30b_deepseek_v3_granite_8b,"qwen_30b,deepseek_v3,granite_8b",233,always_qwen_30b,0.8910891089108911,2.4048427722772278e-05,0.8910891089108911,0.039603960396039604,0.0,0.9603960396039604
3model_qwen_30b_deepseek_v3_granite_8b,"qwen_30b,deepseek_v3,granite_8b",233,always_deepseek_v3,0.8712871287128713,6.896013861386139e-05,0.8712871287128713,0.0594059405940594,0.0,0.0297029702970297
3model_qwen_30b_deepseek_v3_granite_8b,"qwen_30b,deepseek_v3,granite_8b",233,always_granite_8b,0.8514851485148515,1.601089108910891e-05,0.8514851485148515,0.07920792079207921,0.0,0.009900990099009901
3model_qwen_30b_deepseek_v3_granite_8b,"qwen_30b,deepseek_v3,granite_8b",233,random,0.8613861386138614,3.088535841584159e-05,0.8613861386138614,0.06930693069306931,0.0,0.3564356435643564
3model_qwen_30b_deepseek_v3_granite_8b,"qwen_30b,deepseek_v3,granite_8b",233,oracle,0.9306930693069307,2.44498099009901e-05,0.9306930693069307,0.0,0.0,1.0
3model_qwen_30b_deepseek_v3_granite_8b,"qwen_30b,deepseek_v3,granite_8b",233,logistic_router,0.8910891089108911,2.8356700990099017e-05,0.8910891089108911,0.039603960396039604,0.0,0.7326732673267327
3model_qwen_30b_deepseek_v3_granite_8b,"qwen_30b,deepseek_v3,granite_8b",233,linear_svm_router,0.8910891089108911,2.6887049504950498e-05,0.8910891089108911,0.039603960396039604,0.0,0.9108910891089109
3model_qwen_30b_deepseek_v3_granite_8b,"qwen_30b,deepseek_v3,granite_8b",233,knn_router,0.8910891089108911,2.4602071287128716e-05,0.8910891089108911,0.039603960396039604,0.0,0.9504950495049505
3model_qwen_30b_deepseek_v3_granite_8b,"qwen_30b,deepseek_v3,granite_8b",233,decision_tree_router,0.8811881188118812,2.9205207920792077e-05,0.8811881188118812,0.04950495049504951,0.0,0.8217821782178217
3model_qwen_30b_deepseek_v3_granite_8b,"qwen_30b,deepseek_v3,granite_8b",233,random_forest_router,0.8910891089108911,2.4956677227722773e-05,0.8910891089108911,0.039603960396039604,0.0,0.8811881188118812
3model_qwen_30b_deepseek_v3_granite_8b,"qwen_30b,deepseek_v3,granite_8b",233,extra_trees_router,0.8910891089108911,2.669779405940594e-05,0.8910891089108911,0.039603960396039604,0.0,0.7623762376237624
3model_qwen_30b_deepseek_v3_granite_8b,"qwen_30b,deepseek_v3,granite_8b",233,tfidf_logistic_router,0.8910891089108911,2.5349029702970295e-05,0.8910891089108911,0.039603960396039604,0.0,0.9306930693069307
3model_qwen_30b_deepseek_v3_granite_8b,"qwen_30b,deepseek_v3,granite_8b",233,tfidf_linear_svm_router,0.8910891089108911,2.4048427722772278e-05,0.8910891089108911,0.039603960396039604,0.0,0.9603960396039604
3model_llama_70b_deepseek_v3_granite_8b,"llama_70b,deepseek_v3,granite_8b",229,always_llama_70b,0.8514851485148515,5.191463366336634e-05,0.8514851485148515,0.10891089108910891,0.0,0.8910891089108911
3model_llama_70b_deepseek_v3_granite_8b,"llama_70b,deepseek_v3,granite_8b",229,always_deepseek_v3,0.9207920792079208,6.72319207920792e-05,0.9207920792079208,0.039603960396039604,0.0,0.0891089108910891
3model_llama_70b_deepseek_v3_granite_8b,"llama_70b,deepseek_v3,granite_8b",229,always_granite_8b,0.8613861386138614,1.5395544554455447e-05,0.8613861386138614,0.09900990099009901,0.0,0.019801980198019802
3model_llama_70b_deepseek_v3_granite_8b,"llama_70b,deepseek_v3,granite_8b",229,random,0.8811881188118812,4.394960396039603e-05,0.8811881188118812,0.07920792079207921,0.0,0.25742574257425743
3model_llama_70b_deepseek_v3_granite_8b,"llama_70b,deepseek_v3,granite_8b",229,oracle,0.9603960396039604,5.333807920792079e-05,0.9603960396039604,0.0,0.0,1.0
3model_llama_70b_deepseek_v3_granite_8b,"llama_70b,deepseek_v3,granite_8b",229,logistic_router,0.900990099009901,5.34149900990099e-05,0.900990099009901,0.0594059405940594,0.0,0.8118811881188119
3model_llama_70b_deepseek_v3_granite_8b,"llama_70b,deepseek_v3,granite_8b",229,linear_svm_router,0.8613861386138614,5.181520792079207e-05,0.8613861386138614,0.09900990099009901,0.0,0.8415841584158416
3model_llama_70b_deepseek_v3_granite_8b,"llama_70b,deepseek_v3,granite_8b",229,knn_router,0.8514851485148515,5.191463366336634e-05,0.8514851485148515,0.10891089108910891,0.0,0.8910891089108911
3model_llama_70b_deepseek_v3_granite_8b,"llama_70b,deepseek_v3,granite_8b",229,decision_tree_router,0.8712871287128713,5.2061524752475246e-05,0.8712871287128713,0.0891089108910891,0.0,0.8217821782178217
3model_llama_70b_deepseek_v3_granite_8b,"llama_70b,deepseek_v3,granite_8b",229,random_forest_router,0.900990099009901,5.3033504950495044e-05,0.900990099009901,0.0594059405940594,0.0,0.8217821782178217
3model_llama_70b_deepseek_v3_granite_8b,"llama_70b,deepseek_v3,granite_8b",229,extra_trees_router,0.900990099009901,5.220006930693068e-05,0.900990099009901,0.0594059405940594,0.0,0.7821782178217822
3model_llama_70b_deepseek_v3_granite_8b,"llama_70b,deepseek_v3,granite_8b",229,tfidf_logistic_router,0.900990099009901,5.285035643564357e-05,0.900990099009901,0.0594059405940594,0.0,0.8514851485148515
3model_llama_70b_deepseek_v3_granite_8b,"llama_70b,deepseek_v3,granite_8b",229,tfidf_linear_svm_router,0.8514851485148515,5.2234633663366334e-05,0.8514851485148515,0.10891089108910891,0.0,0.8811881188118812
3model_llama_70b_deepseek_v3_granite_8b,"llama_70b,deepseek_v3,granite_8b",230,always_llama_70b,0.8910891089108911,5.2112425742574264e-05,0.8910891089108911,0.0594059405940594,0.0,0.9405940594059405
3model_llama_70b_deepseek_v3_granite_8b,"llama_70b,deepseek_v3,granite_8b",230,always_deepseek_v3,0.9306930693069307,7.106932673267325e-05,0.9306930693069307,0.019801980198019802,0.0,0.0594059405940594
3model_llama_70b_deepseek_v3_granite_8b,"llama_70b,deepseek_v3,granite_8b",230,always_granite_8b,0.8316831683168316,1.659059405940594e-05,0.8316831683168316,0.1188118811881188,0.0,0.0
3model_llama_70b_deepseek_v3_granite_8b,"llama_70b,deepseek_v3,granite_8b",230,random,0.900990099009901,4.687126732673266e-05,0.900990099009901,0.04950495049504951,0.0,0.3564356435643564
3model_llama_70b_deepseek_v3_granite_8b,"llama_70b,deepseek_v3,granite_8b",230,oracle,0.9504950495049505,5.235373267326734e-05,0.9504950495049505,0.0,0.0,1.0
3model_llama_70b_deepseek_v3_granite_8b,"llama_70b,deepseek_v3,granite_8b",230,logistic_router,0.9207920792079208,5.281947524752475e-05,0.9207920792079208,0.0297029702970297,0.0,0.8811881188118812
3model_llama_70b_deepseek_v3_granite_8b,"llama_70b,deepseek_v3,granite_8b",230,linear_svm_router,0.900990099009901,5.21160396039604e-05,0.900990099009901,0.04950495049504951,0.0,0.9207920792079208
3model_llama_70b_deepseek_v3_granite_8b,"llama_70b,deepseek_v3,granite_8b",230,knn_router,0.8910891089108911,5.2112425742574264e-05,0.8910891089108911,0.0594059405940594,0.0,0.9405940594059405
3model_llama_70b_deepseek_v3_granite_8b,"llama_70b,deepseek_v3,granite_8b",230,decision_tree_router,0.9108910891089109,5.404800000000001e-05,0.9108910891089109,0.039603960396039604,0.0,0.801980198019802
3model_llama_70b_deepseek_v3_granite_8b,"llama_70b,deepseek_v3,granite_8b",230,random_forest_router,0.9306930693069307,5.2658940594059416e-05,0.9306930693069307,0.019801980198019802,0.0,0.8910891089108911
3model_llama_70b_deepseek_v3_granite_8b,"llama_70b,deepseek_v3,granite_8b",230,extra_trees_router,0.9207920792079208,5.192784158415842e-05,0.9207920792079208,0.0297029702970297,0.0,0.9108910891089109
3model_llama_70b_deepseek_v3_granite_8b,"llama_70b,deepseek_v3,granite_8b",230,tfidf_logistic_router,0.9108910891089109,5.34240297029703e-05,0.9108910891089109,0.039603960396039604,0.0,0.8811881188118812
3model_llama_70b_deepseek_v3_granite_8b,"llama_70b,deepseek_v3,granite_8b",230,tfidf_linear_svm_router,0.8910891089108911,5.2112425742574264e-05,0.8910891089108911,0.0594059405940594,0.0,0.9405940594059405
3model_llama_70b_deepseek_v3_granite_8b,"llama_70b,deepseek_v3,granite_8b",231,always_llama_70b,0.8613861386138614,5.35139900990099e-05,0.8613861386138614,0.04950495049504951,0.0,0.9504950495049505
3model_llama_70b_deepseek_v3_granite_8b,"llama_70b,deepseek_v3,granite_8b",231,always_deepseek_v3,0.8613861386138614,7.282815841584158e-05,0.8613861386138614,0.04950495049504951,0.0,0.039603960396039604
3model_llama_70b_deepseek_v3_granite_8b,"llama_70b,deepseek_v3,granite_8b",231,always_granite_8b,0.8316831683168316,1.662079207920792e-05,0.8316831683168316,0.07920792079207921,0.0,0.009900990099009901
3model_llama_70b_deepseek_v3_granite_8b,"llama_70b,deepseek_v3,granite_8b",231,random,0.8811881188118812,4.550632673267327e-05,0.8811881188118812,0.0297029702970297,0.0,0.25742574257425743
3model_llama_70b_deepseek_v3_granite_8b,"llama_70b,deepseek_v3,granite_8b",231,oracle,0.9108910891089109,5.369761386138614e-05,0.9108910891089109,0.0,0.0,1.0
3model_llama_70b_deepseek_v3_granite_8b,"llama_70b,deepseek_v3,granite_8b",231,logistic_router,0.8415841584158416,5.430771287128712e-05,0.8415841584158416,0.06930693069306931,0.0,0.7623762376237624
3model_llama_70b_deepseek_v3_granite_8b,"llama_70b,deepseek_v3,granite_8b",231,linear_svm_router,0.8613861386138614,5.287651485148515e-05,0.8613861386138614,0.04950495049504951,0.0,0.8712871287128713
3model_llama_70b_deepseek_v3_granite_8b,"llama_70b,deepseek_v3,granite_8b",231,knn_router,0.8613861386138614,5.35139900990099e-05,0.8613861386138614,0.04950495049504951,0.0,0.9504950495049505
3model_llama_70b_deepseek_v3_granite_8b,"llama_70b,deepseek_v3,granite_8b",231,decision_tree_router,0.8514851485148515,5.3765960396039596e-05,0.8514851485148515,0.0594059405940594,0.0,0.8217821782178217
3model_llama_70b_deepseek_v3_granite_8b,"llama_70b,deepseek_v3,granite_8b",231,random_forest_router,0.8514851485148515,5.3356871287128704e-05,0.8514851485148515,0.0594059405940594,0.0,0.7722772277227723
3model_llama_70b_deepseek_v3_granite_8b,"llama_70b,deepseek_v3,granite_8b",231,extra_trees_router,0.8514851485148515,5.291641584158415e-05,0.8514851485148515,0.0594059405940594,0.0,0.7722772277227723
3model_llama_70b_deepseek_v3_granite_8b,"llama_70b,deepseek_v3,granite_8b",231,tfidf_logistic_router,0.8415841584158416,5.4033900990099005e-05,0.8415841584158416,0.06930693069306931,0.0,0.7722772277227723
3model_llama_70b_deepseek_v3_granite_8b,"llama_70b,deepseek_v3,granite_8b",231,tfidf_linear_svm_router,0.8613861386138614,5.398250495049505e-05,0.8613861386138614,0.04950495049504951,0.0,0.9405940594059405
3model_llama_70b_deepseek_v3_granite_8b,"llama_70b,deepseek_v3,granite_8b",232,always_llama_70b,0.8910891089108911,5.238212871287129e-05,0.8910891089108911,0.04950495049504951,0.0,0.9504950495049505
3model_llama_70b_deepseek_v3_granite_8b,"llama_70b,deepseek_v3,granite_8b",232,always_deepseek_v3,0.8811881188118812,6.627041584158416e-05,0.8811881188118812,0.0594059405940594,0.0,0.0297029702970297
3model_llama_70b_deepseek_v3_granite_8b,"llama_70b,deepseek_v3,granite_8b",232,always_granite_8b,0.8613861386138614,1.5412871287128713e-05,0.8613861386138614,0.07920792079207921,0.0,0.019801980198019802
3model_llama_70b_deepseek_v3_granite_8b,"llama_70b,deepseek_v3,granite_8b",232,random,0.8811881188118812,4.948894059405942e-05,0.8811881188118812,0.0594059405940594,0.0,0.27722772277227725
3model_llama_70b_deepseek_v3_granite_8b,"llama_70b,deepseek_v3,granite_8b",232,oracle,0.9405940594059405,5.213325742574258e-05,0.9405940594059405,0.0,0.0,1.0
3model_llama_70b_deepseek_v3_granite_8b,"llama_70b,deepseek_v3,granite_8b",232,logistic_router,0.8712871287128713,5.523855445544554e-05,0.8712871287128713,0.06930693069306931,0.0,0.7722772277227723
3model_llama_70b_deepseek_v3_granite_8b,"llama_70b,deepseek_v3,granite_8b",232,linear_svm_router,0.8811881188118812,5.297126732673267e-05,0.8811881188118812,0.0594059405940594,0.0,0.8712871287128713
3model_llama_70b_deepseek_v3_granite_8b,"llama_70b,deepseek_v3,granite_8b",232,knn_router,0.8910891089108911,5.238212871287129e-05,0.8910891089108911,0.04950495049504951,0.0,0.9504950495049505
3model_llama_70b_deepseek_v3_granite_8b,"llama_70b,deepseek_v3,granite_8b",232,decision_tree_router,0.8910891089108911,5.282764356435644e-05,0.8910891089108911,0.04950495049504951,0.0,0.7920792079207921
3model_llama_70b_deepseek_v3_granite_8b,"llama_70b,deepseek_v3,granite_8b",232,random_forest_router,0.8910891089108911,5.2952158415841585e-05,0.8910891089108911,0.04950495049504951,0.0,0.8217821782178217
3model_llama_70b_deepseek_v3_granite_8b,"llama_70b,deepseek_v3,granite_8b",232,extra_trees_router,0.900990099009901,5.3268079207920786e-05,0.900990099009901,0.039603960396039604,0.0,0.801980198019802
3model_llama_70b_deepseek_v3_granite_8b,"llama_70b,deepseek_v3,granite_8b",232,tfidf_logistic_router,0.8712871287128713,5.421057425742574e-05,0.8712871287128713,0.06930693069306931,0.0,0.8118811881188119
3model_llama_70b_deepseek_v3_granite_8b,"llama_70b,deepseek_v3,granite_8b",232,tfidf_linear_svm_router,0.8811881188118812,5.28569801980198e-05,0.8811881188118812,0.0594059405940594,0.0,0.9207920792079208
3model_llama_70b_deepseek_v3_granite_8b,"llama_70b,deepseek_v3,granite_8b",233,always_llama_70b,0.8811881188118812,5.316852475247525e-05,0.8811881188118812,0.039603960396039604,0.0,0.9603960396039604
3model_llama_70b_deepseek_v3_granite_8b,"llama_70b,deepseek_v3,granite_8b",233,always_deepseek_v3,0.8712871287128713,6.896013861386139e-05,0.8712871287128713,0.04950495049504951,0.0,0.0297029702970297
3model_llama_70b_deepseek_v3_granite_8b,"llama_70b,deepseek_v3,granite_8b",233,always_granite_8b,0.8514851485148515,1.601089108910891e-05,0.8514851485148515,0.06930693069306931,0.0,0.009900990099009901
3model_llama_70b_deepseek_v3_granite_8b,"llama_70b,deepseek_v3,granite_8b",233,random,0.8613861386138614,4.511170297029702e-05,0.8613861386138614,0.0594059405940594,0.0,0.36633663366336633
3model_llama_70b_deepseek_v3_granite_8b,"llama_70b,deepseek_v3,granite_8b",233,oracle,0.9207920792079208,5.333624752475248e-05,0.9207920792079208,0.0,0.0,1.0
3model_llama_70b_deepseek_v3_granite_8b,"llama_70b,deepseek_v3,granite_8b",233,logistic_router,0.9108910891089109,5.5030495049504957e-05,0.9108910891089109,0.009900990099009901,0.0,0.8118811881188119
3model_llama_70b_deepseek_v3_granite_8b,"llama_70b,deepseek_v3,granite_8b",233,linear_svm_router,0.8910891089108911,5.4138366336633665e-05,0.8910891089108911,0.0297029702970297,0.0,0.8415841584158416
3model_llama_70b_deepseek_v3_granite_8b,"llama_70b,deepseek_v3,granite_8b",233,knn_router,0.8811881188118812,5.316852475247525e-05,0.8811881188118812,0.039603960396039604,0.0,0.9603960396039604
3model_llama_70b_deepseek_v3_granite_8b,"llama_70b,deepseek_v3,granite_8b",233,decision_tree_router,0.8811881188118812,5.707213861386138e-05,0.8811881188118812,0.039603960396039604,0.0,0.7128712871287128
3model_llama_70b_deepseek_v3_granite_8b,"llama_70b,deepseek_v3,granite_8b",233,random_forest_router,0.8712871287128713,5.334345544554455e-05,0.8712871287128713,0.04950495049504951,0.0,0.8712871287128713
3model_llama_70b_deepseek_v3_granite_8b,"llama_70b,deepseek_v3,granite_8b",233,extra_trees_router,0.900990099009901,5.118230693069307e-05,0.900990099009901,0.019801980198019802,0.0,0.8415841584158416
3model_llama_70b_deepseek_v3_granite_8b,"llama_70b,deepseek_v3,granite_8b",233,tfidf_logistic_router,0.900990099009901,5.521137623762377e-05,0.900990099009901,0.019801980198019802,0.0,0.8514851485148515
3model_llama_70b_deepseek_v3_granite_8b,"llama_70b,deepseek_v3,granite_8b",233,tfidf_linear_svm_router,0.8811881188118812,5.368179207920791e-05,0.8811881188118812,0.039603960396039604,0.0,0.9306930693069307
