group,models,seed,policy,accuracy,avg_cost,utility,regret,cost_weight,route_acc
2model_gemini_flash_lite_qwen_30b,"gemini_flash_lite,qwen_30b",229,always_gemini_flash_lite,0.9137055837563451,0.00012077157360406092,0.9137055837563451,0.03553299492385787,0.0,0.9644670050761421
2model_gemini_flash_lite_qwen_30b,"gemini_flash_lite,qwen_30b",229,always_qwen_30b,0.868020304568528,2.3474460913705585e-05,0.868020304568528,0.08121827411167512,0.0,0.03553299492385787
2model_gemini_flash_lite_qwen_30b,"gemini_flash_lite,qwen_30b",229,random,0.8934010152284264,6.953260304568527e-05,0.8934010152284264,0.05583756345177665,0.0,0.467005076142132
2model_gemini_flash_lite_qwen_30b,"gemini_flash_lite,qwen_30b",229,oracle,0.949238578680203,0.00011621963045685279,0.949238578680203,0.0,0.0,1.0
2model_gemini_flash_lite_qwen_30b,"gemini_flash_lite,qwen_30b",229,logistic_router,0.9137055837563451,0.0001077454192893401,0.9137055837563451,0.03553299492385787,0.0,0.8629441624365483
2model_gemini_flash_lite_qwen_30b,"gemini_flash_lite,qwen_30b",229,linear_svm_router,0.9137055837563451,0.00011158706192893401,0.9137055837563451,0.03553299492385787,0.0,0.8781725888324873
2model_gemini_flash_lite_qwen_30b,"gemini_flash_lite,qwen_30b",229,knn_router,0.9137055837563451,0.00012077157360406092,0.9137055837563451,0.03553299492385787,0.0,0.9644670050761421
2model_gemini_flash_lite_qwen_30b,"gemini_flash_lite,qwen_30b",229,decision_tree_router,0.883248730964467,7.893997969543148e-05,0.883248730964467,0.06598984771573604,0.0,0.5583756345177665
2model_gemini_flash_lite_qwen_30b,"gemini_flash_lite,qwen_30b",229,random_forest_router,0.9137055837563451,0.00012077157360406092,0.9137055837563451,0.03553299492385787,0.0,0.9644670050761421
2model_gemini_flash_lite_qwen_30b,"gemini_flash_lite,qwen_30b",229,extra_trees_router,0.9137055837563451,0.00010211975837563452,0.9137055837563451,0.03553299492385787,0.0,0.8121827411167513
2model_gemini_flash_lite_qwen_30b,"gemini_flash_lite,qwen_30b",229,tfidf_logistic_router,0.9137055837563451,0.00011689576649746195,0.9137055837563451,0.03553299492385787,0.0,0.934010152284264
2model_gemini_flash_lite_qwen_30b,"gemini_flash_lite,qwen_30b",229,tfidf_linear_svm_router,0.9137055837563451,0.00011986638375634518,0.9137055837563451,0.03553299492385787,0.0,0.9543147208121827
2model_gemini_flash_lite_qwen_30b,"gemini_flash_lite,qwen_30b",230,always_gemini_flash_lite,0.9187817258883249,0.00012391624365482235,0.9187817258883249,0.025380710659898477,0.0,0.9746192893401016
2model_gemini_flash_lite_qwen_30b,"gemini_flash_lite,qwen_30b",230,always_qwen_30b,0.9187817258883249,2.4823336040609136e-05,0.9187817258883249,0.025380710659898477,0.0,0.025380710659898477
2model_gemini_flash_lite_qwen_30b,"gemini_flash_lite,qwen_30b",230,random,0.9187817258883249,7.467385786802031e-05,0.9187817258883249,0.025380710659898477,0.0,0.5025380710659898
2model_gemini_flash_lite_qwen_30b,"gemini_flash_lite,qwen_30b",230,oracle,0.9441624365482234,0.0001207508263959391,0.9441624365482234,0.0,0.0,1.0
2model_gemini_flash_lite_qwen_30b,"gemini_flash_lite,qwen_30b",230,logistic_router,0.9137055837563451,0.00011495773604060915,0.9137055837563451,0.030456852791878174,0.0,0.8934010152284264
2model_gemini_flash_lite_qwen_30b,"gemini_flash_lite,qwen_30b",230,linear_svm_router,0.9137055837563451,0.00011679600609137056,0.9137055837563451,0.030456852791878174,0.0,0.9086294416243654
2model_gemini_flash_lite_qwen_30b,"gemini_flash_lite,qwen_30b",230,knn_router,0.9187817258883249,0.00012391624365482235,0.9187817258883249,0.025380710659898477,0.0,0.9746192893401016
2model_gemini_flash_lite_qwen_30b,"gemini_flash_lite,qwen_30b",230,decision_tree_router,0.9086294416243654,0.00011598919796954315,0.9086294416243654,0.03553299492385787,0.0,0.9035532994923858
2model_gemini_flash_lite_qwen_30b,"gemini_flash_lite,qwen_30b",230,random_forest_router,0.9187817258883249,0.00012350862944162438,0.9187817258883249,0.025380710659898477,0.0,0.9695431472081218
2model_gemini_flash_lite_qwen_30b,"gemini_flash_lite,qwen_30b",230,extra_trees_router,0.9187817258883249,0.0001214310802030457,0.9187817258883249,0.025380710659898477,0.0,0.949238578680203
2model_gemini_flash_lite_qwen_30b,"gemini_flash_lite,qwen_30b",230,tfidf_logistic_router,0.9187817258883249,0.00012200129746192895,0.9187817258883249,0.025380710659898477,0.0,0.9543147208121827
2model_gemini_flash_lite_qwen_30b,"gemini_flash_lite,qwen_30b",230,tfidf_linear_svm_router,0.9187817258883249,0.0001228596182741117,0.9187817258883249,0.025380710659898477,0.0,0.9644670050761421
2model_gemini_flash_lite_qwen_30b,"gemini_flash_lite,qwen_30b",231,always_gemini_flash_lite,0.9289340101522843,0.00012848857868020305,0.9289340101522843,0.015228426395939087,0.0,0.9847715736040609
2model_gemini_flash_lite_qwen_30b,"gemini_flash_lite,qwen_30b",231,always_qwen_30b,0.8883248730964467,2.600484670050761e-05,0.8883248730964467,0.05583756345177665,0.0,0.015228426395939087
2model_gemini_flash_lite_qwen_30b,"gemini_flash_lite,qwen_30b",231,random,0.9187817258883249,7.653507208121827e-05,0.9187817258883249,0.025380710659898477,0.0,0.4873096446700508
2model_gemini_flash_lite_qwen_30b,"gemini_flash_lite,qwen_30b",231,oracle,0.9441624365482234,0.00012684884467005074,0.9441624365482234,0.0,0.0,1.0
2model_gemini_flash_lite_qwen_30b,"gemini_flash_lite,qwen_30b",231,logistic_router,0.9289340101522843,0.00010791309644670052,0.9289340101522843,0.015228426395939087,0.0,0.8223350253807107
2model_gemini_flash_lite_qwen_30b,"gemini_flash_lite,qwen_30b",231,linear_svm_router,0.9238578680203046,0.00011370947817258884,0.9238578680203046,0.02030456852791878,0.0,0.8578680203045685
2model_gemini_flash_lite_qwen_30b,"gemini_flash_lite,qwen_30b",231,knn_router,0.9289340101522843,0.00012848857868020305,0.9289340101522843,0.015228426395939087,0.0,0.9847715736040609
2model_gemini_flash_lite_qwen_30b,"gemini_flash_lite,qwen_30b",231,decision_tree_router,0.9187817258883249,0.00011291374213197968,0.9187817258883249,0.025380710659898477,0.0,0.8578680203045685
2model_gemini_flash_lite_qwen_30b,"gemini_flash_lite,qwen_30b",231,random_forest_router,0.9289340101522843,0.00012659527106598985,0.9289340101522843,0.015228426395939087,0.0,0.9695431472081218
2model_gemini_flash_lite_qwen_30b,"gemini_flash_lite,qwen_30b",231,extra_trees_router,0.9289340101522843,0.00011750448324873095,0.9289340101522843,0.015228426395939087,0.0,0.8984771573604061
2model_gemini_flash_lite_qwen_30b,"gemini_flash_lite,qwen_30b",231,tfidf_logistic_router,0.9238578680203046,0.00012350128934010153,0.9238578680203046,0.02030456852791878,0.0,0.9390862944162437
2model_gemini_flash_lite_qwen_30b,"gemini_flash_lite,qwen_30b",231,tfidf_linear_svm_router,0.9289340101522843,0.00012738379898477158,0.9289340101522843,0.015228426395939087,0.0,0.9796954314720813
2model_gemini_flash_lite_qwen_30b,"gemini_flash_lite,qwen_30b",232,always_gemini_flash_lite,0.9086294416243654,0.00012325000000000001,0.9086294416243654,0.050761421319796954,0.0,0.949238578680203
2model_gemini_flash_lite_qwen_30b,"gemini_flash_lite,qwen_30b",232,always_qwen_30b,0.9137055837563451,2.631308629441624e-05,0.9137055837563451,0.04568527918781726,0.0,0.050761421319796954
2model_gemini_flash_lite_qwen_30b,"gemini_flash_lite,qwen_30b",232,random,0.9238578680203046,7.43457461928934e-05,0.9238578680203046,0.03553299492385787,0.0,0.5177664974619289
2model_gemini_flash_lite_qwen_30b,"gemini_flash_lite,qwen_30b",232,oracle,0.9593908629441624,0.00011633994111675127,0.9593908629441624,0.0,0.0,1.0
2model_gemini_flash_lite_qwen_30b,"gemini_flash_lite,qwen_30b",232,logistic_router,0.9187817258883249,0.00010928078578680202,0.9187817258883249,0.04060913705583756,0.0,0.8527918781725888
2model_gemini_flash_lite_qwen_30b,"gemini_flash_lite,qwen_30b",232,linear_svm_router,0.9086294416243654,0.00011209516345177667,0.9086294416243654,0.050761421319796954,0.0,0.8629441624365483
2model_gemini_flash_lite_qwen_30b,"gemini_flash_lite,qwen_30b",232,knn_router,0.9086294416243654,0.00012325000000000001,0.9086294416243654,0.050761421319796954,0.0,0.949238578680203
2model_gemini_flash_lite_qwen_30b,"gemini_flash_lite,qwen_30b",232,decision_tree_router,0.9086294416243654,9.46327187817259e-05,0.9086294416243654,0.050761421319796954,0.0,0.6802030456852792
2model_gemini_flash_lite_qwen_30b,"gemini_flash_lite,qwen_30b",232,random_forest_router,0.9086294416243654,0.00012325000000000001,0.9086294416243654,0.050761421319796954,0.0,0.949238578680203
2model_gemini_flash_lite_qwen_30b,"gemini_flash_lite,qwen_30b",232,extra_trees_router,0.9035532994923858,0.00011941298680203046,0.9035532994923858,0.05583756345177665,0.0,0.9086294416243654
2model_gemini_flash_lite_qwen_30b,"gemini_flash_lite,qwen_30b",232,tfidf_logistic_router,0.9238578680203046,0.00011476450761421321,0.9238578680203046,0.03553299492385787,0.0,0.9086294416243654
2model_gemini_flash_lite_qwen_30b,"gemini_flash_lite,qwen_30b",232,tfidf_linear_svm_router,0.9086294416243654,0.00012255622944162437,0.9086294416243654,0.050761421319796954,0.0,0.9441624365482234
2model_gemini_flash_lite_qwen_30b,"gemini_flash_lite,qwen_30b",233,always_gemini_flash_lite,0.9289340101522843,0.00012413705583756346,0.9289340101522843,0.03553299492385787,0.0,0.9644670050761421
2model_gemini_flash_lite_qwen_30b,"gemini_flash_lite,qwen_30b",233,always_qwen_30b,0.9086294416243654,2.511114720812183e-05,0.9086294416243654,0.05583756345177665,0.0,0.03553299492385787
2model_gemini_flash_lite_qwen_30b,"gemini_flash_lite,qwen_30b",233,random,0.934010152284264,7.237946395939086e-05,0.934010152284264,0.030456852791878174,0.0,0.48223350253807107
2model_gemini_flash_lite_qwen_30b,"gemini_flash_lite,qwen_30b",233,oracle,0.9644670050761421,0.0001201436426395939,0.9644670050761421,0.0,0.0,1.0
2model_gemini_flash_lite_qwen_30b,"gemini_flash_lite,qwen_30b",233,logistic_router,0.9238578680203046,0.00011146611979695429,0.9238578680203046,0.04060913705583756,0.0,0.883248730964467
2model_gemini_flash_lite_qwen_30b,"gemini_flash_lite,qwen_30b",233,linear_svm_router,0.9289340101522843,0.00011440701725888324,0.9289340101522843,0.03553299492385787,0.0,0.8883248730964467
2model_gemini_flash_lite_qwen_30b,"gemini_flash_lite,qwen_30b",233,knn_router,0.9289340101522843,0.00012413705583756346,0.9289340101522843,0.03553299492385787,0.0,0.9644670050761421
2model_gemini_flash_lite_qwen_30b,"gemini_flash_lite,qwen_30b",233,decision_tree_router,0.9187817258883249,9.18953076142132e-05,0.9187817258883249,0.04568527918781726,0.0,0.6345177664974619
2model_gemini_flash_lite_qwen_30b,"gemini_flash_lite,qwen_30b",233,random_forest_router,0.9289340101522843,0.0001233859573604061,0.9289340101522843,0.03553299492385787,0.0,0.9543147208121827
2model_gemini_flash_lite_qwen_30b,"gemini_flash_lite,qwen_30b",233,extra_trees_router,0.9238578680203046,0.00011683900913705581,0.9238578680203046,0.04060913705583756,0.0,0.8984771573604061
2model_gemini_flash_lite_qwen_30b,"gemini_flash_lite,qwen_30b",233,tfidf_logistic_router,0.934010152284264,0.00011806911472081218,0.934010152284264,0.030456852791878174,0.0,0.9289340101522843
2model_gemini_flash_lite_qwen_30b,"gemini_flash_lite,qwen_30b",233,tfidf_linear_svm_router,0.9289340101522843,0.00012246883248730965,0.9289340101522843,0.03553299492385787,0.0,0.9543147208121827
2model_gemini_flash_lite_llama_70b,"gemini_flash_lite,llama_70b",229,always_gemini_flash_lite,0.9137055837563451,0.00012077157360406092,0.9137055837563451,0.030456852791878174,0.0,0.9695431472081218
2model_gemini_flash_lite_llama_70b,"gemini_flash_lite,llama_70b",229,always_llama_70b,0.8934010152284264,5.343402538071066e-05,0.8934010152284264,0.050761421319796954,0.0,0.030456852791878174
2model_gemini_flash_lite_llama_70b,"gemini_flash_lite,llama_70b",229,random,0.9035532994923858,8.5529461928934e-05,0.9035532994923858,0.04060913705583756,0.0,0.4619289340101523
2model_gemini_flash_lite_llama_70b,"gemini_flash_lite,llama_70b",229,oracle,0.9441624365482234,0.0001195478883248731,0.9441624365482234,0.0,0.0,1.0
2model_gemini_flash_lite_llama_70b,"gemini_flash_lite,llama_70b",229,logistic_router,0.9187817258883249,0.00011059756345177666,0.9187817258883249,0.025380710659898477,0.0,0.7766497461928934
2model_gemini_flash_lite_llama_70b,"gemini_flash_lite,llama_70b",229,linear_svm_router,0.9137055837563451,0.00011298822335025382,0.9137055837563451,0.030456852791878174,0.0,0.8020304568527918
2model_gemini_flash_lite_llama_70b,"gemini_flash_lite,llama_70b",229,knn_router,0.9137055837563451,0.00012077157360406092,0.9137055837563451,0.030456852791878174,0.0,0.9695431472081218
2model_gemini_flash_lite_llama_70b,"gemini_flash_lite,llama_70b",229,decision_tree_router,0.8984771573604061,9.38280152284264e-05,0.8984771573604061,0.04568527918781726,0.0,0.5380710659898477
2model_gemini_flash_lite_llama_70b,"gemini_flash_lite,llama_70b",229,random_forest_router,0.9137055837563451,0.00012034974619289341,0.9137055837563451,0.030456852791878174,0.0,0.9644670050761421
2model_gemini_flash_lite_llama_70b,"gemini_flash_lite,llama_70b",229,extra_trees_router,0.9086294416243654,0.00010815137055837565,0.9086294416243654,0.03553299492385787,0.0,0.751269035532995
2model_gemini_flash_lite_llama_70b,"gemini_flash_lite,llama_70b",229,tfidf_logistic_router,0.9137055837563451,0.00011586071065989847,0.9137055837563451,0.030456852791878174,0.0,0.8883248730964467
2model_gemini_flash_lite_llama_70b,"gemini_flash_lite,llama_70b",229,tfidf_linear_svm_router,0.9137055837563451,0.00012077157360406092,0.9137055837563451,0.030456852791878174,0.0,0.9695431472081218
2model_gemini_flash_lite_llama_70b,"gemini_flash_lite,llama_70b",230,always_gemini_flash_lite,0.9187817258883249,0.00012391624365482235,0.9187817258883249,0.02030456852791878,0.0,0.9796954314720813
2model_gemini_flash_lite_llama_70b,"gemini_flash_lite,llama_70b",230,always_llama_70b,0.8781725888324873,5.418654314720812e-05,0.8781725888324873,0.06091370558375635,0.0,0.02030456852791878
2model_gemini_flash_lite_llama_70b,"gemini_flash_lite,llama_70b",230,random,0.9035532994923858,9.016507106598985e-05,0.9035532994923858,0.03553299492385787,0.0,0.5076142131979695
2model_gemini_flash_lite_llama_70b,"gemini_flash_lite,llama_70b",230,oracle,0.9390862944162437,0.0001224206802030457,0.9390862944162437,0.0,0.0,1.0
2model_gemini_flash_lite_llama_70b,"gemini_flash_lite,llama_70b",230,logistic_router,0.9035532994923858,0.00011202547715736042,0.9035532994923858,0.03553299492385787,0.0,0.7969543147208121
2model_gemini_flash_lite_llama_70b,"gemini_flash_lite,llama_70b",230,linear_svm_router,0.8984771573604061,0.00011629679695431473,0.8984771573604061,0.04060913705583756,0.0,0.8426395939086294
2model_gemini_flash_lite_llama_70b,"gemini_flash_lite,llama_70b",230,knn_router,0.9187817258883249,0.00012391624365482235,0.9187817258883249,0.02030456852791878,0.0,0.9796954314720813
2model_gemini_flash_lite_llama_70b,"gemini_flash_lite,llama_70b",230,decision_tree_router,0.8934010152284264,0.00010619961928934011,0.8934010152284264,0.04568527918781726,0.0,0.6903553299492385
2model_gemini_flash_lite_llama_70b,"gemini_flash_lite,llama_70b",230,random_forest_router,0.9137055837563451,0.0001219080456852792,0.9137055837563451,0.025380710659898477,0.0,0.9543147208121827
2model_gemini_flash_lite_llama_70b,"gemini_flash_lite,llama_70b",230,extra_trees_router,0.9035532994923858,0.00011831436548223353,0.9035532994923858,0.03553299492385787,0.0,0.8934010152284264
2model_gemini_flash_lite_llama_70b,"gemini_flash_lite,llama_70b",230,tfidf_logistic_router,0.9137055837563451,0.00011922164974619291,0.9137055837563451,0.025380710659898477,0.0,0.9187817258883249
2model_gemini_flash_lite_llama_70b,"gemini_flash_lite,llama_70b",230,tfidf_linear_svm_router,0.9187817258883249,0.00012279873096446701,0.9187817258883249,0.02030456852791878,0.0,0.9695431472081218
2model_gemini_flash_lite_llama_70b,"gemini_flash_lite,llama_70b",231,always_gemini_flash_lite,0.9289340101522843,0.00012848857868020305,0.9289340101522843,0.02030456852791878,0.0,0.9796954314720813
2model_gemini_flash_lite_llama_70b,"gemini_flash_lite,llama_70b",231,always_llama_70b,0.8984771573604061,5.3821685279187825e-05,0.8984771573604061,0.050761421319796954,0.0,0.02030456852791878
2model_gemini_flash_lite_llama_70b,"gemini_flash_lite,llama_70b",231,random,0.9086294416243654,9.188516751269036e-05,0.9086294416243654,0.04060913705583756,0.0,0.48223350253807107
2model_gemini_flash_lite_llama_70b,"gemini_flash_lite,llama_70b",231,oracle,0.949238578680203,0.0001273902233502538,0.949238578680203,0.0,0.0,1.0
2model_gemini_flash_lite_llama_70b,"gemini_flash_lite,llama_70b",231,logistic_router,0.9238578680203046,0.00011114756345177666,0.9238578680203046,0.025380710659898477,0.0,0.766497461928934
2model_gemini_flash_lite_llama_70b,"gemini_flash_lite,llama_70b",231,linear_svm_router,0.9238578680203046,0.0001159608883248731,0.9238578680203046,0.025380710659898477,0.0,0.817258883248731
2model_gemini_flash_lite_llama_70b,"gemini_flash_lite,llama_70b",231,knn_router,0.9289340101522843,0.00012848857868020305,0.9289340101522843,0.02030456852791878,0.0,0.9796954314720813
2model_gemini_flash_lite_llama_70b,"gemini_flash_lite,llama_70b",231,decision_tree_router,0.9187817258883249,0.00011029162436548223,0.9187817258883249,0.030456852791878174,0.0,0.7360406091370558
2model_gemini_flash_lite_llama_70b,"gemini_flash_lite,llama_70b",231,random_forest_router,0.9289340101522843,0.0001270305583756345,0.9289340101522843,0.02030456852791878,0.0,0.9593908629441624
2model_gemini_flash_lite_llama_70b,"gemini_flash_lite,llama_70b",231,extra_trees_router,0.9289340101522843,0.0001235663959390863,0.9289340101522843,0.02030456852791878,0.0,0.8934010152284264
2model_gemini_flash_lite_llama_70b,"gemini_flash_lite,llama_70b",231,tfidf_logistic_router,0.9289340101522843,0.0001208297461928934,0.9289340101522843,0.02030456852791878,0.0,0.8984771573604061
2model_gemini_flash_lite_llama_70b,"gemini_flash_lite,llama_70b",231,tfidf_linear_svm_router,0.9289340101522843,0.00012848857868020305,0.9289340101522843,0.02030456852791878,0.0,0.9796954314720813
2model_gemini_flash_lite_llama_70b,"gemini_flash_lite,llama_70b",232,always_gemini_flash_lite,0.9086294416243654,0.00012325000000000001,0.9086294416243654,0.06091370558375635,0.0,0.9390862944162437
2model_gemini_flash_lite_llama_70b,"gemini_flash_lite,llama_70b",232,always_llama_70b,0.9187817258883249,5.5371817258883244e-05,0.9187817258883249,0.050761421319796954,0.0,0.06091370558375635
2model_gemini_flash_lite_llama_70b,"gemini_flash_lite,llama_70b",232,random,0.9137055837563451,8.97458375634518e-05,0.9137055837563451,0.05583756345177665,0.0,0.5076142131979695
2model_gemini_flash_lite_llama_70b,"gemini_flash_lite,llama_70b",232,oracle,0.9695431472081218,0.00011978740609137056,0.9695431472081218,0.0,0.0,1.0
2model_gemini_flash_lite_llama_70b,"gemini_flash_lite,llama_70b",232,logistic_router,0.9086294416243654,0.00011696663959390863,0.9086294416243654,0.06091370558375635,0.0,0.8274111675126904
2model_gemini_flash_lite_llama_70b,"gemini_flash_lite,llama_70b",232,linear_svm_router,0.9086294416243654,0.00011806553299492386,0.9086294416243654,0.06091370558375635,0.0,0.8578680203045685
2model_gemini_flash_lite_llama_70b,"gemini_flash_lite,llama_70b",232,knn_router,0.9086294416243654,0.00012325000000000001,0.9086294416243654,0.06091370558375635,0.0,0.9390862944162437
2model_gemini_flash_lite_llama_70b,"gemini_flash_lite,llama_70b",232,decision_tree_router,0.9137055837563451,0.00011881278172588831,0.9137055837563451,0.05583756345177665,0.0,0.8934010152284264
2model_gemini_flash_lite_llama_70b,"gemini_flash_lite,llama_70b",232,random_forest_router,0.9086294416243654,0.00012192304568527919,0.9086294416243654,0.06091370558375635,0.0,0.9187817258883249
2model_gemini_flash_lite_llama_70b,"gemini_flash_lite,llama_70b",232,extra_trees_router,0.8934010152284264,0.000118697614213198,0.8934010152284264,0.07614213197969544,0.0,0.868020304568528
2model_gemini_flash_lite_llama_70b,"gemini_flash_lite,llama_70b",232,tfidf_logistic_router,0.9086294416243654,0.00011832758883248731,0.9086294416243654,0.06091370558375635,0.0,0.8781725888324873
2model_gemini_flash_lite_llama_70b,"gemini_flash_lite,llama_70b",232,tfidf_linear_svm_router,0.9086294416243654,0.00012228616751269034,0.9086294416243654,0.06091370558375635,0.0,0.9238578680203046
2model_gemini_flash_lite_llama_70b,"gemini_flash_lite,llama_70b",233,always_gemini_flash_lite,0.9289340101522843,0.00012413705583756346,0.9289340101522843,0.02030456852791878,0.0,0.9796954314720813
2model_gemini_flash_lite_llama_70b,"gemini_flash_lite,llama_70b",233,always_llama_70b,0.883248730964467,5.4729203045685284e-05,0.883248730964467,0.06598984771573604,0.0,0.02030456852791878
2model_gemini_flash_lite_llama_70b,"gemini_flash_lite,llama_70b",233,random,0.9086294416243654,8.800036040609138e-05,0.9086294416243654,0.04060913705583756,0.0,0.47715736040609136
2model_gemini_flash_lite_llama_70b,"gemini_flash_lite,llama_70b",233,oracle,0.949238578680203,0.00012241786802030458,0.949238578680203,0.0,0.0,1.0
2model_gemini_flash_lite_llama_70b,"gemini_flash_lite,llama_70b",233,logistic_router,0.9086294416243654,0.00011153996954314719,0.9086294416243654,0.04060913705583756,0.0,0.8071065989847716
2model_gemini_flash_lite_llama_70b,"gemini_flash_lite,llama_70b",233,linear_svm_router,0.9086294416243654,0.00011175519796954316,0.9086294416243654,0.04060913705583756,0.0,0.8020304568527918
2model_gemini_flash_lite_llama_70b,"gemini_flash_lite,llama_70b",233,knn_router,0.9289340101522843,0.00012413705583756346,0.9289340101522843,0.02030456852791878,0.0,0.9796954314720813
2model_gemini_flash_lite_llama_70b,"gemini_flash_lite,llama_70b",233,decision_tree_router,0.9035532994923858,9.301617258883249e-05,0.9035532994923858,0.04568527918781726,0.0,0.5786802030456852
2model_gemini_flash_lite_llama_70b,"gemini_flash_lite,llama_70b",233,random_forest_router,0.9238578680203046,0.0001236784263959391,0.9238578680203046,0.025380710659898477,0.0,0.9746192893401016
2model_gemini_flash_lite_llama_70b,"gemini_flash_lite,llama_70b",233,extra_trees_router,0.9137055837563451,0.00011826606598984774,0.9137055837563451,0.03553299492385787,0.0,0.8781725888324873
2model_gemini_flash_lite_llama_70b,"gemini_flash_lite,llama_70b",233,tfidf_logistic_router,0.9238578680203046,0.00011699771573604062,0.9238578680203046,0.025380710659898477,0.0,0.9035532994923858
2model_gemini_flash_lite_llama_70b,"gemini_flash_lite,llama_70b",233,tfidf_linear_svm_router,0.9289340101522843,0.00012315093908629442,0.9289340101522843,0.02030456852791878,0.0,0.9644670050761421
2model_gemini_flash_lite_deepseek_v3,"gemini_flash_lite,deepseek_v3",229,always_gemini_flash_lite,0.9137055837563451,0.00012077157360406092,0.9137055837563451,0.030456852791878174,0.0,0.9695431472081218
2model_gemini_flash_lite_deepseek_v3,"gemini_flash_lite,deepseek_v3",229,always_deepseek_v3,0.883248730964467,7.042395939086295e-05,0.883248730964467,0.06091370558375635,0.0,0.030456852791878174
2model_gemini_flash_lite_deepseek_v3,"gemini_flash_lite,deepseek_v3",229,random,0.9035532994923858,9.374908629441626e-05,0.9035532994923858,0.04060913705583756,0.0,0.4619289340101523
2model_gemini_flash_lite_deepseek_v3,"gemini_flash_lite,deepseek_v3",229,oracle,0.9441624365482234,0.00011803766497461931,0.9441624365482234,0.0,0.0,1.0
2model_gemini_flash_lite_deepseek_v3,"gemini_flash_lite,deepseek_v3",229,logistic_router,0.9187817258883249,0.00011339524873096446,0.9187817258883249,0.025380710659898477,0.0,0.8629441624365483
2model_gemini_flash_lite_deepseek_v3,"gemini_flash_lite,deepseek_v3",229,linear_svm_router,0.9187817258883249,0.00011454541116751268,0.9187817258883249,0.025380710659898477,0.0,0.8730964467005076
2model_gemini_flash_lite_deepseek_v3,"gemini_flash_lite,deepseek_v3",229,knn_router,0.9137055837563451,0.00012077157360406092,0.9137055837563451,0.030456852791878174,0.0,0.9695431472081218
2model_gemini_flash_lite_deepseek_v3,"gemini_flash_lite,deepseek_v3",229,decision_tree_router,0.8934010152284264,0.00010515694416243654,0.8934010152284264,0.050761421319796954,0.0,0.7208121827411168
2model_gemini_flash_lite_deepseek_v3,"gemini_flash_lite,deepseek_v3",229,random_forest_router,0.9137055837563451,0.00012045156345177665,0.9137055837563451,0.030456852791878174,0.0,0.9644670050761421
2model_gemini_flash_lite_deepseek_v3,"gemini_flash_lite,deepseek_v3",229,extra_trees_router,0.9086294416243654,0.00011552873096446701,0.9086294416243654,0.03553299492385787,0.0,0.9035532994923858
2model_gemini_flash_lite_deepseek_v3,"gemini_flash_lite,deepseek_v3",229,tfidf_logistic_router,0.9187817258883249,0.00011938223350253807,0.9187817258883249,0.025380710659898477,0.0,0.9441624365482234
2model_gemini_flash_lite_deepseek_v3,"gemini_flash_lite,deepseek_v3",229,tfidf_linear_svm_router,0.9137055837563451,0.0001208176649746193,0.9137055837563451,0.030456852791878174,0.0,0.9644670050761421
2model_gemini_flash_lite_deepseek_v3,"gemini_flash_lite,deepseek_v3",230,always_gemini_flash_lite,0.9187817258883249,0.00012391624365482235,0.9187817258883249,0.02030456852791878,0.0,0.9796954314720813
2model_gemini_flash_lite_deepseek_v3,"gemini_flash_lite,deepseek_v3",230,always_deepseek_v3,0.9137055837563451,7.150268020304568e-05,0.9137055837563451,0.025380710659898477,0.0,0.02030456852791878
2model_gemini_flash_lite_deepseek_v3,"gemini_flash_lite,deepseek_v3",230,random,0.9086294416243654,9.695995939086293e-05,0.9086294416243654,0.030456852791878174,0.0,0.5076142131979695
2model_gemini_flash_lite_deepseek_v3,"gemini_flash_lite,deepseek_v3",230,oracle,0.9390862944162437,0.00012308807106598986,0.9390862944162437,0.0,0.0,1.0
2model_gemini_flash_lite_deepseek_v3,"gemini_flash_lite,deepseek_v3",230,logistic_router,0.9187817258883249,0.00011894639593908631,0.9187817258883249,0.02030456852791878,0.0,0.8984771573604061
2model_gemini_flash_lite_deepseek_v3,"gemini_flash_lite,deepseek_v3",230,linear_svm_router,0.9187817258883249,0.00012060829441624366,0.9187817258883249,0.02030456852791878,0.0,0.9238578680203046
2model_gemini_flash_lite_deepseek_v3,"gemini_flash_lite,deepseek_v3",230,knn_router,0.9187817258883249,0.00012391624365482235,0.9187817258883249,0.02030456852791878,0.0,0.9796954314720813
2model_gemini_flash_lite_deepseek_v3,"gemini_flash_lite,deepseek_v3",230,decision_tree_router,0.9187817258883249,0.00011287339086294417,0.9187817258883249,0.02030456852791878,0.0,0.766497461928934
2model_gemini_flash_lite_deepseek_v3,"gemini_flash_lite,deepseek_v3",230,random_forest_router,0.9137055837563451,0.00012313497461928936,0.9137055837563451,0.025380710659898477,0.0,0.9644670050761421
2model_gemini_flash_lite_deepseek_v3,"gemini_flash_lite,deepseek_v3",230,extra_trees_router,0.9086294416243654,0.00012155375634517768,0.9086294416243654,0.030456852791878174,0.0,0.9390862944162437
2model_gemini_flash_lite_deepseek_v3,"gemini_flash_lite,deepseek_v3",230,tfidf_logistic_router,0.9187817258883249,0.00012181905583756346,0.9187817258883249,0.02030456852791878,0.0,0.9441624365482234
2model_gemini_flash_lite_deepseek_v3,"gemini_flash_lite,deepseek_v3",230,tfidf_linear_svm_router,0.9137055837563451,0.00012315913705583756,0.9137055837563451,0.025380710659898477,0.0,0.9644670050761421
2model_gemini_flash_lite_deepseek_v3,"gemini_flash_lite,deepseek_v3",231,always_gemini_flash_lite,0.9289340101522843,0.00012848857868020305,0.9289340101522843,0.02030456852791878,0.0,0.9796954314720813
2model_gemini_flash_lite_deepseek_v3,"gemini_flash_lite,deepseek_v3",231,always_deepseek_v3,0.8984771573604061,7.693892385786802e-05,0.8984771573604061,0.050761421319796954,0.0,0.02030456852791878
2model_gemini_flash_lite_deepseek_v3,"gemini_flash_lite,deepseek_v3",231,random,0.8984771573604061,0.00010230976649746191,0.8984771573604061,0.050761421319796954,0.0,0.4720812182741117
2model_gemini_flash_lite_deepseek_v3,"gemini_flash_lite,deepseek_v3",231,oracle,0.949238578680203,0.00012708964467005073,0.949238578680203,0.0,0.0,1.0
2model_gemini_flash_lite_deepseek_v3,"gemini_flash_lite,deepseek_v3",231,logistic_router,0.9289340101522843,0.00012310355329949238,0.9289340101522843,0.02030456852791878,0.0,0.8883248730964467
2model_gemini_flash_lite_deepseek_v3,"gemini_flash_lite,deepseek_v3",231,linear_svm_router,0.9289340101522843,0.00012354675126903552,0.9289340101522843,0.02030456852791878,0.0,0.8883248730964467
2model_gemini_flash_lite_deepseek_v3,"gemini_flash_lite,deepseek_v3",231,knn_router,0.9289340101522843,0.00012848857868020305,0.9289340101522843,0.02030456852791878,0.0,0.9796954314720813
2model_gemini_flash_lite_deepseek_v3,"gemini_flash_lite,deepseek_v3",231,decision_tree_router,0.9238578680203046,0.00011325756345177665,0.9238578680203046,0.025380710659898477,0.0,0.7157360406091371
2model_gemini_flash_lite_deepseek_v3,"gemini_flash_lite,deepseek_v3",231,random_forest_router,0.9289340101522843,0.00012659442639593907,0.9289340101522843,0.02030456852791878,0.0,0.9543147208121827
2model_gemini_flash_lite_deepseek_v3,"gemini_flash_lite,deepseek_v3",231,extra_trees_router,0.9289340101522843,0.0001249973502538071,0.9289340101522843,0.02030456852791878,0.0,0.9238578680203046
2model_gemini_flash_lite_deepseek_v3,"gemini_flash_lite,deepseek_v3",231,tfidf_logistic_router,0.9289340101522843,0.00012611257868020304,0.9289340101522843,0.02030456852791878,0.0,0.9390862944162437
2model_gemini_flash_lite_deepseek_v3,"gemini_flash_lite,deepseek_v3",231,tfidf_linear_svm_router,0.9238578680203046,0.00012806913705583757,0.9238578680203046,0.025380710659898477,0.0,0.9695431472081218
2model_gemini_flash_lite_deepseek_v3,"gemini_flash_lite,deepseek_v3",232,always_gemini_flash_lite,0.9086294416243654,0.00012325000000000001,0.9086294416243654,0.050761421319796954,0.0,0.949238578680203
2model_gemini_flash_lite_deepseek_v3,"gemini_flash_lite,deepseek_v3",232,always_deepseek_v3,0.9238578680203046,6.975652791878173e-05,0.9238578680203046,0.03553299492385787,0.0,0.050761421319796954
2model_gemini_flash_lite_deepseek_v3,"gemini_flash_lite,deepseek_v3",232,random,0.9086294416243654,9.615765482233502e-05,0.9086294416243654,0.050761421319796954,0.0,0.5076142131979695
2model_gemini_flash_lite_deepseek_v3,"gemini_flash_lite,deepseek_v3",232,oracle,0.9593908629441624,0.0001187394923857868,0.9593908629441624,0.0,0.0,1.0
2model_gemini_flash_lite_deepseek_v3,"gemini_flash_lite,deepseek_v3",232,logistic_router,0.9086294416243654,0.00011941624365482233,0.9086294416243654,0.050761421319796954,0.0,0.8477157360406091
2model_gemini_flash_lite_deepseek_v3,"gemini_flash_lite,deepseek_v3",232,linear_svm_router,0.9086294416243654,0.00012005962436548225,0.9086294416243654,0.050761421319796954,0.0,0.8730964467005076
2model_gemini_flash_lite_deepseek_v3,"gemini_flash_lite,deepseek_v3",232,knn_router,0.9086294416243654,0.00012325000000000001,0.9086294416243654,0.050761421319796954,0.0,0.949238578680203
2model_gemini_flash_lite_deepseek_v3,"gemini_flash_lite,deepseek_v3",232,decision_tree_router,0.9086294416243654,0.00012107802030456853,0.9086294416243654,0.050761421319796954,0.0,0.9137055837563451
2model_gemini_flash_lite_deepseek_v3,"gemini_flash_lite,deepseek_v3",232,random_forest_router,0.9086294416243654,0.0001229025888324873,0.9086294416243654,0.050761421319796954,0.0,0.9441624365482234
2model_gemini_flash_lite_deepseek_v3,"gemini_flash_lite,deepseek_v3",232,extra_trees_router,0.9086294416243654,0.00012254622335025383,0.9086294416243654,0.050761421319796954,0.0,0.934010152284264
2model_gemini_flash_lite_deepseek_v3,"gemini_flash_lite,deepseek_v3",232,tfidf_logistic_router,0.9086294416243654,0.00012114378680203046,0.9086294416243654,0.050761421319796954,0.0,0.8984771573604061
2model_gemini_flash_lite_deepseek_v3,"gemini_flash_lite,deepseek_v3",232,tfidf_linear_svm_router,0.9086294416243654,0.00012299923857868021,0.9086294416243654,0.050761421319796954,0.0,0.9441624365482234
2model_gemini_flash_lite_deepseek_v3,"gemini_flash_lite,deepseek_v3",233,always_gemini_flash_lite,0.9289340101522843,0.00012413705583756346,0.9289340101522843,0.030456852791878174,0.0,0.9695431472081218
2model_gemini_flash_lite_deepseek_v3,"gemini_flash_lite,deepseek_v3",233,always_deepseek_v3,0.9187817258883249,7.352493401015228e-05,0.9187817258883249,0.04060913705583756,0.0,0.030456852791878174
2model_gemini_flash_lite_deepseek_v3,"gemini_flash_lite,deepseek_v3",233,random,0.9289340101522843,9.767192893401015e-05,0.9289340101522843,0.030456852791878174,0.0,0.467005076142132
2model_gemini_flash_lite_deepseek_v3,"gemini_flash_lite,deepseek_v3",233,oracle,0.9593908629441624,0.00012232558375634516,0.9593908629441624,0.0,0.0,1.0
2model_gemini_flash_lite_deepseek_v3,"gemini_flash_lite,deepseek_v3",233,logistic_router,0.934010152284264,0.00012138219289340101,0.934010152284264,0.025380710659898477,0.0,0.9187817258883249
2model_gemini_flash_lite_deepseek_v3,"gemini_flash_lite,deepseek_v3",233,linear_svm_router,0.934010152284264,0.00012069425380710658,0.934010152284264,0.025380710659898477,0.0,0.9086294416243654
2model_gemini_flash_lite_deepseek_v3,"gemini_flash_lite,deepseek_v3",233,knn_router,0.9289340101522843,0.00012413705583756346,0.9289340101522843,0.030456852791878174,0.0,0.9695431472081218
2model_gemini_flash_lite_deepseek_v3,"gemini_flash_lite,deepseek_v3",233,decision_tree_router,0.9238578680203046,0.00011169741116751269,0.9238578680203046,0.03553299492385787,0.0,0.751269035532995
2model_gemini_flash_lite_deepseek_v3,"gemini_flash_lite,deepseek_v3",233,random_forest_router,0.9238578680203046,0.00012388299492385786,0.9238578680203046,0.03553299492385787,0.0,0.9644670050761421
2model_gemini_flash_lite_deepseek_v3,"gemini_flash_lite,deepseek_v3",233,extra_trees_router,0.9289340101522843,0.00012156889340101523,0.9289340101522843,0.030456852791878174,0.0,0.934010152284264
2model_gemini_flash_lite_deepseek_v3,"gemini_flash_lite,deepseek_v3",233,tfidf_logistic_router,0.934010152284264,0.00012313579695431474,0.934010152284264,0.025380710659898477,0.0,0.9543147208121827
2model_gemini_flash_lite_deepseek_v3,"gemini_flash_lite,deepseek_v3",233,tfidf_linear_svm_router,0.9289340101522843,0.0001239089847715736,0.9289340101522843,0.030456852791878174,0.0,0.9644670050761421
2model_gemini_flash_lite_granite_8b,"gemini_flash_lite,granite_8b",229,always_gemini_flash_lite,0.9137055837563451,0.00012077157360406092,0.9137055837563451,0.04568527918781726,0.0,0.9543147208121827
2model_gemini_flash_lite_granite_8b,"gemini_flash_lite,granite_8b",229,always_granite_8b,0.8375634517766497,1.603908629441624e-05,0.8375634517766497,0.1218274111675127,0.0,0.04568527918781726
2model_gemini_flash_lite_granite_8b,"gemini_flash_lite,granite_8b",229,random,0.8527918781725888,6.557030456852792e-05,0.8527918781725888,0.1065989847715736,0.0,0.4467005076142132
2model_gemini_flash_lite_granite_8b,"gemini_flash_lite,granite_8b",229,oracle,0.9593908629441624,0.00011471091370558376,0.9593908629441624,0.0,0.0,1.0
2model_gemini_flash_lite_granite_8b,"gemini_flash_lite,granite_8b",229,logistic_router,0.8984771573604061,0.00010067563451776649,0.8984771573604061,0.06091370558375635,0.0,0.7563451776649747
2model_gemini_flash_lite_granite_8b,"gemini_flash_lite,granite_8b",229,linear_svm_router,0.9035532994923858,0.00010282664974619289,0.9035532994923858,0.05583756345177665,0.0,0.7715736040609137
2model_gemini_flash_lite_granite_8b,"gemini_flash_lite,granite_8b",229,knn_router,0.9137055837563451,0.00012077157360406092,0.9137055837563451,0.04568527918781726,0.0,0.9543147208121827
2model_gemini_flash_lite_granite_8b,"gemini_flash_lite,granite_8b",229,decision_tree_router,0.8781725888324873,7.353934010152285e-05,0.8781725888324873,0.08121827411167512,0.0,0.5228426395939086
2model_gemini_flash_lite_granite_8b,"gemini_flash_lite,granite_8b",229,random_forest_router,0.9137055837563451,0.00011917055837563453,0.9137055837563451,0.04568527918781726,0.0,0.9390862944162437
2model_gemini_flash_lite_granite_8b,"gemini_flash_lite,granite_8b",229,extra_trees_router,0.8984771573604061,0.000109298730964467,0.8984771573604061,0.06091370558375635,0.0,0.8375634517766497
2model_gemini_flash_lite_granite_8b,"gemini_flash_lite,granite_8b",229,tfidf_logistic_router,0.9086294416243654,0.00011555939086294415,0.9086294416243654,0.050761421319796954,0.0,0.9137055837563451
2model_gemini_flash_lite_granite_8b,"gemini_flash_lite,granite_8b",229,tfidf_linear_svm_router,0.9137055837563451,0.00011845964467005077,0.9137055837563451,0.04568527918781726,0.0,0.9390862944162437
2model_gemini_flash_lite_granite_8b,"gemini_flash_lite,granite_8b",230,always_gemini_flash_lite,0.9187817258883249,0.00012391624365482235,0.9187817258883249,0.025380710659898477,0.0,0.9746192893401016
2model_gemini_flash_lite_granite_8b,"gemini_flash_lite,granite_8b",230,always_granite_8b,0.8477157360406091,1.58748730964467e-05,0.8477157360406091,0.09644670050761421,0.0,0.025380710659898477
2model_gemini_flash_lite_granite_8b,"gemini_flash_lite,granite_8b",230,random,0.8730964467005076,6.957741116751269e-05,0.8730964467005076,0.07106598984771574,0.0,0.5126903553299492
2model_gemini_flash_lite_granite_8b,"gemini_flash_lite,granite_8b",230,oracle,0.9441624365482234,0.00012042969543147207,0.9441624365482234,0.0,0.0,1.0
2model_gemini_flash_lite_granite_8b,"gemini_flash_lite,granite_8b",230,logistic_router,0.9086294416243654,0.00011071776649746194,0.9086294416243654,0.03553299492385787,0.0,0.8730964467005076
2model_gemini_flash_lite_granite_8b,"gemini_flash_lite,granite_8b",230,linear_svm_router,0.9187817258883249,0.00011285786802030458,0.9187817258883249,0.025380710659898477,0.0,0.8984771573604061
2model_gemini_flash_lite_granite_8b,"gemini_flash_lite,granite_8b",230,knn_router,0.9187817258883249,0.00012391624365482235,0.9187817258883249,0.025380710659898477,0.0,0.9746192893401016
2model_gemini_flash_lite_granite_8b,"gemini_flash_lite,granite_8b",230,decision_tree_router,0.8934010152284264,9.706852791878173e-05,0.8934010152284264,0.050761421319796954,0.0,0.6903553299492385
2model_gemini_flash_lite_granite_8b,"gemini_flash_lite,granite_8b",230,random_forest_router,0.9187817258883249,0.00012221497461928935,0.9187817258883249,0.025380710659898477,0.0,0.9543147208121827
2model_gemini_flash_lite_granite_8b,"gemini_flash_lite,granite_8b",230,extra_trees_router,0.9137055837563451,0.00011774746192893402,0.9137055837563451,0.030456852791878174,0.0,0.9187817258883249
2model_gemini_flash_lite_granite_8b,"gemini_flash_lite,granite_8b",230,tfidf_logistic_router,0.9187817258883249,0.00011526802030456853,0.9187817258883249,0.025380710659898477,0.0,0.9187817258883249
2model_gemini_flash_lite_granite_8b,"gemini_flash_lite,granite_8b",230,tfidf_linear_svm_router,0.9187817258883249,0.00012172106598984772,0.9187817258883249,0.025380710659898477,0.0,0.9593908629441624
2model_gemini_flash_lite_granite_8b,"gemini_flash_lite,granite_8b",231,always_gemini_flash_lite,0.9289340101522843,0.00012848857868020305,0.9289340101522843,0.025380710659898477,0.0,0.9746192893401016
2model_gemini_flash_lite_granite_8b,"gemini_flash_lite,granite_8b",231,always_granite_8b,0.8527918781725888,1.6751015228426392e-05,0.8527918781725888,0.10152284263959391,0.0,0.025380710659898477
2model_gemini_flash_lite_granite_8b,"gemini_flash_lite,granite_8b",231,random,0.8883248730964467,7.244365482233502e-05,0.8883248730964467,0.06598984771573604,0.0,0.47715736040609136
2model_gemini_flash_lite_granite_8b,"gemini_flash_lite,granite_8b",231,oracle,0.9543147208121827,0.000124846192893401,0.9543147208121827,0.0,0.0,1.0
2model_gemini_flash_lite_granite_8b,"gemini_flash_lite,granite_8b",231,logistic_router,0.9187817258883249,0.00011341142131979696,0.9187817258883249,0.03553299492385787,0.0,0.8629441624365483
2model_gemini_flash_lite_granite_8b,"gemini_flash_lite,granite_8b",231,linear_svm_router,0.9289340101522843,0.00011638756345177665,0.9289340101522843,0.025380710659898477,0.0,0.883248730964467
2model_gemini_flash_lite_granite_8b,"gemini_flash_lite,granite_8b",231,knn_router,0.9289340101522843,0.00012848857868020305,0.9289340101522843,0.025380710659898477,0.0,0.9746192893401016
2model_gemini_flash_lite_granite_8b,"gemini_flash_lite,granite_8b",231,decision_tree_router,0.9035532994923858,0.00011048857868020303,0.9035532994923858,0.050761421319796954,0.0,0.8375634517766497
2model_gemini_flash_lite_granite_8b,"gemini_flash_lite,granite_8b",231,random_forest_router,0.9289340101522843,0.00012555304568527916,0.9289340101522843,0.025380710659898477,0.0,0.949238578680203
2model_gemini_flash_lite_granite_8b,"gemini_flash_lite,granite_8b",231,extra_trees_router,0.934010152284264,0.00011924441624365482,0.934010152284264,0.02030456852791878,0.0,0.9086294416243654
2model_gemini_flash_lite_granite_8b,"gemini_flash_lite,granite_8b",231,tfidf_logistic_router,0.9289340101522843,0.00011806319796954314,0.9289340101522843,0.025380710659898477,0.0,0.9035532994923858
2model_gemini_flash_lite_granite_8b,"gemini_flash_lite,granite_8b",231,tfidf_linear_svm_router,0.9289340101522843,0.00012739213197969545,0.9289340101522843,0.025380710659898477,0.0,0.9695431472081218
2model_gemini_flash_lite_granite_8b,"gemini_flash_lite,granite_8b",232,always_gemini_flash_lite,0.9086294416243654,0.00012325000000000001,0.9086294416243654,0.06091370558375635,0.0,0.9390862944162437
2model_gemini_flash_lite_granite_8b,"gemini_flash_lite,granite_8b",232,always_granite_8b,0.868020304568528,1.6348477157360407e-05,0.868020304568528,0.10152284263959391,0.0,0.06091370558375635
2model_gemini_flash_lite_granite_8b,"gemini_flash_lite,granite_8b",232,random,0.9137055837563451,6.986700507614213e-05,0.9137055837563451,0.05583756345177665,0.0,0.5076142131979695
2model_gemini_flash_lite_granite_8b,"gemini_flash_lite,granite_8b",232,oracle,0.9695431472081218,0.000114451269035533,0.9695431472081218,0.0,0.0,1.0
2model_gemini_flash_lite_granite_8b,"gemini_flash_lite,granite_8b",232,logistic_router,0.8984771573604061,0.000113148730964467,0.8984771573604061,0.07106598984771574,0.0,0.8527918781725888
2model_gemini_flash_lite_granite_8b,"gemini_flash_lite,granite_8b",232,linear_svm_router,0.9035532994923858,0.00011760659898477158,0.9035532994923858,0.06598984771573604,0.0,0.883248730964467
2model_gemini_flash_lite_granite_8b,"gemini_flash_lite,granite_8b",232,knn_router,0.9086294416243654,0.00012325000000000001,0.9086294416243654,0.06091370558375635,0.0,0.9390862944162437
2model_gemini_flash_lite_granite_8b,"gemini_flash_lite,granite_8b",232,decision_tree_router,0.8730964467005076,0.0001026972081218274,0.8730964467005076,0.09644670050761421,0.0,0.7411167512690355
2model_gemini_flash_lite_granite_8b,"gemini_flash_lite,granite_8b",232,random_forest_router,0.9086294416243654,0.00012218223350253808,0.9086294416243654,0.06091370558375635,0.0,0.9289340101522843
2model_gemini_flash_lite_granite_8b,"gemini_flash_lite,granite_8b",232,extra_trees_router,0.9035532994923858,0.000119042385786802,0.9035532994923858,0.06598984771573604,0.0,0.9035532994923858
2model_gemini_flash_lite_granite_8b,"gemini_flash_lite,granite_8b",232,tfidf_logistic_router,0.9035532994923858,0.00011925507614213198,0.9035532994923858,0.06598984771573604,0.0,0.9035532994923858
2model_gemini_flash_lite_granite_8b,"gemini_flash_lite,granite_8b",232,tfidf_linear_svm_router,0.9086294416243654,0.00012252131979695433,0.9086294416243654,0.06091370558375635,0.0,0.934010152284264
2model_gemini_flash_lite_granite_8b,"gemini_flash_lite,granite_8b",233,always_gemini_flash_lite,0.9289340101522843,0.00012413705583756346,0.9289340101522843,0.025380710659898477,0.0,0.9746192893401016
2model_gemini_flash_lite_granite_8b,"gemini_flash_lite,granite_8b",233,always_granite_8b,0.8527918781725888,1.6294162436548225e-05,0.8527918781725888,0.10152284263959391,0.0,0.025380710659898477
2model_gemini_flash_lite_granite_8b,"gemini_flash_lite,granite_8b",233,random,0.8934010152284264,6.790456852791879e-05,0.8934010152284264,0.06091370558375635,0.0,0.4720812182741117
2model_gemini_flash_lite_granite_8b,"gemini_flash_lite,granite_8b",233,oracle,0.9543147208121827,0.00012047005076142132,0.9543147208121827,0.0,0.0,1.0
2model_gemini_flash_lite_granite_8b,"gemini_flash_lite,granite_8b",233,logistic_router,0.934010152284264,0.00011654720812182741,0.934010152284264,0.02030456852791878,0.0,0.9289340101522843
2model_gemini_flash_lite_granite_8b,"gemini_flash_lite,granite_8b",233,linear_svm_router,0.9289340101522843,0.00011741548223350253,0.9289340101522843,0.025380710659898477,0.0,0.934010152284264
2model_gemini_flash_lite_granite_8b,"gemini_flash_lite,granite_8b",233,knn_router,0.9289340101522843,0.00012413705583756346,0.9289340101522843,0.025380710659898477,0.0,0.9746192893401016
2model_gemini_flash_lite_granite_8b,"gemini_flash_lite,granite_8b",233,decision_tree_router,0.9086294416243654,9.799086294416245e-05,0.9086294416243654,0.04568527918781726,0.0,0.7309644670050761
2model_gemini_flash_lite_granite_8b,"gemini_flash_lite,granite_8b",233,random_forest_router,0.9289340101522843,0.00012320456852791878,0.9289340101522843,0.025380710659898477,0.0,0.9644670050761421
2model_gemini_flash_lite_granite_8b,"gemini_flash_lite,granite_8b",233,extra_trees_router,0.9187817258883249,0.0001198555837563452,0.9187817258883249,0.03553299492385787,0.0,0.9289340101522843
2model_gemini_flash_lite_granite_8b,"gemini_flash_lite,granite_8b",233,tfidf_logistic_router,0.9238578680203046,0.00012134593908629442,0.9238578680203046,0.030456852791878174,0.0,0.9441624365482234
2model_gemini_flash_lite_granite_8b,"gemini_flash_lite,granite_8b",233,tfidf_linear_svm_router,0.9289340101522843,0.00012299543147208122,0.9289340101522843,0.025380710659898477,0.0,0.9644670050761421
2model_qwen_30b_llama_70b,"qwen_30b,llama_70b",229,always_qwen_30b,0.868020304568528,2.3474460913705585e-05,0.868020304568528,0.06091370558375635,0.0,0.9390862944162437
2model_qwen_30b_llama_70b,"qwen_30b,llama_70b",229,always_llama_70b,0.8934010152284264,5.343402538071066e-05,0.8934010152284264,0.03553299492385787,0.0,0.06091370558375635
2model_qwen_30b_llama_70b,"qwen_30b,llama_70b",229,random,0.8781725888324873,3.947131979695432e-05,0.8781725888324873,0.050761421319796954,0.0,0.4517766497461929
2model_qwen_30b_llama_70b,"qwen_30b,llama_70b",229,oracle,0.9289340101522843,2.579014111675127e-05,0.9289340101522843,0.0,0.0,1.0
2model_qwen_30b_llama_70b,"qwen_30b,llama_70b",229,logistic_router,0.883248730964467,3.0434847715736044e-05,0.883248730964467,0.04568527918781726,0.0,0.7715736040609137
2model_qwen_30b_llama_70b,"qwen_30b,llama_70b",229,linear_svm_router,0.883248730964467,3.0405750253807113e-05,0.883248730964467,0.04568527918781726,0.0,0.7715736040609137
2model_qwen_30b_llama_70b,"qwen_30b,llama_70b",229,knn_router,0.868020304568528,2.3474460913705585e-05,0.868020304568528,0.06091370558375635,0.0,0.9390862944162437
2model_qwen_30b_llama_70b,"qwen_30b,llama_70b",229,decision_tree_router,0.868020304568528,2.9664124873096444e-05,0.868020304568528,0.06091370558375635,0.0,0.7309644670050761
2model_qwen_30b_llama_70b,"qwen_30b,llama_70b",229,random_forest_router,0.8629441624365483,2.608595837563452e-05,0.8629441624365483,0.06598984771573604,0.0,0.8426395939086294
2model_qwen_30b_llama_70b,"qwen_30b,llama_70b",229,extra_trees_router,0.8730964467005076,2.8601432487309647e-05,0.8730964467005076,0.05583756345177665,0.0,0.7918781725888325
2model_qwen_30b_llama_70b,"qwen_30b,llama_70b",229,tfidf_logistic_router,0.8730964467005076,2.7255634517766497e-05,0.8730964467005076,0.05583756345177665,0.0,0.8324873096446701
2model_qwen_30b_llama_70b,"qwen_30b,llama_70b",229,tfidf_linear_svm_router,0.8730964467005076,2.3666897461928934e-05,0.8730964467005076,0.05583756345177665,0.0,0.934010152284264
2model_qwen_30b_llama_70b,"qwen_30b,llama_70b",230,always_qwen_30b,0.9187817258883249,2.4823336040609136e-05,0.9187817258883249,0.030456852791878174,0.0,0.9695431472081218
2model_qwen_30b_llama_70b,"qwen_30b,llama_70b",230,always_llama_70b,0.8781725888324873,5.418654314720812e-05,0.8781725888324873,0.07106598984771574,0.0,0.030456852791878174
2model_qwen_30b_llama_70b,"qwen_30b,llama_70b",230,random,0.9035532994923858,4.0314549238578684e-05,0.9035532994923858,0.04568527918781726,0.0,0.5076142131979695
2model_qwen_30b_llama_70b,"qwen_30b,llama_70b",230,oracle,0.949238578680203,2.6049299492385787e-05,0.949238578680203,0.0,0.0,1.0
2model_qwen_30b_llama_70b,"qwen_30b,llama_70b",230,logistic_router,0.9035532994923858,3.1550406091370554e-05,0.9035532994923858,0.04568527918781726,0.0,0.7918781725888325
2model_qwen_30b_llama_70b,"qwen_30b,llama_70b",230,linear_svm_router,0.9086294416243654,3.0354083248730962e-05,0.9086294416243654,0.04060913705583756,0.0,0.8324873096446701
2model_qwen_30b_llama_70b,"qwen_30b,llama_70b",230,knn_router,0.9187817258883249,2.4823336040609136e-05,0.9187817258883249,0.030456852791878174,0.0,0.9695431472081218
2model_qwen_30b_llama_70b,"qwen_30b,llama_70b",230,decision_tree_router,0.9086294416243654,3.119403756345178e-05,0.9086294416243654,0.04060913705583756,0.0,0.8071065989847716
2model_qwen_30b_llama_70b,"qwen_30b,llama_70b",230,random_forest_router,0.9086294416243654,2.700426497461929e-05,0.9086294416243654,0.04060913705583756,0.0,0.8934010152284264
2model_qwen_30b_llama_70b,"qwen_30b,llama_70b",230,extra_trees_router,0.8984771573604061,2.923283654822335e-05,0.8984771573604061,0.050761421319796954,0.0,0.817258883248731
2model_qwen_30b_llama_70b,"qwen_30b,llama_70b",230,tfidf_logistic_router,0.9086294416243654,2.8093099492385786e-05,0.9086294416243654,0.04060913705583756,0.0,0.868020304568528
2model_qwen_30b_llama_70b,"qwen_30b,llama_70b",230,tfidf_linear_svm_router,0.9238578680203046,2.5172659898477156e-05,0.9238578680203046,0.025380710659898477,0.0,0.9441624365482234
2model_qwen_30b_llama_70b,"qwen_30b,llama_70b",231,always_qwen_30b,0.8883248730964467,2.600484670050761e-05,0.8883248730964467,0.05583756345177665,0.0,0.9441624365482234
2model_qwen_30b_llama_70b,"qwen_30b,llama_70b",231,always_llama_70b,0.8984771573604061,5.3821685279187825e-05,0.8984771573604061,0.04568527918781726,0.0,0.05583756345177665
2model_qwen_30b_llama_70b,"qwen_30b,llama_70b",231,random,0.8781725888324873,4.1354942131979694e-05,0.8781725888324873,0.06598984771573604,0.0,0.45685279187817257
2model_qwen_30b_llama_70b,"qwen_30b,llama_70b",231,oracle,0.9441624365482234,2.7760851776649744e-05,0.9441624365482234,0.0,0.0,1.0
2model_qwen_30b_llama_70b,"qwen_30b,llama_70b",231,logistic_router,0.8934010152284264,3.2138959390862947e-05,0.8934010152284264,0.050761421319796954,0.0,0.7766497461928934
2model_qwen_30b_llama_70b,"qwen_30b,llama_70b",231,linear_svm_router,0.8984771573604061,3.20528923857868e-05,0.8984771573604061,0.04568527918781726,0.0,0.7715736040609137
2model_qwen_30b_llama_70b,"qwen_30b,llama_70b",231,knn_router,0.8883248730964467,2.600484670050761e-05,0.8883248730964467,0.05583756345177665,0.0,0.9441624365482234
2model_qwen_30b_llama_70b,"qwen_30b,llama_70b",231,decision_tree_router,0.8934010152284264,3.3851583756345175e-05,0.8934010152284264,0.050761421319796954,0.0,0.7208121827411168
2model_qwen_30b_llama_70b,"qwen_30b,llama_70b",231,random_forest_router,0.8934010152284264,2.871682233502538e-05,0.8934010152284264,0.050761421319796954,0.0,0.9035532994923858
2model_qwen_30b_llama_70b,"qwen_30b,llama_70b",231,extra_trees_router,0.8934010152284264,3.055157563451777e-05,0.8934010152284264,0.050761421319796954,0.0,0.817258883248731
2model_qwen_30b_llama_70b,"qwen_30b,llama_70b",231,tfidf_logistic_router,0.8934010152284264,2.891416243654822e-05,0.8934010152284264,0.050761421319796954,0.0,0.8781725888324873
2model_qwen_30b_llama_70b,"qwen_30b,llama_70b",231,tfidf_linear_svm_router,0.8934010152284264,2.6578686294416244e-05,0.8934010152284264,0.050761421319796954,0.0,0.934010152284264
2model_qwen_30b_llama_70b,"qwen_30b,llama_70b",232,always_qwen_30b,0.9137055837563451,2.631308629441624e-05,0.9137055837563451,0.04568527918781726,0.0,0.9543147208121827
2model_qwen_30b_llama_70b,"qwen_30b,llama_70b",232,always_llama_70b,0.9187817258883249,5.5371817258883244e-05,0.9187817258883249,0.04060913705583756,0.0,0.04568527918781726
2model_qwen_30b_llama_70b,"qwen_30b,llama_70b",232,random,0.9035532994923858,4.1713177664974616e-05,0.9035532994923858,0.05583756345177665,0.0,0.48223350253807107
2model_qwen_30b_llama_70b,"qwen_30b,llama_70b",232,oracle,0.9593908629441624,2.8180278172588826e-05,0.9593908629441624,0.0,0.0,1.0
2model_qwen_30b_llama_70b,"qwen_30b,llama_70b",232,logistic_router,0.8934010152284264,3.374481421319797e-05,0.8934010152284264,0.06598984771573604,0.0,0.7360406091370558
2model_qwen_30b_llama_70b,"qwen_30b,llama_70b",232,linear_svm_router,0.8984771573604061,3.236695431472081e-05,0.8984771573604061,0.06091370558375635,0.0,0.7766497461928934
2model_qwen_30b_llama_70b,"qwen_30b,llama_70b",232,knn_router,0.9137055837563451,2.631308629441624e-05,0.9137055837563451,0.04568527918781726,0.0,0.9543147208121827
2model_qwen_30b_llama_70b,"qwen_30b,llama_70b",232,decision_tree_router,0.9035532994923858,3.5725794923857866e-05,0.9035532994923858,0.05583756345177665,0.0,0.6751269035532995
2model_qwen_30b_llama_70b,"qwen_30b,llama_70b",232,random_forest_router,0.8984771573604061,2.8286322842639595e-05,0.8984771573604061,0.06091370558375635,0.0,0.8984771573604061
2model_qwen_30b_llama_70b,"qwen_30b,llama_70b",232,extra_trees_router,0.9035532994923858,2.973843147208121e-05,0.9035532994923858,0.05583756345177665,0.0,0.8426395939086294
2model_qwen_30b_llama_70b,"qwen_30b,llama_70b",232,tfidf_logistic_router,0.8984771573604061,3.119322131979695e-05,0.8984771573604061,0.06091370558375635,0.0,0.8324873096446701
2model_qwen_30b_llama_70b,"qwen_30b,llama_70b",232,tfidf_linear_svm_router,0.9137055837563451,2.7391859898477157e-05,0.9137055837563451,0.04568527918781726,0.0,0.9187817258883249
2model_qwen_30b_llama_70b,"qwen_30b,llama_70b",233,always_qwen_30b,0.9086294416243654,2.511114720812183e-05,0.9086294416243654,0.03553299492385787,0.0,0.9644670050761421
2model_qwen_30b_llama_70b,"qwen_30b,llama_70b",233,always_llama_70b,0.883248730964467,5.4729203045685284e-05,0.883248730964467,0.06091370558375635,0.0,0.03553299492385787
2model_qwen_30b_llama_70b,"qwen_30b,llama_70b",233,random,0.883248730964467,4.073204365482233e-05,0.883248730964467,0.06091370558375635,0.0,0.4517766497461929
2model_qwen_30b_llama_70b,"qwen_30b,llama_70b",233,oracle,0.9441624365482234,2.6083146192893404e-05,0.9441624365482234,0.0,0.0,1.0
2model_qwen_30b_llama_70b,"qwen_30b,llama_70b",233,logistic_router,0.9137055837563451,2.969436751269035e-05,0.9137055837563451,0.030456852791878174,0.0,0.8274111675126904
2model_qwen_30b_llama_70b,"qwen_30b,llama_70b",233,linear_svm_router,0.9137055837563451,3.06388578680203e-05,0.9137055837563451,0.030456852791878174,0.0,0.8121827411167513
2model_qwen_30b_llama_70b,"qwen_30b,llama_70b",233,knn_router,0.9086294416243654,2.511114720812183e-05,0.9086294416243654,0.03553299492385787,0.0,0.9644670050761421
2model_qwen_30b_llama_70b,"qwen_30b,llama_70b",233,decision_tree_router,0.9086294416243654,3.2146318781725884e-05,0.9086294416243654,0.03553299492385787,0.0,0.7309644670050761
2model_qwen_30b_llama_70b,"qwen_30b,llama_70b",233,random_forest_router,0.9086294416243654,2.5961247715736037e-05,0.9086294416243654,0.03553299492385787,0.0,0.9390862944162437
2model_qwen_30b_llama_70b,"qwen_30b,llama_70b",233,extra_trees_router,0.9035532994923858,2.7781554314720813e-05,0.9035532994923858,0.04060913705583756,0.0,0.868020304568528
2model_qwen_30b_llama_70b,"qwen_30b,llama_70b",233,tfidf_logistic_router,0.9187817258883249,2.610518578680203e-05,0.9187817258883249,0.025380710659898477,0.0,0.9390862944162437
2model_qwen_30b_llama_70b,"qwen_30b,llama_70b",233,tfidf_linear_svm_router,0.9086294416243654,2.5118710659898478e-05,0.9086294416243654,0.03553299492385787,0.0,0.9543147208121827
2model_qwen_30b_deepseek_v3,"qwen_30b,deepseek_v3",229,always_qwen_30b,0.868020304568528,2.3474460913705585e-05,0.868020304568528,0.07106598984771574,0.0,0.9289340101522843
2model_qwen_30b_deepseek_v3,"qwen_30b,deepseek_v3",229,always_deepseek_v3,0.883248730964467,7.042395939086295e-05,0.883248730964467,0.05583756345177665,0.0,0.07106598984771574
2model_qwen_30b_deepseek_v3,"qwen_30b,deepseek_v3",229,random,0.8781725888324873,4.7690944162436547e-05,0.8781725888324873,0.06091370558375635,0.0,0.4517766497461929
2model_qwen_30b_deepseek_v3,"qwen_30b,deepseek_v3",229,oracle,0.9390862944162437,2.6949376649746195e-05,0.9390862944162437,0.0,0.0,1.0
2model_qwen_30b_deepseek_v3,"qwen_30b,deepseek_v3",229,logistic_router,0.8578680203045685,3.2535819289340105e-05,0.8578680203045685,0.08121827411167512,0.0,0.7411167512690355
2model_qwen_30b_deepseek_v3,"qwen_30b,deepseek_v3",229,linear_svm_router,0.868020304568528,2.9974497461928938e-05,0.868020304568528,0.07106598984771574,0.0,0.7969543147208121
2model_qwen_30b_deepseek_v3,"qwen_30b,deepseek_v3",229,knn_router,0.868020304568528,2.3474460913705585e-05,0.868020304568528,0.07106598984771574,0.0,0.9289340101522843
2model_qwen_30b_deepseek_v3,"qwen_30b,deepseek_v3",229,decision_tree_router,0.868020304568528,3.575810355329949e-05,0.868020304568528,0.07106598984771574,0.0,0.6751269035532995
2model_qwen_30b_deepseek_v3,"qwen_30b,deepseek_v3",229,random_forest_router,0.8629441624365483,2.5281029441624368e-05,0.8629441624365483,0.07614213197969544,0.0,0.8730964467005076
2model_qwen_30b_deepseek_v3,"qwen_30b,deepseek_v3",229,extra_trees_router,0.868020304568528,2.724471269035533e-05,0.868020304568528,0.07106598984771574,0.0,0.8324873096446701
2model_qwen_30b_deepseek_v3,"qwen_30b,deepseek_v3",229,tfidf_logistic_router,0.8629441624365483,2.502681218274112e-05,0.8629441624365483,0.07614213197969544,0.0,0.8781725888324873
2model_qwen_30b_deepseek_v3,"qwen_30b,deepseek_v3",229,tfidf_linear_svm_router,0.868020304568528,2.3936613197969543e-05,0.868020304568528,0.07106598984771574,0.0,0.9086294416243654
2model_qwen_30b_deepseek_v3,"qwen_30b,deepseek_v3",230,always_qwen_30b,0.9187817258883249,2.4823336040609136e-05,0.9187817258883249,0.025380710659898477,0.0,0.9746192893401016
2model_qwen_30b_deepseek_v3,"qwen_30b,deepseek_v3",230,always_deepseek_v3,0.9137055837563451,7.150268020304568e-05,0.9137055837563451,0.030456852791878174,0.0,0.025380710659898477
2model_qwen_30b_deepseek_v3,"qwen_30b,deepseek_v3",230,random,0.9086294416243654,4.710943756345178e-05,0.9086294416243654,0.03553299492385787,0.0,0.5126903553299492
2model_qwen_30b_deepseek_v3,"qwen_30b,deepseek_v3",230,oracle,0.9441624365482234,2.5396702538071065e-05,0.9441624365482234,0.0,0.0,1.0
2model_qwen_30b_deepseek_v3,"qwen_30b,deepseek_v3",230,logistic_router,0.9137055837563451,3.55236e-05,0.9137055837563451,0.030456852791878174,0.0,0.751269035532995
2model_qwen_30b_deepseek_v3,"qwen_30b,deepseek_v3",230,linear_svm_router,0.9137055837563451,3.3997271065989845e-05,0.9137055837563451,0.030456852791878174,0.0,0.7715736040609137
2model_qwen_30b_deepseek_v3,"qwen_30b,deepseek_v3",230,knn_router,0.9187817258883249,2.4823336040609136e-05,0.9187817258883249,0.025380710659898477,0.0,0.9746192893401016
2model_qwen_30b_deepseek_v3,"qwen_30b,deepseek_v3",230,decision_tree_router,0.9137055837563451,3.8058793908629444e-05,0.9137055837563451,0.030456852791878174,0.0,0.7461928934010152
2model_qwen_30b_deepseek_v3,"qwen_30b,deepseek_v3",230,random_forest_router,0.9086294416243654,2.8008020304568526e-05,0.9086294416243654,0.03553299492385787,0.0,0.8934010152284264
2model_qwen_30b_deepseek_v3,"qwen_30b,deepseek_v3",230,extra_trees_router,0.9086294416243654,3.0436913705583756e-05,0.9086294416243654,0.03553299492385787,0.0,0.8121827411167513
2model_qwen_30b_deepseek_v3,"qwen_30b,deepseek_v3",230,tfidf_logistic_router,0.9137055837563451,3.1397681218274116e-05,0.9137055837563451,0.030456852791878174,0.0,0.8527918781725888
2model_qwen_30b_deepseek_v3,"qwen_30b,deepseek_v3",230,tfidf_linear_svm_router,0.9187817258883249,2.608664974619289e-05,0.9187817258883249,0.025380710659898477,0.0,0.9593908629441624
2model_qwen_30b_deepseek_v3,"qwen_30b,deepseek_v3",231,always_qwen_30b,0.8883248730964467,2.600484670050761e-05,0.8883248730964467,0.04568527918781726,0.0,0.9543147208121827
2model_qwen_30b_deepseek_v3,"qwen_30b,deepseek_v3",231,always_deepseek_v3,0.8984771573604061,7.693892385786802e-05,0.8984771573604061,0.03553299492385787,0.0,0.04568527918781726
2model_qwen_30b_deepseek_v3,"qwen_30b,deepseek_v3",231,random,0.868020304568528,5.1779541116751274e-05,0.868020304568528,0.06598984771573604,0.0,0.45685279187817257
2model_qwen_30b_deepseek_v3,"qwen_30b,deepseek_v3",231,oracle,0.934010152284264,2.7755388832487307e-05,0.934010152284264,0.0,0.0,1.0
2model_qwen_30b_deepseek_v3,"qwen_30b,deepseek_v3",231,logistic_router,0.8883248730964467,3.708334010152284e-05,0.8883248730964467,0.04568527918781726,0.0,0.7563451776649747
2model_qwen_30b_deepseek_v3,"qwen_30b,deepseek_v3",231,linear_svm_router,0.8883248730964467,3.561413604060914e-05,0.8883248730964467,0.04568527918781726,0.0,0.766497461928934
2model_qwen_30b_deepseek_v3,"qwen_30b,deepseek_v3",231,knn_router,0.8883248730964467,2.600484670050761e-05,0.8883248730964467,0.04568527918781726,0.0,0.9543147208121827
2model_qwen_30b_deepseek_v3,"qwen_30b,deepseek_v3",231,decision_tree_router,0.883248730964467,4.316756142131978e-05,0.883248730964467,0.050761421319796954,0.0,0.6700507614213198
2model_qwen_30b_deepseek_v3,"qwen_30b,deepseek_v3",231,random_forest_router,0.8730964467005076,2.8239013197969544e-05,0.8730964467005076,0.06091370558375635,0.0,0.8883248730964467
2model_qwen_30b_deepseek_v3,"qwen_30b,deepseek_v3",231,extra_trees_router,0.8730964467005076,3.125695228426396e-05,0.8730964467005076,0.06091370558375635,0.0,0.8071065989847716
2model_qwen_30b_deepseek_v3,"qwen_30b,deepseek_v3",231,tfidf_logistic_router,0.883248730964467,2.8672958375634514e-05,0.883248730964467,0.050761421319796954,0.0,0.8984771573604061
2model_qwen_30b_deepseek_v3,"qwen_30b,deepseek_v3",231,tfidf_linear_svm_router,0.8883248730964467,2.665701319796954e-05,0.8883248730964467,0.04568527918781726,0.0,0.949238578680203
2model_qwen_30b_deepseek_v3,"qwen_30b,deepseek_v3",232,always_qwen_30b,0.9137055837563451,2.631308629441624e-05,0.9137055837563451,0.030456852791878174,0.0,0.9695431472081218
2model_qwen_30b_deepseek_v3,"qwen_30b,deepseek_v3",232,always_deepseek_v3,0.9238578680203046,6.975652791878173e-05,0.9238578680203046,0.02030456852791878,0.0,0.030456852791878174
2model_qwen_30b_deepseek_v3,"qwen_30b,deepseek_v3",232,random,0.8984771573604061,4.812499492385787e-05,0.8984771573604061,0.04568527918781726,0.0,0.4873096446700508
2model_qwen_30b_deepseek_v3,"qwen_30b,deepseek_v3",232,oracle,0.9441624365482234,2.7157999999999996e-05,0.9441624365482234,0.0,0.0,1.0
2model_qwen_30b_deepseek_v3,"qwen_30b,deepseek_v3",232,logistic_router,0.9086294416243654,3.576665989847715e-05,0.9086294416243654,0.03553299492385787,0.0,0.7868020304568528
2model_qwen_30b_deepseek_v3,"qwen_30b,deepseek_v3",232,linear_svm_router,0.9137055837563451,3.341544771573604e-05,0.9137055837563451,0.030456852791878174,0.0,0.8121827411167513
2model_qwen_30b_deepseek_v3,"qwen_30b,deepseek_v3",232,knn_router,0.9137055837563451,2.631308629441624e-05,0.9137055837563451,0.030456852791878174,0.0,0.9695431472081218
2model_qwen_30b_deepseek_v3,"qwen_30b,deepseek_v3",232,decision_tree_router,0.9187817258883249,3.573772182741117e-05,0.9187817258883249,0.025380710659898477,0.0,0.7563451776649747
2model_qwen_30b_deepseek_v3,"qwen_30b,deepseek_v3",232,random_forest_router,0.9187817258883249,2.784822131979695e-05,0.9187817258883249,0.025380710659898477,0.0,0.934010152284264
2model_qwen_30b_deepseek_v3,"qwen_30b,deepseek_v3",232,extra_trees_router,0.9187817258883249,3.051131573604061e-05,0.9187817258883249,0.025380710659898477,0.0,0.8781725888324873
2model_qwen_30b_deepseek_v3,"qwen_30b,deepseek_v3",232,tfidf_logistic_router,0.9137055837563451,3.1980209137055833e-05,0.9137055837563451,0.030456852791878174,0.0,0.868020304568528
2model_qwen_30b_deepseek_v3,"qwen_30b,deepseek_v3",232,tfidf_linear_svm_router,0.9137055837563451,2.641156345177665e-05,0.9137055837563451,0.030456852791878174,0.0,0.9644670050761421
2model_qwen_30b_deepseek_v3,"qwen_30b,deepseek_v3",233,always_qwen_30b,0.9086294416243654,2.511114720812183e-05,0.9086294416243654,0.04568527918781726,0.0,0.9543147208121827
2model_qwen_30b_deepseek_v3,"qwen_30b,deepseek_v3",233,always_deepseek_v3,0.9187817258883249,7.352493401015228e-05,0.9187817258883249,0.03553299492385787,0.0,0.04568527918781726
2model_qwen_30b_deepseek_v3,"qwen_30b,deepseek_v3",233,random,0.9035532994923858,5.0403612182741117e-05,0.9035532994923858,0.050761421319796954,0.0,0.4517766497461929
2model_qwen_30b_deepseek_v3,"qwen_30b,deepseek_v3",233,oracle,0.9543147208121827,2.7854103553299495e-05,0.9543147208121827,0.0,0.0,1.0
2model_qwen_30b_deepseek_v3,"qwen_30b,deepseek_v3",233,logistic_router,0.8984771573604061,3.261153908629441e-05,0.8984771573604061,0.05583756345177665,0.0,0.7766497461928934
2model_qwen_30b_deepseek_v3,"qwen_30b,deepseek_v3",233,linear_svm_router,0.8984771573604061,3.2630324873096446e-05,0.8984771573604061,0.05583756345177665,0.0,0.7817258883248731
2model_qwen_30b_deepseek_v3,"qwen_30b,deepseek_v3",233,knn_router,0.9086294416243654,2.511114720812183e-05,0.9086294416243654,0.04568527918781726,0.0,0.9543147208121827
2model_qwen_30b_deepseek_v3,"qwen_30b,deepseek_v3",233,decision_tree_router,0.9187817258883249,3.687569746192893e-05,0.9187817258883249,0.03553299492385787,0.0,0.7563451776649747
2model_qwen_30b_deepseek_v3,"qwen_30b,deepseek_v3",233,random_forest_router,0.9086294416243654,2.6825675126903555e-05,0.9086294416243654,0.04568527918781726,0.0,0.9086294416243654
2model_qwen_30b_deepseek_v3,"qwen_30b,deepseek_v3",233,extra_trees_router,0.9187817258883249,2.8777705583756345e-05,0.9187817258883249,0.03553299492385787,0.0,0.8629441624365483
2model_qwen_30b_deepseek_v3,"qwen_30b,deepseek_v3",233,tfidf_logistic_router,0.9086294416243654,2.778889543147208e-05,0.9086294416243654,0.04568527918781726,0.0,0.8883248730964467
2model_qwen_30b_deepseek_v3,"qwen_30b,deepseek_v3",233,tfidf_linear_svm_router,0.9086294416243654,2.511114720812183e-05,0.9086294416243654,0.04568527918781726,0.0,0.9543147208121827
2model_qwen_30b_granite_8b,"qwen_30b,granite_8b",229,always_qwen_30b,0.868020304568528,2.3474460913705585e-05,0.868020304568528,0.05583756345177665,0.0,0.9441624365482234
2model_qwen_30b_granite_8b,"qwen_30b,granite_8b",229,always_granite_8b,0.8375634517766497,1.603908629441624e-05,0.8375634517766497,0.08629441624365482,0.0,0.05583756345177665
2model_qwen_30b_granite_8b,"qwen_30b,granite_8b",229,random,0.8274111675126904,1.951216243654822e-05,0.8274111675126904,0.09644670050761421,0.0,0.4365482233502538
2model_qwen_30b_granite_8b,"qwen_30b,granite_8b",229,oracle,0.9238578680203046,2.30271269035533e-05,0.9238578680203046,0.0,0.0,1.0
2model_qwen_30b_granite_8b,"qwen_30b,granite_8b",229,logistic_router,0.883248730964467,2.1802402030456854e-05,0.883248730964467,0.04060913705583756,0.0,0.8223350253807107
2model_qwen_30b_granite_8b,"qwen_30b,granite_8b",229,linear_svm_router,0.8781725888324873,2.24428e-05,0.8781725888324873,0.04568527918781726,0.0,0.8527918781725888
2model_qwen_30b_granite_8b,"qwen_30b,granite_8b",229,knn_router,0.868020304568528,2.3474460913705585e-05,0.868020304568528,0.05583756345177665,0.0,0.9441624365482234
2model_qwen_30b_granite_8b,"qwen_30b,granite_8b",229,decision_tree_router,0.868020304568528,2.0775553299492388e-05,0.868020304568528,0.05583756345177665,0.0,0.7715736040609137
2model_qwen_30b_granite_8b,"qwen_30b,granite_8b",229,random_forest_router,0.8730964467005076,2.3424418274111674e-05,0.8730964467005076,0.050761421319796954,0.0,0.9390862944162437
2model_qwen_30b_granite_8b,"qwen_30b,granite_8b",229,extra_trees_router,0.8781725888324873,2.249335025380711e-05,0.8781725888324873,0.04568527918781726,0.0,0.8730964467005076
2model_qwen_30b_granite_8b,"qwen_30b,granite_8b",229,tfidf_logistic_router,0.8781725888324873,2.2405401015228426e-05,0.8781725888324873,0.04568527918781726,0.0,0.8629441624365483
2model_qwen_30b_granite_8b,"qwen_30b,granite_8b",229,tfidf_linear_svm_router,0.8781725888324873,2.333904771573604e-05,0.8781725888324873,0.04568527918781726,0.0,0.9543147208121827
2model_qwen_30b_granite_8b,"qwen_30b,granite_8b",230,always_qwen_30b,0.9187817258883249,2.4823336040609136e-05,0.9187817258883249,0.02030456852791878,0.0,0.9796954314720813
2model_qwen_30b_granite_8b,"qwen_30b,granite_8b",230,always_granite_8b,0.8477157360406091,1.58748730964467e-05,0.8477157360406091,0.09137055837563451,0.0,0.02030456852791878
2model_qwen_30b_granite_8b,"qwen_30b,granite_8b",230,random,0.8730964467005076,1.972688934010152e-05,0.8730964467005076,0.06598984771573604,0.0,0.5177664974619289
2model_qwen_30b_granite_8b,"qwen_30b,granite_8b",230,oracle,0.9390862944162437,2.466743553299492e-05,0.9390862944162437,0.0,0.0,1.0
2model_qwen_30b_granite_8b,"qwen_30b,granite_8b",230,logistic_router,0.9137055837563451,2.242990050761421e-05,0.9137055837563451,0.025380710659898477,0.0,0.8020304568527918
2model_qwen_30b_granite_8b,"qwen_30b,granite_8b",230,linear_svm_router,0.9187817258883249,2.250400203045685e-05,0.9187817258883249,0.02030456852791878,0.0,0.8223350253807107
2model_qwen_30b_granite_8b,"qwen_30b,granite_8b",230,knn_router,0.9187817258883249,2.4823336040609136e-05,0.9187817258883249,0.02030456852791878,0.0,0.9796954314720813
2model_qwen_30b_granite_8b,"qwen_30b,granite_8b",230,decision_tree_router,0.9086294416243654,2.338484670050761e-05,0.9086294416243654,0.030456852791878174,0.0,0.817258883248731
2model_qwen_30b_granite_8b,"qwen_30b,granite_8b",230,random_forest_router,0.9086294416243654,2.450352081218274e-05,0.9086294416243654,0.030456852791878174,0.0,0.9086294416243654
2model_qwen_30b_granite_8b,"qwen_30b,granite_8b",230,extra_trees_router,0.9035532994923858,2.3709325888324874e-05,0.9035532994923858,0.03553299492385787,0.0,0.8071065989847716
2model_qwen_30b_granite_8b,"qwen_30b,granite_8b",230,tfidf_logistic_router,0.9187817258883249,2.3502505583756345e-05,0.9187817258883249,0.02030456852791878,0.0,0.8984771573604061
2model_qwen_30b_granite_8b,"qwen_30b,granite_8b",230,tfidf_linear_svm_router,0.9187817258883249,2.458900507614213e-05,0.9187817258883249,0.02030456852791878,0.0,0.9644670050761421
2model_qwen_30b_granite_8b,"qwen_30b,granite_8b",231,always_qwen_30b,0.8883248730964467,2.600484670050761e-05,0.8883248730964467,0.03553299492385787,0.0,0.9644670050761421
2model_qwen_30b_granite_8b,"qwen_30b,granite_8b",231,always_granite_8b,0.8527918781725888,1.6751015228426392e-05,0.8527918781725888,0.07106598984771574,0.0,0.03553299492385787
2model_qwen_30b_granite_8b,"qwen_30b,granite_8b",231,random,0.8578680203045685,2.1913429441624366e-05,0.8578680203045685,0.06598984771573604,0.0,0.467005076142132
2model_qwen_30b_granite_8b,"qwen_30b,granite_8b",231,oracle,0.9238578680203046,2.550647918781726e-05,0.9238578680203046,0.0,0.0,1.0
2model_qwen_30b_granite_8b,"qwen_30b,granite_8b",231,logistic_router,0.883248730964467,2.4951057868020304e-05,0.883248730964467,0.04060913705583756,0.0,0.8324873096446701
2model_qwen_30b_granite_8b,"qwen_30b,granite_8b",231,linear_svm_router,0.8883248730964467,2.5389681218274112e-05,0.8883248730964467,0.03553299492385787,0.0,0.8527918781725888
2model_qwen_30b_granite_8b,"qwen_30b,granite_8b",231,knn_router,0.8883248730964467,2.600484670050761e-05,0.8883248730964467,0.03553299492385787,0.0,0.9644670050761421
2model_qwen_30b_granite_8b,"qwen_30b,granite_8b",231,decision_tree_router,0.8883248730964467,2.4326144162436546e-05,0.8883248730964467,0.03553299492385787,0.0,0.7461928934010152
2model_qwen_30b_granite_8b,"qwen_30b,granite_8b",231,random_forest_router,0.883248730964467,2.536943959390863e-05,0.883248730964467,0.04060913705583756,0.0,0.8883248730964467
2model_qwen_30b_granite_8b,"qwen_30b,granite_8b",231,extra_trees_router,0.883248730964467,2.5071792893401012e-05,0.883248730964467,0.04060913705583756,0.0,0.8375634517766497
2model_qwen_30b_granite_8b,"qwen_30b,granite_8b",231,tfidf_logistic_router,0.8883248730964467,2.556400203045685e-05,0.8883248730964467,0.03553299492385787,0.0,0.9137055837563451
2model_qwen_30b_granite_8b,"qwen_30b,granite_8b",231,tfidf_linear_svm_router,0.8934010152284264,2.6024119796954315e-05,0.8934010152284264,0.030456852791878174,0.0,0.9695431472081218
2model_qwen_30b_granite_8b,"qwen_30b,granite_8b",232,always_qwen_30b,0.9137055837563451,2.631308629441624e-05,0.9137055837563451,0.030456852791878174,0.0,0.9695431472081218
2model_qwen_30b_granite_8b,"qwen_30b,granite_8b",232,always_granite_8b,0.868020304568528,1.6348477157360407e-05,0.868020304568528,0.07614213197969544,0.0,0.030456852791878174
2model_qwen_30b_granite_8b,"qwen_30b,granite_8b",232,random,0.9035532994923858,2.183434517766498e-05,0.9035532994923858,0.04060913705583756,0.0,0.5076142131979695
2model_qwen_30b_granite_8b,"qwen_30b,granite_8b",232,oracle,0.9441624365482234,2.5582818274111674e-05,0.9441624365482234,0.0,0.0,1.0
2model_qwen_30b_granite_8b,"qwen_30b,granite_8b",232,logistic_router,0.8883248730964467,2.5175104568527918e-05,0.8883248730964467,0.05583756345177665,0.0,0.8375634517766497
2model_qwen_30b_granite_8b,"qwen_30b,granite_8b",232,linear_svm_router,0.8984771573604061,2.5000836548223347e-05,0.8984771573604061,0.04568527918781726,0.0,0.8578680203045685
2model_qwen_30b_granite_8b,"qwen_30b,granite_8b",232,knn_router,0.9137055837563451,2.631308629441624e-05,0.9137055837563451,0.030456852791878174,0.0,0.9695431472081218
2model_qwen_30b_granite_8b,"qwen_30b,granite_8b",232,decision_tree_router,0.8730964467005076,2.3748438578680206e-05,0.8730964467005076,0.07106598984771574,0.0,0.6802030456852792
2model_qwen_30b_granite_8b,"qwen_30b,granite_8b",232,random_forest_router,0.9137055837563451,2.622359390862944e-05,0.9137055837563451,0.030456852791878174,0.0,0.9644670050761421
2model_qwen_30b_granite_8b,"qwen_30b,granite_8b",232,extra_trees_router,0.9086294416243654,2.5823786802030456e-05,0.9086294416243654,0.03553299492385787,0.0,0.8934010152284264
2model_qwen_30b_granite_8b,"qwen_30b,granite_8b",232,tfidf_logistic_router,0.9035532994923858,2.5980869035532994e-05,0.9035532994923858,0.04060913705583756,0.0,0.9187817258883249
2model_qwen_30b_granite_8b,"qwen_30b,granite_8b",232,tfidf_linear_svm_router,0.9035532994923858,2.6182071065989845e-05,0.9035532994923858,0.04060913705583756,0.0,0.9543147208121827
2model_qwen_30b_granite_8b,"qwen_30b,granite_8b",233,always_qwen_30b,0.9086294416243654,2.511114720812183e-05,0.9086294416243654,0.03553299492385787,0.0,0.9644670050761421
2model_qwen_30b_granite_8b,"qwen_30b,granite_8b",233,always_granite_8b,0.8527918781725888,1.6294162436548225e-05,0.8527918781725888,0.09137055837563451,0.0,0.03553299492385787
2model_qwen_30b_granite_8b,"qwen_30b,granite_8b",233,random,0.868020304568528,2.0636251776649744e-05,0.868020304568528,0.07614213197969544,0.0,0.4619289340101523
2model_qwen_30b_granite_8b,"qwen_30b,granite_8b",233,oracle,0.9441624365482234,2.495451370558376e-05,0.9441624365482234,0.0,0.0,1.0
2model_qwen_30b_granite_8b,"qwen_30b,granite_8b",233,logistic_router,0.9035532994923858,2.415909847715736e-05,0.9035532994923858,0.04060913705583756,0.0,0.8578680203045685
2model_qwen_30b_granite_8b,"qwen_30b,granite_8b",233,linear_svm_router,0.9137055837563451,2.4051122842639588e-05,0.9137055837563451,0.030456852791878174,0.0,0.8730964467005076
2model_qwen_30b_granite_8b,"qwen_30b,granite_8b",233,knn_router,0.9086294416243654,2.511114720812183e-05,0.9086294416243654,0.03553299492385787,0.0,0.9644670050761421
2model_qwen_30b_granite_8b,"qwen_30b,granite_8b",233,decision_tree_router,0.9086294416243654,2.3648836548223347e-05,0.9086294416243654,0.03553299492385787,0.0,0.817258883248731
2model_qwen_30b_granite_8b,"qwen_30b,granite_8b",233,random_forest_router,0.9035532994923858,2.47682883248731e-05,0.9035532994923858,0.04060913705583756,0.0,0.9137055837563451
2model_qwen_30b_granite_8b,"qwen_30b,granite_8b",233,extra_trees_router,0.8984771573604061,2.428361421319797e-05,0.8984771573604061,0.04568527918781726,0.0,0.8527918781725888
2model_qwen_30b_granite_8b,"qwen_30b,granite_8b",233,tfidf_logistic_router,0.9035532994923858,2.4652339086294417e-05,0.9035532994923858,0.04060913705583756,0.0,0.9137055837563451
2model_qwen_30b_granite_8b,"qwen_30b,granite_8b",233,tfidf_linear_svm_router,0.9086294416243654,2.504591878172589e-05,0.9086294416243654,0.03553299492385787,0.0,0.9593908629441624
2model_llama_70b_deepseek_v3,"llama_70b,deepseek_v3",229,always_llama_70b,0.8934010152284264,5.343402538071066e-05,0.8934010152284264,0.05583756345177665,0.0,0.9441624365482234
2model_llama_70b_deepseek_v3,"llama_70b,deepseek_v3",229,always_deepseek_v3,0.883248730964467,7.042395939086295e-05,0.883248730964467,0.06598984771573604,0.0,0.05583756345177665
2model_llama_70b_deepseek_v3,"llama_70b,deepseek_v3",229,random,0.8934010152284264,6.16536497461929e-05,0.8934010152284264,0.05583756345177665,0.0,0.45685279187817257
2model_llama_70b_deepseek_v3,"llama_70b,deepseek_v3",229,oracle,0.949238578680203,5.412758375634518e-05,0.949238578680203,0.0,0.0,1.0
2model_llama_70b_deepseek_v3,"llama_70b,deepseek_v3",229,logistic_router,0.8934010152284264,5.504532994923858e-05,0.8934010152284264,0.05583756345177665,0.0,0.751269035532995
2model_llama_70b_deepseek_v3,"llama_70b,deepseek_v3",229,linear_svm_router,0.9035532994923858,5.446037563451777e-05,0.9035532994923858,0.04568527918781726,0.0,0.8071065989847716
2model_llama_70b_deepseek_v3,"llama_70b,deepseek_v3",229,knn_router,0.8934010152284264,5.343402538071066e-05,0.8934010152284264,0.05583756345177665,0.0,0.9441624365482234
2model_llama_70b_deepseek_v3,"llama_70b,deepseek_v3",229,decision_tree_router,0.8730964467005076,5.457031472081219e-05,0.8730964467005076,0.07614213197969544,0.0,0.8375634517766497
2model_llama_70b_deepseek_v3,"llama_70b,deepseek_v3",229,random_forest_router,0.883248730964467,5.332532994923858e-05,0.883248730964467,0.06598984771573604,0.0,0.8020304568527918
2model_llama_70b_deepseek_v3,"llama_70b,deepseek_v3",229,extra_trees_router,0.883248730964467,5.338380710659899e-05,0.883248730964467,0.06598984771573604,0.0,0.8071065989847716
2model_llama_70b_deepseek_v3,"llama_70b,deepseek_v3",229,tfidf_logistic_router,0.8984771573604061,5.456948223350254e-05,0.8984771573604061,0.050761421319796954,0.0,0.8426395939086294
2model_llama_70b_deepseek_v3,"llama_70b,deepseek_v3",229,tfidf_linear_svm_router,0.8883248730964467,5.2978269035533e-05,0.8883248730964467,0.06091370558375635,0.0,0.9137055837563451
2model_llama_70b_deepseek_v3,"llama_70b,deepseek_v3",230,always_llama_70b,0.8781725888324873,5.418654314720812e-05,0.8781725888324873,0.06598984771573604,0.0,0.934010152284264
2model_llama_70b_deepseek_v3,"llama_70b,deepseek_v3",230,always_deepseek_v3,0.9137055837563451,7.150268020304568e-05,0.9137055837563451,0.030456852791878174,0.0,0.06598984771573604
2model_llama_70b_deepseek_v3,"llama_70b,deepseek_v3",230,random,0.883248730964467,6.0981431472081226e-05,0.883248730964467,0.06091370558375635,0.0,0.5025380710659898
2model_llama_70b_deepseek_v3,"llama_70b,deepseek_v3",230,oracle,0.9441624365482234,5.4419751269035536e-05,0.9441624365482234,0.0,0.0,1.0
2model_llama_70b_deepseek_v3,"llama_70b,deepseek_v3",230,logistic_router,0.8984771573604061,5.614965482233502e-05,0.8984771573604061,0.04568527918781726,0.0,0.8071065989847716
2model_llama_70b_deepseek_v3,"llama_70b,deepseek_v3",230,linear_svm_router,0.9035532994923858,5.5966771573604066e-05,0.9035532994923858,0.04060913705583756,0.0,0.8578680203045685
2model_llama_70b_deepseek_v3,"llama_70b,deepseek_v3",230,knn_router,0.8781725888324873,5.418654314720812e-05,0.8781725888324873,0.06598984771573604,0.0,0.934010152284264
2model_llama_70b_deepseek_v3,"llama_70b,deepseek_v3",230,decision_tree_router,0.8883248730964467,5.624001015228426e-05,0.8883248730964467,0.05583756345177665,0.0,0.7461928934010152
2model_llama_70b_deepseek_v3,"llama_70b,deepseek_v3",230,random_forest_router,0.8984771573604061,5.417245685279188e-05,0.8984771573604061,0.04568527918781726,0.0,0.8629441624365483
2model_llama_70b_deepseek_v3,"llama_70b,deepseek_v3",230,extra_trees_router,0.8984771573604061,5.450682233502538e-05,0.8984771573604061,0.04568527918781726,0.0,0.8426395939086294
2model_llama_70b_deepseek_v3,"llama_70b,deepseek_v3",230,tfidf_logistic_router,0.8883248730964467,5.549010152284263e-05,0.8883248730964467,0.05583756345177665,0.0,0.8375634517766497
2model_llama_70b_deepseek_v3,"llama_70b,deepseek_v3",230,tfidf_linear_svm_router,0.8730964467005076,5.4930446700507616e-05,0.8730964467005076,0.07106598984771574,0.0,0.8934010152284264
2model_llama_70b_deepseek_v3,"llama_70b,deepseek_v3",231,always_llama_70b,0.8984771573604061,5.3821685279187825e-05,0.8984771573604061,0.04568527918781726,0.0,0.9543147208121827
2model_llama_70b_deepseek_v3,"llama_70b,deepseek_v3",231,always_deepseek_v3,0.8984771573604061,7.693892385786802e-05,0.8984771573604061,0.04568527918781726,0.0,0.04568527918781726
2model_llama_70b_deepseek_v3,"llama_70b,deepseek_v3",231,random,0.8883248730964467,6.42462842639594e-05,0.8883248730964467,0.05583756345177665,0.0,0.467005076142132
2model_llama_70b_deepseek_v3,"llama_70b,deepseek_v3",231,oracle,0.9441624365482234,5.4715705583756346e-05,0.9441624365482234,0.0,0.0,1.0
2model_llama_70b_deepseek_v3,"llama_70b,deepseek_v3",231,logistic_router,0.9035532994923858,5.883135532994924e-05,0.9035532994923858,0.04060913705583756,0.0,0.7817258883248731
2model_llama_70b_deepseek_v3,"llama_70b,deepseek_v3",231,linear_svm_router,0.9086294416243654,5.720757360406091e-05,0.9086294416243654,0.03553299492385787,0.0,0.8324873096446701
2model_llama_70b_deepseek_v3,"llama_70b,deepseek_v3",231,knn_router,0.8984771573604061,5.3821685279187825e-05,0.8984771573604061,0.04568527918781726,0.0,0.9543147208121827
2model_llama_70b_deepseek_v3,"llama_70b,deepseek_v3",231,decision_tree_router,0.8934010152284264,6.022629949238578e-05,0.8934010152284264,0.050761421319796954,0.0,0.6395939086294417
2model_llama_70b_deepseek_v3,"llama_70b,deepseek_v3",231,random_forest_router,0.8883248730964467,5.3773802030456854e-05,0.8883248730964467,0.05583756345177665,0.0,0.8527918781725888
2model_llama_70b_deepseek_v3,"llama_70b,deepseek_v3",231,extra_trees_router,0.8883248730964467,5.4580238578680204e-05,0.8883248730964467,0.05583756345177665,0.0,0.8324873096446701
2model_llama_70b_deepseek_v3,"llama_70b,deepseek_v3",231,tfidf_logistic_router,0.8984771573604061,5.620262436548224e-05,0.8984771573604061,0.04568527918781726,0.0,0.8527918781725888
2model_llama_70b_deepseek_v3,"llama_70b,deepseek_v3",231,tfidf_linear_svm_router,0.9035532994923858,5.441204060913706e-05,0.9035532994923858,0.04060913705583756,0.0,0.9441624365482234
2model_llama_70b_deepseek_v3,"llama_70b,deepseek_v3",232,always_llama_70b,0.9187817258883249,5.5371817258883244e-05,0.9187817258883249,0.050761421319796954,0.0,0.949238578680203
2model_llama_70b_deepseek_v3,"llama_70b,deepseek_v3",232,always_deepseek_v3,0.9238578680203046,6.975652791878173e-05,0.9238578680203046,0.04568527918781726,0.0,0.050761421319796954
2model_llama_70b_deepseek_v3,"llama_70b,deepseek_v3",232,random,0.9137055837563451,6.178363451776651e-05,0.9137055837563451,0.05583756345177665,0.0,0.5076142131979695
2model_llama_70b_deepseek_v3,"llama_70b,deepseek_v3",232,oracle,0.9695431472081218,5.648595939086294e-05,0.9695431472081218,0.0,0.0,1.0
2model_llama_70b_deepseek_v3,"llama_70b,deepseek_v3",232,logistic_router,0.9390862944162437,5.814080710659898e-05,0.9390862944162437,0.030456852791878174,0.0,0.8071065989847716
2model_llama_70b_deepseek_v3,"llama_70b,deepseek_v3",232,linear_svm_router,0.949238578680203,5.8182517766497455e-05,0.949238578680203,0.02030456852791878,0.0,0.8324873096446701
2model_llama_70b_deepseek_v3,"llama_70b,deepseek_v3",232,knn_router,0.9187817258883249,5.5371817258883244e-05,0.9187817258883249,0.050761421319796954,0.0,0.949238578680203
2model_llama_70b_deepseek_v3,"llama_70b,deepseek_v3",232,decision_tree_router,0.934010152284264,6.087796954314721e-05,0.934010152284264,0.03553299492385787,0.0,0.5126903553299492
2model_llama_70b_deepseek_v3,"llama_70b,deepseek_v3",232,random_forest_router,0.9390862944162437,5.501479695431472e-05,0.9390862944162437,0.030456852791878174,0.0,0.8781725888324873
2model_llama_70b_deepseek_v3,"llama_70b,deepseek_v3",232,extra_trees_router,0.9390862944162437,5.5242182741116744e-05,0.9390862944162437,0.030456852791878174,0.0,0.8730964467005076
2model_llama_70b_deepseek_v3,"llama_70b,deepseek_v3",232,tfidf_logistic_router,0.9390862944162437,5.662052791878173e-05,0.9390862944162437,0.030456852791878174,0.0,0.8781725888324873
2model_llama_70b_deepseek_v3,"llama_70b,deepseek_v3",232,tfidf_linear_svm_router,0.9289340101522843,5.56542538071066e-05,0.9289340101522843,0.04060913705583756,0.0,0.9441624365482234
2model_llama_70b_deepseek_v3,"llama_70b,deepseek_v3",233,always_llama_70b,0.883248730964467,5.4729203045685284e-05,0.883248730964467,0.07106598984771574,0.0,0.9289340101522843
2model_llama_70b_deepseek_v3,"llama_70b,deepseek_v3",233,always_deepseek_v3,0.9187817258883249,7.352493401015228e-05,0.9187817258883249,0.03553299492385787,0.0,0.07106598984771574
2model_llama_70b_deepseek_v3,"llama_70b,deepseek_v3",233,random,0.9035532994923858,6.440077157360406e-05,0.9035532994923858,0.050761421319796954,0.0,0.467005076142132
2model_llama_70b_deepseek_v3,"llama_70b,deepseek_v3",233,oracle,0.9543147208121827,5.731662436548223e-05,0.9543147208121827,0.0,0.0,1.0
2model_llama_70b_deepseek_v3,"llama_70b,deepseek_v3",233,logistic_router,0.9035532994923858,5.58806497461929e-05,0.9035532994923858,0.050761421319796954,0.0,0.8020304568527918
2model_llama_70b_deepseek_v3,"llama_70b,deepseek_v3",233,linear_svm_router,0.9086294416243654,5.511592893401016e-05,0.9086294416243654,0.04568527918781726,0.0,0.8375634517766497
2model_llama_70b_deepseek_v3,"llama_70b,deepseek_v3",233,knn_router,0.883248730964467,5.4729203045685284e-05,0.883248730964467,0.07106598984771574,0.0,0.9289340101522843
2model_llama_70b_deepseek_v3,"llama_70b,deepseek_v3",233,decision_tree_router,0.8984771573604061,5.678880203045685e-05,0.8984771573604061,0.05583756345177665,0.0,0.751269035532995
2model_llama_70b_deepseek_v3,"llama_70b,deepseek_v3",233,random_forest_router,0.9035532994923858,5.490297969543148e-05,0.9035532994923858,0.050761421319796954,0.0,0.8324873096446701
2model_llama_70b_deepseek_v3,"llama_70b,deepseek_v3",233,extra_trees_router,0.9035532994923858,5.5454309644670054e-05,0.9035532994923858,0.050761421319796954,0.0,0.817258883248731
2model_llama_70b_deepseek_v3,"llama_70b,deepseek_v3",233,tfidf_logistic_router,0.9035532994923858,5.47126497461929e-05,0.9035532994923858,0.050761421319796954,0.0,0.868020304568528
2model_llama_70b_deepseek_v3,"llama_70b,deepseek_v3",233,tfidf_linear_svm_router,0.883248730964467,5.481817766497462e-05,0.883248730964467,0.07106598984771574,0.0,0.9086294416243654
2model_llama_70b_granite_8b,"llama_70b,granite_8b",229,always_llama_70b,0.8934010152284264,5.343402538071066e-05,0.8934010152284264,0.050761421319796954,0.0,0.949238578680203
2model_llama_70b_granite_8b,"llama_70b,granite_8b",229,always_granite_8b,0.8375634517766497,1.603908629441624e-05,0.8375634517766497,0.1065989847715736,0.0,0.050761421319796954
2model_llama_70b_granite_8b,"llama_70b,granite_8b",229,random,0.8426395939086294,3.3474868020304565e-05,0.8426395939086294,0.10152284263959391,0.0,0.4416243654822335
2model_llama_70b_granite_8b,"llama_70b,granite_8b",229,oracle,0.9441624365482234,5.1729634517766494e-05,0.9441624365482234,0.0,0.0,1.0
2model_llama_70b_granite_8b,"llama_70b,granite_8b",229,logistic_router,0.883248730964467,4.432692385786802e-05,0.883248730964467,0.06091370558375635,0.0,0.7766497461928934
2model_llama_70b_granite_8b,"llama_70b,granite_8b",229,linear_svm_router,0.8883248730964467,4.6174918781725873e-05,0.8883248730964467,0.05583756345177665,0.0,0.7817258883248731
2model_llama_70b_granite_8b,"llama_70b,granite_8b",229,knn_router,0.8934010152284264,5.343402538071066e-05,0.8934010152284264,0.050761421319796954,0.0,0.949238578680203
2model_llama_70b_granite_8b,"llama_70b,granite_8b",229,decision_tree_router,0.8934010152284264,4.397710659898477e-05,0.8934010152284264,0.050761421319796954,0.0,0.7817258883248731
2model_llama_70b_granite_8b,"llama_70b,granite_8b",229,random_forest_router,0.8781725888324873,4.6191670050761416e-05,0.8781725888324873,0.06598984771573604,0.0,0.8020304568527918
2model_llama_70b_granite_8b,"llama_70b,granite_8b",229,extra_trees_router,0.8781725888324873,4.589499492385786e-05,0.8781725888324873,0.06598984771573604,0.0,0.7868020304568528
2model_llama_70b_granite_8b,"llama_70b,granite_8b",229,tfidf_logistic_router,0.8934010152284264,4.742517258883248e-05,0.8934010152284264,0.050761421319796954,0.0,0.8477157360406091
2model_llama_70b_granite_8b,"llama_70b,granite_8b",229,tfidf_linear_svm_router,0.8781725888324873,5.225663959390862e-05,0.8781725888324873,0.06598984771573604,0.0,0.9187817258883249
2model_llama_70b_granite_8b,"llama_70b,granite_8b",230,always_llama_70b,0.8781725888324873,5.418654314720812e-05,0.8781725888324873,0.05583756345177665,0.0,0.9441624365482234
2model_llama_70b_granite_8b,"llama_70b,granite_8b",230,always_granite_8b,0.8477157360406091,1.58748730964467e-05,0.8477157360406091,0.08629441624365482,0.0,0.05583756345177665
2model_llama_70b_granite_8b,"llama_70b,granite_8b",230,random,0.8477157360406091,3.359888324873096e-05,0.8477157360406091,0.08629441624365482,0.0,0.49238578680203043
2model_llama_70b_granite_8b,"llama_70b,granite_8b",230,oracle,0.934010152284264,5.1847964467005073e-05,0.934010152284264,0.0,0.0,1.0
2model_llama_70b_granite_8b,"llama_70b,granite_8b",230,logistic_router,0.8883248730964467,4.8910583756345174e-05,0.8883248730964467,0.04568527918781726,0.0,0.8324873096446701
2model_llama_70b_granite_8b,"llama_70b,granite_8b",230,linear_svm_router,0.8984771573604061,4.938012690355329e-05,0.8984771573604061,0.03553299492385787,0.0,0.8629441624365483
2model_llama_70b_granite_8b,"llama_70b,granite_8b",230,knn_router,0.8781725888324873,5.418654314720812e-05,0.8781725888324873,0.05583756345177665,0.0,0.9441624365482234
2model_llama_70b_granite_8b,"llama_70b,granite_8b",230,decision_tree_router,0.8578680203045685,3.802213197969543e-05,0.8578680203045685,0.07614213197969544,0.0,0.6243654822335025
2model_llama_70b_granite_8b,"llama_70b,granite_8b",230,random_forest_router,0.8934010152284264,4.9146827411167515e-05,0.8934010152284264,0.04060913705583756,0.0,0.8477157360406091
2model_llama_70b_granite_8b,"llama_70b,granite_8b",230,extra_trees_router,0.8883248730964467,4.896515228426396e-05,0.8883248730964467,0.04568527918781726,0.0,0.8375634517766497
2model_llama_70b_granite_8b,"llama_70b,granite_8b",230,tfidf_logistic_router,0.8781725888324873,4.9767309644670046e-05,0.8781725888324873,0.05583756345177665,0.0,0.8375634517766497
2model_llama_70b_granite_8b,"llama_70b,granite_8b",230,tfidf_linear_svm_router,0.8781725888324873,5.3195710659898484e-05,0.8781725888324873,0.05583756345177665,0.0,0.9137055837563451
2model_llama_70b_granite_8b,"llama_70b,granite_8b",231,always_llama_70b,0.8984771573604061,5.3821685279187825e-05,0.8984771573604061,0.030456852791878174,0.0,0.9695431472081218
2model_llama_70b_granite_8b,"llama_70b,granite_8b",231,always_granite_8b,0.8527918781725888,1.6751015228426392e-05,0.8527918781725888,0.07614213197969544,0.0,0.030456852791878174
2model_llama_70b_granite_8b,"llama_70b,granite_8b",231,random,0.8781725888324873,3.438017258883249e-05,0.8781725888324873,0.050761421319796954,0.0,0.4720812182741117
2model_llama_70b_granite_8b,"llama_70b,granite_8b",231,oracle,0.9289340101522843,5.22126497461929e-05,0.9289340101522843,0.0,0.0,1.0
2model_llama_70b_granite_8b,"llama_70b,granite_8b",231,logistic_router,0.883248730964467,5.03866345177665e-05,0.883248730964467,0.04568527918781726,0.0,0.8477157360406091
2model_llama_70b_granite_8b,"llama_70b,granite_8b",231,linear_svm_router,0.8934010152284264,5.1539578680203056e-05,0.8934010152284264,0.03553299492385787,0.0,0.883248730964467
2model_llama_70b_granite_8b,"llama_70b,granite_8b",231,knn_router,0.8984771573604061,5.3821685279187825e-05,0.8984771573604061,0.030456852791878174,0.0,0.9695431472081218
2model_llama_70b_granite_8b,"llama_70b,granite_8b",231,decision_tree_router,0.8730964467005076,4.005549746192893e-05,0.8730964467005076,0.05583756345177665,0.0,0.5888324873096447
2model_llama_70b_granite_8b,"llama_70b,granite_8b",231,random_forest_router,0.8883248730964467,4.9812269035533e-05,0.8883248730964467,0.04060913705583756,0.0,0.8578680203045685
2model_llama_70b_granite_8b,"llama_70b,granite_8b",231,extra_trees_router,0.8883248730964467,4.967597461928935e-05,0.8883248730964467,0.04060913705583756,0.0,0.8527918781725888
2model_llama_70b_granite_8b,"llama_70b,granite_8b",231,tfidf_logistic_router,0.883248730964467,5.1245517766497464e-05,0.883248730964467,0.04568527918781726,0.0,0.8730964467005076
2model_llama_70b_granite_8b,"llama_70b,granite_8b",231,tfidf_linear_svm_router,0.8984771573604061,5.285414720812183e-05,0.8984771573604061,0.030456852791878174,0.0,0.9390862944162437
2model_llama_70b_granite_8b,"llama_70b,granite_8b",232,always_llama_70b,0.9187817258883249,5.5371817258883244e-05,0.9187817258883249,0.04568527918781726,0.0,0.9543147208121827
2model_llama_70b_granite_8b,"llama_70b,granite_8b",232,always_granite_8b,0.868020304568528,1.6348477157360407e-05,0.868020304568528,0.09644670050761421,0.0,0.04568527918781726
2model_llama_70b_granite_8b,"llama_70b,granite_8b",232,random,0.9187817258883249,3.5492984771573604e-05,0.9187817258883249,0.04568527918781726,0.0,0.5126903553299492
2model_llama_70b_granite_8b,"llama_70b,granite_8b",232,oracle,0.9644670050761421,5.3779482233502535e-05,0.9644670050761421,0.0,0.0,1.0
2model_llama_70b_granite_8b,"llama_70b,granite_8b",232,logistic_router,0.934010152284264,5.025831472081218e-05,0.934010152284264,0.030456852791878174,0.0,0.8578680203045685
2model_llama_70b_granite_8b,"llama_70b,granite_8b",232,linear_svm_router,0.934010152284264,5.1264203045685275e-05,0.934010152284264,0.030456852791878174,0.0,0.883248730964467
2model_llama_70b_granite_8b,"llama_70b,granite_8b",232,knn_router,0.9187817258883249,5.5371817258883244e-05,0.9187817258883249,0.04568527918781726,0.0,0.9543147208121827
2model_llama_70b_granite_8b,"llama_70b,granite_8b",232,decision_tree_router,0.934010152284264,4.5519969543147206e-05,0.934010152284264,0.030456852791878174,0.0,0.7868020304568528
2model_llama_70b_granite_8b,"llama_70b,granite_8b",232,random_forest_router,0.9390862944162437,5.145597969543146e-05,0.9390862944162437,0.025380710659898477,0.0,0.8934010152284264
2model_llama_70b_granite_8b,"llama_70b,granite_8b",232,extra_trees_router,0.934010152284264,5.1204888324873086e-05,0.934010152284264,0.030456852791878174,0.0,0.8781725888324873
2model_llama_70b_granite_8b,"llama_70b,granite_8b",232,tfidf_logistic_router,0.9390862944162437,5.135143654822334e-05,0.9390862944162437,0.025380710659898477,0.0,0.8984771573604061
2model_llama_70b_granite_8b,"llama_70b,granite_8b",232,tfidf_linear_svm_router,0.9187817258883249,5.5306081218274106e-05,0.9187817258883249,0.04568527918781726,0.0,0.949238578680203
2model_llama_70b_granite_8b,"llama_70b,granite_8b",233,always_llama_70b,0.883248730964467,5.4729203045685284e-05,0.883248730964467,0.04568527918781726,0.0,0.9543147208121827
2model_llama_70b_granite_8b,"llama_70b,granite_8b",233,always_granite_8b,0.8527918781725888,1.6294162436548225e-05,0.8527918781725888,0.07614213197969544,0.0,0.04568527918781726
2model_llama_70b_granite_8b,"llama_70b,granite_8b",233,random,0.868020304568528,3.463341116751269e-05,0.868020304568528,0.06091370558375635,0.0,0.48223350253807107
2model_llama_70b_granite_8b,"llama_70b,granite_8b",233,oracle,0.9289340101522843,5.2884939086294415e-05,0.9289340101522843,0.0,0.0,1.0
2model_llama_70b_granite_8b,"llama_70b,granite_8b",233,logistic_router,0.883248730964467,4.884405583756346e-05,0.883248730964467,0.04568527918781726,0.0,0.8375634517766497
2model_llama_70b_granite_8b,"llama_70b,granite_8b",233,linear_svm_router,0.8984771573604061,5.0388903553299495e-05,0.8984771573604061,0.030456852791878174,0.0,0.8781725888324873
2model_llama_70b_granite_8b,"llama_70b,granite_8b",233,knn_router,0.883248730964467,5.4729203045685284e-05,0.883248730964467,0.04568527918781726,0.0,0.9543147208121827
2model_llama_70b_granite_8b,"llama_70b,granite_8b",233,decision_tree_router,0.8578680203045685,4.0490796954314716e-05,0.8578680203045685,0.07106598984771574,0.0,0.6142131979695431
2model_llama_70b_granite_8b,"llama_70b,granite_8b",233,random_forest_router,0.883248730964467,4.904060406091371e-05,0.883248730964467,0.04568527918781726,0.0,0.8324873096446701
2model_llama_70b_granite_8b,"llama_70b,granite_8b",233,extra_trees_router,0.883248730964467,4.920466497461929e-05,0.883248730964467,0.04568527918781726,0.0,0.8375634517766497
2model_llama_70b_granite_8b,"llama_70b,granite_8b",233,tfidf_logistic_router,0.883248730964467,5.055771065989847e-05,0.883248730964467,0.04568527918781726,0.0,0.8781725888324873
2model_llama_70b_granite_8b,"llama_70b,granite_8b",233,tfidf_linear_svm_router,0.883248730964467,5.3074512690355326e-05,0.883248730964467,0.04568527918781726,0.0,0.9238578680203046
2model_deepseek_v3_granite_8b,"deepseek_v3,granite_8b",229,always_deepseek_v3,0.883248730964467,7.042395939086295e-05,0.883248730964467,0.05583756345177665,0.0,0.9441624365482234
2model_deepseek_v3_granite_8b,"deepseek_v3,granite_8b",229,always_granite_8b,0.8375634517766497,1.603908629441624e-05,0.8375634517766497,0.10152284263959391,0.0,0.05583756345177665
2model_deepseek_v3_granite_8b,"deepseek_v3,granite_8b",229,random,0.8324873096446701,4.2245177664974624e-05,0.8324873096446701,0.1065989847715736,0.0,0.4365482233502538
2model_deepseek_v3_granite_8b,"deepseek_v3,granite_8b",229,oracle,0.9390862944162437,6.675016243654822e-05,0.9390862944162437,0.0,0.0,1.0
2model_deepseek_v3_granite_8b,"deepseek_v3,granite_8b",229,logistic_router,0.8629441624365483,6.142213197969542e-05,0.8629441624365483,0.07614213197969544,0.0,0.7766497461928934
2model_deepseek_v3_granite_8b,"deepseek_v3,granite_8b",229,linear_svm_router,0.8730964467005076,6.43157461928934e-05,0.8730964467005076,0.06598984771573604,0.0,0.8375634517766497
2model_deepseek_v3_granite_8b,"deepseek_v3,granite_8b",229,knn_router,0.883248730964467,7.042395939086295e-05,0.883248730964467,0.05583756345177665,0.0,0.9441624365482234
2model_deepseek_v3_granite_8b,"deepseek_v3,granite_8b",229,decision_tree_router,0.883248730964467,5.619885279187817e-05,0.883248730964467,0.05583756345177665,0.0,0.6548223350253807
2model_deepseek_v3_granite_8b,"deepseek_v3,granite_8b",229,random_forest_router,0.883248730964467,6.90669035532995e-05,0.883248730964467,0.05583756345177665,0.0,0.9035532994923858
2model_deepseek_v3_granite_8b,"deepseek_v3,granite_8b",229,extra_trees_router,0.868020304568528,6.554248730964468e-05,0.868020304568528,0.07106598984771574,0.0,0.8426395939086294
2model_deepseek_v3_granite_8b,"deepseek_v3,granite_8b",229,tfidf_logistic_router,0.8730964467005076,6.722680203045684e-05,0.8730964467005076,0.06598984771573604,0.0,0.8984771573604061
2model_deepseek_v3_granite_8b,"deepseek_v3,granite_8b",229,tfidf_linear_svm_router,0.883248730964467,6.852340101522842e-05,0.883248730964467,0.05583756345177665,0.0,0.9187817258883249
2model_deepseek_v3_granite_8b,"deepseek_v3,granite_8b",230,always_deepseek_v3,0.9137055837563451,7.150268020304568e-05,0.9137055837563451,0.025380710659898477,0.0,0.9746192893401016
2model_deepseek_v3_granite_8b,"deepseek_v3,granite_8b",230,always_granite_8b,0.8477157360406091,1.58748730964467e-05,0.8477157360406091,0.09137055837563451,0.0,0.025380710659898477
2model_deepseek_v3_granite_8b,"deepseek_v3,granite_8b",230,random,0.8781725888324873,4.412013197969543e-05,0.8781725888324873,0.06091370558375635,0.0,0.5329949238578681
2model_deepseek_v3_granite_8b,"deepseek_v3,granite_8b",230,oracle,0.9390862944162437,6.963457868020306e-05,0.9390862944162437,0.0,0.0,1.0
2model_deepseek_v3_granite_8b,"deepseek_v3,granite_8b",230,logistic_router,0.8984771573604061,6.624503553299494e-05,0.8984771573604061,0.04060913705583756,0.0,0.868020304568528
2model_deepseek_v3_granite_8b,"deepseek_v3,granite_8b",230,linear_svm_router,0.8984771573604061,6.692351269035534e-05,0.8984771573604061,0.04060913705583756,0.0,0.8781725888324873
2model_deepseek_v3_granite_8b,"deepseek_v3,granite_8b",230,knn_router,0.9137055837563451,7.150268020304568e-05,0.9137055837563451,0.025380710659898477,0.0,0.9746192893401016
2model_deepseek_v3_granite_8b,"deepseek_v3,granite_8b",230,decision_tree_router,0.9035532994923858,6.399524873096447e-05,0.9035532994923858,0.03553299492385787,0.0,0.8071065989847716
2model_deepseek_v3_granite_8b,"deepseek_v3,granite_8b",230,random_forest_router,0.9137055837563451,7.077354314720813e-05,0.9137055837563451,0.025380710659898477,0.0,0.9441624365482234
2model_deepseek_v3_granite_8b,"deepseek_v3,granite_8b",230,extra_trees_router,0.8934010152284264,6.682215228426397e-05,0.8934010152284264,0.04568527918781726,0.0,0.8527918781725888
2model_deepseek_v3_granite_8b,"deepseek_v3,granite_8b",230,tfidf_logistic_router,0.8984771573604061,6.823714720812184e-05,0.8984771573604061,0.04060913705583756,0.0,0.8984771573604061
2model_deepseek_v3_granite_8b,"deepseek_v3,granite_8b",230,tfidf_linear_svm_router,0.9086294416243654,7.005054822335026e-05,0.9086294416243654,0.030456852791878174,0.0,0.934010152284264
2model_deepseek_v3_granite_8b,"deepseek_v3,granite_8b",231,always_deepseek_v3,0.8984771573604061,7.693892385786802e-05,0.8984771573604061,0.03553299492385787,0.0,0.9644670050761421
2model_deepseek_v3_granite_8b,"deepseek_v3,granite_8b",231,always_granite_8b,0.8527918781725888,1.6751015228426392e-05,0.8527918781725888,0.08121827411167512,0.0,0.03553299492385787
2model_deepseek_v3_granite_8b,"deepseek_v3,granite_8b",231,random,0.8883248730964467,4.707281218274111e-05,0.8883248730964467,0.04568527918781726,0.0,0.49746192893401014
2model_deepseek_v3_granite_8b,"deepseek_v3,granite_8b",231,oracle,0.934010152284264,7.460903553299493e-05,0.934010152284264,0.0,0.0,1.0
2model_deepseek_v3_granite_8b,"deepseek_v3,granite_8b",231,logistic_router,0.883248730964467,6.708942131979694e-05,0.883248730964467,0.050761421319796954,0.0,0.7918781725888325
2model_deepseek_v3_granite_8b,"deepseek_v3,granite_8b",231,linear_svm_router,0.8934010152284264,6.642768527918781e-05,0.8934010152284264,0.04060913705583756,0.0,0.8020304568527918
2model_deepseek_v3_granite_8b,"deepseek_v3,granite_8b",231,knn_router,0.8984771573604061,7.693892385786802e-05,0.8984771573604061,0.03553299492385787,0.0,0.9644670050761421
2model_deepseek_v3_granite_8b,"deepseek_v3,granite_8b",231,decision_tree_router,0.8883248730964467,6.919110659898476e-05,0.8883248730964467,0.04568527918781726,0.0,0.8274111675126904
2model_deepseek_v3_granite_8b,"deepseek_v3,granite_8b",231,random_forest_router,0.8934010152284264,7.573493401015228e-05,0.8934010152284264,0.04060913705583756,0.0,0.934010152284264
2model_deepseek_v3_granite_8b,"deepseek_v3,granite_8b",231,extra_trees_router,0.8984771573604061,7.329124873096445e-05,0.8984771573604061,0.03553299492385787,0.0,0.8730964467005076
2model_deepseek_v3_granite_8b,"deepseek_v3,granite_8b",231,tfidf_logistic_router,0.8934010152284264,7.480099492385786e-05,0.8934010152284264,0.04060913705583756,0.0,0.9187817258883249
2model_deepseek_v3_granite_8b,"deepseek_v3,granite_8b",231,tfidf_linear_svm_router,0.8984771573604061,7.640820304568528e-05,0.8984771573604061,0.03553299492385787,0.0,0.949238578680203
2model_deepseek_v3_granite_8b,"deepseek_v3,granite_8b",232,always_deepseek_v3,0.9238578680203046,6.975652791878173e-05,0.9238578680203046,0.03553299492385787,0.0,0.9644670050761421
2model_deepseek_v3_granite_8b,"deepseek_v3,granite_8b",232,always_granite_8b,0.868020304568528,1.6348477157360407e-05,0.868020304568528,0.09137055837563451,0.0,0.03553299492385787
2model_deepseek_v3_granite_8b,"deepseek_v3,granite_8b",232,random,0.9289340101522843,4.346587817258883e-05,0.9289340101522843,0.030456852791878174,0.0,0.5329949238578681
2model_deepseek_v3_granite_8b,"deepseek_v3,granite_8b",232,oracle,0.9593908629441624,6.781155329949238e-05,0.9593908629441624,0.0,0.0,1.0
2model_deepseek_v3_granite_8b,"deepseek_v3,granite_8b",232,logistic_router,0.9086294416243654,6.261869035532995e-05,0.9086294416243654,0.050761421319796954,0.0,0.8426395939086294
2model_deepseek_v3_granite_8b,"deepseek_v3,granite_8b",232,linear_svm_router,0.9035532994923858,6.234768527918781e-05,0.9035532994923858,0.05583756345177665,0.0,0.8375634517766497
2model_deepseek_v3_granite_8b,"deepseek_v3,granite_8b",232,knn_router,0.9238578680203046,6.975652791878173e-05,0.9238578680203046,0.03553299492385787,0.0,0.9644670050761421
2model_deepseek_v3_granite_8b,"deepseek_v3,granite_8b",232,decision_tree_router,0.8984771573604061,5.951003045685279e-05,0.8984771573604061,0.06091370558375635,0.0,0.8071065989847716
2model_deepseek_v3_granite_8b,"deepseek_v3,granite_8b",232,random_forest_router,0.9238578680203046,6.932104568527919e-05,0.9238578680203046,0.03553299492385787,0.0,0.9441624365482234
2model_deepseek_v3_granite_8b,"deepseek_v3,granite_8b",232,extra_trees_router,0.9137055837563451,6.736307614213199e-05,0.9137055837563451,0.04568527918781726,0.0,0.9086294416243654
2model_deepseek_v3_granite_8b,"deepseek_v3,granite_8b",232,tfidf_logistic_router,0.9187817258883249,6.718372588832488e-05,0.9187817258883249,0.04060913705583756,0.0,0.9238578680203046
2model_deepseek_v3_granite_8b,"deepseek_v3,granite_8b",232,tfidf_linear_svm_router,0.9238578680203046,6.892723857868021e-05,0.9238578680203046,0.03553299492385787,0.0,0.9593908629441624
2model_deepseek_v3_granite_8b,"deepseek_v3,granite_8b",233,always_deepseek_v3,0.9187817258883249,7.352493401015228e-05,0.9187817258883249,0.030456852791878174,0.0,0.9695431472081218
2model_deepseek_v3_granite_8b,"deepseek_v3,granite_8b",233,always_granite_8b,0.8527918781725888,1.6294162436548225e-05,0.8527918781725888,0.09644670050761421,0.0,0.030456852791878174
2model_deepseek_v3_granite_8b,"deepseek_v3,granite_8b",233,random,0.883248730964467,4.375757360406091e-05,0.883248730964467,0.06598984771573604,0.0,0.45685279187817257
2model_deepseek_v3_granite_8b,"deepseek_v3,granite_8b",233,oracle,0.949238578680203,7.16742538071066e-05,0.949238578680203,0.0,0.0,1.0
2model_deepseek_v3_granite_8b,"deepseek_v3,granite_8b",233,logistic_router,0.9035532994923858,6.298270050761421e-05,0.9035532994923858,0.04568527918781726,0.0,0.8020304568527918
2model_deepseek_v3_granite_8b,"deepseek_v3,granite_8b",233,linear_svm_router,0.9086294416243654,6.371592893401015e-05,0.9086294416243654,0.04060913705583756,0.0,0.817258883248731
2model_deepseek_v3_granite_8b,"deepseek_v3,granite_8b",233,knn_router,0.9187817258883249,7.352493401015228e-05,0.9187817258883249,0.030456852791878174,0.0,0.9695431472081218
2model_deepseek_v3_granite_8b,"deepseek_v3,granite_8b",233,decision_tree_router,0.9137055837563451,6.482781725888326e-05,0.9137055837563451,0.03553299492385787,0.0,0.8020304568527918
2model_deepseek_v3_granite_8b,"deepseek_v3,granite_8b",233,random_forest_router,0.9086294416243654,7.067378680203046e-05,0.9086294416243654,0.04060913705583756,0.0,0.8883248730964467
2model_deepseek_v3_granite_8b,"deepseek_v3,granite_8b",233,extra_trees_router,0.9035532994923858,6.92193197969543e-05,0.9035532994923858,0.04568527918781726,0.0,0.8527918781725888
2model_deepseek_v3_granite_8b,"deepseek_v3,granite_8b",233,tfidf_logistic_router,0.9086294416243654,7.002837563451777e-05,0.9086294416243654,0.04060913705583756,0.0,0.8883248730964467
2model_deepseek_v3_granite_8b,"deepseek_v3,granite_8b",233,tfidf_linear_svm_router,0.9137055837563451,7.244578680203046e-05,0.9137055837563451,0.03553299492385787,0.0,0.9441624365482234
3model_gemini_flash_lite_qwen_30b_llama_70b,"gemini_flash_lite,qwen_30b,llama_70b",229,always_gemini_flash_lite,0.9137055837563451,0.00012077157360406092,0.9137055837563451,0.050761421319796954,0.0,0.949238578680203
3model_gemini_flash_lite_qwen_30b_llama_70b,"gemini_flash_lite,qwen_30b,llama_70b",229,always_qwen_30b,0.868020304568528,2.3474460913705585e-05,0.868020304568528,0.09644670050761421,0.0,0.03553299492385787
3model_gemini_flash_lite_qwen_30b_llama_70b,"gemini_flash_lite,qwen_30b,llama_70b",229,always_llama_70b,0.8934010152284264,5.343402538071066e-05,0.8934010152284264,0.07106598984771574,0.0,0.015228426395939087
3model_gemini_flash_lite_qwen_30b_llama_70b,"gemini_flash_lite,qwen_30b,llama_70b",229,random,0.883248730964467,6.460928020304568e-05,0.883248730964467,0.08121827411167512,0.0,0.2893401015228426
3model_gemini_flash_lite_qwen_30b_llama_70b,"gemini_flash_lite,qwen_30b,llama_70b",229,oracle,0.9644670050761421,0.0001157115035532995,0.9644670050761421,0.0,0.0,1.0
3model_gemini_flash_lite_qwen_30b_llama_70b,"gemini_flash_lite,qwen_30b,llama_70b",229,logistic_router,0.9086294416243654,0.00010249350558375636,0.9086294416243654,0.05583756345177665,0.0,0.6954314720812182
3model_gemini_flash_lite_qwen_30b_llama_70b,"gemini_flash_lite,qwen_30b,llama_70b",229,linear_svm_router,0.9137055837563451,0.00011536713908629444,0.9137055837563451,0.050761421319796954,0.0,0.8578680203045685
3model_gemini_flash_lite_qwen_30b_llama_70b,"gemini_flash_lite,qwen_30b,llama_70b",229,knn_router,0.9137055837563451,0.00012077157360406092,0.9137055837563451,0.050761421319796954,0.0,0.949238578680203
3model_gemini_flash_lite_qwen_30b_llama_70b,"gemini_flash_lite,qwen_30b,llama_70b",229,decision_tree_router,0.8984771573604061,7.648038274111675e-05,0.8984771573604061,0.06598984771573604,0.0,0.4416243654822335
3model_gemini_flash_lite_qwen_30b_llama_70b,"gemini_flash_lite,qwen_30b,llama_70b",229,random_forest_router,0.9137055837563451,0.00011744484568527919,0.9137055837563451,0.050761421319796954,0.0,0.8984771573604061
3model_gemini_flash_lite_qwen_30b_llama_70b,"gemini_flash_lite,qwen_30b,llama_70b",229,extra_trees_router,0.9035532994923858,0.00010000048527918782,0.9035532994923858,0.06091370558375635,0.0,0.7258883248730964
3model_gemini_flash_lite_qwen_30b_llama_70b,"gemini_flash_lite,qwen_30b,llama_70b",229,tfidf_logistic_router,0.9187817258883249,0.00011344841624365483,0.9187817258883249,0.04568527918781726,0.0,0.868020304568528
3model_gemini_flash_lite_qwen_30b_llama_70b,"gemini_flash_lite,qwen_30b,llama_70b",229,tfidf_linear_svm_router,0.9137055837563451,0.00012077157360406092,0.9137055837563451,0.050761421319796954,0.0,0.949238578680203
3model_gemini_flash_lite_qwen_30b_llama_70b,"gemini_flash_lite,qwen_30b,llama_70b",230,always_gemini_flash_lite,0.9187817258883249,0.00012391624365482235,0.9187817258883249,0.04060913705583756,0.0,0.9593908629441624
3model_gemini_flash_lite_qwen_30b_llama_70b,"gemini_flash_lite,qwen_30b,llama_70b",230,always_qwen_30b,0.9187817258883249,2.4823336040609136e-05,0.9187817258883249,0.04060913705583756,0.0,0.025380710659898477
3model_gemini_flash_lite_qwen_30b_llama_70b,"gemini_flash_lite,qwen_30b,llama_70b",230,always_llama_70b,0.8781725888324873,5.418654314720812e-05,0.8781725888324873,0.08121827411167512,0.0,0.015228426395939087
3model_gemini_flash_lite_qwen_30b_llama_70b,"gemini_flash_lite,qwen_30b,llama_70b",230,random,0.9187817258883249,7.276070862944161e-05,0.9187817258883249,0.04060913705583756,0.0,0.39086294416243655
3model_gemini_flash_lite_qwen_30b_llama_70b,"gemini_flash_lite,qwen_30b,llama_70b",230,oracle,0.9593908629441624,0.00011974922233502539,0.9593908629441624,0.0,0.0,1.0
3model_gemini_flash_lite_qwen_30b_llama_70b,"gemini_flash_lite,qwen_30b,llama_70b",230,logistic_router,0.8984771573604061,0.00010865694416243656,0.8984771573604061,0.06091370558375635,0.0,0.751269035532995
3model_gemini_flash_lite_qwen_30b_llama_70b,"gemini_flash_lite,qwen_30b,llama_70b",230,linear_svm_router,0.9187817258883249,0.00012179190253807108,0.9187817258883249,0.04060913705583756,0.0,0.934010152284264
3model_gemini_flash_lite_qwen_30b_llama_70b,"gemini_flash_lite,qwen_30b,llama_70b",230,knn_router,0.9187817258883249,0.00012391624365482235,0.9187817258883249,0.04060913705583756,0.0,0.9593908629441624
3model_gemini_flash_lite_qwen_30b_llama_70b,"gemini_flash_lite,qwen_30b,llama_70b",230,decision_tree_router,0.9035532994923858,9.651851269035534e-05,0.9035532994923858,0.05583756345177665,0.0,0.649746192893401
3model_gemini_flash_lite_qwen_30b_llama_70b,"gemini_flash_lite,qwen_30b,llama_70b",230,random_forest_router,0.9137055837563451,0.00012227624365482236,0.9137055837563451,0.04568527918781726,0.0,0.934010152284264
3model_gemini_flash_lite_qwen_30b_llama_70b,"gemini_flash_lite,qwen_30b,llama_70b",230,extra_trees_router,0.9086294416243654,0.00011544683654822337,0.9086294416243654,0.050761421319796954,0.0,0.8223350253807107
3model_gemini_flash_lite_qwen_30b_llama_70b,"gemini_flash_lite,qwen_30b,llama_70b",230,tfidf_logistic_router,0.9137055837563451,0.00011803520609137058,0.9137055837563451,0.04568527918781726,0.0,0.8883248730964467
3model_gemini_flash_lite_qwen_30b_llama_70b,"gemini_flash_lite,qwen_30b,llama_70b",230,tfidf_linear_svm_router,0.9187817258883249,0.0001228596182741117,0.9187817258883249,0.04060913705583756,0.0,0.949238578680203
3model_gemini_flash_lite_qwen_30b_llama_70b,"gemini_flash_lite,qwen_30b,llama_70b",231,always_gemini_flash_lite,0.9289340101522843,0.00012848857868020305,0.9289340101522843,0.030456852791878174,0.0,0.9695431472081218
3model_gemini_flash_lite_qwen_30b_llama_70b,"gemini_flash_lite,qwen_30b,llama_70b",231,always_qwen_30b,0.8883248730964467,2.600484670050761e-05,0.8883248730964467,0.07106598984771574,0.0,0.015228426395939087
3model_gemini_flash_lite_qwen_30b_llama_70b,"gemini_flash_lite,qwen_30b,llama_70b",231,always_llama_70b,0.8984771573604061,5.3821685279187825e-05,0.8984771573604061,0.06091370558375635,0.0,0.015228426395939087
3model_gemini_flash_lite_qwen_30b_llama_70b,"gemini_flash_lite,qwen_30b,llama_70b",231,random,0.8984771573604061,6.819045076142131e-05,0.8984771573604061,0.06091370558375635,0.0,0.27918781725888325
3model_gemini_flash_lite_qwen_30b_llama_70b,"gemini_flash_lite,qwen_30b,llama_70b",231,oracle,0.9593908629441624,0.0001265579766497462,0.9593908629441624,0.0,0.0,1.0
3model_gemini_flash_lite_qwen_30b_llama_70b,"gemini_flash_lite,qwen_30b,llama_70b",231,logistic_router,0.9187817258883249,0.00010225892182741117,0.9187817258883249,0.04060913705583756,0.0,0.7055837563451777
3model_gemini_flash_lite_qwen_30b_llama_70b,"gemini_flash_lite,qwen_30b,llama_70b",231,linear_svm_router,0.9187817258883249,0.0001234766923857868,0.9187817258883249,0.04060913705583756,0.0,0.9137055837563451
3model_gemini_flash_lite_qwen_30b_llama_70b,"gemini_flash_lite,qwen_30b,llama_70b",231,knn_router,0.9289340101522843,0.00012848857868020305,0.9289340101522843,0.030456852791878174,0.0,0.9695431472081218
3model_gemini_flash_lite_qwen_30b_llama_70b,"gemini_flash_lite,qwen_30b,llama_70b",231,decision_tree_router,0.9390862944162437,9.342240913705586e-05,0.9390862944162437,0.02030456852791878,0.0,0.5989847715736041
3model_gemini_flash_lite_qwen_30b_llama_70b,"gemini_flash_lite,qwen_30b,llama_70b",231,random_forest_router,0.9289340101522843,0.0001262215654822335,0.9289340101522843,0.030456852791878174,0.0,0.949238578680203
3model_gemini_flash_lite_qwen_30b_llama_70b,"gemini_flash_lite,qwen_30b,llama_70b",231,extra_trees_router,0.9289340101522843,0.00011623655634517765,0.9289340101522843,0.030456852791878174,0.0,0.8426395939086294
3model_gemini_flash_lite_qwen_30b_llama_70b,"gemini_flash_lite,qwen_30b,llama_70b",231,tfidf_logistic_router,0.9238578680203046,0.00012091321827411168,0.9238578680203046,0.03553299492385787,0.0,0.8781725888324873
3model_gemini_flash_lite_qwen_30b_llama_70b,"gemini_flash_lite,qwen_30b,llama_70b",231,tfidf_linear_svm_router,0.9289340101522843,0.00012738379898477158,0.9289340101522843,0.030456852791878174,0.0,0.9644670050761421
3model_gemini_flash_lite_qwen_30b_llama_70b,"gemini_flash_lite,qwen_30b,llama_70b",232,always_gemini_flash_lite,0.9086294416243654,0.00012325000000000001,0.9086294416243654,0.07614213197969544,0.0,0.9238578680203046
3model_gemini_flash_lite_qwen_30b_llama_70b,"gemini_flash_lite,qwen_30b,llama_70b",232,always_qwen_30b,0.9137055837563451,2.631308629441624e-05,0.9137055837563451,0.07106598984771574,0.0,0.050761421319796954
3model_gemini_flash_lite_qwen_30b_llama_70b,"gemini_flash_lite,qwen_30b,llama_70b",232,always_llama_70b,0.9187817258883249,5.5371817258883244e-05,0.9187817258883249,0.06598984771573604,0.0,0.025380710659898477
3model_gemini_flash_lite_qwen_30b_llama_70b,"gemini_flash_lite,qwen_30b,llama_70b",232,random,0.9086294416243654,6.617390862944162e-05,0.9086294416243654,0.07614213197969544,0.0,0.3248730964467005
3model_gemini_flash_lite_qwen_30b_llama_70b,"gemini_flash_lite,qwen_30b,llama_70b",232,oracle,0.9847715736040609,0.00011534955532994923,0.9847715736040609,0.0,0.0,1.0
3model_gemini_flash_lite_qwen_30b_llama_70b,"gemini_flash_lite,qwen_30b,llama_70b",232,logistic_router,0.9137055837563451,0.00010731469441624366,0.9137055837563451,0.07106598984771574,0.0,0.7817258883248731
3model_gemini_flash_lite_qwen_30b_llama_70b,"gemini_flash_lite,qwen_30b,llama_70b",232,linear_svm_router,0.9035532994923858,0.00011854951979695433,0.9035532994923858,0.08121827411167512,0.0,0.8730964467005076
3model_gemini_flash_lite_qwen_30b_llama_70b,"gemini_flash_lite,qwen_30b,llama_70b",232,knn_router,0.9086294416243654,0.00012325000000000001,0.9086294416243654,0.07614213197969544,0.0,0.9238578680203046
3model_gemini_flash_lite_qwen_30b_llama_70b,"gemini_flash_lite,qwen_30b,llama_70b",232,decision_tree_router,0.9086294416243654,0.0001049261197969543,0.9086294416243654,0.07614213197969544,0.0,0.7766497461928934
3model_gemini_flash_lite_qwen_30b_llama_70b,"gemini_flash_lite,qwen_30b,llama_70b",232,random_forest_router,0.9035532994923858,0.00012098543451776652,0.9035532994923858,0.08121827411167512,0.0,0.8934010152284264
3model_gemini_flash_lite_qwen_30b_llama_70b,"gemini_flash_lite,qwen_30b,llama_70b",232,extra_trees_router,0.8984771573604061,0.00011668344365482235,0.8984771573604061,0.08629441624365482,0.0,0.8324873096446701
3model_gemini_flash_lite_qwen_30b_llama_70b,"gemini_flash_lite,qwen_30b,llama_70b",232,tfidf_logistic_router,0.9086294416243654,0.00011337588527918782,0.9086294416243654,0.07614213197969544,0.0,0.8426395939086294
3model_gemini_flash_lite_qwen_30b_llama_70b,"gemini_flash_lite,qwen_30b,llama_70b",232,tfidf_linear_svm_router,0.9086294416243654,0.00012255622944162437,0.9086294416243654,0.07614213197969544,0.0,0.9187817258883249
3model_gemini_flash_lite_qwen_30b_llama_70b,"gemini_flash_lite,qwen_30b,llama_70b",233,always_gemini_flash_lite,0.9289340101522843,0.00012413705583756346,0.9289340101522843,0.04568527918781726,0.0,0.9543147208121827
3model_gemini_flash_lite_qwen_30b_llama_70b,"gemini_flash_lite,qwen_30b,llama_70b",233,always_qwen_30b,0.9086294416243654,2.511114720812183e-05,0.9086294416243654,0.06598984771573604,0.0,0.03553299492385787
3model_gemini_flash_lite_qwen_30b_llama_70b,"gemini_flash_lite,qwen_30b,llama_70b",233,always_llama_70b,0.883248730964467,5.4729203045685284e-05,0.883248730964467,0.09137055837563451,0.0,0.01015228426395939
3model_gemini_flash_lite_qwen_30b_llama_70b,"gemini_flash_lite,qwen_30b,llama_70b",233,random,0.8984771573604061,6.870589137055837e-05,0.8984771573604061,0.07614213197969544,0.0,0.3147208121827411
3model_gemini_flash_lite_qwen_30b_llama_70b,"gemini_flash_lite,qwen_30b,llama_70b",233,oracle,0.9746192893401016,0.00011920288121827412,0.9746192893401016,0.0,0.0,1.0
3model_gemini_flash_lite_qwen_30b_llama_70b,"gemini_flash_lite,qwen_30b,llama_70b",233,logistic_router,0.9187817258883249,0.00010578869340101523,0.9187817258883249,0.05583756345177665,0.0,0.7411167512690355
3model_gemini_flash_lite_qwen_30b_llama_70b,"gemini_flash_lite,qwen_30b,llama_70b",233,linear_svm_router,0.9187817258883249,0.00012007953502538073,0.9187817258883249,0.05583756345177665,0.0,0.9035532994923858
3model_gemini_flash_lite_qwen_30b_llama_70b,"gemini_flash_lite,qwen_30b,llama_70b",233,knn_router,0.9289340101522843,0.00012413705583756346,0.9289340101522843,0.04568527918781726,0.0,0.9543147208121827
3model_gemini_flash_lite_qwen_30b_llama_70b,"gemini_flash_lite,qwen_30b,llama_70b",233,decision_tree_router,0.9035532994923858,9.150971269035532e-05,0.9035532994923858,0.07106598984771574,0.0,0.5126903553299492
3model_gemini_flash_lite_qwen_30b_llama_70b,"gemini_flash_lite,qwen_30b,llama_70b",233,random_forest_router,0.9238578680203046,0.00012244551878172588,0.9238578680203046,0.050761421319796954,0.0,0.934010152284264
3model_gemini_flash_lite_qwen_30b_llama_70b,"gemini_flash_lite,qwen_30b,llama_70b",233,extra_trees_router,0.9137055837563451,0.00011285774010152284,0.9137055837563451,0.06091370558375635,0.0,0.8274111675126904
3model_gemini_flash_lite_qwen_30b_llama_70b,"gemini_flash_lite,qwen_30b,llama_70b",233,tfidf_logistic_router,0.9289340101522843,0.0001172143614213198,0.9289340101522843,0.04568527918781726,0.0,0.8984771573604061
3model_gemini_flash_lite_qwen_30b_llama_70b,"gemini_flash_lite,qwen_30b,llama_70b",233,tfidf_linear_svm_router,0.9289340101522843,0.0001231484771573604,0.9289340101522843,0.04568527918781726,0.0,0.9441624365482234
3model_gemini_flash_lite_qwen_30b_deepseek_v3,"gemini_flash_lite,qwen_30b,deepseek_v3",229,always_gemini_flash_lite,0.9137055837563451,0.00012077157360406092,0.9137055837563451,0.04568527918781726,0.0,0.9543147208121827
3model_gemini_flash_lite_qwen_30b_deepseek_v3,"gemini_flash_lite,qwen_30b,deepseek_v3",229,always_qwen_30b,0.868020304568528,2.3474460913705585e-05,0.868020304568528,0.09137055837563451,0.0,0.03553299492385787
3model_gemini_flash_lite_qwen_30b_deepseek_v3,"gemini_flash_lite,qwen_30b,deepseek_v3",229,always_deepseek_v3,0.883248730964467,7.042395939086295e-05,0.883248730964467,0.07614213197969544,0.0,0.01015228426395939
3model_gemini_flash_lite_qwen_30b_deepseek_v3,"gemini_flash_lite,qwen_30b,deepseek_v3",229,random,0.8883248730964467,7.142126497461929e-05,0.8883248730964467,0.07106598984771574,0.0,0.2893401015228426
3model_gemini_flash_lite_qwen_30b_deepseek_v3,"gemini_flash_lite,qwen_30b,deepseek_v3",229,oracle,0.9593908629441624,0.00011526917360406092,0.9593908629441624,0.0,0.0,1.0
3model_gemini_flash_lite_qwen_30b_deepseek_v3,"gemini_flash_lite,qwen_30b,deepseek_v3",229,logistic_router,0.9137055837563451,0.0001059666883248731,0.9137055837563451,0.04568527918781726,0.0,0.7614213197969543
3model_gemini_flash_lite_qwen_30b_deepseek_v3,"gemini_flash_lite,qwen_30b,deepseek_v3",229,linear_svm_router,0.9137055837563451,0.00011649067208121828,0.9137055837563451,0.04568527918781726,0.0,0.9086294416243654
3model_gemini_flash_lite_qwen_30b_deepseek_v3,"gemini_flash_lite,qwen_30b,deepseek_v3",229,knn_router,0.9137055837563451,0.00012077157360406092,0.9137055837563451,0.04568527918781726,0.0,0.9543147208121827
3model_gemini_flash_lite_qwen_30b_deepseek_v3,"gemini_flash_lite,qwen_30b,deepseek_v3",229,decision_tree_router,0.9035532994923858,9.343967918781725e-05,0.9035532994923858,0.05583756345177665,0.0,0.649746192893401
3model_gemini_flash_lite_qwen_30b_deepseek_v3,"gemini_flash_lite,qwen_30b,deepseek_v3",229,random_forest_router,0.9137055837563451,0.0001203155106598985,0.9137055837563451,0.04568527918781726,0.0,0.949238578680203
3model_gemini_flash_lite_qwen_30b_deepseek_v3,"gemini_flash_lite,qwen_30b,deepseek_v3",229,extra_trees_router,0.9086294416243654,0.00010199725076142132,0.9086294416243654,0.050761421319796954,0.0,0.7715736040609137
3model_gemini_flash_lite_qwen_30b_deepseek_v3,"gemini_flash_lite,qwen_30b,deepseek_v3",229,tfidf_logistic_router,0.9187817258883249,0.00011668384162436549,0.9187817258883249,0.04060913705583756,0.0,0.9137055837563451
3model_gemini_flash_lite_qwen_30b_deepseek_v3,"gemini_flash_lite,qwen_30b,deepseek_v3",229,tfidf_linear_svm_router,0.9137055837563451,0.00012042092385786802,0.9137055837563451,0.04568527918781726,0.0,0.949238578680203
3model_gemini_flash_lite_qwen_30b_deepseek_v3,"gemini_flash_lite,qwen_30b,deepseek_v3",230,always_gemini_flash_lite,0.9187817258883249,0.00012391624365482235,0.9187817258883249,0.030456852791878174,0.0,0.9695431472081218
3model_gemini_flash_lite_qwen_30b_deepseek_v3,"gemini_flash_lite,qwen_30b,deepseek_v3",230,always_qwen_30b,0.9187817258883249,2.4823336040609136e-05,0.9187817258883249,0.030456852791878174,0.0,0.025380710659898477
3model_gemini_flash_lite_qwen_30b_deepseek_v3,"gemini_flash_lite,qwen_30b,deepseek_v3",230,always_deepseek_v3,0.9137055837563451,7.150268020304568e-05,0.9137055837563451,0.03553299492385787,0.0,0.005076142131979695
3model_gemini_flash_lite_qwen_30b_deepseek_v3,"gemini_flash_lite,qwen_30b,deepseek_v3",230,random,0.9086294416243654,7.82097847715736e-05,0.9086294416243654,0.04060913705583756,0.0,0.38578680203045684
3model_gemini_flash_lite_qwen_30b_deepseek_v3,"gemini_flash_lite,qwen_30b,deepseek_v3",230,oracle,0.949238578680203,0.00012045849137055838,0.949238578680203,0.0,0.0,1.0
3model_gemini_flash_lite_qwen_30b_deepseek_v3,"gemini_flash_lite,qwen_30b,deepseek_v3",230,logistic_router,0.9187817258883249,0.00011088362842639595,0.9187817258883249,0.030456852791878174,0.0,0.8071065989847716
3model_gemini_flash_lite_qwen_30b_deepseek_v3,"gemini_flash_lite,qwen_30b,deepseek_v3",230,linear_svm_router,0.9137055837563451,0.0001222165725888325,0.9137055837563451,0.03553299492385787,0.0,0.9390862944162437
3model_gemini_flash_lite_qwen_30b_deepseek_v3,"gemini_flash_lite,qwen_30b,deepseek_v3",230,knn_router,0.9187817258883249,0.00012391624365482235,0.9187817258883249,0.030456852791878174,0.0,0.9695431472081218
3model_gemini_flash_lite_qwen_30b_deepseek_v3,"gemini_flash_lite,qwen_30b,deepseek_v3",230,decision_tree_router,0.9137055837563451,0.00011289181928934009,0.9137055837563451,0.03553299492385787,0.0,0.8578680203045685
3model_gemini_flash_lite_qwen_30b_deepseek_v3,"gemini_flash_lite,qwen_30b,deepseek_v3",230,random_forest_router,0.9187817258883249,0.00012350862944162438,0.9187817258883249,0.030456852791878174,0.0,0.9644670050761421
3model_gemini_flash_lite_qwen_30b_deepseek_v3,"gemini_flash_lite,qwen_30b,deepseek_v3",230,extra_trees_router,0.9187817258883249,0.00012033932385786803,0.9187817258883249,0.030456852791878174,0.0,0.9289340101522843
3model_gemini_flash_lite_qwen_30b_deepseek_v3,"gemini_flash_lite,qwen_30b,deepseek_v3",230,tfidf_logistic_router,0.9187817258883249,0.0001210142111675127,0.9187817258883249,0.030456852791878174,0.0,0.9289340101522843
3model_gemini_flash_lite_qwen_30b_deepseek_v3,"gemini_flash_lite,qwen_30b,deepseek_v3",230,tfidf_linear_svm_router,0.9187817258883249,0.0001228596182741117,0.9187817258883249,0.030456852791878174,0.0,0.9593908629441624
3model_gemini_flash_lite_qwen_30b_deepseek_v3,"gemini_flash_lite,qwen_30b,deepseek_v3",231,always_gemini_flash_lite,0.9289340101522843,0.00012848857868020305,0.9289340101522843,0.025380710659898477,0.0,0.9746192893401016
3model_gemini_flash_lite_qwen_30b_deepseek_v3,"gemini_flash_lite,qwen_30b,deepseek_v3",231,always_qwen_30b,0.8883248730964467,2.600484670050761e-05,0.8883248730964467,0.06598984771573604,0.0,0.015228426395939087
3model_gemini_flash_lite_qwen_30b_deepseek_v3,"gemini_flash_lite,qwen_30b,deepseek_v3",231,always_deepseek_v3,0.8984771573604061,7.693892385786802e-05,0.8984771573604061,0.05583756345177665,0.0,0.01015228426395939
3model_gemini_flash_lite_qwen_30b_deepseek_v3,"gemini_flash_lite,qwen_30b,deepseek_v3",231,random,0.8883248730964467,7.422823756345177e-05,0.8883248730964467,0.06598984771573604,0.0,0.28426395939086296
3model_gemini_flash_lite_qwen_30b_deepseek_v3,"gemini_flash_lite,qwen_30b,deepseek_v3",231,oracle,0.9543147208121827,0.00012611508832487307,0.9543147208121827,0.0,0.0,1.0
3model_gemini_flash_lite_qwen_30b_deepseek_v3,"gemini_flash_lite,qwen_30b,deepseek_v3",231,logistic_router,0.9187817258883249,0.0001102635269035533,0.9187817258883249,0.03553299492385787,0.0,0.766497461928934
3model_gemini_flash_lite_qwen_30b_deepseek_v3,"gemini_flash_lite,qwen_30b,deepseek_v3",231,linear_svm_router,0.9289340101522843,0.00012485781928934012,0.9289340101522843,0.025380710659898477,0.0,0.934010152284264
3model_gemini_flash_lite_qwen_30b_deepseek_v3,"gemini_flash_lite,qwen_30b,deepseek_v3",231,knn_router,0.9289340101522843,0.00012848857868020305,0.9289340101522843,0.025380710659898477,0.0,0.9746192893401016
3model_gemini_flash_lite_qwen_30b_deepseek_v3,"gemini_flash_lite,qwen_30b,deepseek_v3",231,decision_tree_router,0.9238578680203046,0.00010176976852791877,0.9238578680203046,0.030456852791878174,0.0,0.7208121827411168
3model_gemini_flash_lite_qwen_30b_deepseek_v3,"gemini_flash_lite,qwen_30b,deepseek_v3",231,random_forest_router,0.9238578680203046,0.0001264241543147208,0.9238578680203046,0.030456852791878174,0.0,0.9543147208121827
3model_gemini_flash_lite_qwen_30b_deepseek_v3,"gemini_flash_lite,qwen_30b,deepseek_v3",231,extra_trees_router,0.9289340101522843,0.00011798128730964466,0.9289340101522843,0.025380710659898477,0.0,0.8934010152284264
3model_gemini_flash_lite_qwen_30b_deepseek_v3,"gemini_flash_lite,qwen_30b,deepseek_v3",231,tfidf_logistic_router,0.9238578680203046,0.00012362955532994923,0.9238578680203046,0.030456852791878174,0.0,0.9238578680203046
3model_gemini_flash_lite_qwen_30b_deepseek_v3,"gemini_flash_lite,qwen_30b,deepseek_v3",231,tfidf_linear_svm_router,0.9289340101522843,0.00012738379898477158,0.9289340101522843,0.025380710659898477,0.0,0.9695431472081218
3model_gemini_flash_lite_qwen_30b_deepseek_v3,"gemini_flash_lite,qwen_30b,deepseek_v3",232,always_gemini_flash_lite,0.9086294416243654,0.00012325000000000001,0.9086294416243654,0.05583756345177665,0.0,0.9441624365482234
3model_gemini_flash_lite_qwen_30b_deepseek_v3,"gemini_flash_lite,qwen_30b,deepseek_v3",232,always_qwen_30b,0.9137055837563451,2.631308629441624e-05,0.9137055837563451,0.050761421319796954,0.0,0.050761421319796954
3model_gemini_flash_lite_qwen_30b_deepseek_v3,"gemini_flash_lite,qwen_30b,deepseek_v3",232,always_deepseek_v3,0.9238578680203046,6.975652791878173e-05,0.9238578680203046,0.04060913705583756,0.0,0.005076142131979695
3model_gemini_flash_lite_qwen_30b_deepseek_v3,"gemini_flash_lite,qwen_30b,deepseek_v3",232,random,0.8984771573604061,6.938480203045684e-05,0.8984771573604061,0.06598984771573604,0.0,0.3248730964467005
3model_gemini_flash_lite_qwen_30b_deepseek_v3,"gemini_flash_lite,qwen_30b,deepseek_v3",232,oracle,0.9644670050761421,0.00011619075329949238,0.9644670050761421,0.0,0.0,1.0
3model_gemini_flash_lite_qwen_30b_deepseek_v3,"gemini_flash_lite,qwen_30b,deepseek_v3",232,logistic_router,0.9137055837563451,0.00010680180101522843,0.9137055837563451,0.050761421319796954,0.0,0.7969543147208121
3model_gemini_flash_lite_qwen_30b_deepseek_v3,"gemini_flash_lite,qwen_30b,deepseek_v3",232,linear_svm_router,0.9086294416243654,0.00011871655837563451,0.9086294416243654,0.05583756345177665,0.0,0.8934010152284264
3model_gemini_flash_lite_qwen_30b_deepseek_v3,"gemini_flash_lite,qwen_30b,deepseek_v3",232,knn_router,0.9086294416243654,0.00012325000000000001,0.9086294416243654,0.05583756345177665,0.0,0.9441624365482234
3model_gemini_flash_lite_qwen_30b_deepseek_v3,"gemini_flash_lite,qwen_30b,deepseek_v3",232,decision_tree_router,0.9137055837563451,6.926124873096447e-05,0.9137055837563451,0.050761421319796954,0.0,0.4720812182741117
3model_gemini_flash_lite_qwen_30b_deepseek_v3,"gemini_flash_lite,qwen_30b,deepseek_v3",232,random_forest_router,0.9086294416243654,0.00012325000000000001,0.9086294416243654,0.05583756345177665,0.0,0.9441624365482234
3model_gemini_flash_lite_qwen_30b_deepseek_v3,"gemini_flash_lite,qwen_30b,deepseek_v3",232,extra_trees_router,0.9086294416243654,0.0001198913340101523,0.9086294416243654,0.05583756345177665,0.0,0.8984771573604061
3model_gemini_flash_lite_qwen_30b_deepseek_v3,"gemini_flash_lite,qwen_30b,deepseek_v3",232,tfidf_logistic_router,0.9187817258883249,0.00011468552284263958,0.9187817258883249,0.04568527918781726,0.0,0.883248730964467
3model_gemini_flash_lite_qwen_30b_deepseek_v3,"gemini_flash_lite,qwen_30b,deepseek_v3",232,tfidf_linear_svm_router,0.9086294416243654,0.00012255622944162437,0.9086294416243654,0.05583756345177665,0.0,0.9390862944162437
3model_gemini_flash_lite_qwen_30b_deepseek_v3,"gemini_flash_lite,qwen_30b,deepseek_v3",233,always_gemini_flash_lite,0.9289340101522843,0.00012413705583756346,0.9289340101522843,0.04060913705583756,0.0,0.9593908629441624
3model_gemini_flash_lite_qwen_30b_deepseek_v3,"gemini_flash_lite,qwen_30b,deepseek_v3",233,always_qwen_30b,0.9086294416243654,2.511114720812183e-05,0.9086294416243654,0.06091370558375635,0.0,0.03553299492385787
3model_gemini_flash_lite_qwen_30b_deepseek_v3,"gemini_flash_lite,qwen_30b,deepseek_v3",233,always_deepseek_v3,0.9187817258883249,7.352493401015228e-05,0.9187817258883249,0.050761421319796954,0.0,0.005076142131979695
3model_gemini_flash_lite_qwen_30b_deepseek_v3,"gemini_flash_lite,qwen_30b,deepseek_v3",233,random,0.9187817258883249,7.613487106598985e-05,0.9187817258883249,0.050761421319796954,0.0,0.3096446700507614
3model_gemini_flash_lite_qwen_30b_deepseek_v3,"gemini_flash_lite,qwen_30b,deepseek_v3",233,oracle,0.9695431472081218,0.00011970222131979696,0.9695431472081218,0.0,0.0,1.0
3model_gemini_flash_lite_qwen_30b_deepseek_v3,"gemini_flash_lite,qwen_30b,deepseek_v3",233,logistic_router,0.9289340101522843,0.00011307908020304568,0.9289340101522843,0.04060913705583756,0.0,0.8578680203045685
3model_gemini_flash_lite_qwen_30b_deepseek_v3,"gemini_flash_lite,qwen_30b,deepseek_v3",233,linear_svm_router,0.9238578680203046,0.00012156133197969544,0.9238578680203046,0.04568527918781726,0.0,0.934010152284264
3model_gemini_flash_lite_qwen_30b_deepseek_v3,"gemini_flash_lite,qwen_30b,deepseek_v3",233,knn_router,0.9289340101522843,0.00012413705583756346,0.9289340101522843,0.04060913705583756,0.0,0.9593908629441624
3model_gemini_flash_lite_qwen_30b_deepseek_v3,"gemini_flash_lite,qwen_30b,deepseek_v3",233,decision_tree_router,0.9187817258883249,9.33410274111675e-05,0.9187817258883249,0.050761421319796954,0.0,0.6700507614213198
3model_gemini_flash_lite_qwen_30b_deepseek_v3,"gemini_flash_lite,qwen_30b,deepseek_v3",233,random_forest_router,0.9289340101522843,0.00012335390253807106,0.9289340101522843,0.04060913705583756,0.0,0.949238578680203
3model_gemini_flash_lite_qwen_30b_deepseek_v3,"gemini_flash_lite,qwen_30b,deepseek_v3",233,extra_trees_router,0.9238578680203046,0.00011508305177664974,0.9238578680203046,0.04568527918781726,0.0,0.8781725888324873
3model_gemini_flash_lite_qwen_30b_deepseek_v3,"gemini_flash_lite,qwen_30b,deepseek_v3",233,tfidf_logistic_router,0.9289340101522843,0.00011939389238578681,0.9289340101522843,0.04060913705583756,0.0,0.9137055837563451
3model_gemini_flash_lite_qwen_30b_deepseek_v3,"gemini_flash_lite,qwen_30b,deepseek_v3",233,tfidf_linear_svm_router,0.9289340101522843,0.0001231484771573604,0.9289340101522843,0.04060913705583756,0.0,0.949238578680203
3model_gemini_flash_lite_qwen_30b_granite_8b,"gemini_flash_lite,qwen_30b,granite_8b",229,always_gemini_flash_lite,0.9137055837563451,0.00012077157360406092,0.9137055837563451,0.05583756345177665,0.0,0.9441624365482234
3model_gemini_flash_lite_qwen_30b_granite_8b,"gemini_flash_lite,qwen_30b,granite_8b",229,always_qwen_30b,0.868020304568528,2.3474460913705585e-05,0.868020304568528,0.10152284263959391,0.0,0.03553299492385787
3model_gemini_flash_lite_qwen_30b_granite_8b,"gemini_flash_lite,qwen_30b,granite_8b",229,always_granite_8b,0.8375634517766497,1.603908629441624e-05,0.8375634517766497,0.1319796954314721,0.0,0.02030456852791878
3model_gemini_flash_lite_qwen_30b_granite_8b,"gemini_flash_lite,qwen_30b,granite_8b",229,random,0.8426395939086294,5.100265583756345e-05,0.8426395939086294,0.12690355329949238,0.0,0.27918781725888325
3model_gemini_flash_lite_qwen_30b_granite_8b,"gemini_flash_lite,qwen_30b,granite_8b",229,oracle,0.9695431472081218,0.00011408079796954316,0.9695431472081218,0.0,0.0,1.0
3model_gemini_flash_lite_qwen_30b_granite_8b,"gemini_flash_lite,qwen_30b,granite_8b",229,logistic_router,0.9187817258883249,9.805149644670051e-05,0.9187817258883249,0.050761421319796954,0.0,0.7563451776649747
3model_gemini_flash_lite_qwen_30b_granite_8b,"gemini_flash_lite,qwen_30b,granite_8b",229,linear_svm_router,0.9137055837563451,0.00011447338274111675,0.9137055837563451,0.05583756345177665,0.0,0.8984771573604061
3model_gemini_flash_lite_qwen_30b_granite_8b,"gemini_flash_lite,qwen_30b,granite_8b",229,knn_router,0.9137055837563451,0.00012077157360406092,0.9137055837563451,0.05583756345177665,0.0,0.9441624365482234
3model_gemini_flash_lite_qwen_30b_granite_8b,"gemini_flash_lite,qwen_30b,granite_8b",229,decision_tree_router,0.8934010152284264,6.310102131979694e-05,0.8934010152284264,0.07614213197969544,0.0,0.41624365482233505
3model_gemini_flash_lite_qwen_30b_granite_8b,"gemini_flash_lite,qwen_30b,granite_8b",229,random_forest_router,0.9137055837563451,0.000119353807106599,0.9137055837563451,0.05583756345177665,0.0,0.9390862944162437
3model_gemini_flash_lite_qwen_30b_granite_8b,"gemini_flash_lite,qwen_30b,granite_8b",229,extra_trees_router,0.9137055837563451,9.698252182741117e-05,0.9137055837563451,0.05583756345177665,0.0,0.7461928934010152
3model_gemini_flash_lite_qwen_30b_granite_8b,"gemini_flash_lite,qwen_30b,granite_8b",229,tfidf_logistic_router,0.9187817258883249,0.00011345365888324873,0.9187817258883249,0.050761421319796954,0.0,0.8934010152284264
3model_gemini_flash_lite_qwen_30b_granite_8b,"gemini_flash_lite,qwen_30b,granite_8b",229,tfidf_linear_svm_router,0.9137055837563451,0.00011808234517766499,0.9137055837563451,0.05583756345177665,0.0,0.9289340101522843
3model_gemini_flash_lite_qwen_30b_granite_8b,"gemini_flash_lite,qwen_30b,granite_8b",230,always_gemini_flash_lite,0.9187817258883249,0.00012391624365482235,0.9187817258883249,0.03553299492385787,0.0,0.9644670050761421
3model_gemini_flash_lite_qwen_30b_granite_8b,"gemini_flash_lite,qwen_30b,granite_8b",230,always_qwen_30b,0.9187817258883249,2.4823336040609136e-05,0.9187817258883249,0.03553299492385787,0.0,0.025380710659898477
3model_gemini_flash_lite_qwen_30b_granite_8b,"gemini_flash_lite,qwen_30b,granite_8b",230,always_granite_8b,0.8477157360406091,1.58748730964467e-05,0.8477157360406091,0.1065989847715736,0.0,0.01015228426395939
3model_gemini_flash_lite_qwen_30b_granite_8b,"gemini_flash_lite,qwen_30b,granite_8b",230,random,0.8883248730964467,5.85906578680203e-05,0.8883248730964467,0.06598984771573604,0.0,0.39086294416243655
3model_gemini_flash_lite_qwen_30b_granite_8b,"gemini_flash_lite,qwen_30b,granite_8b",230,oracle,0.9543147208121827,0.0001189256994923858,0.9543147208121827,0.0,0.0,1.0
3model_gemini_flash_lite_qwen_30b_granite_8b,"gemini_flash_lite,qwen_30b,granite_8b",230,logistic_router,0.9187817258883249,0.00010536644060913706,0.9187817258883249,0.03553299492385787,0.0,0.7868020304568528
3model_gemini_flash_lite_qwen_30b_granite_8b,"gemini_flash_lite,qwen_30b,granite_8b",230,linear_svm_router,0.9187817258883249,0.00012195022741116753,0.9187817258883249,0.03553299492385787,0.0,0.9441624365482234
3model_gemini_flash_lite_qwen_30b_granite_8b,"gemini_flash_lite,qwen_30b,granite_8b",230,knn_router,0.9187817258883249,0.00012391624365482235,0.9187817258883249,0.03553299492385787,0.0,0.9644670050761421
3model_gemini_flash_lite_qwen_30b_granite_8b,"gemini_flash_lite,qwen_30b,granite_8b",230,decision_tree_router,0.9035532994923858,0.0001127679796954315,0.9035532994923858,0.050761421319796954,0.0,0.8578680203045685
3model_gemini_flash_lite_qwen_30b_granite_8b,"gemini_flash_lite,qwen_30b,granite_8b",230,random_forest_router,0.9187817258883249,0.0001229789340101523,0.9187817258883249,0.03553299492385787,0.0,0.9543147208121827
3model_gemini_flash_lite_qwen_30b_granite_8b,"gemini_flash_lite,qwen_30b,granite_8b",230,extra_trees_router,0.9187817258883249,0.00011927788223350254,0.9187817258883249,0.03553299492385787,0.0,0.9137055837563451
3model_gemini_flash_lite_qwen_30b_granite_8b,"gemini_flash_lite,qwen_30b,granite_8b",230,tfidf_logistic_router,0.9187817258883249,0.00011959520609137057,0.9187817258883249,0.03553299492385787,0.0,0.9238578680203046
3model_gemini_flash_lite_qwen_30b_granite_8b,"gemini_flash_lite,qwen_30b,granite_8b",230,tfidf_linear_svm_router,0.9187817258883249,0.0001228596182741117,0.9187817258883249,0.03553299492385787,0.0,0.9543147208121827
3model_gemini_flash_lite_qwen_30b_granite_8b,"gemini_flash_lite,qwen_30b,granite_8b",231,always_gemini_flash_lite,0.9289340101522843,0.00012848857868020305,0.9289340101522843,0.030456852791878174,0.0,0.9695431472081218
3model_gemini_flash_lite_qwen_30b_granite_8b,"gemini_flash_lite,qwen_30b,granite_8b",231,always_qwen_30b,0.8883248730964467,2.600484670050761e-05,0.8883248730964467,0.07106598984771574,0.0,0.015228426395939087
3model_gemini_flash_lite_qwen_30b_granite_8b,"gemini_flash_lite,qwen_30b,granite_8b",231,always_granite_8b,0.8527918781725888,1.6751015228426392e-05,0.8527918781725888,0.1065989847715736,0.0,0.015228426395939087
3model_gemini_flash_lite_qwen_30b_granite_8b,"gemini_flash_lite,qwen_30b,granite_8b",231,random,0.8781725888324873,5.42735573604061e-05,0.8781725888324873,0.08121827411167512,0.0,0.27918781725888325
3model_gemini_flash_lite_qwen_30b_granite_8b,"gemini_flash_lite,qwen_30b,granite_8b",231,oracle,0.9593908629441624,0.00012456128121827412,0.9593908629441624,0.0,0.0,1.0
3model_gemini_flash_lite_qwen_30b_granite_8b,"gemini_flash_lite,qwen_30b,granite_8b",231,logistic_router,0.9187817258883249,0.00010729072081218273,0.9187817258883249,0.04060913705583756,0.0,0.7868020304568528
3model_gemini_flash_lite_qwen_30b_granite_8b,"gemini_flash_lite,qwen_30b,granite_8b",231,linear_svm_router,0.9289340101522843,0.00012584415431472082,0.9289340101522843,0.030456852791878174,0.0,0.9441624365482234
3model_gemini_flash_lite_qwen_30b_granite_8b,"gemini_flash_lite,qwen_30b,granite_8b",231,knn_router,0.9289340101522843,0.00012848857868020305,0.9289340101522843,0.030456852791878174,0.0,0.9695431472081218
3model_gemini_flash_lite_qwen_30b_granite_8b,"gemini_flash_lite,qwen_30b,granite_8b",231,decision_tree_router,0.8984771573604061,9.517514111675126e-05,0.8984771573604061,0.06091370558375635,0.0,0.6700507614213198
3model_gemini_flash_lite_qwen_30b_granite_8b,"gemini_flash_lite,qwen_30b,granite_8b",231,random_forest_router,0.9289340101522843,0.00012691299492385787,0.9289340101522843,0.030456852791878174,0.0,0.949238578680203
3model_gemini_flash_lite_qwen_30b_granite_8b,"gemini_flash_lite,qwen_30b,granite_8b",231,extra_trees_router,0.9289340101522843,0.00011693192081218275,0.9289340101522843,0.030456852791878174,0.0,0.8730964467005076
3model_gemini_flash_lite_qwen_30b_granite_8b,"gemini_flash_lite,qwen_30b,granite_8b",231,tfidf_logistic_router,0.9238578680203046,0.00012299113705583755,0.9238578680203046,0.03553299492385787,0.0,0.9187817258883249
3model_gemini_flash_lite_qwen_30b_granite_8b,"gemini_flash_lite,qwen_30b,granite_8b",231,tfidf_linear_svm_router,0.9289340101522843,0.00012738379898477158,0.9289340101522843,0.030456852791878174,0.0,0.9644670050761421
3model_gemini_flash_lite_qwen_30b_granite_8b,"gemini_flash_lite,qwen_30b,granite_8b",232,always_gemini_flash_lite,0.9086294416243654,0.00012325000000000001,0.9086294416243654,0.06598984771573604,0.0,0.934010152284264
3model_gemini_flash_lite_qwen_30b_granite_8b,"gemini_flash_lite,qwen_30b,granite_8b",232,always_qwen_30b,0.9137055837563451,2.631308629441624e-05,0.9137055837563451,0.06091370558375635,0.0,0.050761421319796954
3model_gemini_flash_lite_qwen_30b_granite_8b,"gemini_flash_lite,qwen_30b,granite_8b",232,always_granite_8b,0.868020304568528,1.6348477157360407e-05,0.868020304568528,0.1065989847715736,0.0,0.015228426395939087
3model_gemini_flash_lite_qwen_30b_granite_8b,"gemini_flash_lite,qwen_30b,granite_8b",232,random,0.9187817258883249,5.275256852791878e-05,0.9187817258883249,0.05583756345177665,0.0,0.3248730964467005
3model_gemini_flash_lite_qwen_30b_granite_8b,"gemini_flash_lite,qwen_30b,granite_8b",232,oracle,0.9746192893401016,0.00011456405279187816,0.9746192893401016,0.0,0.0,1.0
3model_gemini_flash_lite_qwen_30b_granite_8b,"gemini_flash_lite,qwen_30b,granite_8b",232,logistic_router,0.9035532994923858,0.0001066299228426396,0.9035532994923858,0.07106598984771574,0.0,0.8071065989847716
3model_gemini_flash_lite_qwen_30b_granite_8b,"gemini_flash_lite,qwen_30b,granite_8b",232,linear_svm_router,0.9086294416243654,0.00011971570964467006,0.9086294416243654,0.06598984771573604,0.0,0.8984771573604061
3model_gemini_flash_lite_qwen_30b_granite_8b,"gemini_flash_lite,qwen_30b,granite_8b",232,knn_router,0.9086294416243654,0.00012325000000000001,0.9086294416243654,0.06598984771573604,0.0,0.934010152284264
3model_gemini_flash_lite_qwen_30b_granite_8b,"gemini_flash_lite,qwen_30b,granite_8b",232,decision_tree_router,0.8934010152284264,9.800170152284262e-05,0.8934010152284264,0.08121827411167512,0.0,0.7055837563451777
3model_gemini_flash_lite_qwen_30b_granite_8b,"gemini_flash_lite,qwen_30b,granite_8b",232,random_forest_router,0.9086294416243654,0.0001227204345177665,0.9086294416243654,0.06598984771573604,0.0,0.9289340101522843
3model_gemini_flash_lite_qwen_30b_granite_8b,"gemini_flash_lite,qwen_30b,granite_8b",232,extra_trees_router,0.9035532994923858,0.00011834522030456854,0.9035532994923858,0.07106598984771574,0.0,0.883248730964467
3model_gemini_flash_lite_qwen_30b_granite_8b,"gemini_flash_lite,qwen_30b,granite_8b",232,tfidf_logistic_router,0.9137055837563451,0.0001126824,0.9137055837563451,0.06091370558375635,0.0,0.868020304568528
3model_gemini_flash_lite_qwen_30b_granite_8b,"gemini_flash_lite,qwen_30b,granite_8b",232,tfidf_linear_svm_router,0.9086294416243654,0.00012255622944162437,0.9086294416243654,0.06598984771573604,0.0,0.9289340101522843
3model_gemini_flash_lite_qwen_30b_granite_8b,"gemini_flash_lite,qwen_30b,granite_8b",233,always_gemini_flash_lite,0.9289340101522843,0.00012413705583756346,0.9289340101522843,0.04060913705583756,0.0,0.9593908629441624
3model_gemini_flash_lite_qwen_30b_granite_8b,"gemini_flash_lite,qwen_30b,granite_8b",233,always_qwen_30b,0.9086294416243654,2.511114720812183e-05,0.9086294416243654,0.06091370558375635,0.0,0.03553299492385787
3model_gemini_flash_lite_qwen_30b_granite_8b,"gemini_flash_lite,qwen_30b,granite_8b",233,always_granite_8b,0.8527918781725888,1.6294162436548225e-05,0.8527918781725888,0.116751269035533,0.0,0.005076142131979695
3model_gemini_flash_lite_qwen_30b_granite_8b,"gemini_flash_lite,qwen_30b,granite_8b",233,random,0.8934010152284264,5.457344974619289e-05,0.8934010152284264,0.07614213197969544,0.0,0.3096446700507614
3model_gemini_flash_lite_qwen_30b_granite_8b,"gemini_flash_lite,qwen_30b,granite_8b",233,oracle,0.9695431472081218,0.00011897968324873095,0.9695431472081218,0.0,0.0,1.0
3model_gemini_flash_lite_qwen_30b_granite_8b,"gemini_flash_lite,qwen_30b,granite_8b",233,logistic_router,0.9238578680203046,0.00010420592487309645,0.9238578680203046,0.04568527918781726,0.0,0.7766497461928934
3model_gemini_flash_lite_qwen_30b_granite_8b,"gemini_flash_lite,qwen_30b,granite_8b",233,linear_svm_router,0.9187817258883249,0.00012168512487309647,0.9187817258883249,0.050761421319796954,0.0,0.9238578680203046
3model_gemini_flash_lite_qwen_30b_granite_8b,"gemini_flash_lite,qwen_30b,granite_8b",233,knn_router,0.9289340101522843,0.00012413705583756346,0.9289340101522843,0.04060913705583756,0.0,0.9593908629441624
3model_gemini_flash_lite_qwen_30b_granite_8b,"gemini_flash_lite,qwen_30b,granite_8b",233,decision_tree_router,0.9238578680203046,0.00010840930152284264,0.9238578680203046,0.04568527918781726,0.0,0.8426395939086294
3model_gemini_flash_lite_qwen_30b_granite_8b,"gemini_flash_lite,qwen_30b,granite_8b",233,random_forest_router,0.9289340101522843,0.00012302902538071067,0.9289340101522843,0.04060913705583756,0.0,0.949238578680203
3model_gemini_flash_lite_qwen_30b_granite_8b,"gemini_flash_lite,qwen_30b,granite_8b",233,extra_trees_router,0.9137055837563451,0.00011091226192893401,0.9137055837563451,0.05583756345177665,0.0,0.8274111675126904
3model_gemini_flash_lite_qwen_30b_granite_8b,"gemini_flash_lite,qwen_30b,granite_8b",233,tfidf_logistic_router,0.9238578680203046,0.00011912804467005075,0.9238578680203046,0.04568527918781726,0.0,0.9137055837563451
3model_gemini_flash_lite_qwen_30b_granite_8b,"gemini_flash_lite,qwen_30b,granite_8b",233,tfidf_linear_svm_router,0.9289340101522843,0.0001231484771573604,0.9289340101522843,0.04060913705583756,0.0,0.949238578680203
3model_gemini_flash_lite_llama_70b_deepseek_v3,"gemini_flash_lite,llama_70b,deepseek_v3",229,always_gemini_flash_lite,0.9137055837563451,0.00012077157360406092,0.9137055837563451,0.04568527918781726,0.0,0.9543147208121827
3model_gemini_flash_lite_llama_70b_deepseek_v3,"gemini_flash_lite,llama_70b,deepseek_v3",229,always_llama_70b,0.8934010152284264,5.343402538071066e-05,0.8934010152284264,0.06598984771573604,0.0,0.030456852791878174
3model_gemini_flash_lite_llama_70b_deepseek_v3,"gemini_flash_lite,llama_70b,deepseek_v3",229,always_deepseek_v3,0.883248730964467,7.042395939086295e-05,0.883248730964467,0.07614213197969544,0.0,0.015228426395939087
3model_gemini_flash_lite_llama_70b_deepseek_v3,"gemini_flash_lite,llama_70b,deepseek_v3",229,random,0.9137055837563451,8.170273604060913e-05,0.9137055837563451,0.04568527918781726,0.0,0.30456852791878175
3model_gemini_flash_lite_llama_70b_deepseek_v3,"gemini_flash_lite,llama_70b,deepseek_v3",229,oracle,0.9593908629441624,0.00011783260913705585,0.9593908629441624,0.0,0.0,1.0
3model_gemini_flash_lite_llama_70b_deepseek_v3,"gemini_flash_lite,llama_70b,deepseek_v3",229,logistic_router,0.9187817258883249,0.00010546552284263962,0.9187817258883249,0.04060913705583756,0.0,0.6852791878172588
3model_gemini_flash_lite_llama_70b_deepseek_v3,"gemini_flash_lite,llama_70b,deepseek_v3",229,linear_svm_router,0.9137055837563451,0.00011652853807106601,0.9137055837563451,0.04568527918781726,0.0,0.8984771573604061
3model_gemini_flash_lite_llama_70b_deepseek_v3,"gemini_flash_lite,llama_70b,deepseek_v3",229,knn_router,0.9137055837563451,0.00012077157360406092,0.9137055837563451,0.04568527918781726,0.0,0.9543147208121827
3model_gemini_flash_lite_llama_70b_deepseek_v3,"gemini_flash_lite,llama_70b,deepseek_v3",229,decision_tree_router,0.8934010152284264,9.075642131979695e-05,0.8934010152284264,0.06598984771573604,0.0,0.4467005076142132
3model_gemini_flash_lite_llama_70b_deepseek_v3,"gemini_flash_lite,llama_70b,deepseek_v3",229,random_forest_router,0.9137055837563451,0.000119015269035533,0.9137055837563451,0.04568527918781726,0.0,0.934010152284264
3model_gemini_flash_lite_llama_70b_deepseek_v3,"gemini_flash_lite,llama_70b,deepseek_v3",229,extra_trees_router,0.9137055837563451,0.00010554579187817259,0.9137055837563451,0.04568527918781726,0.0,0.7157360406091371
3model_gemini_flash_lite_llama_70b_deepseek_v3,"gemini_flash_lite,llama_70b,deepseek_v3",229,tfidf_logistic_router,0.9187817258883249,0.00011563746192893402,0.9187817258883249,0.04060913705583756,0.0,0.8883248730964467
3model_gemini_flash_lite_llama_70b_deepseek_v3,"gemini_flash_lite,llama_70b,deepseek_v3",229,tfidf_linear_svm_router,0.9137055837563451,0.00012077157360406092,0.9137055837563451,0.04568527918781726,0.0,0.9543147208121827
3model_gemini_flash_lite_llama_70b_deepseek_v3,"gemini_flash_lite,llama_70b,deepseek_v3",230,always_gemini_flash_lite,0.9187817258883249,0.00012391624365482235,0.9187817258883249,0.03553299492385787,0.0,0.9644670050761421
3model_gemini_flash_lite_llama_70b_deepseek_v3,"gemini_flash_lite,llama_70b,deepseek_v3",230,always_llama_70b,0.8781725888324873,5.418654314720812e-05,0.8781725888324873,0.07614213197969544,0.0,0.02030456852791878
3model_gemini_flash_lite_llama_70b_deepseek_v3,"gemini_flash_lite,llama_70b,deepseek_v3",230,always_deepseek_v3,0.9137055837563451,7.150268020304568e-05,0.9137055837563451,0.04060913705583756,0.0,0.015228426395939087
3model_gemini_flash_lite_llama_70b_deepseek_v3,"gemini_flash_lite,llama_70b,deepseek_v3",230,random,0.883248730964467,8.632935025380711e-05,0.883248730964467,0.07106598984771574,0.0,0.3756345177664975
3model_gemini_flash_lite_llama_70b_deepseek_v3,"gemini_flash_lite,llama_70b,deepseek_v3",230,oracle,0.9543147208121827,0.00012185139086294417,0.9543147208121827,0.0,0.0,1.0
3model_gemini_flash_lite_llama_70b_deepseek_v3,"gemini_flash_lite,llama_70b,deepseek_v3",230,logistic_router,0.9086294416243654,0.00011095519289340102,0.9086294416243654,0.04568527918781726,0.0,0.7715736040609137
3model_gemini_flash_lite_llama_70b_deepseek_v3,"gemini_flash_lite,llama_70b,deepseek_v3",230,linear_svm_router,0.9187817258883249,0.00012208512182741116,0.9187817258883249,0.03553299492385787,0.0,0.9289340101522843
3model_gemini_flash_lite_llama_70b_deepseek_v3,"gemini_flash_lite,llama_70b,deepseek_v3",230,knn_router,0.9187817258883249,0.00012391624365482235,0.9187817258883249,0.03553299492385787,0.0,0.9644670050761421
3model_gemini_flash_lite_llama_70b_deepseek_v3,"gemini_flash_lite,llama_70b,deepseek_v3",230,decision_tree_router,0.9035532994923858,0.00011298850253807108,0.9035532994923858,0.050761421319796954,0.0,0.7766497461928934
3model_gemini_flash_lite_llama_70b_deepseek_v3,"gemini_flash_lite,llama_70b,deepseek_v3",230,random_forest_router,0.9187817258883249,0.00012130086294416245,0.9187817258883249,0.03553299492385787,0.0,0.9289340101522843
3model_gemini_flash_lite_llama_70b_deepseek_v3,"gemini_flash_lite,llama_70b,deepseek_v3",230,extra_trees_router,0.9035532994923858,0.00011758852791878174,0.9035532994923858,0.050761421319796954,0.0,0.8527918781725888
3model_gemini_flash_lite_llama_70b_deepseek_v3,"gemini_flash_lite,llama_70b,deepseek_v3",230,tfidf_logistic_router,0.9137055837563451,0.00011853654314720814,0.9137055837563451,0.04060913705583756,0.0,0.8883248730964467
3model_gemini_flash_lite_llama_70b_deepseek_v3,"gemini_flash_lite,llama_70b,deepseek_v3",230,tfidf_linear_svm_router,0.9187817258883249,0.00012286553299492386,0.9187817258883249,0.03553299492385787,0.0,0.9543147208121827
3model_gemini_flash_lite_llama_70b_deepseek_v3,"gemini_flash_lite,llama_70b,deepseek_v3",231,always_gemini_flash_lite,0.9289340101522843,0.00012848857868020305,0.9289340101522843,0.03553299492385787,0.0,0.9644670050761421
3model_gemini_flash_lite_llama_70b_deepseek_v3,"gemini_flash_lite,llama_70b,deepseek_v3",231,always_llama_70b,0.8984771573604061,5.3821685279187825e-05,0.8984771573604061,0.06598984771573604,0.0,0.02030456852791878
3model_gemini_flash_lite_llama_70b_deepseek_v3,"gemini_flash_lite,llama_70b,deepseek_v3",231,always_deepseek_v3,0.8984771573604061,7.693892385786802e-05,0.8984771573604061,0.06598984771573604,0.0,0.015228426395939087
3model_gemini_flash_lite_llama_70b_deepseek_v3,"gemini_flash_lite,llama_70b,deepseek_v3",231,random,0.8883248730964467,8.29492994923858e-05,0.8883248730964467,0.07614213197969544,0.0,0.27411167512690354
3model_gemini_flash_lite_llama_70b_deepseek_v3,"gemini_flash_lite,llama_70b,deepseek_v3",231,oracle,0.9644670050761421,0.00012676910659898476,0.9644670050761421,0.0,0.0,1.0
3model_gemini_flash_lite_llama_70b_deepseek_v3,"gemini_flash_lite,llama_70b,deepseek_v3",231,logistic_router,0.9238578680203046,0.00011329760406091371,0.9238578680203046,0.04060913705583756,0.0,0.751269035532995
3model_gemini_flash_lite_llama_70b_deepseek_v3,"gemini_flash_lite,llama_70b,deepseek_v3",231,linear_svm_router,0.9289340101522843,0.00012362948223350255,0.9289340101522843,0.03553299492385787,0.0,0.9086294416243654
3model_gemini_flash_lite_llama_70b_deepseek_v3,"gemini_flash_lite,llama_70b,deepseek_v3",231,knn_router,0.9289340101522843,0.00012848857868020305,0.9289340101522843,0.03553299492385787,0.0,0.9644670050761421
3model_gemini_flash_lite_llama_70b_deepseek_v3,"gemini_flash_lite,llama_70b,deepseek_v3",231,decision_tree_router,0.9238578680203046,0.00010273424365482233,0.9238578680203046,0.04060913705583756,0.0,0.6395939086294417
3model_gemini_flash_lite_llama_70b_deepseek_v3,"gemini_flash_lite,llama_70b,deepseek_v3",231,random_forest_router,0.9289340101522843,0.00012535630456852792,0.9289340101522843,0.03553299492385787,0.0,0.9187817258883249
3model_gemini_flash_lite_llama_70b_deepseek_v3,"gemini_flash_lite,llama_70b,deepseek_v3",231,extra_trees_router,0.9289340101522843,0.00012114453807106598,0.9289340101522843,0.03553299492385787,0.0,0.8274111675126904
3model_gemini_flash_lite_llama_70b_deepseek_v3,"gemini_flash_lite,llama_70b,deepseek_v3",231,tfidf_logistic_router,0.9289340101522843,0.00012299424365482233,0.9289340101522843,0.03553299492385787,0.0,0.883248730964467
3model_gemini_flash_lite_llama_70b_deepseek_v3,"gemini_flash_lite,llama_70b,deepseek_v3",231,tfidf_linear_svm_router,0.9289340101522843,0.0001282402538071066,0.9289340101522843,0.03553299492385787,0.0,0.9593908629441624
3model_gemini_flash_lite_llama_70b_deepseek_v3,"gemini_flash_lite,llama_70b,deepseek_v3",232,always_gemini_flash_lite,0.9086294416243654,0.00012325000000000001,0.9086294416243654,0.07614213197969544,0.0,0.9238578680203046
3model_gemini_flash_lite_llama_70b_deepseek_v3,"gemini_flash_lite,llama_70b,deepseek_v3",232,always_llama_70b,0.9187817258883249,5.5371817258883244e-05,0.9187817258883249,0.06598984771573604,0.0,0.06091370558375635
3model_gemini_flash_lite_llama_70b_deepseek_v3,"gemini_flash_lite,llama_70b,deepseek_v3",232,always_deepseek_v3,0.9238578680203046,6.975652791878173e-05,0.9238578680203046,0.06091370558375635,0.0,0.015228426395939087
3model_gemini_flash_lite_llama_70b_deepseek_v3,"gemini_flash_lite,llama_70b,deepseek_v3",232,random,0.8934010152284264,7.859391370558374e-05,0.8934010152284264,0.09137055837563451,0.0,0.3147208121827411
3model_gemini_flash_lite_llama_70b_deepseek_v3,"gemini_flash_lite,llama_70b,deepseek_v3",232,oracle,0.9847715736040609,0.00011812304060913706,0.9847715736040609,0.0,0.0,1.0
3model_gemini_flash_lite_llama_70b_deepseek_v3,"gemini_flash_lite,llama_70b,deepseek_v3",232,logistic_router,0.9086294416243654,0.00011383429441624366,0.9086294416243654,0.07614213197969544,0.0,0.751269035532995
3model_gemini_flash_lite_llama_70b_deepseek_v3,"gemini_flash_lite,llama_70b,deepseek_v3",232,linear_svm_router,0.9086294416243654,0.00012047764467005076,0.9086294416243654,0.07614213197969544,0.0,0.868020304568528
3model_gemini_flash_lite_llama_70b_deepseek_v3,"gemini_flash_lite,llama_70b,deepseek_v3",232,knn_router,0.9086294416243654,0.00012325000000000001,0.9086294416243654,0.07614213197969544,0.0,0.9238578680203046
3model_gemini_flash_lite_llama_70b_deepseek_v3,"gemini_flash_lite,llama_70b,deepseek_v3",232,decision_tree_router,0.9137055837563451,0.00010307394416243655,0.9137055837563451,0.07106598984771574,0.0,0.5634517766497462
3model_gemini_flash_lite_llama_70b_deepseek_v3,"gemini_flash_lite,llama_70b,deepseek_v3",232,random_forest_router,0.9035532994923858,0.00012227375634517768,0.9035532994923858,0.08121827411167512,0.0,0.9086294416243654
3model_gemini_flash_lite_llama_70b_deepseek_v3,"gemini_flash_lite,llama_70b,deepseek_v3",232,extra_trees_router,0.8934010152284264,0.00011908911675126904,0.8934010152284264,0.09137055837563451,0.0,0.8578680203045685
3model_gemini_flash_lite_llama_70b_deepseek_v3,"gemini_flash_lite,llama_70b,deepseek_v3",232,tfidf_logistic_router,0.9086294416243654,0.00011775523350253805,0.9086294416243654,0.07614213197969544,0.0,0.8527918781725888
3model_gemini_flash_lite_llama_70b_deepseek_v3,"gemini_flash_lite,llama_70b,deepseek_v3",232,tfidf_linear_svm_router,0.9086294416243654,0.00012271,0.9086294416243654,0.07614213197969544,0.0,0.9187817258883249
3model_gemini_flash_lite_llama_70b_deepseek_v3,"gemini_flash_lite,llama_70b,deepseek_v3",233,always_gemini_flash_lite,0.9289340101522843,0.00012413705583756346,0.9289340101522843,0.04568527918781726,0.0,0.9543147208121827
3model_gemini_flash_lite_llama_70b_deepseek_v3,"gemini_flash_lite,llama_70b,deepseek_v3",233,always_llama_70b,0.883248730964467,5.4729203045685284e-05,0.883248730964467,0.09137055837563451,0.0,0.02030456852791878
3model_gemini_flash_lite_llama_70b_deepseek_v3,"gemini_flash_lite,llama_70b,deepseek_v3",233,always_deepseek_v3,0.9187817258883249,7.352493401015228e-05,0.9187817258883249,0.05583756345177665,0.0,0.025380710659898477
3model_gemini_flash_lite_llama_70b_deepseek_v3,"gemini_flash_lite,llama_70b,deepseek_v3",233,random,0.9187817258883249,8.460266497461929e-05,0.9187817258883249,0.05583756345177665,0.0,0.3147208121827411
3model_gemini_flash_lite_llama_70b_deepseek_v3,"gemini_flash_lite,llama_70b,deepseek_v3",233,oracle,0.9746192893401016,0.0001209976649746193,0.9746192893401016,0.0,0.0,1.0
3model_gemini_flash_lite_llama_70b_deepseek_v3,"gemini_flash_lite,llama_70b,deepseek_v3",233,logistic_router,0.9137055837563451,0.00011098261928934008,0.9137055837563451,0.06091370558375635,0.0,0.7766497461928934
3model_gemini_flash_lite_llama_70b_deepseek_v3,"gemini_flash_lite,llama_70b,deepseek_v3",233,linear_svm_router,0.9187817258883249,0.00012130998477157361,0.9187817258883249,0.05583756345177665,0.0,0.9137055837563451
3model_gemini_flash_lite_llama_70b_deepseek_v3,"gemini_flash_lite,llama_70b,deepseek_v3",233,knn_router,0.9289340101522843,0.00012413705583756346,0.9289340101522843,0.04568527918781726,0.0,0.9543147208121827
3model_gemini_flash_lite_llama_70b_deepseek_v3,"gemini_flash_lite,llama_70b,deepseek_v3",233,decision_tree_router,0.9035532994923858,9.898783248730963e-05,0.9035532994923858,0.07106598984771574,0.0,0.6091370558375635
3model_gemini_flash_lite_llama_70b_deepseek_v3,"gemini_flash_lite,llama_70b,deepseek_v3",233,random_forest_router,0.9289340101522843,0.0001233938578680203,0.9289340101522843,0.04568527918781726,0.0,0.9543147208121827
3model_gemini_flash_lite_llama_70b_deepseek_v3,"gemini_flash_lite,llama_70b,deepseek_v3",233,extra_trees_router,0.9187817258883249,0.00011957517258883249,0.9187817258883249,0.05583756345177665,0.0,0.8883248730964467
3model_gemini_flash_lite_llama_70b_deepseek_v3,"gemini_flash_lite,llama_70b,deepseek_v3",233,tfidf_logistic_router,0.9289340101522843,0.00011741721827411167,0.9289340101522843,0.04568527918781726,0.0,0.8934010152284264
3model_gemini_flash_lite_llama_70b_deepseek_v3,"gemini_flash_lite,llama_70b,deepseek_v3",233,tfidf_linear_svm_router,0.9289340101522843,0.00012365162436548223,0.9289340101522843,0.04568527918781726,0.0,0.949238578680203
3model_gemini_flash_lite_llama_70b_granite_8b,"gemini_flash_lite,llama_70b,granite_8b",229,always_gemini_flash_lite,0.9137055837563451,0.00012077157360406092,0.9137055837563451,0.050761421319796954,0.0,0.949238578680203
3model_gemini_flash_lite_llama_70b_granite_8b,"gemini_flash_lite,llama_70b,granite_8b",229,always_llama_70b,0.8934010152284264,5.343402538071066e-05,0.8934010152284264,0.07106598984771574,0.0,0.030456852791878174
3model_gemini_flash_lite_llama_70b_granite_8b,"gemini_flash_lite,llama_70b,granite_8b",229,always_granite_8b,0.8375634517766497,1.603908629441624e-05,0.8375634517766497,0.12690355329949238,0.0,0.02030456852791878
3model_gemini_flash_lite_llama_70b_granite_8b,"gemini_flash_lite,llama_70b,granite_8b",229,random,0.868020304568528,6.128412690355329e-05,0.868020304568528,0.09644670050761421,0.0,0.29441624365482233
3model_gemini_flash_lite_llama_70b_granite_8b,"gemini_flash_lite,llama_70b,granite_8b",229,oracle,0.9644670050761421,0.00011651337055837565,0.9644670050761421,0.0,0.0,1.0
3model_gemini_flash_lite_llama_70b_granite_8b,"gemini_flash_lite,llama_70b,granite_8b",229,logistic_router,0.9137055837563451,0.000101812461928934,0.9137055837563451,0.050761421319796954,0.0,0.7055837563451777
3model_gemini_flash_lite_llama_70b_granite_8b,"gemini_flash_lite,llama_70b,granite_8b",229,linear_svm_router,0.9086294416243654,0.00011556548223350253,0.9086294416243654,0.05583756345177665,0.0,0.8883248730964467
3model_gemini_flash_lite_llama_70b_granite_8b,"gemini_flash_lite,llama_70b,granite_8b",229,knn_router,0.9137055837563451,0.00012077157360406092,0.9137055837563451,0.050761421319796954,0.0,0.949238578680203
3model_gemini_flash_lite_llama_70b_granite_8b,"gemini_flash_lite,llama_70b,granite_8b",229,decision_tree_router,0.9086294416243654,9.392737563451775e-05,0.9086294416243654,0.05583756345177665,0.0,0.6243654822335025
3model_gemini_flash_lite_llama_70b_granite_8b,"gemini_flash_lite,llama_70b,granite_8b",229,random_forest_router,0.9137055837563451,0.00012002507614213199,0.9137055837563451,0.050761421319796954,0.0,0.934010152284264
3model_gemini_flash_lite_llama_70b_granite_8b,"gemini_flash_lite,llama_70b,granite_8b",229,extra_trees_router,0.9086294416243654,0.00010560093908629442,0.9086294416243654,0.05583756345177665,0.0,0.766497461928934
3model_gemini_flash_lite_llama_70b_granite_8b,"gemini_flash_lite,llama_70b,granite_8b",229,tfidf_logistic_router,0.9086294416243654,0.00011338588832487309,0.9086294416243654,0.05583756345177665,0.0,0.8629441624365483
3model_gemini_flash_lite_llama_70b_granite_8b,"gemini_flash_lite,llama_70b,granite_8b",229,tfidf_linear_svm_router,0.9137055837563451,0.000119353807106599,0.9137055837563451,0.050761421319796954,0.0,0.9441624365482234
3model_gemini_flash_lite_llama_70b_granite_8b,"gemini_flash_lite,llama_70b,granite_8b",230,always_gemini_flash_lite,0.9187817258883249,0.00012391624365482235,0.9187817258883249,0.03553299492385787,0.0,0.9644670050761421
3model_gemini_flash_lite_llama_70b_granite_8b,"gemini_flash_lite,llama_70b,granite_8b",230,always_llama_70b,0.8781725888324873,5.418654314720812e-05,0.8781725888324873,0.07614213197969544,0.0,0.02030456852791878
3model_gemini_flash_lite_llama_70b_granite_8b,"gemini_flash_lite,llama_70b,granite_8b",230,always_granite_8b,0.8477157360406091,1.58748730964467e-05,0.8477157360406091,0.1065989847715736,0.0,0.015228426395939087
3model_gemini_flash_lite_llama_70b_granite_8b,"gemini_flash_lite,llama_70b,granite_8b",230,random,0.8629441624365483,6.671022335025381e-05,0.8629441624365483,0.09137055837563451,0.0,0.3756345177664975
3model_gemini_flash_lite_llama_70b_granite_8b,"gemini_flash_lite,llama_70b,granite_8b",230,oracle,0.9543147208121827,0.00012022144162436548,0.9543147208121827,0.0,0.0,1.0
3model_gemini_flash_lite_llama_70b_granite_8b,"gemini_flash_lite,llama_70b,granite_8b",230,logistic_router,0.9086294416243654,0.00011123121319796957,0.9086294416243654,0.04568527918781726,0.0,0.7868020304568528
3model_gemini_flash_lite_llama_70b_granite_8b,"gemini_flash_lite,llama_70b,granite_8b",230,linear_svm_router,0.9137055837563451,0.00012224225888324874,0.9137055837563451,0.04060913705583756,0.0,0.9289340101522843
3model_gemini_flash_lite_llama_70b_granite_8b,"gemini_flash_lite,llama_70b,granite_8b",230,knn_router,0.9187817258883249,0.00012391624365482235,0.9187817258883249,0.03553299492385787,0.0,0.9644670050761421
3model_gemini_flash_lite_llama_70b_granite_8b,"gemini_flash_lite,llama_70b,granite_8b",230,decision_tree_router,0.9035532994923858,0.00010869604060913706,0.9035532994923858,0.050761421319796954,0.0,0.7614213197969543
3model_gemini_flash_lite_llama_70b_granite_8b,"gemini_flash_lite,llama_70b,granite_8b",230,random_forest_router,0.9137055837563451,0.00012183175126903554,0.9137055837563451,0.04060913705583756,0.0,0.934010152284264
3model_gemini_flash_lite_llama_70b_granite_8b,"gemini_flash_lite,llama_70b,granite_8b",230,extra_trees_router,0.8984771573604061,0.00011620411167512692,0.8984771573604061,0.05583756345177665,0.0,0.8527918781725888
3model_gemini_flash_lite_llama_70b_granite_8b,"gemini_flash_lite,llama_70b,granite_8b",230,tfidf_logistic_router,0.9137055837563451,0.00011873307106598987,0.9137055837563451,0.04060913705583756,0.0,0.8984771573604061
3model_gemini_flash_lite_llama_70b_granite_8b,"gemini_flash_lite,llama_70b,granite_8b",230,tfidf_linear_svm_router,0.9187817258883249,0.00012271218274111675,0.9187817258883249,0.03553299492385787,0.0,0.9543147208121827
3model_gemini_flash_lite_llama_70b_granite_8b,"gemini_flash_lite,llama_70b,granite_8b",231,always_gemini_flash_lite,0.9289340101522843,0.00012848857868020305,0.9289340101522843,0.030456852791878174,0.0,0.9695431472081218
3model_gemini_flash_lite_llama_70b_granite_8b,"gemini_flash_lite,llama_70b,granite_8b",231,always_llama_70b,0.8984771573604061,5.3821685279187825e-05,0.8984771573604061,0.06091370558375635,0.0,0.02030456852791878
3model_gemini_flash_lite_llama_70b_granite_8b,"gemini_flash_lite,llama_70b,granite_8b",231,always_granite_8b,0.8527918781725888,1.6751015228426392e-05,0.8527918781725888,0.1065989847715736,0.0,0.01015228426395939
3model_gemini_flash_lite_llama_70b_granite_8b,"gemini_flash_lite,llama_70b,granite_8b",231,random,0.8781725888324873,6.29946192893401e-05,0.8781725888324873,0.08121827411167512,0.0,0.26903553299492383
3model_gemini_flash_lite_llama_70b_granite_8b,"gemini_flash_lite,llama_70b,granite_8b",231,oracle,0.9593908629441624,0.0001257937766497462,0.9593908629441624,0.0,0.0,1.0
3model_gemini_flash_lite_llama_70b_granite_8b,"gemini_flash_lite,llama_70b,granite_8b",231,logistic_router,0.9238578680203046,0.00011181675126903555,0.9238578680203046,0.03553299492385787,0.0,0.7715736040609137
3model_gemini_flash_lite_llama_70b_granite_8b,"gemini_flash_lite,llama_70b,granite_8b",231,linear_svm_router,0.9289340101522843,0.00012393959390862944,0.9289340101522843,0.030456852791878174,0.0,0.9187817258883249
3model_gemini_flash_lite_llama_70b_granite_8b,"gemini_flash_lite,llama_70b,granite_8b",231,knn_router,0.9289340101522843,0.00012848857868020305,0.9289340101522843,0.030456852791878174,0.0,0.9695431472081218
3model_gemini_flash_lite_llama_70b_granite_8b,"gemini_flash_lite,llama_70b,granite_8b",231,decision_tree_router,0.9187817258883249,9.440955329949237e-05,0.9187817258883249,0.04060913705583756,0.0,0.5685279187817259
3model_gemini_flash_lite_llama_70b_granite_8b,"gemini_flash_lite,llama_70b,granite_8b",231,random_forest_router,0.9289340101522843,0.0001259341116751269,0.9289340101522843,0.030456852791878174,0.0,0.9441624365482234
3model_gemini_flash_lite_llama_70b_granite_8b,"gemini_flash_lite,llama_70b,granite_8b",231,extra_trees_router,0.934010152284264,0.00011818213197969542,0.934010152284264,0.025380710659898477,0.0,0.868020304568528
3model_gemini_flash_lite_llama_70b_granite_8b,"gemini_flash_lite,llama_70b,granite_8b",231,tfidf_logistic_router,0.9289340101522843,0.0001196167005076142,0.9289340101522843,0.030456852791878174,0.0,0.883248730964467
3model_gemini_flash_lite_llama_70b_granite_8b,"gemini_flash_lite,llama_70b,granite_8b",231,tfidf_linear_svm_router,0.9289340101522843,0.00012739213197969545,0.9289340101522843,0.030456852791878174,0.0,0.9644670050761421
3model_gemini_flash_lite_llama_70b_granite_8b,"gemini_flash_lite,llama_70b,granite_8b",232,always_gemini_flash_lite,0.9086294416243654,0.00012325000000000001,0.9086294416243654,0.07106598984771574,0.0,0.9289340101522843
3model_gemini_flash_lite_llama_70b_granite_8b,"gemini_flash_lite,llama_70b,granite_8b",232,always_llama_70b,0.9187817258883249,5.5371817258883244e-05,0.9187817258883249,0.06091370558375635,0.0,0.06091370558375635
3model_gemini_flash_lite_llama_70b_granite_8b,"gemini_flash_lite,llama_70b,granite_8b",232,always_granite_8b,0.868020304568528,1.6348477157360407e-05,0.868020304568528,0.1116751269035533,0.0,0.01015228426395939
3model_gemini_flash_lite_llama_70b_granite_8b,"gemini_flash_lite,llama_70b,granite_8b",232,random,0.9137055837563451,6.196168020304569e-05,0.9137055837563451,0.06598984771573604,0.0,0.3147208121827411
3model_gemini_flash_lite_llama_70b_granite_8b,"gemini_flash_lite,llama_70b,granite_8b",232,oracle,0.9796954314720813,0.00011749425888324872,0.9796954314720813,0.0,0.0,1.0
3model_gemini_flash_lite_llama_70b_granite_8b,"gemini_flash_lite,llama_70b,granite_8b",232,logistic_router,0.9035532994923858,0.00011312694416243655,0.9035532994923858,0.07614213197969544,0.0,0.7969543147208121
3model_gemini_flash_lite_llama_70b_granite_8b,"gemini_flash_lite,llama_70b,granite_8b",232,linear_svm_router,0.9086294416243654,0.00011958304568527919,0.9086294416243654,0.07106598984771574,0.0,0.8883248730964467
3model_gemini_flash_lite_llama_70b_granite_8b,"gemini_flash_lite,llama_70b,granite_8b",232,knn_router,0.9086294416243654,0.00012325000000000001,0.9086294416243654,0.07106598984771574,0.0,0.9289340101522843
3model_gemini_flash_lite_llama_70b_granite_8b,"gemini_flash_lite,llama_70b,granite_8b",232,decision_tree_router,0.8730964467005076,0.0001064553959390863,0.8730964467005076,0.1065989847715736,0.0,0.7055837563451777
3model_gemini_flash_lite_llama_70b_granite_8b,"gemini_flash_lite,llama_70b,granite_8b",232,random_forest_router,0.9086294416243654,0.000121702538071066,0.9086294416243654,0.07106598984771574,0.0,0.8984771573604061
3model_gemini_flash_lite_llama_70b_granite_8b,"gemini_flash_lite,llama_70b,granite_8b",232,extra_trees_router,0.8934010152284264,0.00011801238578680205,0.8934010152284264,0.08629441624365482,0.0,0.8527918781725888
3model_gemini_flash_lite_llama_70b_granite_8b,"gemini_flash_lite,llama_70b,granite_8b",232,tfidf_logistic_router,0.9086294416243654,0.00011673322335025379,0.9086294416243654,0.07106598984771574,0.0,0.8578680203045685
3model_gemini_flash_lite_llama_70b_granite_8b,"gemini_flash_lite,llama_70b,granite_8b",232,tfidf_linear_svm_router,0.9086294416243654,0.00012271,0.9086294416243654,0.07106598984771574,0.0,0.9238578680203046
3model_gemini_flash_lite_llama_70b_granite_8b,"gemini_flash_lite,llama_70b,granite_8b",233,always_gemini_flash_lite,0.9289340101522843,0.00012413705583756346,0.9289340101522843,0.04060913705583756,0.0,0.9593908629441624
3model_gemini_flash_lite_llama_70b_granite_8b,"gemini_flash_lite,llama_70b,granite_8b",233,always_llama_70b,0.883248730964467,5.4729203045685284e-05,0.883248730964467,0.08629441624365482,0.0,0.02030456852791878
3model_gemini_flash_lite_llama_70b_granite_8b,"gemini_flash_lite,llama_70b,granite_8b",233,always_granite_8b,0.8527918781725888,1.6294162436548225e-05,0.8527918781725888,0.116751269035533,0.0,0.02030456852791878
3model_gemini_flash_lite_llama_70b_granite_8b,"gemini_flash_lite,llama_70b,granite_8b",233,random,0.8934010152284264,6.304124365482233e-05,0.8934010152284264,0.07614213197969544,0.0,0.3197969543147208
3model_gemini_flash_lite_llama_70b_granite_8b,"gemini_flash_lite,llama_70b,granite_8b",233,oracle,0.9695431472081218,0.00011911736040609137,0.9695431472081218,0.0,0.0,1.0
3model_gemini_flash_lite_llama_70b_granite_8b,"gemini_flash_lite,llama_70b,granite_8b",233,logistic_router,0.9035532994923858,0.00011041220304568526,0.9035532994923858,0.06598984771573604,0.0,0.7969543147208121
3model_gemini_flash_lite_llama_70b_granite_8b,"gemini_flash_lite,llama_70b,granite_8b",233,linear_svm_router,0.9137055837563451,0.0001215598730964467,0.9137055837563451,0.05583756345177665,0.0,0.9289340101522843
3model_gemini_flash_lite_llama_70b_granite_8b,"gemini_flash_lite,llama_70b,granite_8b",233,knn_router,0.9289340101522843,0.00012413705583756346,0.9289340101522843,0.04060913705583756,0.0,0.9593908629441624
3model_gemini_flash_lite_llama_70b_granite_8b,"gemini_flash_lite,llama_70b,granite_8b",233,decision_tree_router,0.9086294416243654,9.892652791878172e-05,0.9086294416243654,0.06091370558375635,0.0,0.6700507614213198
3model_gemini_flash_lite_llama_70b_granite_8b,"gemini_flash_lite,llama_70b,granite_8b",233,random_forest_router,0.9289340101522843,0.00012368756345177665,0.9289340101522843,0.04060913705583756,0.0,0.9593908629441624
3model_gemini_flash_lite_llama_70b_granite_8b,"gemini_flash_lite,llama_70b,granite_8b",233,extra_trees_router,0.9086294416243654,0.00011934428934010152,0.9086294416243654,0.06091370558375635,0.0,0.883248730964467
3model_gemini_flash_lite_llama_70b_granite_8b,"gemini_flash_lite,llama_70b,granite_8b",233,tfidf_logistic_router,0.9187817258883249,0.00011701934010152284,0.9187817258883249,0.050761421319796954,0.0,0.8883248730964467
3model_gemini_flash_lite_llama_70b_granite_8b,"gemini_flash_lite,llama_70b,granite_8b",233,tfidf_linear_svm_router,0.9289340101522843,0.00012365162436548223,0.9289340101522843,0.04060913705583756,0.0,0.9543147208121827
3model_gemini_flash_lite_deepseek_v3_granite_8b,"gemini_flash_lite,deepseek_v3,granite_8b",229,always_gemini_flash_lite,0.9137055837563451,0.00012077157360406092,0.9137055837563451,0.050761421319796954,0.0,0.949238578680203
3model_gemini_flash_lite_deepseek_v3_granite_8b,"gemini_flash_lite,deepseek_v3,granite_8b",229,always_deepseek_v3,0.883248730964467,7.042395939086295e-05,0.883248730964467,0.08121827411167512,0.0,0.030456852791878174
3model_gemini_flash_lite_deepseek_v3_granite_8b,"gemini_flash_lite,deepseek_v3,granite_8b",229,always_granite_8b,0.8375634517766497,1.603908629441624e-05,0.8375634517766497,0.12690355329949238,0.0,0.02030456852791878
3model_gemini_flash_lite_deepseek_v3_granite_8b,"gemini_flash_lite,deepseek_v3,granite_8b",229,random,0.8477157360406091,6.493664974619289e-05,0.8477157360406091,0.116751269035533,0.0,0.2893401015228426
3model_gemini_flash_lite_deepseek_v3_granite_8b,"gemini_flash_lite,deepseek_v3,granite_8b",229,oracle,0.9644670050761421,0.00011579908629441625,0.9644670050761421,0.0,0.0,1.0
3model_gemini_flash_lite_deepseek_v3_granite_8b,"gemini_flash_lite,deepseek_v3,granite_8b",229,logistic_router,0.9137055837563451,0.00010519956345177666,0.9137055837563451,0.050761421319796954,0.0,0.7614213197969543
3model_gemini_flash_lite_deepseek_v3_granite_8b,"gemini_flash_lite,deepseek_v3,granite_8b",229,linear_svm_router,0.9137055837563451,0.00011651522842639595,0.9137055837563451,0.050761421319796954,0.0,0.9035532994923858
3model_gemini_flash_lite_deepseek_v3_granite_8b,"gemini_flash_lite,deepseek_v3,granite_8b",229,knn_router,0.9137055837563451,0.00012077157360406092,0.9137055837563451,0.050761421319796954,0.0,0.949238578680203
3model_gemini_flash_lite_deepseek_v3_granite_8b,"gemini_flash_lite,deepseek_v3,granite_8b",229,decision_tree_router,0.9035532994923858,0.00010002280203045686,0.9035532994923858,0.06091370558375635,0.0,0.6649746192893401
3model_gemini_flash_lite_deepseek_v3_granite_8b,"gemini_flash_lite,deepseek_v3,granite_8b",229,random_forest_router,0.9137055837563451,0.00012057507614213199,0.9137055837563451,0.050761421319796954,0.0,0.9441624365482234
3model_gemini_flash_lite_deepseek_v3_granite_8b,"gemini_flash_lite,deepseek_v3,granite_8b",229,extra_trees_router,0.9035532994923858,0.00010749294416243654,0.9035532994923858,0.06091370558375635,0.0,0.7969543147208121
3model_gemini_flash_lite_deepseek_v3_granite_8b,"gemini_flash_lite,deepseek_v3,granite_8b",229,tfidf_logistic_router,0.9187817258883249,0.00011677868020304568,0.9187817258883249,0.04568527918781726,0.0,0.9086294416243654
3model_gemini_flash_lite_deepseek_v3_granite_8b,"gemini_flash_lite,deepseek_v3,granite_8b",229,tfidf_linear_svm_router,0.9137055837563451,0.00011939989847715738,0.9137055837563451,0.050761421319796954,0.0,0.9390862944162437
3model_gemini_flash_lite_deepseek_v3_granite_8b,"gemini_flash_lite,deepseek_v3,granite_8b",230,always_gemini_flash_lite,0.9187817258883249,0.00012391624365482235,0.9187817258883249,0.030456852791878174,0.0,0.9695431472081218
3model_gemini_flash_lite_deepseek_v3_granite_8b,"gemini_flash_lite,deepseek_v3,granite_8b",230,always_deepseek_v3,0.9137055837563451,7.150268020304568e-05,0.9137055837563451,0.03553299492385787,0.0,0.02030456852791878
3model_gemini_flash_lite_deepseek_v3_granite_8b,"gemini_flash_lite,deepseek_v3,granite_8b",230,always_granite_8b,0.8477157360406091,1.58748730964467e-05,0.8477157360406091,0.10152284263959391,0.0,0.01015228426395939
3model_gemini_flash_lite_deepseek_v3_granite_8b,"gemini_flash_lite,deepseek_v3,granite_8b",230,random,0.8934010152284264,7.004093401015227e-05,0.8934010152284264,0.05583756345177665,0.0,0.39593908629441626
3model_gemini_flash_lite_deepseek_v3_granite_8b,"gemini_flash_lite,deepseek_v3,granite_8b",230,oracle,0.949238578680203,0.00012126294416243655,0.949238578680203,0.0,0.0,1.0
3model_gemini_flash_lite_deepseek_v3_granite_8b,"gemini_flash_lite,deepseek_v3,granite_8b",230,logistic_router,0.9238578680203046,0.00011045076142131981,0.9238578680203046,0.025380710659898477,0.0,0.817258883248731
3model_gemini_flash_lite_deepseek_v3_granite_8b,"gemini_flash_lite,deepseek_v3,granite_8b",230,linear_svm_router,0.9187817258883249,0.00012162467005076143,0.9187817258883249,0.030456852791878174,0.0,0.949238578680203
3model_gemini_flash_lite_deepseek_v3_granite_8b,"gemini_flash_lite,deepseek_v3,granite_8b",230,knn_router,0.9187817258883249,0.00012391624365482235,0.9187817258883249,0.030456852791878174,0.0,0.9695431472081218
3model_gemini_flash_lite_deepseek_v3_granite_8b,"gemini_flash_lite,deepseek_v3,granite_8b",230,decision_tree_router,0.9086294416243654,0.0001093834720812183,0.9086294416243654,0.04060913705583756,0.0,0.766497461928934
3model_gemini_flash_lite_deepseek_v3_granite_8b,"gemini_flash_lite,deepseek_v3,granite_8b",230,random_forest_router,0.9137055837563451,0.00012313497461928936,0.9137055837563451,0.03553299492385787,0.0,0.9543147208121827
3model_gemini_flash_lite_deepseek_v3_granite_8b,"gemini_flash_lite,deepseek_v3,granite_8b",230,extra_trees_router,0.9137055837563451,0.00011577218274111676,0.9137055837563451,0.03553299492385787,0.0,0.8730964467005076
3model_gemini_flash_lite_deepseek_v3_granite_8b,"gemini_flash_lite,deepseek_v3,granite_8b",230,tfidf_logistic_router,0.9137055837563451,0.00012006753299492387,0.9137055837563451,0.03553299492385787,0.0,0.9187817258883249
3model_gemini_flash_lite_deepseek_v3_granite_8b,"gemini_flash_lite,deepseek_v3,granite_8b",230,tfidf_linear_svm_router,0.9137055837563451,0.00012315913705583756,0.9137055837563451,0.03553299492385787,0.0,0.9543147208121827
3model_gemini_flash_lite_deepseek_v3_granite_8b,"gemini_flash_lite,deepseek_v3,granite_8b",231,always_gemini_flash_lite,0.9289340101522843,0.00012848857868020305,0.9289340101522843,0.03553299492385787,0.0,0.9644670050761421
3model_gemini_flash_lite_deepseek_v3_granite_8b,"gemini_flash_lite,deepseek_v3,granite_8b",231,always_deepseek_v3,0.8984771573604061,7.693892385786802e-05,0.8984771573604061,0.06598984771573604,0.0,0.02030456852791878
3model_gemini_flash_lite_deepseek_v3_granite_8b,"gemini_flash_lite,deepseek_v3,granite_8b",231,always_granite_8b,0.8527918781725888,1.6751015228426392e-05,0.8527918781725888,0.1116751269035533,0.0,0.015228426395939087
3model_gemini_flash_lite_deepseek_v3_granite_8b,"gemini_flash_lite,deepseek_v3,granite_8b",231,random,0.8934010152284264,7.273230456852792e-05,0.8934010152284264,0.07106598984771574,0.0,0.2893401015228426
3model_gemini_flash_lite_deepseek_v3_granite_8b,"gemini_flash_lite,deepseek_v3,granite_8b",231,oracle,0.9644670050761421,0.0001248020812182741,0.9644670050761421,0.0,0.0,1.0
3model_gemini_flash_lite_deepseek_v3_granite_8b,"gemini_flash_lite,deepseek_v3,granite_8b",231,logistic_router,0.9238578680203046,0.00011805322842639594,0.9238578680203046,0.04060913705583756,0.0,0.8274111675126904
3model_gemini_flash_lite_deepseek_v3_granite_8b,"gemini_flash_lite,deepseek_v3,granite_8b",231,linear_svm_router,0.9289340101522843,0.0001227537766497462,0.9289340101522843,0.03553299492385787,0.0,0.9137055837563451
3model_gemini_flash_lite_deepseek_v3_granite_8b,"gemini_flash_lite,deepseek_v3,granite_8b",231,knn_router,0.9289340101522843,0.00012848857868020305,0.9289340101522843,0.03553299492385787,0.0,0.9644670050761421
3model_gemini_flash_lite_deepseek_v3_granite_8b,"gemini_flash_lite,deepseek_v3,granite_8b",231,decision_tree_router,0.9137055837563451,0.00011464063959390862,0.9137055837563451,0.050761421319796954,0.0,0.7411167512690355
3model_gemini_flash_lite_deepseek_v3_granite_8b,"gemini_flash_lite,deepseek_v3,granite_8b",231,random_forest_router,0.9289340101522843,0.00012628224365482233,0.9289340101522843,0.03553299492385787,0.0,0.934010152284264
3model_gemini_flash_lite_deepseek_v3_granite_8b,"gemini_flash_lite,deepseek_v3,granite_8b",231,extra_trees_router,0.9289340101522843,0.00012363231472081217,0.9289340101522843,0.03553299492385787,0.0,0.8934010152284264
3model_gemini_flash_lite_deepseek_v3_granite_8b,"gemini_flash_lite,deepseek_v3,granite_8b",231,tfidf_logistic_router,0.9289340101522843,0.00012584921827411166,0.9289340101522843,0.03553299492385787,0.0,0.9187817258883249
3model_gemini_flash_lite_deepseek_v3_granite_8b,"gemini_flash_lite,deepseek_v3,granite_8b",231,tfidf_linear_svm_router,0.9238578680203046,0.00012806913705583757,0.9238578680203046,0.04060913705583756,0.0,0.9543147208121827
3model_gemini_flash_lite_deepseek_v3_granite_8b,"gemini_flash_lite,deepseek_v3,granite_8b",232,always_gemini_flash_lite,0.9086294416243654,0.00012325000000000001,0.9086294416243654,0.06598984771573604,0.0,0.934010152284264
3model_gemini_flash_lite_deepseek_v3_granite_8b,"gemini_flash_lite,deepseek_v3,granite_8b",232,always_deepseek_v3,0.9238578680203046,6.975652791878173e-05,0.9238578680203046,0.050761421319796954,0.0,0.050761421319796954
3model_gemini_flash_lite_deepseek_v3_granite_8b,"gemini_flash_lite,deepseek_v3,granite_8b",232,always_granite_8b,0.868020304568528,1.6348477157360407e-05,0.868020304568528,0.1065989847715736,0.0,0.015228426395939087
3model_gemini_flash_lite_deepseek_v3_granite_8b,"gemini_flash_lite,deepseek_v3,granite_8b",232,random,0.934010152284264,7.016674111675127e-05,0.934010152284264,0.04060913705583756,0.0,0.3350253807106599
3model_gemini_flash_lite_deepseek_v3_granite_8b,"gemini_flash_lite,deepseek_v3,granite_8b",232,oracle,0.9746192893401016,0.00011724939086294417,0.9746192893401016,0.0,0.0,1.0
3model_gemini_flash_lite_deepseek_v3_granite_8b,"gemini_flash_lite,deepseek_v3,granite_8b",232,logistic_router,0.9086294416243654,0.00011644973604060914,0.9086294416243654,0.06598984771573604,0.0,0.8223350253807107
3model_gemini_flash_lite_deepseek_v3_granite_8b,"gemini_flash_lite,deepseek_v3,granite_8b",232,linear_svm_router,0.9086294416243654,0.0001201098274111675,0.9086294416243654,0.06598984771573604,0.0,0.9035532994923858
3model_gemini_flash_lite_deepseek_v3_granite_8b,"gemini_flash_lite,deepseek_v3,granite_8b",232,knn_router,0.9086294416243654,0.00012325000000000001,0.9086294416243654,0.06598984771573604,0.0,0.934010152284264
3model_gemini_flash_lite_deepseek_v3_granite_8b,"gemini_flash_lite,deepseek_v3,granite_8b",232,decision_tree_router,0.9035532994923858,0.00010856077157360404,0.9035532994923858,0.07106598984771574,0.0,0.7309644670050761
3model_gemini_flash_lite_deepseek_v3_granite_8b,"gemini_flash_lite,deepseek_v3,granite_8b",232,random_forest_router,0.9086294416243654,0.00012282510659898476,0.9086294416243654,0.06598984771573604,0.0,0.9238578680203046
3model_gemini_flash_lite_deepseek_v3_granite_8b,"gemini_flash_lite,deepseek_v3,granite_8b",232,extra_trees_router,0.9086294416243654,0.00011753226395939087,0.9086294416243654,0.06598984771573604,0.0,0.8934010152284264
3model_gemini_flash_lite_deepseek_v3_granite_8b,"gemini_flash_lite,deepseek_v3,granite_8b",232,tfidf_logistic_router,0.9086294416243654,0.00011820201015228425,0.9086294416243654,0.06598984771573604,0.0,0.868020304568528
3model_gemini_flash_lite_deepseek_v3_granite_8b,"gemini_flash_lite,deepseek_v3,granite_8b",232,tfidf_linear_svm_router,0.9086294416243654,0.00012252131979695433,0.9086294416243654,0.06598984771573604,0.0,0.9289340101522843
3model_gemini_flash_lite_deepseek_v3_granite_8b,"gemini_flash_lite,deepseek_v3,granite_8b",233,always_gemini_flash_lite,0.9289340101522843,0.00012413705583756346,0.9289340101522843,0.04060913705583756,0.0,0.9593908629441624
3model_gemini_flash_lite_deepseek_v3_granite_8b,"gemini_flash_lite,deepseek_v3,granite_8b",233,always_deepseek_v3,0.9187817258883249,7.352493401015228e-05,0.9187817258883249,0.050761421319796954,0.0,0.030456852791878174
3model_gemini_flash_lite_deepseek_v3_granite_8b,"gemini_flash_lite,deepseek_v3,granite_8b",233,always_granite_8b,0.8527918781725888,1.6294162436548225e-05,0.8527918781725888,0.116751269035533,0.0,0.01015228426395939
3model_gemini_flash_lite_deepseek_v3_granite_8b,"gemini_flash_lite,deepseek_v3,granite_8b",233,random,0.8883248730964467,6.880798984771574e-05,0.8883248730964467,0.08121827411167512,0.0,0.3096446700507614
3model_gemini_flash_lite_deepseek_v3_granite_8b,"gemini_flash_lite,deepseek_v3,granite_8b",233,oracle,0.9695431472081218,0.00012079512690355331,0.9695431472081218,0.0,0.0,1.0
3model_gemini_flash_lite_deepseek_v3_granite_8b,"gemini_flash_lite,deepseek_v3,granite_8b",233,logistic_router,0.9390862944162437,0.000104784730964467,0.9390862944162437,0.030456852791878174,0.0,0.7969543147208121
3model_gemini_flash_lite_deepseek_v3_granite_8b,"gemini_flash_lite,deepseek_v3,granite_8b",233,linear_svm_router,0.934010152284264,0.00012000869035532996,0.934010152284264,0.03553299492385787,0.0,0.9289340101522843
3model_gemini_flash_lite_deepseek_v3_granite_8b,"gemini_flash_lite,deepseek_v3,granite_8b",233,knn_router,0.9289340101522843,0.00012413705583756346,0.9289340101522843,0.04060913705583756,0.0,0.9593908629441624
3model_gemini_flash_lite_deepseek_v3_granite_8b,"gemini_flash_lite,deepseek_v3,granite_8b",233,decision_tree_router,0.9137055837563451,0.00010271568527918783,0.9137055837563451,0.05583756345177665,0.0,0.6192893401015228
3model_gemini_flash_lite_deepseek_v3_granite_8b,"gemini_flash_lite,deepseek_v3,granite_8b",233,random_forest_router,0.9289340101522843,0.00012263970558375634,0.9289340101522843,0.04060913705583756,0.0,0.9441624365482234
3model_gemini_flash_lite_deepseek_v3_granite_8b,"gemini_flash_lite,deepseek_v3,granite_8b",233,extra_trees_router,0.9238578680203046,0.00011759732994923859,0.9238578680203046,0.04568527918781726,0.0,0.8730964467005076
3model_gemini_flash_lite_deepseek_v3_granite_8b,"gemini_flash_lite,deepseek_v3,granite_8b",233,tfidf_logistic_router,0.934010152284264,0.00012024889340101523,0.934010152284264,0.03553299492385787,0.0,0.9238578680203046
3model_gemini_flash_lite_deepseek_v3_granite_8b,"gemini_flash_lite,deepseek_v3,granite_8b",233,tfidf_linear_svm_router,0.9289340101522843,0.00012311888324873096,0.9289340101522843,0.04060913705583756,0.0,0.949238578680203
3model_qwen_30b_llama_70b_deepseek_v3,"qwen_30b,llama_70b,deepseek_v3",229,always_qwen_30b,0.868020304568528,2.3474460913705585e-05,0.868020304568528,0.09137055837563451,0.0,0.9086294416243654
3model_qwen_30b_llama_70b_deepseek_v3,"qwen_30b,llama_70b,deepseek_v3",229,always_llama_70b,0.8934010152284264,5.343402538071066e-05,0.8934010152284264,0.06598984771573604,0.0,0.06091370558375635
3model_qwen_30b_llama_70b_deepseek_v3,"qwen_30b,llama_70b,deepseek_v3",229,always_deepseek_v3,0.883248730964467,7.042395939086295e-05,0.883248730964467,0.07614213197969544,0.0,0.030456852791878174
3model_qwen_30b_llama_70b_deepseek_v3,"qwen_30b,llama_70b,deepseek_v3",229,random,0.8984771573604061,5.149363959390862e-05,0.8984771573604061,0.06091370558375635,0.0,0.30456852791878175
3model_qwen_30b_llama_70b_deepseek_v3,"qwen_30b,llama_70b,deepseek_v3",229,oracle,0.9593908629441624,2.673378781725888e-05,0.9593908629441624,0.0,0.0,1.0
3model_qwen_30b_llama_70b_deepseek_v3,"qwen_30b,llama_70b,deepseek_v3",229,logistic_router,0.8883248730964467,3.4407687309644675e-05,0.8883248730964467,0.07106598984771574,0.0,0.649746192893401
3model_qwen_30b_llama_70b_deepseek_v3,"qwen_30b,llama_70b,deepseek_v3",229,linear_svm_router,0.868020304568528,2.5176566497461927e-05,0.868020304568528,0.09137055837563451,0.0,0.8274111675126904
3model_qwen_30b_llama_70b_deepseek_v3,"qwen_30b,llama_70b,deepseek_v3",229,knn_router,0.868020304568528,2.3474460913705585e-05,0.868020304568528,0.09137055837563451,0.0,0.9086294416243654
3model_qwen_30b_llama_70b_deepseek_v3,"qwen_30b,llama_70b,deepseek_v3",229,decision_tree_router,0.8527918781725888,3.481138274111676e-05,0.8527918781725888,0.1065989847715736,0.0,0.6345177664974619
3model_qwen_30b_llama_70b_deepseek_v3,"qwen_30b,llama_70b,deepseek_v3",229,random_forest_router,0.868020304568528,2.71038923857868e-05,0.868020304568528,0.09137055837563451,0.0,0.8071065989847716
3model_qwen_30b_llama_70b_deepseek_v3,"qwen_30b,llama_70b,deepseek_v3",229,extra_trees_router,0.8730964467005076,2.8591930964467003e-05,0.8730964467005076,0.08629441624365482,0.0,0.766497461928934
3model_qwen_30b_llama_70b_deepseek_v3,"qwen_30b,llama_70b,deepseek_v3",229,tfidf_logistic_router,0.8730964467005076,2.6423982741116753e-05,0.8730964467005076,0.08629441624365482,0.0,0.8121827411167513
3model_qwen_30b_llama_70b_deepseek_v3,"qwen_30b,llama_70b,deepseek_v3",229,tfidf_linear_svm_router,0.868020304568528,2.3455679187817263e-05,0.868020304568528,0.09137055837563451,0.0,0.9086294416243654
3model_qwen_30b_llama_70b_deepseek_v3,"qwen_30b,llama_70b,deepseek_v3",230,always_qwen_30b,0.9187817258883249,2.4823336040609136e-05,0.9187817258883249,0.04060913705583756,0.0,0.9593908629441624
3model_qwen_30b_llama_70b_deepseek_v3,"qwen_30b,llama_70b,deepseek_v3",230,always_llama_70b,0.8781725888324873,5.418654314720812e-05,0.8781725888324873,0.08121827411167512,0.0,0.030456852791878174
3model_qwen_30b_llama_70b_deepseek_v3,"qwen_30b,llama_70b,deepseek_v3",230,always_deepseek_v3,0.9137055837563451,7.150268020304568e-05,0.9137055837563451,0.04568527918781726,0.0,0.01015228426395939
3model_qwen_30b_llama_70b_deepseek_v3,"qwen_30b,llama_70b,deepseek_v3",230,random,0.883248730964467,4.9151269035533005e-05,0.883248730964467,0.07614213197969544,0.0,0.3756345177664975
3model_qwen_30b_llama_70b_deepseek_v3,"qwen_30b,llama_70b,deepseek_v3",230,oracle,0.9593908629441624,2.620544162436548e-05,0.9593908629441624,0.0,0.0,1.0
3model_qwen_30b_llama_70b_deepseek_v3,"qwen_30b,llama_70b,deepseek_v3",230,logistic_router,0.9086294416243654,3.4377583756345176e-05,0.9086294416243654,0.050761421319796954,0.0,0.7055837563451777
3model_qwen_30b_llama_70b_deepseek_v3,"qwen_30b,llama_70b,deepseek_v3",230,linear_svm_router,0.9137055837563451,3.0180502538071065e-05,0.9137055837563451,0.04568527918781726,0.0,0.8223350253807107
3model_qwen_30b_llama_70b_deepseek_v3,"qwen_30b,llama_70b,deepseek_v3",230,knn_router,0.9187817258883249,2.4823336040609136e-05,0.9187817258883249,0.04060913705583756,0.0,0.9593908629441624
3model_qwen_30b_llama_70b_deepseek_v3,"qwen_30b,llama_70b,deepseek_v3",230,decision_tree_router,0.9035532994923858,3.970641015228427e-05,0.9035532994923858,0.05583756345177665,0.0,0.5431472081218274
3model_qwen_30b_llama_70b_deepseek_v3,"qwen_30b,llama_70b,deepseek_v3",230,random_forest_router,0.9086294416243654,2.8321781725888322e-05,0.9086294416243654,0.050761421319796954,0.0,0.817258883248731
3model_qwen_30b_llama_70b_deepseek_v3,"qwen_30b,llama_70b,deepseek_v3",230,extra_trees_router,0.9137055837563451,3.135326700507614e-05,0.9137055837563451,0.04568527918781726,0.0,0.766497461928934
3model_qwen_30b_llama_70b_deepseek_v3,"qwen_30b,llama_70b,deepseek_v3",230,tfidf_logistic_router,0.9086294416243654,2.9323353299492387e-05,0.9086294416243654,0.050761421319796954,0.0,0.8071065989847716
3model_qwen_30b_llama_70b_deepseek_v3,"qwen_30b,llama_70b,deepseek_v3",230,tfidf_linear_svm_router,0.9238578680203046,2.5301441624365482e-05,0.9238578680203046,0.03553299492385787,0.0,0.949238578680203
3model_qwen_30b_llama_70b_deepseek_v3,"qwen_30b,llama_70b,deepseek_v3",231,always_qwen_30b,0.8883248730964467,2.600484670050761e-05,0.8883248730964467,0.07106598984771574,0.0,0.9289340101522843
3model_qwen_30b_llama_70b_deepseek_v3,"qwen_30b,llama_70b,deepseek_v3",231,always_llama_70b,0.8984771573604061,5.3821685279187825e-05,0.8984771573604061,0.06091370558375635,0.0,0.05583756345177665
3model_qwen_30b_llama_70b_deepseek_v3,"qwen_30b,llama_70b,deepseek_v3",231,always_deepseek_v3,0.8984771573604061,7.693892385786802e-05,0.8984771573604061,0.06091370558375635,0.0,0.015228426395939087
3model_qwen_30b_llama_70b_deepseek_v3,"qwen_30b,llama_70b,deepseek_v3",231,random,0.8730964467005076,5.177398578680202e-05,0.8730964467005076,0.08629441624365482,0.0,0.27411167512690354
3model_qwen_30b_llama_70b_deepseek_v3,"qwen_30b,llama_70b,deepseek_v3",231,oracle,0.9593908629441624,2.8281237563451772e-05,0.9593908629441624,0.0,0.0,1.0
3model_qwen_30b_llama_70b_deepseek_v3,"qwen_30b,llama_70b,deepseek_v3",231,logistic_router,0.8984771573604061,3.589244162436548e-05,0.8984771573604061,0.06091370558375635,0.0,0.6751269035532995
3model_qwen_30b_llama_70b_deepseek_v3,"qwen_30b,llama_70b,deepseek_v3",231,linear_svm_router,0.8934010152284264,2.94044730964467e-05,0.8934010152284264,0.06598984771573604,0.0,0.8375634517766497
3model_qwen_30b_llama_70b_deepseek_v3,"qwen_30b,llama_70b,deepseek_v3",231,knn_router,0.8883248730964467,2.600484670050761e-05,0.8883248730964467,0.07106598984771574,0.0,0.9289340101522843
3model_qwen_30b_llama_70b_deepseek_v3,"qwen_30b,llama_70b,deepseek_v3",231,decision_tree_router,0.8883248730964467,3.62545807106599e-05,0.8883248730964467,0.07106598984771574,0.0,0.6345177664974619
3model_qwen_30b_llama_70b_deepseek_v3,"qwen_30b,llama_70b,deepseek_v3",231,random_forest_router,0.8883248730964467,2.9032132994923853e-05,0.8883248730964467,0.07106598984771574,0.0,0.8223350253807107
3model_qwen_30b_llama_70b_deepseek_v3,"qwen_30b,llama_70b,deepseek_v3",231,extra_trees_router,0.8883248730964467,3.3937063959390854e-05,0.8883248730964467,0.07106598984771574,0.0,0.7258883248730964
3model_qwen_30b_llama_70b_deepseek_v3,"qwen_30b,llama_70b,deepseek_v3",231,tfidf_logistic_router,0.8934010152284264,2.941013604060914e-05,0.8934010152284264,0.06598984771573604,0.0,0.8274111675126904
3model_qwen_30b_llama_70b_deepseek_v3,"qwen_30b,llama_70b,deepseek_v3",231,tfidf_linear_svm_router,0.8883248730964467,2.6259602030456852e-05,0.8883248730964467,0.07106598984771574,0.0,0.9187817258883249
3model_qwen_30b_llama_70b_deepseek_v3,"qwen_30b,llama_70b,deepseek_v3",232,always_qwen_30b,0.9137055837563451,2.631308629441624e-05,0.9137055837563451,0.05583756345177665,0.0,0.9441624365482234
3model_qwen_30b_llama_70b_deepseek_v3,"qwen_30b,llama_70b,deepseek_v3",232,always_llama_70b,0.9187817258883249,5.5371817258883244e-05,0.9187817258883249,0.050761421319796954,0.0,0.04568527918781726
3model_qwen_30b_llama_70b_deepseek_v3,"qwen_30b,llama_70b,deepseek_v3",232,always_deepseek_v3,0.9238578680203046,6.975652791878173e-05,0.9238578680203046,0.04568527918781726,0.0,0.01015228426395939
3model_qwen_30b_llama_70b_deepseek_v3,"qwen_30b,llama_70b,deepseek_v3",232,random,0.8934010152284264,4.9906289340101526e-05,0.8934010152284264,0.07614213197969544,0.0,0.3147208121827411
3model_qwen_30b_llama_70b_deepseek_v3,"qwen_30b,llama_70b,deepseek_v3",232,oracle,0.9695431472081218,2.8542615228426393e-05,0.9695431472081218,0.0,0.0,1.0
3model_qwen_30b_llama_70b_deepseek_v3,"qwen_30b,llama_70b,deepseek_v3",232,logistic_router,0.8883248730964467,3.546200406091371e-05,0.8883248730964467,0.08121827411167512,0.0,0.700507614213198
3model_qwen_30b_llama_70b_deepseek_v3,"qwen_30b,llama_70b,deepseek_v3",232,linear_svm_router,0.9137055837563451,2.8712513705583753e-05,0.9137055837563451,0.05583756345177665,0.0,0.8629441624365483
3model_qwen_30b_llama_70b_deepseek_v3,"qwen_30b,llama_70b,deepseek_v3",232,knn_router,0.9137055837563451,2.631308629441624e-05,0.9137055837563451,0.05583756345177665,0.0,0.9441624365482234
3model_qwen_30b_llama_70b_deepseek_v3,"qwen_30b,llama_70b,deepseek_v3",232,decision_tree_router,0.9086294416243654,4.1722739086294415e-05,0.9086294416243654,0.06091370558375635,0.0,0.6091370558375635
3model_qwen_30b_llama_70b_deepseek_v3,"qwen_30b,llama_70b,deepseek_v3",232,random_forest_router,0.9035532994923858,2.9125447715736036e-05,0.9035532994923858,0.06598984771573604,0.0,0.868020304568528
3model_qwen_30b_llama_70b_deepseek_v3,"qwen_30b,llama_70b,deepseek_v3",232,extra_trees_router,0.9035532994923858,3.0061897461928933e-05,0.9035532994923858,0.06598984771573604,0.0,0.8274111675126904
3model_qwen_30b_llama_70b_deepseek_v3,"qwen_30b,llama_70b,deepseek_v3",232,tfidf_logistic_router,0.9035532994923858,3.157200710659898e-05,0.9035532994923858,0.06598984771573604,0.0,0.8274111675126904
3model_qwen_30b_llama_70b_deepseek_v3,"qwen_30b,llama_70b,deepseek_v3",232,tfidf_linear_svm_router,0.9086294416243654,2.6498263959390864e-05,0.9086294416243654,0.06091370558375635,0.0,0.934010152284264
3model_qwen_30b_llama_70b_deepseek_v3,"qwen_30b,llama_70b,deepseek_v3",233,always_qwen_30b,0.9086294416243654,2.511114720812183e-05,0.9086294416243654,0.05583756345177665,0.0,0.9441624365482234
3model_qwen_30b_llama_70b_deepseek_v3,"qwen_30b,llama_70b,deepseek_v3",233,always_llama_70b,0.883248730964467,5.4729203045685284e-05,0.883248730964467,0.08121827411167512,0.0,0.03553299492385787
3model_qwen_30b_llama_70b_deepseek_v3,"qwen_30b,llama_70b,deepseek_v3",233,always_deepseek_v3,0.9187817258883249,7.352493401015228e-05,0.9187817258883249,0.04568527918781726,0.0,0.02030456852791878
3model_qwen_30b_llama_70b_deepseek_v3,"qwen_30b,llama_70b,deepseek_v3",233,random,0.9086294416243654,5.199048020304569e-05,0.9086294416243654,0.05583756345177665,0.0,0.3096446700507614
3model_qwen_30b_llama_70b_deepseek_v3,"qwen_30b,llama_70b,deepseek_v3",233,oracle,0.9644670050761421,2.6858634517766497e-05,0.9644670050761421,0.0,0.0,1.0
3model_qwen_30b_llama_70b_deepseek_v3,"qwen_30b,llama_70b,deepseek_v3",233,logistic_router,0.9137055837563451,3.2008720812182744e-05,0.9137055837563451,0.050761421319796954,0.0,0.7563451776649747
3model_qwen_30b_llama_70b_deepseek_v3,"qwen_30b,llama_70b,deepseek_v3",233,linear_svm_router,0.9086294416243654,2.658659492385787e-05,0.9086294416243654,0.05583756345177665,0.0,0.8883248730964467
3model_qwen_30b_llama_70b_deepseek_v3,"qwen_30b,llama_70b,deepseek_v3",233,knn_router,0.9086294416243654,2.511114720812183e-05,0.9086294416243654,0.05583756345177665,0.0,0.9441624365482234
3model_qwen_30b_llama_70b_deepseek_v3,"qwen_30b,llama_70b,deepseek_v3",233,decision_tree_router,0.9187817258883249,3.5626381725888326e-05,0.9187817258883249,0.04568527918781726,0.0,0.7106598984771574
3model_qwen_30b_llama_70b_deepseek_v3,"qwen_30b,llama_70b,deepseek_v3",233,random_forest_router,0.9137055837563451,2.8252540101522842e-05,0.9137055837563451,0.050761421319796954,0.0,0.8730964467005076
3model_qwen_30b_llama_70b_deepseek_v3,"qwen_30b,llama_70b,deepseek_v3",233,extra_trees_router,0.9187817258883249,2.8974730964467006e-05,0.9187817258883249,0.04568527918781726,0.0,0.8324873096446701
3model_qwen_30b_llama_70b_deepseek_v3,"qwen_30b,llama_70b,deepseek_v3",233,tfidf_logistic_router,0.9137055837563451,2.7327262944162437e-05,0.9137055837563451,0.050761421319796954,0.0,0.883248730964467
3model_qwen_30b_llama_70b_deepseek_v3,"qwen_30b,llama_70b,deepseek_v3",233,tfidf_linear_svm_router,0.9086294416243654,2.511114720812183e-05,0.9086294416243654,0.05583756345177665,0.0,0.9441624365482234
3model_qwen_30b_llama_70b_granite_8b,"qwen_30b,llama_70b,granite_8b",229,always_qwen_30b,0.868020304568528,2.3474460913705585e-05,0.868020304568528,0.08629441624365482,0.0,0.9137055837563451
3model_qwen_30b_llama_70b_granite_8b,"qwen_30b,llama_70b,granite_8b",229,always_llama_70b,0.8934010152284264,5.343402538071066e-05,0.8934010152284264,0.06091370558375635,0.0,0.06091370558375635
3model_qwen_30b_llama_70b_granite_8b,"qwen_30b,llama_70b,granite_8b",229,always_granite_8b,0.8375634517766497,1.603908629441624e-05,0.8375634517766497,0.116751269035533,0.0,0.025380710659898477
3model_qwen_30b_llama_70b_granite_8b,"qwen_30b,llama_70b,granite_8b",229,random,0.8527918781725888,3.107503045685279e-05,0.8527918781725888,0.10152284263959391,0.0,0.29441624365482233
3model_qwen_30b_llama_70b_granite_8b,"qwen_30b,llama_70b,granite_8b",229,oracle,0.9543147208121827,2.5538003045685278e-05,0.9543147208121827,0.0,0.0,1.0
3model_qwen_30b_llama_70b_granite_8b,"qwen_30b,llama_70b,granite_8b",229,logistic_router,0.8883248730964467,2.9112507614213204e-05,0.8883248730964467,0.06598984771573604,0.0,0.7258883248730964
3model_qwen_30b_llama_70b_granite_8b,"qwen_30b,llama_70b,granite_8b",229,linear_svm_router,0.8730964467005076,2.5525766497461927e-05,0.8730964467005076,0.08121827411167512,0.0,0.817258883248731
3model_qwen_30b_llama_70b_granite_8b,"qwen_30b,llama_70b,granite_8b",229,knn_router,0.868020304568528,2.3474460913705585e-05,0.868020304568528,0.08629441624365482,0.0,0.9137055837563451
3model_qwen_30b_llama_70b_granite_8b,"qwen_30b,llama_70b,granite_8b",229,decision_tree_router,0.8781725888324873,2.8379948223350256e-05,0.8781725888324873,0.07614213197969544,0.0,0.6954314720812182
3model_qwen_30b_llama_70b_granite_8b,"qwen_30b,llama_70b,granite_8b",229,random_forest_router,0.8781725888324873,2.4990926903553304e-05,0.8781725888324873,0.07614213197969544,0.0,0.8274111675126904
3model_qwen_30b_llama_70b_granite_8b,"qwen_30b,llama_70b,granite_8b",229,extra_trees_router,0.8730964467005076,2.4005007106598985e-05,0.8730964467005076,0.08121827411167512,0.0,0.7918781725888325
3model_qwen_30b_llama_70b_granite_8b,"qwen_30b,llama_70b,granite_8b",229,tfidf_logistic_router,0.8781725888324873,2.6577735025380716e-05,0.8781725888324873,0.07614213197969544,0.0,0.8020304568527918
3model_qwen_30b_llama_70b_granite_8b,"qwen_30b,llama_70b,granite_8b",229,tfidf_linear_svm_router,0.8781725888324873,2.3588743147208127e-05,0.8781725888324873,0.07614213197969544,0.0,0.9187817258883249
3model_qwen_30b_llama_70b_granite_8b,"qwen_30b,llama_70b,granite_8b",230,always_qwen_30b,0.9187817258883249,2.4823336040609136e-05,0.9187817258883249,0.03553299492385787,0.0,0.9644670050761421
3model_qwen_30b_llama_70b_granite_8b,"qwen_30b,llama_70b,granite_8b",230,always_llama_70b,0.8781725888324873,5.418654314720812e-05,0.8781725888324873,0.07614213197969544,0.0,0.030456852791878174
3model_qwen_30b_llama_70b_granite_8b,"qwen_30b,llama_70b,granite_8b",230,always_granite_8b,0.8477157360406091,1.58748730964467e-05,0.8477157360406091,0.1065989847715736,0.0,0.005076142131979695
3model_qwen_30b_llama_70b_granite_8b,"qwen_30b,llama_70b,granite_8b",230,random,0.8629441624365483,2.9532142131979696e-05,0.8629441624365483,0.09137055837563451,0.0,0.3756345177664975
3model_qwen_30b_llama_70b_granite_8b,"qwen_30b,llama_70b,granite_8b",230,oracle,0.9543147208121827,2.6068572588832487e-05,0.9543147208121827,0.0,0.0,1.0
3model_qwen_30b_llama_70b_granite_8b,"qwen_30b,llama_70b,granite_8b",230,logistic_router,0.9137055837563451,2.9101204060913703e-05,0.9137055837563451,0.04060913705583756,0.0,0.7360406091370558
3model_qwen_30b_llama_70b_granite_8b,"qwen_30b,llama_70b,granite_8b",230,linear_svm_router,0.9187817258883249,2.7241645685279185e-05,0.9187817258883249,0.03553299492385787,0.0,0.8375634517766497
3model_qwen_30b_llama_70b_granite_8b,"qwen_30b,llama_70b,granite_8b",230,knn_router,0.9187817258883249,2.4823336040609136e-05,0.9187817258883249,0.03553299492385787,0.0,0.9644670050761421
3model_qwen_30b_llama_70b_granite_8b,"qwen_30b,llama_70b,granite_8b",230,decision_tree_router,0.8934010152284264,2.8498460913705586e-05,0.8934010152284264,0.06091370558375635,0.0,0.751269035532995
3model_qwen_30b_llama_70b_granite_8b,"qwen_30b,llama_70b,granite_8b",230,random_forest_router,0.9035532994923858,2.509367005076142e-05,0.9035532994923858,0.050761421319796954,0.0,0.817258883248731
3model_qwen_30b_llama_70b_granite_8b,"qwen_30b,llama_70b,granite_8b",230,extra_trees_router,0.9035532994923858,2.4856576649746193e-05,0.9035532994923858,0.050761421319796954,0.0,0.7918781725888325
3model_qwen_30b_llama_70b_granite_8b,"qwen_30b,llama_70b,granite_8b",230,tfidf_logistic_router,0.9137055837563451,2.6622088324873098e-05,0.9137055837563451,0.04060913705583756,0.0,0.8121827411167513
3model_qwen_30b_llama_70b_granite_8b,"qwen_30b,llama_70b,granite_8b",230,tfidf_linear_svm_router,0.9238578680203046,2.5235139086294417e-05,0.9238578680203046,0.030456852791878174,0.0,0.949238578680203
3model_qwen_30b_llama_70b_granite_8b,"qwen_30b,llama_70b,granite_8b",231,always_qwen_30b,0.8883248730964467,2.600484670050761e-05,0.8883248730964467,0.06091370558375635,0.0,0.9390862944162437
3model_qwen_30b_llama_70b_granite_8b,"qwen_30b,llama_70b,granite_8b",231,always_llama_70b,0.8984771573604061,5.3821685279187825e-05,0.8984771573604061,0.050761421319796954,0.0,0.05583756345177665
3model_qwen_30b_llama_70b_granite_8b,"qwen_30b,llama_70b,granite_8b",231,always_granite_8b,0.8527918781725888,1.6751015228426392e-05,0.8527918781725888,0.09644670050761421,0.0,0.005076142131979695
3model_qwen_30b_llama_70b_granite_8b,"qwen_30b,llama_70b,granite_8b",231,random,0.8629441624365483,3.1819305583756346e-05,0.8629441624365483,0.08629441624365482,0.0,0.27411167512690354
3model_qwen_30b_llama_70b_granite_8b,"qwen_30b,llama_70b,granite_8b",231,oracle,0.949238578680203,2.7780124873096443e-05,0.949238578680203,0.0,0.0,1.0
3model_qwen_30b_llama_70b_granite_8b,"qwen_30b,llama_70b,granite_8b",231,logistic_router,0.8883248730964467,3.016537157360406e-05,0.8883248730964467,0.06091370558375635,0.0,0.7461928934010152
3model_qwen_30b_llama_70b_granite_8b,"qwen_30b,llama_70b,granite_8b",231,linear_svm_router,0.8934010152284264,2.874536243654822e-05,0.8934010152284264,0.05583756345177665,0.0,0.8629441624365483
3model_qwen_30b_llama_70b_granite_8b,"qwen_30b,llama_70b,granite_8b",231,knn_router,0.8883248730964467,2.600484670050761e-05,0.8883248730964467,0.06091370558375635,0.0,0.9390862944162437
3model_qwen_30b_llama_70b_granite_8b,"qwen_30b,llama_70b,granite_8b",231,decision_tree_router,0.8883248730964467,3.1009500507614216e-05,0.8883248730964467,0.06091370558375635,0.0,0.6649746192893401
3model_qwen_30b_llama_70b_granite_8b,"qwen_30b,llama_70b,granite_8b",231,random_forest_router,0.8883248730964467,2.6922065989847715e-05,0.8883248730964467,0.06091370558375635,0.0,0.8375634517766497
3model_qwen_30b_llama_70b_granite_8b,"qwen_30b,llama_70b,granite_8b",231,extra_trees_router,0.8883248730964467,2.7559409137055837e-05,0.8883248730964467,0.06091370558375635,0.0,0.8020304568527918
3model_qwen_30b_llama_70b_granite_8b,"qwen_30b,llama_70b,granite_8b",231,tfidf_logistic_router,0.8934010152284264,2.7830893401015225e-05,0.8934010152284264,0.05583756345177665,0.0,0.8629441624365483
3model_qwen_30b_llama_70b_granite_8b,"qwen_30b,llama_70b,granite_8b",231,tfidf_linear_svm_router,0.8934010152284264,2.642198781725888e-05,0.8934010152284264,0.05583756345177665,0.0,0.9390862944162437
3model_qwen_30b_llama_70b_granite_8b,"qwen_30b,llama_70b,granite_8b",232,always_qwen_30b,0.9137055837563451,2.631308629441624e-05,0.9137055837563451,0.05583756345177665,0.0,0.9441624365482234
3model_qwen_30b_llama_70b_granite_8b,"qwen_30b,llama_70b,granite_8b",232,always_llama_70b,0.9187817258883249,5.5371817258883244e-05,0.9187817258883249,0.050761421319796954,0.0,0.04568527918781726
3model_qwen_30b_llama_70b_granite_8b,"qwen_30b,llama_70b,granite_8b",232,always_granite_8b,0.868020304568528,1.6348477157360407e-05,0.868020304568528,0.10152284263959391,0.0,0.01015228426395939
3model_qwen_30b_llama_70b_granite_8b,"qwen_30b,llama_70b,granite_8b",232,random,0.9137055837563451,3.327405583756345e-05,0.9137055837563451,0.05583756345177665,0.0,0.3197969543147208
3model_qwen_30b_llama_70b_granite_8b,"qwen_30b,llama_70b,granite_8b",232,oracle,0.9695431472081218,2.8055912690355328e-05,0.9695431472081218,0.0,0.0,1.0
3model_qwen_30b_llama_70b_granite_8b,"qwen_30b,llama_70b,granite_8b",232,logistic_router,0.8984771573604061,3.309723654822335e-05,0.8984771573604061,0.07106598984771574,0.0,0.7258883248730964
3model_qwen_30b_llama_70b_granite_8b,"qwen_30b,llama_70b,granite_8b",232,linear_svm_router,0.9137055837563451,2.81155461928934e-05,0.9137055837563451,0.05583756345177665,0.0,0.8629441624365483
3model_qwen_30b_llama_70b_granite_8b,"qwen_30b,llama_70b,granite_8b",232,knn_router,0.9137055837563451,2.631308629441624e-05,0.9137055837563451,0.05583756345177665,0.0,0.9441624365482234
3model_qwen_30b_llama_70b_granite_8b,"qwen_30b,llama_70b,granite_8b",232,decision_tree_router,0.8934010152284264,3.1656773604060914e-05,0.8934010152284264,0.07614213197969544,0.0,0.6345177664974619
3model_qwen_30b_llama_70b_granite_8b,"qwen_30b,llama_70b,granite_8b",232,random_forest_router,0.9035532994923858,2.7959096446700508e-05,0.9035532994923858,0.06598984771573604,0.0,0.868020304568528
3model_qwen_30b_llama_70b_granite_8b,"qwen_30b,llama_70b,granite_8b",232,extra_trees_router,0.9086294416243654,2.7898592893401014e-05,0.9086294416243654,0.06091370558375635,0.0,0.8578680203045685
3model_qwen_30b_llama_70b_granite_8b,"qwen_30b,llama_70b,granite_8b",232,tfidf_logistic_router,0.9035532994923858,2.9694404060913703e-05,0.9035532994923858,0.06598984771573604,0.0,0.8324873096446701
3model_qwen_30b_llama_70b_granite_8b,"qwen_30b,llama_70b,granite_8b",232,tfidf_linear_svm_router,0.9086294416243654,2.670646192893401e-05,0.9086294416243654,0.06091370558375635,0.0,0.9289340101522843
3model_qwen_30b_llama_70b_granite_8b,"qwen_30b,llama_70b,granite_8b",233,always_qwen_30b,0.9086294416243654,2.511114720812183e-05,0.9086294416243654,0.050761421319796954,0.0,0.949238578680203
3model_qwen_30b_llama_70b_granite_8b,"qwen_30b,llama_70b,granite_8b",233,always_llama_70b,0.883248730964467,5.4729203045685284e-05,0.883248730964467,0.07614213197969544,0.0,0.03553299492385787
3model_qwen_30b_llama_70b_granite_8b,"qwen_30b,llama_70b,granite_8b",233,always_granite_8b,0.8527918781725888,1.6294162436548225e-05,0.8527918781725888,0.1065989847715736,0.0,0.015228426395939087
3model_qwen_30b_llama_70b_granite_8b,"qwen_30b,llama_70b,granite_8b",233,random,0.883248730964467,3.0429058883248734e-05,0.883248730964467,0.07614213197969544,0.0,0.3147208121827411
3model_qwen_30b_llama_70b_granite_8b,"qwen_30b,llama_70b,granite_8b",233,oracle,0.9593908629441624,2.601168426395939e-05,0.9593908629441624,0.0,0.0,1.0
3model_qwen_30b_llama_70b_granite_8b,"qwen_30b,llama_70b,granite_8b",233,logistic_router,0.9187817258883249,2.8397522842639588e-05,0.9187817258883249,0.04060913705583756,0.0,0.7563451776649747
3model_qwen_30b_llama_70b_granite_8b,"qwen_30b,llama_70b,granite_8b",233,linear_svm_router,0.9086294416243654,2.5643102538071063e-05,0.9086294416243654,0.050761421319796954,0.0,0.8984771573604061
3model_qwen_30b_llama_70b_granite_8b,"qwen_30b,llama_70b,granite_8b",233,knn_router,0.9086294416243654,2.511114720812183e-05,0.9086294416243654,0.050761421319796954,0.0,0.949238578680203
3model_qwen_30b_llama_70b_granite_8b,"qwen_30b,llama_70b,granite_8b",233,decision_tree_router,0.8883248730964467,2.7663042639593912e-05,0.8883248730964467,0.07106598984771574,0.0,0.7106598984771574
3model_qwen_30b_llama_70b_granite_8b,"qwen_30b,llama_70b,granite_8b",233,random_forest_router,0.8984771573604061,2.5421337055837565e-05,0.8984771573604061,0.06091370558375635,0.0,0.8324873096446701
3model_qwen_30b_llama_70b_granite_8b,"qwen_30b,llama_70b,granite_8b",233,extra_trees_router,0.9035532994923858,2.4650357360406095e-05,0.9035532994923858,0.05583756345177665,0.0,0.817258883248731
3model_qwen_30b_llama_70b_granite_8b,"qwen_30b,llama_70b,granite_8b",233,tfidf_logistic_router,0.9137055837563451,2.5587890355329947e-05,0.9137055837563451,0.04568527918781726,0.0,0.8934010152284264
3model_qwen_30b_llama_70b_granite_8b,"qwen_30b,llama_70b,granite_8b",233,tfidf_linear_svm_router,0.9086294416243654,2.504591878172589e-05,0.9086294416243654,0.050761421319796954,0.0,0.9441624365482234
3model_qwen_30b_deepseek_v3_granite_8b,"qwen_30b,deepseek_v3,granite_8b",229,always_qwen_30b,0.868020304568528,2.3474460913705585e-05,0.868020304568528,0.08629441624365482,0.0,0.9137055837563451
3model_qwen_30b_deepseek_v3_granite_8b,"qwen_30b,deepseek_v3,granite_8b",229,always_deepseek_v3,0.883248730964467,7.042395939086295e-05,0.883248730964467,0.07106598984771574,0.0,0.07106598984771574
3model_qwen_30b_deepseek_v3_granite_8b,"qwen_30b,deepseek_v3,granite_8b",229,always_granite_8b,0.8375634517766497,1.603908629441624e-05,0.8375634517766497,0.116751269035533,0.0,0.015228426395939087
3model_qwen_30b_deepseek_v3_granite_8b,"qwen_30b,deepseek_v3,granite_8b",229,random,0.8324873096446701,3.472755329949239e-05,0.8324873096446701,0.1218274111675127,0.0,0.28426395939086296
3model_qwen_30b_deepseek_v3_granite_8b,"qwen_30b,deepseek_v3,granite_8b",229,oracle,0.9543147208121827,2.687037360406091e-05,0.9543147208121827,0.0,0.0,1.0
3model_qwen_30b_deepseek_v3_granite_8b,"qwen_30b,deepseek_v3,granite_8b",229,logistic_router,0.8629441624365483,3.144736243654823e-05,0.8629441624365483,0.09137055837563451,0.0,0.6395939086294417
3model_qwen_30b_deepseek_v3_granite_8b,"qwen_30b,deepseek_v3,granite_8b",229,linear_svm_router,0.868020304568528,2.5072152284263965e-05,0.868020304568528,0.08629441624365482,0.0,0.8477157360406091
3model_qwen_30b_deepseek_v3_granite_8b,"qwen_30b,deepseek_v3,granite_8b",229,knn_router,0.868020304568528,2.3474460913705585e-05,0.868020304568528,0.08629441624365482,0.0,0.9137055837563451
3model_qwen_30b_deepseek_v3_granite_8b,"qwen_30b,deepseek_v3,granite_8b",229,decision_tree_router,0.868020304568528,4.2426940101522836e-05,0.868020304568528,0.08629441624365482,0.0,0.5025380710659898
3model_qwen_30b_deepseek_v3_granite_8b,"qwen_30b,deepseek_v3,granite_8b",229,random_forest_router,0.8578680203045685,2.4418542131979695e-05,0.8578680203045685,0.09644670050761421,0.0,0.8578680203045685
3model_qwen_30b_deepseek_v3_granite_8b,"qwen_30b,deepseek_v3,granite_8b",229,extra_trees_router,0.8730964467005076,2.6142946192893406e-05,0.8730964467005076,0.08121827411167512,0.0,0.8020304568527918
3model_qwen_30b_deepseek_v3_granite_8b,"qwen_30b,deepseek_v3,granite_8b",229,tfidf_logistic_router,0.868020304568528,2.4966844670050766e-05,0.868020304568528,0.08629441624365482,0.0,0.8477157360406091
3model_qwen_30b_deepseek_v3_granite_8b,"qwen_30b,deepseek_v3,granite_8b",229,tfidf_linear_svm_router,0.8730964467005076,2.3655514720812186e-05,0.8730964467005076,0.08121827411167512,0.0,0.9035532994923858
3model_qwen_30b_deepseek_v3_granite_8b,"qwen_30b,deepseek_v3,granite_8b",230,always_qwen_30b,0.9187817258883249,2.4823336040609136e-05,0.9187817258883249,0.03553299492385787,0.0,0.9644670050761421
3model_qwen_30b_deepseek_v3_granite_8b,"qwen_30b,deepseek_v3,granite_8b",230,always_deepseek_v3,0.9137055837563451,7.150268020304568e-05,0.9137055837563451,0.04060913705583756,0.0,0.025380710659898477
3model_qwen_30b_deepseek_v3_granite_8b,"qwen_30b,deepseek_v3,granite_8b",230,always_granite_8b,0.8477157360406091,1.58748730964467e-05,0.8477157360406091,0.1065989847715736,0.0,0.01015228426395939
3model_qwen_30b_deepseek_v3_granite_8b,"qwen_30b,deepseek_v3,granite_8b",230,random,0.8934010152284264,3.286285279187817e-05,0.8934010152284264,0.06091370558375635,0.0,0.39593908629441626
3model_qwen_30b_deepseek_v3_granite_8b,"qwen_30b,deepseek_v3,granite_8b",230,oracle,0.9543147208121827,2.53581461928934e-05,0.9543147208121827,0.0,0.0,1.0
3model_qwen_30b_deepseek_v3_granite_8b,"qwen_30b,deepseek_v3,granite_8b",230,logistic_router,0.9035532994923858,3.424372385786802e-05,0.9035532994923858,0.050761421319796954,0.0,0.6903553299492385
3model_qwen_30b_deepseek_v3_granite_8b,"qwen_30b,deepseek_v3,granite_8b",230,linear_svm_router,0.9137055837563451,2.8337853807106596e-05,0.9137055837563451,0.04060913705583756,0.0,0.8984771573604061
3model_qwen_30b_deepseek_v3_granite_8b,"qwen_30b,deepseek_v3,granite_8b",230,knn_router,0.9187817258883249,2.4823336040609136e-05,0.9187817258883249,0.03553299492385787,0.0,0.9644670050761421
3model_qwen_30b_deepseek_v3_granite_8b,"qwen_30b,deepseek_v3,granite_8b",230,decision_tree_router,0.9137055837563451,3.3814296446700506e-05,0.9137055837563451,0.04060913705583756,0.0,0.7563451776649747
3model_qwen_30b_deepseek_v3_granite_8b,"qwen_30b,deepseek_v3,granite_8b",230,random_forest_router,0.9086294416243654,2.8260341116751267e-05,0.9086294416243654,0.04568527918781726,0.0,0.8629441624365483
3model_qwen_30b_deepseek_v3_granite_8b,"qwen_30b,deepseek_v3,granite_8b",230,extra_trees_router,0.8984771573604061,2.8670347208121824e-05,0.8984771573604061,0.05583756345177665,0.0,0.817258883248731
3model_qwen_30b_deepseek_v3_granite_8b,"qwen_30b,deepseek_v3,granite_8b",230,tfidf_logistic_router,0.9086294416243654,3.124437360406091e-05,0.9086294416243654,0.04568527918781726,0.0,0.8426395939086294
3model_qwen_30b_deepseek_v3_granite_8b,"qwen_30b,deepseek_v3,granite_8b",230,tfidf_linear_svm_router,0.9187817258883249,2.574882233502538e-05,0.9187817258883249,0.03553299492385787,0.0,0.9593908629441624
3model_qwen_30b_deepseek_v3_granite_8b,"qwen_30b,deepseek_v3,granite_8b",231,always_qwen_30b,0.8883248730964467,2.600484670050761e-05,0.8883248730964467,0.06091370558375635,0.0,0.9390862944162437
3model_qwen_30b_deepseek_v3_granite_8b,"qwen_30b,deepseek_v3,granite_8b",231,always_deepseek_v3,0.8984771573604061,7.693892385786802e-05,0.8984771573604061,0.050761421319796954,0.0,0.04568527918781726
3model_qwen_30b_deepseek_v3_granite_8b,"qwen_30b,deepseek_v3,granite_8b",231,always_granite_8b,0.8527918781725888,1.6751015228426392e-05,0.8527918781725888,0.09644670050761421,0.0,0.015228426395939087
3model_qwen_30b_deepseek_v3_granite_8b,"qwen_30b,deepseek_v3,granite_8b",231,random,0.8781725888324873,4.1556990862944164e-05,0.8781725888324873,0.07106598984771574,0.0,0.2893401015228426
3model_qwen_30b_deepseek_v3_granite_8b,"qwen_30b,deepseek_v3,granite_8b",231,oracle,0.949238578680203,2.7730028426395942e-05,0.949238578680203,0.0,0.0,1.0
3model_qwen_30b_deepseek_v3_granite_8b,"qwen_30b,deepseek_v3,granite_8b",231,logistic_router,0.8730964467005076,3.591476954314721e-05,0.8730964467005076,0.07614213197969544,0.0,0.7208121827411168
3model_qwen_30b_deepseek_v3_granite_8b,"qwen_30b,deepseek_v3,granite_8b",231,linear_svm_router,0.8730964467005076,2.7317321827411166e-05,0.8730964467005076,0.07614213197969544,0.0,0.8883248730964467
3model_qwen_30b_deepseek_v3_granite_8b,"qwen_30b,deepseek_v3,granite_8b",231,knn_router,0.8883248730964467,2.600484670050761e-05,0.8883248730964467,0.06091370558375635,0.0,0.9390862944162437
3model_qwen_30b_deepseek_v3_granite_8b,"qwen_30b,deepseek_v3,granite_8b",231,decision_tree_router,0.883248730964467,3.995790862944162e-05,0.883248730964467,0.06598984771573604,0.0,0.6852791878172588
3model_qwen_30b_deepseek_v3_granite_8b,"qwen_30b,deepseek_v3,granite_8b",231,random_forest_router,0.8781725888324873,2.89437116751269e-05,0.8781725888324873,0.07106598984771574,0.0,0.8527918781725888
3model_qwen_30b_deepseek_v3_granite_8b,"qwen_30b,deepseek_v3,granite_8b",231,extra_trees_router,0.8730964467005076,3.023606497461929e-05,0.8730964467005076,0.07614213197969544,0.0,0.7817258883248731
3model_qwen_30b_deepseek_v3_granite_8b,"qwen_30b,deepseek_v3,granite_8b",231,tfidf_logistic_router,0.8781725888324873,2.754780304568528e-05,0.8781725888324873,0.07106598984771574,0.0,0.883248730964467
3model_qwen_30b_deepseek_v3_granite_8b,"qwen_30b,deepseek_v3,granite_8b",231,tfidf_linear_svm_router,0.8883248730964467,2.665701319796954e-05,0.8883248730964467,0.06091370558375635,0.0,0.9390862944162437
3model_qwen_30b_deepseek_v3_granite_8b,"qwen_30b,deepseek_v3,granite_8b",232,always_qwen_30b,0.9137055837563451,2.631308629441624e-05,0.9137055837563451,0.04568527918781726,0.0,0.9543147208121827
3model_qwen_30b_deepseek_v3_granite_8b,"qwen_30b,deepseek_v3,granite_8b",232,always_deepseek_v3,0.9238578680203046,6.975652791878173e-05,0.9238578680203046,0.03553299492385787,0.0,0.030456852791878174
3model_qwen_30b_deepseek_v3_granite_8b,"qwen_30b,deepseek_v3,granite_8b",232,always_granite_8b,0.868020304568528,1.6348477157360407e-05,0.868020304568528,0.09137055837563451,0.0,0.015228426395939087
3model_qwen_30b_deepseek_v3_granite_8b,"qwen_30b,deepseek_v3,granite_8b",232,random,0.934010152284264,4.147911675126903e-05,0.934010152284264,0.025380710659898477,0.0,0.3248730964467005
3model_qwen_30b_deepseek_v3_granite_8b,"qwen_30b,deepseek_v3,granite_8b",232,oracle,0.9593908629441624,2.704966091370558e-05,0.9593908629441624,0.0,0.0,1.0
3model_qwen_30b_deepseek_v3_granite_8b,"qwen_30b,deepseek_v3,granite_8b",232,logistic_router,0.9086294416243654,3.4491301522842636e-05,0.9086294416243654,0.050761421319796954,0.0,0.766497461928934
3model_qwen_30b_deepseek_v3_granite_8b,"qwen_30b,deepseek_v3,granite_8b",232,linear_svm_router,0.9086294416243654,2.858427614213198e-05,0.9086294416243654,0.050761421319796954,0.0,0.883248730964467
3model_qwen_30b_deepseek_v3_granite_8b,"qwen_30b,deepseek_v3,granite_8b",232,knn_router,0.9137055837563451,2.631308629441624e-05,0.9137055837563451,0.04568527918781726,0.0,0.9543147208121827
3model_qwen_30b_deepseek_v3_granite_8b,"qwen_30b,deepseek_v3,granite_8b",232,decision_tree_router,0.9238578680203046,4.574789238578681e-05,0.9238578680203046,0.03553299492385787,0.0,0.47715736040609136
3model_qwen_30b_deepseek_v3_granite_8b,"qwen_30b,deepseek_v3,granite_8b",232,random_forest_router,0.9187817258883249,2.779872893401015e-05,0.9187817258883249,0.04060913705583756,0.0,0.9137055837563451
3model_qwen_30b_deepseek_v3_granite_8b,"qwen_30b,deepseek_v3,granite_8b",232,extra_trees_router,0.9137055837563451,2.973575228426396e-05,0.9137055837563451,0.04568527918781726,0.0,0.8730964467005076
3model_qwen_30b_deepseek_v3_granite_8b,"qwen_30b,deepseek_v3,granite_8b",232,tfidf_logistic_router,0.9086294416243654,3.116238172588832e-05,0.9086294416243654,0.050761421319796954,0.0,0.8527918781725888
3model_qwen_30b_deepseek_v3_granite_8b,"qwen_30b,deepseek_v3,granite_8b",232,tfidf_linear_svm_router,0.9137055837563451,2.641156345177665e-05,0.9137055837563451,0.04568527918781726,0.0,0.949238578680203
3model_qwen_30b_deepseek_v3_granite_8b,"qwen_30b,deepseek_v3,granite_8b",233,always_qwen_30b,0.9086294416243654,2.511114720812183e-05,0.9086294416243654,0.050761421319796954,0.0,0.949238578680203
3model_qwen_30b_deepseek_v3_granite_8b,"qwen_30b,deepseek_v3,granite_8b",233,always_deepseek_v3,0.9187817258883249,7.352493401015228e-05,0.9187817258883249,0.04060913705583756,0.0,0.04568527918781726
3model_qwen_30b_deepseek_v3_granite_8b,"qwen_30b,deepseek_v3,granite_8b",233,always_granite_8b,0.8527918781725888,1.6294162436548225e-05,0.8527918781725888,0.1065989847715736,0.0,0.005076142131979695
3model_qwen_30b_deepseek_v3_granite_8b,"qwen_30b,deepseek_v3,granite_8b",233,random,0.8781725888324873,3.619580507614213e-05,0.8781725888324873,0.08121827411167512,0.0,0.3096446700507614
3model_qwen_30b_deepseek_v3_granite_8b,"qwen_30b,deepseek_v3,granite_8b",233,oracle,0.9593908629441624,2.787337664974619e-05,0.9593908629441624,0.0,0.0,1.0
3model_qwen_30b_deepseek_v3_granite_8b,"qwen_30b,deepseek_v3,granite_8b",233,logistic_router,0.8934010152284264,3.131434720812183e-05,0.8934010152284264,0.06598984771573604,0.0,0.700507614213198
3model_qwen_30b_deepseek_v3_granite_8b,"qwen_30b,deepseek_v3,granite_8b",233,linear_svm_router,0.9086294416243654,2.689684263959391e-05,0.9086294416243654,0.050761421319796954,0.0,0.883248730964467
3model_qwen_30b_deepseek_v3_granite_8b,"qwen_30b,deepseek_v3,granite_8b",233,knn_router,0.9086294416243654,2.511114720812183e-05,0.9086294416243654,0.050761421319796954,0.0,0.949238578680203
3model_qwen_30b_deepseek_v3_granite_8b,"qwen_30b,deepseek_v3,granite_8b",233,decision_tree_router,0.9137055837563451,3.2036556345177666e-05,0.9137055837563451,0.04568527918781726,0.0,0.6548223350253807
3model_qwen_30b_deepseek_v3_granite_8b,"qwen_30b,deepseek_v3,granite_8b",233,random_forest_router,0.9137055837563451,2.6988018274111675e-05,0.9137055837563451,0.04568527918781726,0.0,0.8629441624365483
3model_qwen_30b_deepseek_v3_granite_8b,"qwen_30b,deepseek_v3,granite_8b",233,extra_trees_router,0.9086294416243654,2.7211250761421316e-05,0.9086294416243654,0.050761421319796954,0.0,0.8274111675126904
3model_qwen_30b_deepseek_v3_granite_8b,"qwen_30b,deepseek_v3,granite_8b",233,tfidf_logistic_router,0.9035532994923858,2.7472655837563453e-05,0.9035532994923858,0.05583756345177665,0.0,0.8477157360406091
3model_qwen_30b_deepseek_v3_granite_8b,"qwen_30b,deepseek_v3,granite_8b",233,tfidf_linear_svm_router,0.9086294416243654,2.511114720812183e-05,0.9086294416243654,0.050761421319796954,0.0,0.949238578680203
3model_llama_70b_deepseek_v3_granite_8b,"llama_70b,deepseek_v3,granite_8b",229,always_llama_70b,0.8934010152284264,5.343402538071066e-05,0.8934010152284264,0.06598984771573604,0.0,0.934010152284264
3model_llama_70b_deepseek_v3_granite_8b,"llama_70b,deepseek_v3,granite_8b",229,always_deepseek_v3,0.883248730964467,7.042395939086295e-05,0.883248730964467,0.07614213197969544,0.0,0.05583756345177665
3model_llama_70b_deepseek_v3_granite_8b,"llama_70b,deepseek_v3,granite_8b",229,always_granite_8b,0.8375634517766497,1.603908629441624e-05,0.8375634517766497,0.1218274111675127,0.0,0.01015228426395939
3model_llama_70b_deepseek_v3_granite_8b,"llama_70b,deepseek_v3,granite_8b",229,random,0.8324873096446701,4.347992385786802e-05,0.8324873096446701,0.12690355329949238,0.0,0.27411167512690354
3model_llama_70b_deepseek_v3_granite_8b,"llama_70b,deepseek_v3,granite_8b",229,oracle,0.9593908629441624,5.383316751269035e-05,0.9593908629441624,0.0,0.0,1.0
3model_llama_70b_deepseek_v3_granite_8b,"llama_70b,deepseek_v3,granite_8b",229,logistic_router,0.8934010152284264,5.2594923857868026e-05,0.8934010152284264,0.06598984771573604,0.0,0.700507614213198
3model_llama_70b_deepseek_v3_granite_8b,"llama_70b,deepseek_v3,granite_8b",229,linear_svm_router,0.9035532994923858,5.2583720812182736e-05,0.9035532994923858,0.05583756345177665,0.0,0.8578680203045685
3model_llama_70b_deepseek_v3_granite_8b,"llama_70b,deepseek_v3,granite_8b",229,knn_router,0.8934010152284264,5.343402538071066e-05,0.8934010152284264,0.06598984771573604,0.0,0.934010152284264
3model_llama_70b_deepseek_v3_granite_8b,"llama_70b,deepseek_v3,granite_8b",229,decision_tree_router,0.8984771573604061,5.214184771573605e-05,0.8984771573604061,0.06091370558375635,0.0,0.7208121827411168
3model_llama_70b_deepseek_v3_granite_8b,"llama_70b,deepseek_v3,granite_8b",229,random_forest_router,0.883248730964467,5.2787385786802035e-05,0.883248730964467,0.07614213197969544,0.0,0.7918781725888325
3model_llama_70b_deepseek_v3_granite_8b,"llama_70b,deepseek_v3,granite_8b",229,extra_trees_router,0.883248730964467,5.172507614213199e-05,0.883248730964467,0.07614213197969544,0.0,0.7715736040609137
3model_llama_70b_deepseek_v3_granite_8b,"llama_70b,deepseek_v3,granite_8b",229,tfidf_logistic_router,0.8984771573604061,5.243431472081218e-05,0.8984771573604061,0.06091370558375635,0.0,0.8324873096446701
3model_llama_70b_deepseek_v3_granite_8b,"llama_70b,deepseek_v3,granite_8b",229,tfidf_linear_svm_router,0.883248730964467,5.2627406091370555e-05,0.883248730964467,0.07614213197969544,0.0,0.8934010152284264
3model_llama_70b_deepseek_v3_granite_8b,"llama_70b,deepseek_v3,granite_8b",230,always_llama_70b,0.8781725888324873,5.418654314720812e-05,0.8781725888324873,0.07106598984771574,0.0,0.9289340101522843
3model_llama_70b_deepseek_v3_granite_8b,"llama_70b,deepseek_v3,granite_8b",230,always_deepseek_v3,0.9137055837563451,7.150268020304568e-05,0.9137055837563451,0.03553299492385787,0.0,0.06598984771573604
3model_llama_70b_deepseek_v3_granite_8b,"llama_70b,deepseek_v3,granite_8b",230,always_granite_8b,0.8477157360406091,1.58748730964467e-05,0.8477157360406091,0.10152284263959391,0.0,0.005076142131979695
3model_llama_70b_deepseek_v3_granite_8b,"llama_70b,deepseek_v3,granite_8b",230,random,0.8781725888324873,4.3347203045685276e-05,0.8781725888324873,0.07106598984771574,0.0,0.39086294416243655
3model_llama_70b_deepseek_v3_granite_8b,"llama_70b,deepseek_v3,granite_8b",230,oracle,0.949238578680203,5.421381218274112e-05,0.949238578680203,0.0,0.0,1.0
3model_llama_70b_deepseek_v3_granite_8b,"llama_70b,deepseek_v3,granite_8b",230,logistic_router,0.8984771573604061,5.516777664974619e-05,0.8984771573604061,0.050761421319796954,0.0,0.8071065989847716
3model_llama_70b_deepseek_v3_granite_8b,"llama_70b,deepseek_v3,granite_8b",230,linear_svm_router,0.8883248730964467,5.499948730964466e-05,0.8883248730964467,0.06091370558375635,0.0,0.8629441624365483
3model_llama_70b_deepseek_v3_granite_8b,"llama_70b,deepseek_v3,granite_8b",230,knn_router,0.8781725888324873,5.418654314720812e-05,0.8781725888324873,0.07106598984771574,0.0,0.9289340101522843
3model_llama_70b_deepseek_v3_granite_8b,"llama_70b,deepseek_v3,granite_8b",230,decision_tree_router,0.8934010152284264,5.456017258883249e-05,0.8934010152284264,0.05583756345177665,0.0,0.7411167512690355
3model_llama_70b_deepseek_v3_granite_8b,"llama_70b,deepseek_v3,granite_8b",230,random_forest_router,0.8984771573604061,5.411395431472081e-05,0.8984771573604061,0.050761421319796954,0.0,0.8477157360406091
3model_llama_70b_deepseek_v3_granite_8b,"llama_70b,deepseek_v3,granite_8b",230,extra_trees_router,0.8934010152284264,5.329351776649747e-05,0.8934010152284264,0.05583756345177665,0.0,0.8274111675126904
3model_llama_70b_deepseek_v3_granite_8b,"llama_70b,deepseek_v3,granite_8b",230,tfidf_logistic_router,0.8934010152284264,5.525697969543147e-05,0.8934010152284264,0.05583756345177665,0.0,0.8274111675126904
3model_llama_70b_deepseek_v3_granite_8b,"llama_70b,deepseek_v3,granite_8b",230,tfidf_linear_svm_router,0.8730964467005076,5.483227411167513e-05,0.8730964467005076,0.07614213197969544,0.0,0.8934010152284264
3model_llama_70b_deepseek_v3_granite_8b,"llama_70b,deepseek_v3,granite_8b",231,always_llama_70b,0.8984771573604061,5.3821685279187825e-05,0.8984771573604061,0.050761421319796954,0.0,0.949238578680203
3model_llama_70b_deepseek_v3_granite_8b,"llama_70b,deepseek_v3,granite_8b",231,always_deepseek_v3,0.8984771573604061,7.693892385786802e-05,0.8984771573604061,0.050761421319796954,0.0,0.04568527918781726
3model_llama_70b_deepseek_v3_granite_8b,"llama_70b,deepseek_v3,granite_8b",231,always_granite_8b,0.8527918781725888,1.6751015228426392e-05,0.8527918781725888,0.09644670050761421,0.0,0.005076142131979695
3model_llama_70b_deepseek_v3_granite_8b,"llama_70b,deepseek_v3,granite_8b",231,random,0.8934010152284264,4.964247715736042e-05,0.8934010152284264,0.05583756345177665,0.0,0.29949238578680204
3model_llama_70b_deepseek_v3_granite_8b,"llama_70b,deepseek_v3,granite_8b",231,oracle,0.949238578680203,5.4509766497461926e-05,0.949238578680203,0.0,0.0,1.0
3model_llama_70b_deepseek_v3_granite_8b,"llama_70b,deepseek_v3,granite_8b",231,logistic_router,0.8984771573604061,5.768866497461929e-05,0.8984771573604061,0.050761421319796954,0.0,0.7715736040609137
3model_llama_70b_deepseek_v3_granite_8b,"llama_70b,deepseek_v3,granite_8b",231,linear_svm_router,0.8984771573604061,5.426183756345178e-05,0.8984771573604061,0.050761421319796954,0.0,0.8934010152284264
3model_llama_70b_deepseek_v3_granite_8b,"llama_70b,deepseek_v3,granite_8b",231,knn_router,0.8984771573604061,5.3821685279187825e-05,0.8984771573604061,0.050761421319796954,0.0,0.949238578680203
3model_llama_70b_deepseek_v3_granite_8b,"llama_70b,deepseek_v3,granite_8b",231,decision_tree_router,0.9086294416243654,5.4289340101522846e-05,0.9086294416243654,0.04060913705583756,0.0,0.7969543147208121
3model_llama_70b_deepseek_v3_granite_8b,"llama_70b,deepseek_v3,granite_8b",231,random_forest_router,0.8883248730964467,5.388212690355331e-05,0.8883248730964467,0.06091370558375635,0.0,0.8375634517766497
3model_llama_70b_deepseek_v3_granite_8b,"llama_70b,deepseek_v3,granite_8b",231,extra_trees_router,0.8883248730964467,5.4119263959390866e-05,0.8883248730964467,0.06091370558375635,0.0,0.7969543147208121
3model_llama_70b_deepseek_v3_granite_8b,"llama_70b,deepseek_v3,granite_8b",231,tfidf_logistic_router,0.8934010152284264,5.545894923857868e-05,0.8934010152284264,0.05583756345177665,0.0,0.8477157360406091
3model_llama_70b_deepseek_v3_granite_8b,"llama_70b,deepseek_v3,granite_8b",231,tfidf_linear_svm_router,0.8984771573604061,5.4524883248730965e-05,0.8984771573604061,0.050761421319796954,0.0,0.9390862944162437
3model_llama_70b_deepseek_v3_granite_8b,"llama_70b,deepseek_v3,granite_8b",232,always_llama_70b,0.9187817258883249,5.5371817258883244e-05,0.9187817258883249,0.05583756345177665,0.0,0.9441624365482234
3model_llama_70b_deepseek_v3_granite_8b,"llama_70b,deepseek_v3,granite_8b",232,always_deepseek_v3,0.9238578680203046,6.975652791878173e-05,0.9238578680203046,0.050761421319796954,0.0,0.050761421319796954
3model_llama_70b_deepseek_v3_granite_8b,"llama_70b,deepseek_v3,granite_8b",232,always_granite_8b,0.868020304568528,1.6348477157360407e-05,0.868020304568528,0.1065989847715736,0.0,0.005076142131979695
3model_llama_70b_deepseek_v3_granite_8b,"llama_70b,deepseek_v3,granite_8b",232,random,0.949238578680203,5.015553807106599e-05,0.949238578680203,0.025380710659898477,0.0,0.3401015228426396
3model_llama_70b_deepseek_v3_granite_8b,"llama_70b,deepseek_v3,granite_8b",232,oracle,0.9746192893401016,5.632738071065989e-05,0.9746192893401016,0.0,0.0,1.0
3model_llama_70b_deepseek_v3_granite_8b,"llama_70b,deepseek_v3,granite_8b",232,logistic_router,0.934010152284264,5.632156852791878e-05,0.934010152284264,0.04060913705583756,0.0,0.7918781725888325
3model_llama_70b_deepseek_v3_granite_8b,"llama_70b,deepseek_v3,granite_8b",232,linear_svm_router,0.9238578680203046,5.499642131979695e-05,0.9238578680203046,0.050761421319796954,0.0,0.9035532994923858
3model_llama_70b_deepseek_v3_granite_8b,"llama_70b,deepseek_v3,granite_8b",232,knn_router,0.9187817258883249,5.5371817258883244e-05,0.9187817258883249,0.05583756345177665,0.0,0.9441624365482234
3model_llama_70b_deepseek_v3_granite_8b,"llama_70b,deepseek_v3,granite_8b",232,decision_tree_router,0.934010152284264,5.6463959390862935e-05,0.934010152284264,0.04060913705583756,0.0,0.7817258883248731
3model_llama_70b_deepseek_v3_granite_8b,"llama_70b,deepseek_v3,granite_8b",232,random_forest_router,0.9390862944162437,5.51788578680203e-05,0.9390862944162437,0.03553299492385787,0.0,0.8730964467005076
3model_llama_70b_deepseek_v3_granite_8b,"llama_70b,deepseek_v3,granite_8b",232,extra_trees_router,0.934010152284264,5.5051319796954304e-05,0.934010152284264,0.04060913705583756,0.0,0.8629441624365483
3model_llama_70b_deepseek_v3_granite_8b,"llama_70b,deepseek_v3,granite_8b",232,tfidf_logistic_router,0.934010152284264,5.497831979695431e-05,0.934010152284264,0.04060913705583756,0.0,0.868020304568528
3model_llama_70b_deepseek_v3_granite_8b,"llama_70b,deepseek_v3,granite_8b",232,tfidf_linear_svm_router,0.9187817258883249,5.5469989847715736e-05,0.9187817258883249,0.05583756345177665,0.0,0.9390862944162437
3model_llama_70b_deepseek_v3_granite_8b,"llama_70b,deepseek_v3,granite_8b",233,always_llama_70b,0.883248730964467,5.4729203045685284e-05,0.883248730964467,0.07614213197969544,0.0,0.9238578680203046
3model_llama_70b_deepseek_v3_granite_8b,"llama_70b,deepseek_v3,granite_8b",233,always_deepseek_v3,0.9187817258883249,7.352493401015228e-05,0.9187817258883249,0.04060913705583756,0.0,0.07106598984771574
3model_llama_70b_deepseek_v3_granite_8b,"llama_70b,deepseek_v3,granite_8b",233,always_granite_8b,0.8527918781725888,1.6294162436548225e-05,0.8527918781725888,0.1065989847715736,0.0,0.005076142131979695
3model_llama_70b_deepseek_v3_granite_8b,"llama_70b,deepseek_v3,granite_8b",233,random,0.8730964467005076,4.63635076142132e-05,0.8730964467005076,0.08629441624365482,0.0,0.29441624365482233
3model_llama_70b_deepseek_v3_granite_8b,"llama_70b,deepseek_v3,granite_8b",233,oracle,0.9593908629441624,5.711068527918781e-05,0.9593908629441624,0.0,0.0,1.0
3model_llama_70b_deepseek_v3_granite_8b,"llama_70b,deepseek_v3,granite_8b",233,logistic_router,0.8984771573604061,5.495702030456852e-05,0.8984771573604061,0.06091370558375635,0.0,0.7969543147208121
3model_llama_70b_deepseek_v3_granite_8b,"llama_70b,deepseek_v3,granite_8b",233,linear_svm_router,0.883248730964467,5.342242131979696e-05,0.883248730964467,0.07614213197969544,0.0,0.8629441624365483
3model_llama_70b_deepseek_v3_granite_8b,"llama_70b,deepseek_v3,granite_8b",233,knn_router,0.883248730964467,5.4729203045685284e-05,0.883248730964467,0.07614213197969544,0.0,0.9238578680203046
3model_llama_70b_deepseek_v3_granite_8b,"llama_70b,deepseek_v3,granite_8b",233,decision_tree_router,0.8984771573604061,5.582731472081218e-05,0.8984771573604061,0.06091370558375635,0.0,0.5786802030456852
3model_llama_70b_deepseek_v3_granite_8b,"llama_70b,deepseek_v3,granite_8b",233,random_forest_router,0.9035532994923858,5.470475634517767e-05,0.9035532994923858,0.05583756345177665,0.0,0.817258883248731
3model_llama_70b_deepseek_v3_granite_8b,"llama_70b,deepseek_v3,granite_8b",233,extra_trees_router,0.8984771573604061,5.379041116751269e-05,0.8984771573604061,0.06091370558375635,0.0,0.8223350253807107
3model_llama_70b_deepseek_v3_granite_8b,"llama_70b,deepseek_v3,granite_8b",233,tfidf_logistic_router,0.8984771573604061,5.4016000000000006e-05,0.8984771573604061,0.06091370558375635,0.0,0.8527918781725888
3model_llama_70b_deepseek_v3_granite_8b,"llama_70b,deepseek_v3,granite_8b",233,tfidf_linear_svm_router,0.883248730964467,5.474723350253807e-05,0.883248730964467,0.07614213197969544,0.0,0.9086294416243654
