group,models,seed,policy,accuracy,avg_cost,utility,regret,cost_weight,route_acc
2model_gemini_flash_lite_gemini_flash,"gemini_flash_lite,gemini_flash",229,always_gemini_flash_lite,0.9137055837563451,0.00012077157360406092,0.9137055837563451,0.025380710659898477,0.0,0.9746192893401016
2model_gemini_flash_lite_gemini_flash,"gemini_flash_lite,gemini_flash",229,always_gemini_flash,0.8781725888324873,0.00018899238578680202,0.8781725888324873,0.06091370558375635,0.0,0.025380710659898477
2model_gemini_flash_lite_gemini_flash,"gemini_flash_lite,gemini_flash",229,random,0.8883248730964467,0.00015214086294416243,0.8883248730964467,0.050761421319796954,0.0,0.45685279187817257
2model_gemini_flash_lite_gemini_flash,"gemini_flash_lite,gemini_flash",229,oracle,0.9390862944162437,0.000124703807106599,0.9390862944162437,0.0,0.0,1.0
2model_gemini_flash_lite_gemini_flash,"gemini_flash_lite,gemini_flash",229,logistic_router,0.9086294416243654,0.00012958959390862944,0.9086294416243654,0.030456852791878174,0.0,0.8274111675126904
2model_gemini_flash_lite_gemini_flash,"gemini_flash_lite,gemini_flash",229,linear_svm_router,0.9086294416243654,0.00012779416243654824,0.9086294416243654,0.030456852791878174,0.0,0.8477157360406091
2model_gemini_flash_lite_gemini_flash,"gemini_flash_lite,gemini_flash",229,knn_router,0.9137055837563451,0.00012097030456852793,0.9137055837563451,0.025380710659898477,0.0,0.9695431472081218
2model_gemini_flash_lite_gemini_flash,"gemini_flash_lite,gemini_flash",229,decision_tree_router,0.9086294416243654,0.00012779670050761422,0.9086294416243654,0.030456852791878174,0.0,0.8477157360406091
2model_gemini_flash_lite_gemini_flash,"gemini_flash_lite,gemini_flash",229,random_forest_router,0.9035532994923858,0.00012328274111675128,0.9035532994923858,0.03553299492385787,0.0,0.9137055837563451
2model_gemini_flash_lite_gemini_flash,"gemini_flash_lite,gemini_flash",229,extra_trees_router,0.8984771573604061,0.00013453730964467007,0.8984771573604061,0.04060913705583756,0.0,0.7715736040609137
2model_gemini_flash_lite_gemini_flash,"gemini_flash_lite,gemini_flash",229,mlp_router,0.9137055837563451,0.00012077157360406092,0.9137055837563451,0.025380710659898477,0.0,0.9746192893401016
2model_gemini_flash_lite_gemini_flash,"gemini_flash_lite,gemini_flash",229,tfidf_logistic_router,0.9086294416243654,0.00012429898477157362,0.9086294416243654,0.030456852791878174,0.0,0.9086294416243654
2model_gemini_flash_lite_gemini_flash,"gemini_flash_lite,gemini_flash",229,tfidf_linear_svm_router,0.9137055837563451,0.00012139060913705585,0.9137055837563451,0.025380710659898477,0.0,0.9695431472081218
2model_gemini_flash_lite_gemini_flash,"gemini_flash_lite,gemini_flash",229,tfidf_mlp_router,0.9137055837563451,0.00012077157360406092,0.9137055837563451,0.025380710659898477,0.0,0.9746192893401016
2model_gemini_flash_lite_gemini_flash,"gemini_flash_lite,gemini_flash",230,always_gemini_flash_lite,0.9187817258883249,0.00012391624365482235,0.9187817258883249,0.005076142131979695,0.0,0.9949238578680203
2model_gemini_flash_lite_gemini_flash,"gemini_flash_lite,gemini_flash",230,always_gemini_flash,0.8781725888324873,0.00019350913705583754,0.8781725888324873,0.04568527918781726,0.0,0.005076142131979695
2model_gemini_flash_lite_gemini_flash,"gemini_flash_lite,gemini_flash",230,random,0.8934010152284264,0.00015668223350253808,0.8934010152284264,0.030456852791878174,0.0,0.5025380710659898
2model_gemini_flash_lite_gemini_flash,"gemini_flash_lite,gemini_flash",230,oracle,0.9238578680203046,0.00012430710659898478,0.9238578680203046,0.0,0.0,1.0
2model_gemini_flash_lite_gemini_flash,"gemini_flash_lite,gemini_flash",230,logistic_router,0.9137055837563451,0.0001285540609137056,0.9137055837563451,0.01015228426395939,0.0,0.9035532994923858
2model_gemini_flash_lite_gemini_flash,"gemini_flash_lite,gemini_flash",230,linear_svm_router,0.9137055837563451,0.00012744568527918782,0.9137055837563451,0.01015228426395939,0.0,0.9289340101522843
2model_gemini_flash_lite_gemini_flash,"gemini_flash_lite,gemini_flash",230,knn_router,0.9187817258883249,0.00012391624365482235,0.9187817258883249,0.005076142131979695,0.0,0.9949238578680203
2model_gemini_flash_lite_gemini_flash,"gemini_flash_lite,gemini_flash",230,decision_tree_router,0.9086294416243654,0.00012941852791878173,0.9086294416243654,0.015228426395939087,0.0,0.8781725888324873
2model_gemini_flash_lite_gemini_flash,"gemini_flash_lite,gemini_flash",230,random_forest_router,0.9137055837563451,0.00012518857868020305,0.9137055837563451,0.01015228426395939,0.0,0.9746192893401016
2model_gemini_flash_lite_gemini_flash,"gemini_flash_lite,gemini_flash",230,extra_trees_router,0.9086294416243654,0.0001284769035532995,0.9086294416243654,0.015228426395939087,0.0,0.9086294416243654
2model_gemini_flash_lite_gemini_flash,"gemini_flash_lite,gemini_flash",230,mlp_router,0.9187817258883249,0.00012391624365482235,0.9187817258883249,0.005076142131979695,0.0,0.9949238578680203
2model_gemini_flash_lite_gemini_flash,"gemini_flash_lite,gemini_flash",230,tfidf_logistic_router,0.9187817258883249,0.00012625406091370557,0.9187817258883249,0.005076142131979695,0.0,0.9695431472081218
2model_gemini_flash_lite_gemini_flash,"gemini_flash_lite,gemini_flash",230,tfidf_linear_svm_router,0.9187817258883249,0.00012419187817258885,0.9187817258883249,0.005076142131979695,0.0,0.9898477157360406
2model_gemini_flash_lite_gemini_flash,"gemini_flash_lite,gemini_flash",230,tfidf_mlp_router,0.9187817258883249,0.00012391624365482235,0.9187817258883249,0.005076142131979695,0.0,0.9949238578680203
2model_gemini_flash_lite_gemini_flash,"gemini_flash_lite,gemini_flash",231,always_gemini_flash_lite,0.9289340101522843,0.00012848857868020305,0.9289340101522843,0.005076142131979695,0.0,0.9949238578680203
2model_gemini_flash_lite_gemini_flash,"gemini_flash_lite,gemini_flash",231,always_gemini_flash,0.8527918781725888,0.00019614467005076141,0.8527918781725888,0.08121827411167512,0.0,0.005076142131979695
2model_gemini_flash_lite_gemini_flash,"gemini_flash_lite,gemini_flash",231,random,0.883248730964467,0.0001597271573604061,0.883248730964467,0.050761421319796954,0.0,0.4873096446700508
2model_gemini_flash_lite_gemini_flash,"gemini_flash_lite,gemini_flash",231,oracle,0.934010152284264,0.0001286200507614213,0.934010152284264,0.0,0.0,1.0
2model_gemini_flash_lite_gemini_flash,"gemini_flash_lite,gemini_flash",231,logistic_router,0.9289340101522843,0.0001374261421319797,0.9289340101522843,0.005076142131979695,0.0,0.8781725888324873
2model_gemini_flash_lite_gemini_flash,"gemini_flash_lite,gemini_flash",231,linear_svm_router,0.9289340101522843,0.00013936294416243655,0.9289340101522843,0.005076142131979695,0.0,0.868020304568528
2model_gemini_flash_lite_gemini_flash,"gemini_flash_lite,gemini_flash",231,knn_router,0.9289340101522843,0.00012929238578680203,0.9289340101522843,0.005076142131979695,0.0,0.9898477157360406
2model_gemini_flash_lite_gemini_flash,"gemini_flash_lite,gemini_flash",231,decision_tree_router,0.9137055837563451,0.0001364972081218274,0.9137055837563451,0.02030456852791878,0.0,0.8629441624365483
2model_gemini_flash_lite_gemini_flash,"gemini_flash_lite,gemini_flash",231,random_forest_router,0.9289340101522843,0.00013036827411167513,0.9289340101522843,0.005076142131979695,0.0,0.9796954314720813
2model_gemini_flash_lite_gemini_flash,"gemini_flash_lite,gemini_flash",231,extra_trees_router,0.9289340101522843,0.00013357614213197968,0.9289340101522843,0.005076142131979695,0.0,0.934010152284264
2model_gemini_flash_lite_gemini_flash,"gemini_flash_lite,gemini_flash",231,mlp_router,0.9289340101522843,0.00012929238578680203,0.9289340101522843,0.005076142131979695,0.0,0.9898477157360406
2model_gemini_flash_lite_gemini_flash,"gemini_flash_lite,gemini_flash",231,tfidf_logistic_router,0.9289340101522843,0.00013164111675126902,0.9289340101522843,0.005076142131979695,0.0,0.9695431472081218
2model_gemini_flash_lite_gemini_flash,"gemini_flash_lite,gemini_flash",231,tfidf_linear_svm_router,0.9289340101522843,0.00012929238578680203,0.9289340101522843,0.005076142131979695,0.0,0.9898477157360406
2model_gemini_flash_lite_gemini_flash,"gemini_flash_lite,gemini_flash",231,tfidf_mlp_router,0.9289340101522843,0.00012929238578680203,0.9289340101522843,0.005076142131979695,0.0,0.9898477157360406
2model_gemini_flash_lite_gemini_flash,"gemini_flash_lite,gemini_flash",232,always_gemini_flash_lite,0.9086294416243654,0.00012325000000000001,0.9086294416243654,0.025380710659898477,0.0,0.9746192893401016
2model_gemini_flash_lite_gemini_flash,"gemini_flash_lite,gemini_flash",232,always_gemini_flash,0.8730964467005076,0.00020018730964467004,0.8730964467005076,0.06091370558375635,0.0,0.025380710659898477
2model_gemini_flash_lite_gemini_flash,"gemini_flash_lite,gemini_flash",232,random,0.8984771573604061,0.00015473299492385788,0.8984771573604061,0.03553299492385787,0.0,0.5126903553299492
2model_gemini_flash_lite_gemini_flash,"gemini_flash_lite,gemini_flash",232,oracle,0.934010152284264,0.00012583832487309644,0.934010152284264,0.0,0.0,1.0
2model_gemini_flash_lite_gemini_flash,"gemini_flash_lite,gemini_flash",232,logistic_router,0.8984771573604061,0.00012775989847715736,0.8984771573604061,0.03553299492385787,0.0,0.883248730964467
2model_gemini_flash_lite_gemini_flash,"gemini_flash_lite,gemini_flash",232,linear_svm_router,0.9035532994923858,0.00012665964467005076,0.9035532994923858,0.030456852791878174,0.0,0.9187817258883249
2model_gemini_flash_lite_gemini_flash,"gemini_flash_lite,gemini_flash",232,knn_router,0.9086294416243654,0.00012325000000000001,0.9086294416243654,0.025380710659898477,0.0,0.9746192893401016
2model_gemini_flash_lite_gemini_flash,"gemini_flash_lite,gemini_flash",232,decision_tree_router,0.9086294416243654,0.00013026446700507613,0.9086294416243654,0.025380710659898477,0.0,0.8578680203045685
2model_gemini_flash_lite_gemini_flash,"gemini_flash_lite,gemini_flash",232,random_forest_router,0.9086294416243654,0.00012349492385786804,0.9086294416243654,0.025380710659898477,0.0,0.9695431472081218
2model_gemini_flash_lite_gemini_flash,"gemini_flash_lite,gemini_flash",232,extra_trees_router,0.9086294416243654,0.00012573883248730963,0.9086294416243654,0.025380710659898477,0.0,0.9187817258883249
2model_gemini_flash_lite_gemini_flash,"gemini_flash_lite,gemini_flash",232,mlp_router,0.9086294416243654,0.00012325000000000001,0.9086294416243654,0.025380710659898477,0.0,0.9746192893401016
2model_gemini_flash_lite_gemini_flash,"gemini_flash_lite,gemini_flash",232,tfidf_logistic_router,0.9086294416243654,0.00012504796954314722,0.9086294416243654,0.025380710659898477,0.0,0.9543147208121827
2model_gemini_flash_lite_gemini_flash,"gemini_flash_lite,gemini_flash",232,tfidf_linear_svm_router,0.9086294416243654,0.0001239545685279188,0.9086294416243654,0.025380710659898477,0.0,0.9644670050761421
2model_gemini_flash_lite_gemini_flash,"gemini_flash_lite,gemini_flash",232,tfidf_mlp_router,0.9086294416243654,0.00012325000000000001,0.9086294416243654,0.025380710659898477,0.0,0.9746192893401016
2model_gemini_flash_lite_gemini_flash,"gemini_flash_lite,gemini_flash",233,always_gemini_flash_lite,0.9289340101522843,0.00012413705583756346,0.9289340101522843,0.015228426395939087,0.0,0.9847715736040609
2model_gemini_flash_lite_gemini_flash,"gemini_flash_lite,gemini_flash",233,always_gemini_flash,0.8629441624365483,0.00019355837563451775,0.8629441624365483,0.08121827411167512,0.0,0.015228426395939087
2model_gemini_flash_lite_gemini_flash,"gemini_flash_lite,gemini_flash",233,random,0.9035532994923858,0.0001596941624365482,0.9035532994923858,0.04060913705583756,0.0,0.48223350253807107
2model_gemini_flash_lite_gemini_flash,"gemini_flash_lite,gemini_flash",233,oracle,0.9441624365482234,0.0001271982233502538,0.9441624365482234,0.0,0.0,1.0
2model_gemini_flash_lite_gemini_flash,"gemini_flash_lite,gemini_flash",233,logistic_router,0.9187817258883249,0.00013226167512690355,0.9187817258883249,0.025380710659898477,0.0,0.8527918781725888
2model_gemini_flash_lite_gemini_flash,"gemini_flash_lite,gemini_flash",233,linear_svm_router,0.9187817258883249,0.00013356192893401015,0.9187817258883249,0.025380710659898477,0.0,0.8527918781725888
2model_gemini_flash_lite_gemini_flash,"gemini_flash_lite,gemini_flash",233,knn_router,0.9289340101522843,0.0001242977157360406,0.9289340101522843,0.015228426395939087,0.0,0.9796954314720813
2model_gemini_flash_lite_gemini_flash,"gemini_flash_lite,gemini_flash",233,decision_tree_router,0.9137055837563451,0.00013396751269035534,0.9137055837563451,0.030456852791878174,0.0,0.7918781725888325
2model_gemini_flash_lite_gemini_flash,"gemini_flash_lite,gemini_flash",233,random_forest_router,0.9238578680203046,0.00012627944162436547,0.9238578680203046,0.02030456852791878,0.0,0.9187817258883249
2model_gemini_flash_lite_gemini_flash,"gemini_flash_lite,gemini_flash",233,extra_trees_router,0.9238578680203046,0.00012716548223350253,0.9238578680203046,0.02030456852791878,0.0,0.8781725888324873
2model_gemini_flash_lite_gemini_flash,"gemini_flash_lite,gemini_flash",233,mlp_router,0.9289340101522843,0.00012423959390862944,0.9289340101522843,0.015228426395939087,0.0,0.9796954314720813
2model_gemini_flash_lite_gemini_flash,"gemini_flash_lite,gemini_flash",233,tfidf_logistic_router,0.9289340101522843,0.00012705736040609136,0.9289340101522843,0.015228426395939087,0.0,0.9390862944162437
2model_gemini_flash_lite_gemini_flash,"gemini_flash_lite,gemini_flash",233,tfidf_linear_svm_router,0.9289340101522843,0.00012435253807106597,0.9289340101522843,0.015228426395939087,0.0,0.9695431472081218
2model_gemini_flash_lite_gemini_flash,"gemini_flash_lite,gemini_flash",233,tfidf_mlp_router,0.9289340101522843,0.00012423959390862944,0.9289340101522843,0.015228426395939087,0.0,0.9796954314720813
2model_gemini_flash_lite_qwen_30b,"gemini_flash_lite,qwen_30b",229,always_gemini_flash_lite,0.9137055837563451,0.00012077157360406092,0.9137055837563451,0.03553299492385787,0.0,0.9644670050761421
2model_gemini_flash_lite_qwen_30b,"gemini_flash_lite,qwen_30b",229,always_qwen_30b,0.868020304568528,2.3474460913705585e-05,0.868020304568528,0.08121827411167512,0.0,0.03553299492385787
2model_gemini_flash_lite_qwen_30b,"gemini_flash_lite,qwen_30b",229,random,0.8934010152284264,6.953260304568527e-05,0.8934010152284264,0.05583756345177665,0.0,0.467005076142132
2model_gemini_flash_lite_qwen_30b,"gemini_flash_lite,qwen_30b",229,oracle,0.949238578680203,0.00011621963045685279,0.949238578680203,0.0,0.0,1.0
2model_gemini_flash_lite_qwen_30b,"gemini_flash_lite,qwen_30b",229,logistic_router,0.9137055837563451,0.00010941582538071066,0.9137055837563451,0.03553299492385787,0.0,0.8629441624365483
2model_gemini_flash_lite_qwen_30b,"gemini_flash_lite,qwen_30b",229,linear_svm_router,0.9187817258883249,0.00011044879796954314,0.9187817258883249,0.030456852791878174,0.0,0.8730964467005076
2model_gemini_flash_lite_qwen_30b,"gemini_flash_lite,qwen_30b",229,knn_router,0.9137055837563451,0.00012077157360406092,0.9137055837563451,0.03553299492385787,0.0,0.9644670050761421
2model_gemini_flash_lite_qwen_30b,"gemini_flash_lite,qwen_30b",229,decision_tree_router,0.8934010152284264,8.2138e-05,0.8934010152284264,0.05583756345177665,0.0,0.6040609137055838
2model_gemini_flash_lite_qwen_30b,"gemini_flash_lite,qwen_30b",229,random_forest_router,0.9137055837563451,0.00011645131776649746,0.9137055837563451,0.03553299492385787,0.0,0.9289340101522843
2model_gemini_flash_lite_qwen_30b,"gemini_flash_lite,qwen_30b",229,extra_trees_router,0.9187817258883249,9.648109847715736e-05,0.9187817258883249,0.030456852791878174,0.0,0.7614213197969543
2model_gemini_flash_lite_qwen_30b,"gemini_flash_lite,qwen_30b",229,mlp_router,0.9137055837563451,0.00012002792893401017,0.9137055837563451,0.03553299492385787,0.0,0.9543147208121827
2model_gemini_flash_lite_qwen_30b,"gemini_flash_lite,qwen_30b",229,tfidf_logistic_router,0.9137055837563451,0.00011642510659898479,0.9137055837563451,0.03553299492385787,0.0,0.9289340101522843
2model_gemini_flash_lite_qwen_30b,"gemini_flash_lite,qwen_30b",229,tfidf_linear_svm_router,0.9137055837563451,0.00011986638375634518,0.9137055837563451,0.03553299492385787,0.0,0.9543147208121827
2model_gemini_flash_lite_qwen_30b,"gemini_flash_lite,qwen_30b",229,tfidf_mlp_router,0.9137055837563451,0.00012021703350253807,0.9137055837563451,0.03553299492385787,0.0,0.9593908629441624
2model_gemini_flash_lite_qwen_30b,"gemini_flash_lite,qwen_30b",230,always_gemini_flash_lite,0.9187817258883249,0.00012391624365482235,0.9187817258883249,0.025380710659898477,0.0,0.9746192893401016
2model_gemini_flash_lite_qwen_30b,"gemini_flash_lite,qwen_30b",230,always_qwen_30b,0.9187817258883249,2.4823336040609136e-05,0.9187817258883249,0.025380710659898477,0.0,0.025380710659898477
2model_gemini_flash_lite_qwen_30b,"gemini_flash_lite,qwen_30b",230,random,0.9187817258883249,7.467385786802031e-05,0.9187817258883249,0.025380710659898477,0.0,0.5025380710659898
2model_gemini_flash_lite_qwen_30b,"gemini_flash_lite,qwen_30b",230,oracle,0.9441624365482234,0.0001207508263959391,0.9441624365482234,0.0,0.0,1.0
2model_gemini_flash_lite_qwen_30b,"gemini_flash_lite,qwen_30b",230,logistic_router,0.9238578680203046,0.00011642682233502539,0.9238578680203046,0.02030456852791878,0.0,0.9137055837563451
2model_gemini_flash_lite_qwen_30b,"gemini_flash_lite,qwen_30b",230,linear_svm_router,0.9137055837563451,0.00011792935431472082,0.9137055837563451,0.030456852791878174,0.0,0.9086294416243654
2model_gemini_flash_lite_qwen_30b,"gemini_flash_lite,qwen_30b",230,knn_router,0.9187817258883249,0.00012391624365482235,0.9187817258883249,0.025380710659898477,0.0,0.9746192893401016
2model_gemini_flash_lite_qwen_30b,"gemini_flash_lite,qwen_30b",230,decision_tree_router,0.9238578680203046,0.00011094306802030457,0.9238578680203046,0.02030456852791878,0.0,0.8324873096446701
2model_gemini_flash_lite_qwen_30b,"gemini_flash_lite,qwen_30b",230,random_forest_router,0.9187817258883249,0.00012391624365482235,0.9187817258883249,0.025380710659898477,0.0,0.9746192893401016
2model_gemini_flash_lite_qwen_30b,"gemini_flash_lite,qwen_30b",230,extra_trees_router,0.9238578680203046,0.00011969696040609138,0.9238578680203046,0.02030456852791878,0.0,0.949238578680203
2model_gemini_flash_lite_qwen_30b,"gemini_flash_lite,qwen_30b",230,mlp_router,0.9187817258883249,0.00012391624365482235,0.9187817258883249,0.025380710659898477,0.0,0.9746192893401016
2model_gemini_flash_lite_qwen_30b,"gemini_flash_lite,qwen_30b",230,tfidf_logistic_router,0.9187817258883249,0.000123172607106599,0.9187817258883249,0.025380710659898477,0.0,0.9695431472081218
2model_gemini_flash_lite_qwen_30b,"gemini_flash_lite,qwen_30b",230,tfidf_linear_svm_router,0.9187817258883249,0.00012276635532994923,0.9187817258883249,0.025380710659898477,0.0,0.9695431472081218
2model_gemini_flash_lite_qwen_30b,"gemini_flash_lite,qwen_30b",230,tfidf_mlp_router,0.9187817258883249,0.00012391624365482235,0.9187817258883249,0.025380710659898477,0.0,0.9746192893401016
2model_gemini_flash_lite_qwen_30b,"gemini_flash_lite,qwen_30b",231,always_gemini_flash_lite,0.9289340101522843,0.00012848857868020305,0.9289340101522843,0.015228426395939087,0.0,0.9847715736040609
2model_gemini_flash_lite_qwen_30b,"gemini_flash_lite,qwen_30b",231,always_qwen_30b,0.8883248730964467,2.600484670050761e-05,0.8883248730964467,0.05583756345177665,0.0,0.015228426395939087
2model_gemini_flash_lite_qwen_30b,"gemini_flash_lite,qwen_30b",231,random,0.9187817258883249,7.653507208121827e-05,0.9187817258883249,0.025380710659898477,0.0,0.4873096446700508
2model_gemini_flash_lite_qwen_30b,"gemini_flash_lite,qwen_30b",231,oracle,0.9441624365482234,0.00012684884467005074,0.9441624365482234,0.0,0.0,1.0
2model_gemini_flash_lite_qwen_30b,"gemini_flash_lite,qwen_30b",231,logistic_router,0.9238578680203046,0.00010804222131979694,0.9238578680203046,0.02030456852791878,0.0,0.8020304568527918
2model_gemini_flash_lite_qwen_30b,"gemini_flash_lite,qwen_30b",231,linear_svm_router,0.9238578680203046,0.0001143200304568528,0.9238578680203046,0.02030456852791878,0.0,0.8578680203045685
2model_gemini_flash_lite_qwen_30b,"gemini_flash_lite,qwen_30b",231,knn_router,0.9289340101522843,0.00012738379898477158,0.9289340101522843,0.015228426395939087,0.0,0.9796954314720813
2model_gemini_flash_lite_qwen_30b,"gemini_flash_lite,qwen_30b",231,decision_tree_router,0.9238578680203046,9.698782335025382e-05,0.9238578680203046,0.02030456852791878,0.0,0.7055837563451777
2model_gemini_flash_lite_qwen_30b,"gemini_flash_lite,qwen_30b",231,random_forest_router,0.9289340101522843,0.00012371254822335026,0.9289340101522843,0.015228426395939087,0.0,0.9441624365482234
2model_gemini_flash_lite_qwen_30b,"gemini_flash_lite,qwen_30b",231,extra_trees_router,0.934010152284264,0.00011056596345177666,0.934010152284264,0.01015228426395939,0.0,0.8426395939086294
2model_gemini_flash_lite_qwen_30b,"gemini_flash_lite,qwen_30b",231,mlp_router,0.9289340101522843,0.0001257037299492386,0.9289340101522843,0.015228426395939087,0.0,0.9695431472081218
2model_gemini_flash_lite_qwen_30b,"gemini_flash_lite,qwen_30b",231,tfidf_logistic_router,0.9238578680203046,0.00012346849746192894,0.9238578680203046,0.02030456852791878,0.0,0.9390862944162437
2model_gemini_flash_lite_qwen_30b,"gemini_flash_lite,qwen_30b",231,tfidf_linear_svm_router,0.9289340101522843,0.00012738379898477158,0.9289340101522843,0.015228426395939087,0.0,0.9796954314720813
2model_gemini_flash_lite_qwen_30b,"gemini_flash_lite,qwen_30b",231,tfidf_mlp_router,0.9289340101522843,0.00012738379898477158,0.9289340101522843,0.015228426395939087,0.0,0.9796954314720813
2model_gemini_flash_lite_qwen_30b,"gemini_flash_lite,qwen_30b",232,always_gemini_flash_lite,0.9086294416243654,0.00012325000000000001,0.9086294416243654,0.050761421319796954,0.0,0.949238578680203
2model_gemini_flash_lite_qwen_30b,"gemini_flash_lite,qwen_30b",232,always_qwen_30b,0.9137055837563451,2.631308629441624e-05,0.9137055837563451,0.04568527918781726,0.0,0.050761421319796954
2model_gemini_flash_lite_qwen_30b,"gemini_flash_lite,qwen_30b",232,random,0.9238578680203046,7.43457461928934e-05,0.9238578680203046,0.03553299492385787,0.0,0.5177664974619289
2model_gemini_flash_lite_qwen_30b,"gemini_flash_lite,qwen_30b",232,oracle,0.9593908629441624,0.00011633994111675127,0.9593908629441624,0.0,0.0,1.0
2model_gemini_flash_lite_qwen_30b,"gemini_flash_lite,qwen_30b",232,logistic_router,0.9187817258883249,0.0001088191350253807,0.9187817258883249,0.04060913705583756,0.0,0.8477157360406091
2model_gemini_flash_lite_qwen_30b,"gemini_flash_lite,qwen_30b",232,linear_svm_router,0.9137055837563451,0.0001133817766497462,0.9137055837563451,0.04568527918781726,0.0,0.8781725888324873
2model_gemini_flash_lite_qwen_30b,"gemini_flash_lite,qwen_30b",232,knn_router,0.9086294416243654,0.00012325000000000001,0.9086294416243654,0.050761421319796954,0.0,0.949238578680203
2model_gemini_flash_lite_qwen_30b,"gemini_flash_lite,qwen_30b",232,decision_tree_router,0.8984771573604061,0.00011468854416243654,0.8984771573604061,0.06091370558375635,0.0,0.8527918781725888
2model_gemini_flash_lite_qwen_30b,"gemini_flash_lite,qwen_30b",232,random_forest_router,0.9086294416243654,0.0001227204345177665,0.9086294416243654,0.050761421319796954,0.0,0.9441624365482234
2model_gemini_flash_lite_qwen_30b,"gemini_flash_lite,qwen_30b",232,extra_trees_router,0.9187817258883249,0.00011500699289340102,0.9187817258883249,0.04060913705583756,0.0,0.9035532994923858
2model_gemini_flash_lite_qwen_30b,"gemini_flash_lite,qwen_30b",232,mlp_router,0.9086294416243654,0.00012325000000000001,0.9086294416243654,0.050761421319796954,0.0,0.949238578680203
2model_gemini_flash_lite_qwen_30b,"gemini_flash_lite,qwen_30b",232,tfidf_logistic_router,0.9137055837563451,0.00011545038578680204,0.9137055837563451,0.04568527918781726,0.0,0.8984771573604061
2model_gemini_flash_lite_qwen_30b,"gemini_flash_lite,qwen_30b",232,tfidf_linear_svm_router,0.9086294416243654,0.00012255622944162437,0.9086294416243654,0.050761421319796954,0.0,0.9441624365482234
2model_gemini_flash_lite_qwen_30b,"gemini_flash_lite,qwen_30b",232,tfidf_mlp_router,0.9086294416243654,0.00012325000000000001,0.9086294416243654,0.050761421319796954,0.0,0.949238578680203
2model_gemini_flash_lite_qwen_30b,"gemini_flash_lite,qwen_30b",233,always_gemini_flash_lite,0.9289340101522843,0.00012413705583756346,0.9289340101522843,0.03553299492385787,0.0,0.9644670050761421
2model_gemini_flash_lite_qwen_30b,"gemini_flash_lite,qwen_30b",233,always_qwen_30b,0.9086294416243654,2.511114720812183e-05,0.9086294416243654,0.05583756345177665,0.0,0.03553299492385787
2model_gemini_flash_lite_qwen_30b,"gemini_flash_lite,qwen_30b",233,random,0.934010152284264,7.237946395939086e-05,0.934010152284264,0.030456852791878174,0.0,0.48223350253807107
2model_gemini_flash_lite_qwen_30b,"gemini_flash_lite,qwen_30b",233,oracle,0.9644670050761421,0.0001201436426395939,0.9644670050761421,0.0,0.0,1.0
2model_gemini_flash_lite_qwen_30b,"gemini_flash_lite,qwen_30b",233,logistic_router,0.9289340101522843,0.00010919159796954314,0.9289340101522843,0.03553299492385787,0.0,0.868020304568528
2model_gemini_flash_lite_qwen_30b,"gemini_flash_lite,qwen_30b",233,linear_svm_router,0.934010152284264,0.0001129738842639594,0.934010152284264,0.030456852791878174,0.0,0.8934010152284264
2model_gemini_flash_lite_qwen_30b,"gemini_flash_lite,qwen_30b",233,knn_router,0.9289340101522843,0.00012384238578680204,0.9289340101522843,0.03553299492385787,0.0,0.9593908629441624
2model_gemini_flash_lite_qwen_30b,"gemini_flash_lite,qwen_30b",233,decision_tree_router,0.9137055837563451,8.54618497461929e-05,0.9137055837563451,0.050761421319796954,0.0,0.5888324873096447
2model_gemini_flash_lite_qwen_30b,"gemini_flash_lite,qwen_30b",233,random_forest_router,0.9238578680203046,0.0001215371614213198,0.9238578680203046,0.04060913705583756,0.0,0.9289340101522843
2model_gemini_flash_lite_qwen_30b,"gemini_flash_lite,qwen_30b",233,extra_trees_router,0.9238578680203046,0.0001131249583756345,0.9238578680203046,0.04060913705583756,0.0,0.8578680203045685
2model_gemini_flash_lite_qwen_30b,"gemini_flash_lite,qwen_30b",233,mlp_router,0.9187817258883249,0.00012251357766497462,0.9187817258883249,0.04568527918781726,0.0,0.9441624365482234
2model_gemini_flash_lite_qwen_30b,"gemini_flash_lite,qwen_30b",233,tfidf_logistic_router,0.9289340101522843,0.00011685538883248732,0.9289340101522843,0.03553299492385787,0.0,0.9187817258883249
2model_gemini_flash_lite_qwen_30b,"gemini_flash_lite,qwen_30b",233,tfidf_linear_svm_router,0.9238578680203046,0.00012185946192893401,0.9238578680203046,0.04060913705583756,0.0,0.9441624365482234
2model_gemini_flash_lite_qwen_30b,"gemini_flash_lite,qwen_30b",233,tfidf_mlp_router,0.9289340101522843,0.0001231484771573604,0.9289340101522843,0.03553299492385787,0.0,0.9543147208121827
2model_gemini_flash_lite_llama_70b,"gemini_flash_lite,llama_70b",229,always_gemini_flash_lite,0.9137055837563451,0.00012077157360406092,0.9137055837563451,0.030456852791878174,0.0,0.9695431472081218
2model_gemini_flash_lite_llama_70b,"gemini_flash_lite,llama_70b",229,always_llama_70b,0.8934010152284264,5.343402538071066e-05,0.8934010152284264,0.050761421319796954,0.0,0.030456852791878174
2model_gemini_flash_lite_llama_70b,"gemini_flash_lite,llama_70b",229,random,0.9035532994923858,8.5529461928934e-05,0.9035532994923858,0.04060913705583756,0.0,0.4619289340101523
2model_gemini_flash_lite_llama_70b,"gemini_flash_lite,llama_70b",229,oracle,0.9441624365482234,0.0001195478883248731,0.9441624365482234,0.0,0.0,1.0
2model_gemini_flash_lite_llama_70b,"gemini_flash_lite,llama_70b",229,logistic_router,0.9137055837563451,0.00010937286802030458,0.9137055837563451,0.030456852791878174,0.0,0.7360406091370558
2model_gemini_flash_lite_llama_70b,"gemini_flash_lite,llama_70b",229,linear_svm_router,0.9137055837563451,0.00011151147208121827,0.9137055837563451,0.030456852791878174,0.0,0.766497461928934
2model_gemini_flash_lite_llama_70b,"gemini_flash_lite,llama_70b",229,knn_router,0.9137055837563451,0.00012092619289340103,0.9137055837563451,0.030456852791878174,0.0,0.9593908629441624
2model_gemini_flash_lite_llama_70b,"gemini_flash_lite,llama_70b",229,decision_tree_router,0.8934010152284264,9.576733502538074e-05,0.8934010152284264,0.050761421319796954,0.0,0.5583756345177665
2model_gemini_flash_lite_llama_70b,"gemini_flash_lite,llama_70b",229,random_forest_router,0.9137055837563451,0.00011860220812182742,0.9137055837563451,0.030456852791878174,0.0,0.8984771573604061
2model_gemini_flash_lite_llama_70b,"gemini_flash_lite,llama_70b",229,extra_trees_router,0.9086294416243654,0.00010400606598984772,0.9086294416243654,0.03553299492385787,0.0,0.6598984771573604
2model_gemini_flash_lite_llama_70b,"gemini_flash_lite,llama_70b",229,mlp_router,0.9137055837563451,0.00012077157360406092,0.9137055837563451,0.030456852791878174,0.0,0.9695431472081218
2model_gemini_flash_lite_llama_70b,"gemini_flash_lite,llama_70b",229,tfidf_logistic_router,0.9137055837563451,0.00011764142131979698,0.9137055837563451,0.030456852791878174,0.0,0.8883248730964467
2model_gemini_flash_lite_llama_70b,"gemini_flash_lite,llama_70b",229,tfidf_linear_svm_router,0.9137055837563451,0.00012077157360406092,0.9137055837563451,0.030456852791878174,0.0,0.9695431472081218
2model_gemini_flash_lite_llama_70b,"gemini_flash_lite,llama_70b",229,tfidf_mlp_router,0.9137055837563451,0.00012077157360406092,0.9137055837563451,0.030456852791878174,0.0,0.9695431472081218
2model_gemini_flash_lite_llama_70b,"gemini_flash_lite,llama_70b",230,always_gemini_flash_lite,0.9187817258883249,0.00012391624365482235,0.9187817258883249,0.02030456852791878,0.0,0.9796954314720813
2model_gemini_flash_lite_llama_70b,"gemini_flash_lite,llama_70b",230,always_llama_70b,0.8781725888324873,0.010206027761421321,0.8781725888324873,0.06091370558375635,0.0,0.02030456852791878
2model_gemini_flash_lite_llama_70b,"gemini_flash_lite,llama_70b",230,random,0.9035532994923858,0.0102420062893401,0.9035532994923858,0.03553299492385787,0.0,0.5076142131979695
2model_gemini_flash_lite_llama_70b,"gemini_flash_lite,llama_70b",230,oracle,0.9390862944162437,0.0001224206802030457,0.9390862944162437,0.0,0.0,1.0
2model_gemini_flash_lite_llama_70b,"gemini_flash_lite,llama_70b",230,logistic_router,0.8934010152284264,0.00011474768527918782,0.8934010152284264,0.04568527918781726,0.0,0.8071065989847716
2model_gemini_flash_lite_llama_70b,"gemini_flash_lite,llama_70b",230,linear_svm_router,0.8934010152284264,0.00011879839593908631,0.8934010152284264,0.04568527918781726,0.0,0.8629441624365483
2model_gemini_flash_lite_llama_70b,"gemini_flash_lite,llama_70b",230,knn_router,0.9187817258883249,0.0001235928426395939,0.9187817258883249,0.02030456852791878,0.0,0.9746192893401016
2model_gemini_flash_lite_llama_70b,"gemini_flash_lite,llama_70b",230,decision_tree_router,0.8934010152284264,0.005192335959390864,0.8934010152284264,0.04568527918781726,0.0,0.8426395939086294
2model_gemini_flash_lite_llama_70b,"gemini_flash_lite,llama_70b",230,random_forest_router,0.9086294416243654,0.0001197943654822335,0.9086294416243654,0.030456852791878174,0.0,0.8934010152284264
2model_gemini_flash_lite_llama_70b,"gemini_flash_lite,llama_70b",230,extra_trees_router,0.8984771573604061,0.00011441504568527919,0.8984771573604061,0.04060913705583756,0.0,0.7715736040609137
2model_gemini_flash_lite_llama_70b,"gemini_flash_lite,llama_70b",230,mlp_router,0.9187817258883249,0.00012391624365482235,0.9187817258883249,0.02030456852791878,0.0,0.9796954314720813
2model_gemini_flash_lite_llama_70b,"gemini_flash_lite,llama_70b",230,tfidf_logistic_router,0.9187817258883249,0.00012151093908629442,0.9187817258883249,0.02030456852791878,0.0,0.9441624365482234
2model_gemini_flash_lite_llama_70b,"gemini_flash_lite,llama_70b",230,tfidf_linear_svm_router,0.9187817258883249,0.0001232007614213198,0.9187817258883249,0.02030456852791878,0.0,0.9746192893401016
2model_gemini_flash_lite_llama_70b,"gemini_flash_lite,llama_70b",230,tfidf_mlp_router,0.9187817258883249,0.00012391624365482235,0.9187817258883249,0.02030456852791878,0.0,0.9796954314720813
2model_gemini_flash_lite_llama_70b,"gemini_flash_lite,llama_70b",231,always_gemini_flash_lite,0.9289340101522843,0.00012848857868020305,0.9289340101522843,0.02030456852791878,0.0,0.9796954314720813
2model_gemini_flash_lite_llama_70b,"gemini_flash_lite,llama_70b",231,always_llama_70b,0.8984771573604061,0.0051297422944162445,0.8984771573604061,0.050761421319796954,0.0,0.02030456852791878
2model_gemini_flash_lite_llama_70b,"gemini_flash_lite,llama_70b",231,random,0.9086294416243654,0.005167805776649748,0.9086294416243654,0.04060913705583756,0.0,0.48223350253807107
2model_gemini_flash_lite_llama_70b,"gemini_flash_lite,llama_70b",231,oracle,0.949238578680203,0.0001273902233502538,0.949238578680203,0.0,0.0,1.0
2model_gemini_flash_lite_llama_70b,"gemini_flash_lite,llama_70b",231,logistic_router,0.9289340101522843,0.00011356675126903554,0.9289340101522843,0.02030456852791878,0.0,0.7918781725888325
2model_gemini_flash_lite_llama_70b,"gemini_flash_lite,llama_70b",231,linear_svm_router,0.9289340101522843,0.00011845329949238579,0.9289340101522843,0.02030456852791878,0.0,0.8274111675126904
2model_gemini_flash_lite_llama_70b,"gemini_flash_lite,llama_70b",231,knn_router,0.9289340101522843,0.00012898101522842637,0.9289340101522843,0.02030456852791878,0.0,0.9746192893401016
2model_gemini_flash_lite_llama_70b,"gemini_flash_lite,llama_70b",231,decision_tree_router,0.9137055837563451,0.005179194172588833,0.9137055837563451,0.03553299492385787,0.0,0.6395939086294417
2model_gemini_flash_lite_llama_70b,"gemini_flash_lite,llama_70b",231,random_forest_router,0.9289340101522843,0.00012563644670050763,0.9289340101522843,0.02030456852791878,0.0,0.9137055837563451
2model_gemini_flash_lite_llama_70b,"gemini_flash_lite,llama_70b",231,extra_trees_router,0.9289340101522843,0.005194057918781726,0.9289340101522843,0.02030456852791878,0.0,0.8121827411167513
2model_gemini_flash_lite_llama_70b,"gemini_flash_lite,llama_70b",231,mlp_router,0.9289340101522843,0.00012848857868020305,0.9289340101522843,0.02030456852791878,0.0,0.9796954314720813
2model_gemini_flash_lite_llama_70b,"gemini_flash_lite,llama_70b",231,tfidf_logistic_router,0.9289340101522843,0.0001241528426395939,0.9289340101522843,0.02030456852791878,0.0,0.9289340101522843
2model_gemini_flash_lite_llama_70b,"gemini_flash_lite,llama_70b",231,tfidf_linear_svm_router,0.9289340101522843,0.00012848857868020305,0.9289340101522843,0.02030456852791878,0.0,0.9796954314720813
2model_gemini_flash_lite_llama_70b,"gemini_flash_lite,llama_70b",231,tfidf_mlp_router,0.9289340101522843,0.00012848857868020305,0.9289340101522843,0.02030456852791878,0.0,0.9796954314720813
2model_gemini_flash_lite_llama_70b,"gemini_flash_lite,llama_70b",232,always_gemini_flash_lite,0.9086294416243654,0.00012325000000000001,0.9086294416243654,0.06091370558375635,0.0,0.9390862944162437
2model_gemini_flash_lite_llama_70b,"gemini_flash_lite,llama_70b",232,always_llama_70b,0.9187817258883249,5.5371817258883244e-05,0.9187817258883249,0.050761421319796954,0.0,0.06091370558375635
2model_gemini_flash_lite_llama_70b,"gemini_flash_lite,llama_70b",232,random,0.9137055837563451,8.97458375634518e-05,0.9137055837563451,0.05583756345177665,0.0,0.5076142131979695
2model_gemini_flash_lite_llama_70b,"gemini_flash_lite,llama_70b",232,oracle,0.9695431472081218,0.00011978740609137056,0.9695431472081218,0.0,0.0,1.0
2model_gemini_flash_lite_llama_70b,"gemini_flash_lite,llama_70b",232,logistic_router,0.8984771573604061,0.00011639651269035534,0.8984771573604061,0.07106598984771574,0.0,0.817258883248731
2model_gemini_flash_lite_llama_70b,"gemini_flash_lite,llama_70b",232,linear_svm_router,0.9035532994923858,0.00011800544670050762,0.9035532994923858,0.06598984771573604,0.0,0.8375634517766497
2model_gemini_flash_lite_llama_70b,"gemini_flash_lite,llama_70b",232,knn_router,0.9086294416243654,0.0001229265989847716,0.9086294416243654,0.06091370558375635,0.0,0.934010152284264
2model_gemini_flash_lite_llama_70b,"gemini_flash_lite,llama_70b",232,decision_tree_router,0.9035532994923858,0.00011760794416243655,0.9035532994923858,0.06598984771573604,0.0,0.8629441624365483
2model_gemini_flash_lite_llama_70b,"gemini_flash_lite,llama_70b",232,random_forest_router,0.9086294416243654,0.00012095000000000001,0.9086294416243654,0.06091370558375635,0.0,0.8883248730964467
2model_gemini_flash_lite_llama_70b,"gemini_flash_lite,llama_70b",232,extra_trees_router,0.8984771573604061,0.00011914126903553299,0.8984771573604061,0.07106598984771574,0.0,0.8527918781725888
2model_gemini_flash_lite_llama_70b,"gemini_flash_lite,llama_70b",232,mlp_router,0.9086294416243654,0.00012325000000000001,0.9086294416243654,0.06091370558375635,0.0,0.9390862944162437
2model_gemini_flash_lite_llama_70b,"gemini_flash_lite,llama_70b",232,tfidf_logistic_router,0.9086294416243654,0.00011938583756345178,0.9086294416243654,0.06091370558375635,0.0,0.8934010152284264
2model_gemini_flash_lite_llama_70b,"gemini_flash_lite,llama_70b",232,tfidf_linear_svm_router,0.9086294416243654,0.00012267913705583757,0.9086294416243654,0.06091370558375635,0.0,0.9289340101522843
2model_gemini_flash_lite_llama_70b,"gemini_flash_lite,llama_70b",232,tfidf_mlp_router,0.9086294416243654,0.00012325000000000001,0.9086294416243654,0.06091370558375635,0.0,0.9390862944162437
2model_gemini_flash_lite_llama_70b,"gemini_flash_lite,llama_70b",233,always_gemini_flash_lite,0.9289340101522843,0.00012413705583756346,0.9289340101522843,0.02030456852791878,0.0,0.9796954314720813
2model_gemini_flash_lite_llama_70b,"gemini_flash_lite,llama_70b",233,always_llama_70b,0.883248730964467,5.4729203045685284e-05,0.883248730964467,0.06598984771573604,0.0,0.02030456852791878
2model_gemini_flash_lite_llama_70b,"gemini_flash_lite,llama_70b",233,random,0.9086294416243654,8.800036040609138e-05,0.9086294416243654,0.04060913705583756,0.0,0.47715736040609136
2model_gemini_flash_lite_llama_70b,"gemini_flash_lite,llama_70b",233,oracle,0.949238578680203,0.00012241786802030458,0.949238578680203,0.0,0.0,1.0
2model_gemini_flash_lite_llama_70b,"gemini_flash_lite,llama_70b",233,logistic_router,0.9035532994923858,0.00010948767512690356,0.9035532994923858,0.04568527918781726,0.0,0.7715736040609137
2model_gemini_flash_lite_llama_70b,"gemini_flash_lite,llama_70b",233,linear_svm_router,0.9086294416243654,0.0001145653654822335,0.9086294416243654,0.04060913705583756,0.0,0.8121827411167513
2model_gemini_flash_lite_llama_70b,"gemini_flash_lite,llama_70b",233,knn_router,0.9289340101522843,0.00012389802030456852,0.9289340101522843,0.02030456852791878,0.0,0.9746192893401016
2model_gemini_flash_lite_llama_70b,"gemini_flash_lite,llama_70b",233,decision_tree_router,0.9187817258883249,9.601837563451777e-05,0.9187817258883249,0.030456852791878174,0.0,0.5939086294416244
2model_gemini_flash_lite_llama_70b,"gemini_flash_lite,llama_70b",233,random_forest_router,0.9187817258883249,0.00012071393401015227,0.9187817258883249,0.030456852791878174,0.0,0.9086294416243654
2model_gemini_flash_lite_llama_70b,"gemini_flash_lite,llama_70b",233,extra_trees_router,0.9137055837563451,0.00011440052791878174,0.9137055837563451,0.03553299492385787,0.0,0.8020304568527918
2model_gemini_flash_lite_llama_70b,"gemini_flash_lite,llama_70b",233,mlp_router,0.9238578680203046,0.00012292667512690356,0.9238578680203046,0.025380710659898477,0.0,0.9593908629441624
2model_gemini_flash_lite_llama_70b,"gemini_flash_lite,llama_70b",233,tfidf_logistic_router,0.9187817258883249,0.00011859251269035533,0.9187817258883249,0.030456852791878174,0.0,0.9187817258883249
2model_gemini_flash_lite_llama_70b,"gemini_flash_lite,llama_70b",233,tfidf_linear_svm_router,0.9238578680203046,0.00012292667512690356,0.9238578680203046,0.025380710659898477,0.0,0.9593908629441624
2model_gemini_flash_lite_llama_70b,"gemini_flash_lite,llama_70b",233,tfidf_mlp_router,0.9289340101522843,0.0001234125888324873,0.9289340101522843,0.02030456852791878,0.0,0.9695431472081218
2model_gemini_flash_lite_deepseek_v3,"gemini_flash_lite,deepseek_v3",229,always_gemini_flash_lite,0.9137055837563451,0.00012077157360406092,0.9137055837563451,0.030456852791878174,0.0,0.9695431472081218
2model_gemini_flash_lite_deepseek_v3,"gemini_flash_lite,deepseek_v3",229,always_deepseek_v3,0.883248730964467,7.042395939086295e-05,0.883248730964467,0.06091370558375635,0.0,0.030456852791878174
2model_gemini_flash_lite_deepseek_v3,"gemini_flash_lite,deepseek_v3",229,random,0.9035532994923858,9.374908629441626e-05,0.9035532994923858,0.04060913705583756,0.0,0.4619289340101523
2model_gemini_flash_lite_deepseek_v3,"gemini_flash_lite,deepseek_v3",229,oracle,0.9441624365482234,0.00011803766497461931,0.9441624365482234,0.0,0.0,1.0
2model_gemini_flash_lite_deepseek_v3,"gemini_flash_lite,deepseek_v3",229,logistic_router,0.9086294416243654,0.00011393139086294416,0.9086294416243654,0.03553299492385787,0.0,0.8477157360406091
2model_gemini_flash_lite_deepseek_v3,"gemini_flash_lite,deepseek_v3",229,linear_svm_router,0.9137055837563451,0.000114292538071066,0.9137055837563451,0.030456852791878174,0.0,0.868020304568528
2model_gemini_flash_lite_deepseek_v3,"gemini_flash_lite,deepseek_v3",229,knn_router,0.9137055837563451,0.00012077157360406092,0.9137055837563451,0.030456852791878174,0.0,0.9695431472081218
2model_gemini_flash_lite_deepseek_v3,"gemini_flash_lite,deepseek_v3",229,decision_tree_router,0.8883248730964467,0.0001013839796954315,0.8883248730964467,0.05583756345177665,0.0,0.5989847715736041
2model_gemini_flash_lite_deepseek_v3,"gemini_flash_lite,deepseek_v3",229,random_forest_router,0.9137055837563451,0.00011969328934010153,0.9137055837563451,0.030456852791878174,0.0,0.9441624365482234
2model_gemini_flash_lite_deepseek_v3,"gemini_flash_lite,deepseek_v3",229,extra_trees_router,0.9035532994923858,0.00011089306598984772,0.9035532994923858,0.04060913705583756,0.0,0.817258883248731
2model_gemini_flash_lite_deepseek_v3,"gemini_flash_lite,deepseek_v3",229,mlp_router,0.9137055837563451,0.00012052404060913708,0.9137055837563451,0.030456852791878174,0.0,0.9593908629441624
2model_gemini_flash_lite_deepseek_v3,"gemini_flash_lite,deepseek_v3",229,tfidf_logistic_router,0.9137055837563451,0.00011888350253807107,0.9137055837563451,0.030456852791878174,0.0,0.9441624365482234
2model_gemini_flash_lite_deepseek_v3,"gemini_flash_lite,deepseek_v3",229,tfidf_linear_svm_router,0.9137055837563451,0.0001208176649746193,0.9137055837563451,0.030456852791878174,0.0,0.9644670050761421
2model_gemini_flash_lite_deepseek_v3,"gemini_flash_lite,deepseek_v3",229,tfidf_mlp_router,0.9137055837563451,0.00012077157360406092,0.9137055837563451,0.030456852791878174,0.0,0.9695431472081218
2model_gemini_flash_lite_deepseek_v3,"gemini_flash_lite,deepseek_v3",230,always_gemini_flash_lite,0.9187817258883249,0.00012391624365482235,0.9187817258883249,0.02030456852791878,0.0,0.9796954314720813
2model_gemini_flash_lite_deepseek_v3,"gemini_flash_lite,deepseek_v3",230,always_deepseek_v3,0.9137055837563451,7.150268020304568e-05,0.9137055837563451,0.025380710659898477,0.0,0.02030456852791878
2model_gemini_flash_lite_deepseek_v3,"gemini_flash_lite,deepseek_v3",230,random,0.9086294416243654,9.695995939086293e-05,0.9086294416243654,0.030456852791878174,0.0,0.5076142131979695
2model_gemini_flash_lite_deepseek_v3,"gemini_flash_lite,deepseek_v3",230,oracle,0.9390862944162437,0.00012308807106598986,0.9390862944162437,0.0,0.0,1.0
2model_gemini_flash_lite_deepseek_v3,"gemini_flash_lite,deepseek_v3",230,logistic_router,0.9238578680203046,0.00012170713705583756,0.9238578680203046,0.015228426395939087,0.0,0.9390862944162437
2model_gemini_flash_lite_deepseek_v3,"gemini_flash_lite,deepseek_v3",230,linear_svm_router,0.9187817258883249,0.00011994368527918782,0.9187817258883249,0.02030456852791878,0.0,0.9238578680203046
2model_gemini_flash_lite_deepseek_v3,"gemini_flash_lite,deepseek_v3",230,knn_router,0.9187817258883249,0.00012391624365482235,0.9187817258883249,0.02030456852791878,0.0,0.9796954314720813
2model_gemini_flash_lite_deepseek_v3,"gemini_flash_lite,deepseek_v3",230,decision_tree_router,0.9086294416243654,0.00010408772588832487,0.9086294416243654,0.030456852791878174,0.0,0.6142131979695431
2model_gemini_flash_lite_deepseek_v3,"gemini_flash_lite,deepseek_v3",230,random_forest_router,0.9187817258883249,0.00012292426395939086,0.9187817258883249,0.02030456852791878,0.0,0.9695431472081218
2model_gemini_flash_lite_deepseek_v3,"gemini_flash_lite,deepseek_v3",230,extra_trees_router,0.9187817258883249,0.00011978769543147209,0.9187817258883249,0.02030456852791878,0.0,0.9187817258883249
2model_gemini_flash_lite_deepseek_v3,"gemini_flash_lite,deepseek_v3",230,mlp_router,0.9137055837563451,0.00012374512690355331,0.9137055837563451,0.025380710659898477,0.0,0.9746192893401016
2model_gemini_flash_lite_deepseek_v3,"gemini_flash_lite,deepseek_v3",230,tfidf_logistic_router,0.9238578680203046,0.0001228367005076142,0.9238578680203046,0.015228426395939087,0.0,0.9644670050761421
2model_gemini_flash_lite_deepseek_v3,"gemini_flash_lite,deepseek_v3",230,tfidf_linear_svm_router,0.9187817258883249,0.00012375888324873095,0.9187817258883249,0.02030456852791878,0.0,0.9746192893401016
2model_gemini_flash_lite_deepseek_v3,"gemini_flash_lite,deepseek_v3",230,tfidf_mlp_router,0.9137055837563451,0.00012374512690355331,0.9137055837563451,0.025380710659898477,0.0,0.9746192893401016
2model_gemini_flash_lite_deepseek_v3,"gemini_flash_lite,deepseek_v3",231,always_gemini_flash_lite,0.9289340101522843,0.00012848857868020305,0.9289340101522843,0.02030456852791878,0.0,0.9796954314720813
2model_gemini_flash_lite_deepseek_v3,"gemini_flash_lite,deepseek_v3",231,always_deepseek_v3,0.8984771573604061,7.693892385786802e-05,0.8984771573604061,0.050761421319796954,0.0,0.02030456852791878
2model_gemini_flash_lite_deepseek_v3,"gemini_flash_lite,deepseek_v3",231,random,0.8984771573604061,0.00010230976649746191,0.8984771573604061,0.050761421319796954,0.0,0.4720812182741117
2model_gemini_flash_lite_deepseek_v3,"gemini_flash_lite,deepseek_v3",231,oracle,0.949238578680203,0.00012708964467005073,0.949238578680203,0.0,0.0,1.0
2model_gemini_flash_lite_deepseek_v3,"gemini_flash_lite,deepseek_v3",231,logistic_router,0.9289340101522843,0.0001227825888324873,0.9289340101522843,0.02030456852791878,0.0,0.8781725888324873
2model_gemini_flash_lite_deepseek_v3,"gemini_flash_lite,deepseek_v3",231,linear_svm_router,0.9289340101522843,0.000123284192893401,0.9289340101522843,0.02030456852791878,0.0,0.8781725888324873
2model_gemini_flash_lite_deepseek_v3,"gemini_flash_lite,deepseek_v3",231,knn_router,0.9289340101522843,0.0001282402538071066,0.9289340101522843,0.02030456852791878,0.0,0.9746192893401016
2model_gemini_flash_lite_deepseek_v3,"gemini_flash_lite,deepseek_v3",231,decision_tree_router,0.9137055837563451,9.67187614213198e-05,0.9137055837563451,0.03553299492385787,0.0,0.4365482233502538
2model_gemini_flash_lite_deepseek_v3,"gemini_flash_lite,deepseek_v3",231,random_forest_router,0.9289340101522843,0.00012490981725888324,0.9289340101522843,0.02030456852791878,0.0,0.9238578680203046
2model_gemini_flash_lite_deepseek_v3,"gemini_flash_lite,deepseek_v3",231,extra_trees_router,0.9238578680203046,0.00011949378680203045,0.9238578680203046,0.025380710659898477,0.0,0.8324873096446701
2model_gemini_flash_lite_deepseek_v3,"gemini_flash_lite,deepseek_v3",231,mlp_router,0.9289340101522843,0.00012713340101522843,0.9289340101522843,0.02030456852791878,0.0,0.9543147208121827
2model_gemini_flash_lite_deepseek_v3,"gemini_flash_lite,deepseek_v3",231,tfidf_logistic_router,0.9289340101522843,0.00012631930964467005,0.9289340101522843,0.02030456852791878,0.0,0.9390862944162437
2model_gemini_flash_lite_deepseek_v3,"gemini_flash_lite,deepseek_v3",231,tfidf_linear_svm_router,0.9238578680203046,0.00012806913705583757,0.9238578680203046,0.025380710659898477,0.0,0.9695431472081218
2model_gemini_flash_lite_deepseek_v3,"gemini_flash_lite,deepseek_v3",231,tfidf_mlp_router,0.9238578680203046,0.00012806913705583757,0.9238578680203046,0.025380710659898477,0.0,0.9695431472081218
2model_gemini_flash_lite_deepseek_v3,"gemini_flash_lite,deepseek_v3",232,always_gemini_flash_lite,0.9086294416243654,0.00012325000000000001,0.9086294416243654,0.050761421319796954,0.0,0.949238578680203
2model_gemini_flash_lite_deepseek_v3,"gemini_flash_lite,deepseek_v3",232,always_deepseek_v3,0.9238578680203046,6.975652791878173e-05,0.9238578680203046,0.03553299492385787,0.0,0.050761421319796954
2model_gemini_flash_lite_deepseek_v3,"gemini_flash_lite,deepseek_v3",232,random,0.9086294416243654,9.615765482233502e-05,0.9086294416243654,0.050761421319796954,0.0,0.5076142131979695
2model_gemini_flash_lite_deepseek_v3,"gemini_flash_lite,deepseek_v3",232,oracle,0.9593908629441624,0.0001187394923857868,0.9593908629441624,0.0,0.0,1.0
2model_gemini_flash_lite_deepseek_v3,"gemini_flash_lite,deepseek_v3",232,logistic_router,0.9137055837563451,0.00012035433502538072,0.9137055837563451,0.04568527918781726,0.0,0.883248730964467
2model_gemini_flash_lite_deepseek_v3,"gemini_flash_lite,deepseek_v3",232,linear_svm_router,0.9137055837563451,0.00012075969543147208,0.9137055837563451,0.04568527918781726,0.0,0.8934010152284264
2model_gemini_flash_lite_deepseek_v3,"gemini_flash_lite,deepseek_v3",232,knn_router,0.9086294416243654,0.00012325000000000001,0.9086294416243654,0.050761421319796954,0.0,0.949238578680203
2model_gemini_flash_lite_deepseek_v3,"gemini_flash_lite,deepseek_v3",232,decision_tree_router,0.9137055837563451,0.00011897862944162438,0.9137055837563451,0.04568527918781726,0.0,0.8883248730964467
2model_gemini_flash_lite_deepseek_v3,"gemini_flash_lite,deepseek_v3",232,random_forest_router,0.9137055837563451,0.0001228233299492386,0.9137055837563451,0.04568527918781726,0.0,0.949238578680203
2model_gemini_flash_lite_deepseek_v3,"gemini_flash_lite,deepseek_v3",232,extra_trees_router,0.9137055837563451,0.00012204542131979696,0.9137055837563451,0.04568527918781726,0.0,0.934010152284264
2model_gemini_flash_lite_deepseek_v3,"gemini_flash_lite,deepseek_v3",232,mlp_router,0.9086294416243654,0.00012325000000000001,0.9086294416243654,0.050761421319796954,0.0,0.949238578680203
2model_gemini_flash_lite_deepseek_v3,"gemini_flash_lite,deepseek_v3",232,tfidf_logistic_router,0.9137055837563451,0.00012174632487309644,0.9137055837563451,0.04568527918781726,0.0,0.9238578680203046
2model_gemini_flash_lite_deepseek_v3,"gemini_flash_lite,deepseek_v3",232,tfidf_linear_svm_router,0.9086294416243654,0.00012319187817258883,0.9086294416243654,0.050761421319796954,0.0,0.9441624365482234
2model_gemini_flash_lite_deepseek_v3,"gemini_flash_lite,deepseek_v3",232,tfidf_mlp_router,0.9086294416243654,0.00012325000000000001,0.9086294416243654,0.050761421319796954,0.0,0.949238578680203
2model_gemini_flash_lite_deepseek_v3,"gemini_flash_lite,deepseek_v3",233,always_gemini_flash_lite,0.9289340101522843,0.00012413705583756346,0.9289340101522843,0.030456852791878174,0.0,0.9695431472081218
2model_gemini_flash_lite_deepseek_v3,"gemini_flash_lite,deepseek_v3",233,always_deepseek_v3,0.9187817258883249,7.352493401015228e-05,0.9187817258883249,0.04060913705583756,0.0,0.030456852791878174
2model_gemini_flash_lite_deepseek_v3,"gemini_flash_lite,deepseek_v3",233,random,0.9289340101522843,9.767192893401015e-05,0.9289340101522843,0.030456852791878174,0.0,0.467005076142132
2model_gemini_flash_lite_deepseek_v3,"gemini_flash_lite,deepseek_v3",233,oracle,0.9593908629441624,0.00012232558375634516,0.9593908629441624,0.0,0.0,1.0
2model_gemini_flash_lite_deepseek_v3,"gemini_flash_lite,deepseek_v3",233,logistic_router,0.9390862944162437,0.00011968750253807106,0.9390862944162437,0.02030456852791878,0.0,0.8781725888324873
2model_gemini_flash_lite_deepseek_v3,"gemini_flash_lite,deepseek_v3",233,linear_svm_router,0.934010152284264,0.00011902803045685279,0.934010152284264,0.025380710659898477,0.0,0.8730964467005076
2model_gemini_flash_lite_deepseek_v3,"gemini_flash_lite,deepseek_v3",233,knn_router,0.9289340101522843,0.0001239089847715736,0.9289340101522843,0.030456852791878174,0.0,0.9644670050761421
2model_gemini_flash_lite_deepseek_v3,"gemini_flash_lite,deepseek_v3",233,decision_tree_router,0.9390862944162437,0.00010303294416243656,0.9390862944162437,0.02030456852791878,0.0,0.5888324873096447
2model_gemini_flash_lite_deepseek_v3,"gemini_flash_lite,deepseek_v3",233,random_forest_router,0.9390862944162437,0.00012159440609137056,0.9390862944162437,0.02030456852791878,0.0,0.9289340101522843
2model_gemini_flash_lite_deepseek_v3,"gemini_flash_lite,deepseek_v3",233,extra_trees_router,0.9390862944162437,0.00012018344162436548,0.9390862944162437,0.02030456852791878,0.0,0.8934010152284264
2model_gemini_flash_lite_deepseek_v3,"gemini_flash_lite,deepseek_v3",233,mlp_router,0.9289340101522843,0.00012366777664974622,0.9289340101522843,0.030456852791878174,0.0,0.9593908629441624
2model_gemini_flash_lite_deepseek_v3,"gemini_flash_lite,deepseek_v3",233,tfidf_logistic_router,0.9390862944162437,0.00012153812182741117,0.9390862944162437,0.02030456852791878,0.0,0.9238578680203046
2model_gemini_flash_lite_deepseek_v3,"gemini_flash_lite,deepseek_v3",233,tfidf_linear_svm_router,0.934010152284264,0.0001231643654822335,0.934010152284264,0.025380710659898477,0.0,0.9593908629441624
2model_gemini_flash_lite_deepseek_v3,"gemini_flash_lite,deepseek_v3",233,tfidf_mlp_router,0.9289340101522843,0.00012413705583756346,0.9289340101522843,0.030456852791878174,0.0,0.9695431472081218
2model_gemini_flash_lite_granite_8b,"gemini_flash_lite,granite_8b",229,always_gemini_flash_lite,0.9137055837563451,0.00012077157360406092,0.9137055837563451,0.04568527918781726,0.0,0.9543147208121827
2model_gemini_flash_lite_granite_8b,"gemini_flash_lite,granite_8b",229,always_granite_8b,0.8375634517766497,1.603908629441624e-05,0.8375634517766497,0.1218274111675127,0.0,0.04568527918781726
2model_gemini_flash_lite_granite_8b,"gemini_flash_lite,granite_8b",229,random,0.8527918781725888,6.557030456852792e-05,0.8527918781725888,0.1065989847715736,0.0,0.4467005076142132
2model_gemini_flash_lite_granite_8b,"gemini_flash_lite,granite_8b",229,oracle,0.9593908629441624,0.00011471091370558376,0.9593908629441624,0.0,0.0,1.0
2model_gemini_flash_lite_granite_8b,"gemini_flash_lite,granite_8b",229,logistic_router,0.8984771573604061,0.00010032081218274112,0.8984771573604061,0.06091370558375635,0.0,0.751269035532995
2model_gemini_flash_lite_granite_8b,"gemini_flash_lite,granite_8b",229,linear_svm_router,0.9035532994923858,0.00010168959390862945,0.9035532994923858,0.05583756345177665,0.0,0.7614213197969543
2model_gemini_flash_lite_granite_8b,"gemini_flash_lite,granite_8b",229,knn_router,0.9137055837563451,0.00012077157360406092,0.9137055837563451,0.04568527918781726,0.0,0.9543147208121827
2model_gemini_flash_lite_granite_8b,"gemini_flash_lite,granite_8b",229,decision_tree_router,0.883248730964467,7.852284263959392e-05,0.883248730964467,0.07614213197969544,0.0,0.5583756345177665
2model_gemini_flash_lite_granite_8b,"gemini_flash_lite,granite_8b",229,random_forest_router,0.9086294416243654,0.00011669949238578682,0.9086294416243654,0.050761421319796954,0.0,0.9086294416243654
2model_gemini_flash_lite_granite_8b,"gemini_flash_lite,granite_8b",229,extra_trees_router,0.8984771573604061,9.839492385786802e-05,0.8984771573604061,0.06091370558375635,0.0,0.7157360406091371
2model_gemini_flash_lite_granite_8b,"gemini_flash_lite,granite_8b",229,mlp_router,0.9137055837563451,0.00011713020304568528,0.9137055837563451,0.04568527918781726,0.0,0.9289340101522843
2model_gemini_flash_lite_granite_8b,"gemini_flash_lite,granite_8b",229,tfidf_logistic_router,0.9035532994923858,0.00011343934010152284,0.9035532994923858,0.05583756345177665,0.0,0.8883248730964467
2model_gemini_flash_lite_granite_8b,"gemini_flash_lite,granite_8b",229,tfidf_linear_svm_router,0.9137055837563451,0.00011901421319796956,0.9137055837563451,0.04568527918781726,0.0,0.9441624365482234
2model_gemini_flash_lite_granite_8b,"gemini_flash_lite,granite_8b",229,tfidf_mlp_router,0.9137055837563451,0.0001187992385786802,0.9137055837563451,0.04568527918781726,0.0,0.9441624365482234
2model_gemini_flash_lite_granite_8b,"gemini_flash_lite,granite_8b",230,always_gemini_flash_lite,0.9187817258883249,0.00012391624365482235,0.9187817258883249,0.025380710659898477,0.0,0.9746192893401016
2model_gemini_flash_lite_granite_8b,"gemini_flash_lite,granite_8b",230,always_granite_8b,0.8477157360406091,1.58748730964467e-05,0.8477157360406091,0.09644670050761421,0.0,0.025380710659898477
2model_gemini_flash_lite_granite_8b,"gemini_flash_lite,granite_8b",230,random,0.8730964467005076,6.957741116751269e-05,0.8730964467005076,0.07106598984771574,0.0,0.5126903553299492
2model_gemini_flash_lite_granite_8b,"gemini_flash_lite,granite_8b",230,oracle,0.9441624365482234,0.00012042969543147207,0.9441624365482234,0.0,0.0,1.0
2model_gemini_flash_lite_granite_8b,"gemini_flash_lite,granite_8b",230,logistic_router,0.9238578680203046,0.00011384923857868021,0.9238578680203046,0.02030456852791878,0.0,0.9137055837563451
2model_gemini_flash_lite_granite_8b,"gemini_flash_lite,granite_8b",230,linear_svm_router,0.9187817258883249,0.00011416700507614214,0.9187817258883249,0.025380710659898477,0.0,0.9187817258883249
2model_gemini_flash_lite_granite_8b,"gemini_flash_lite,granite_8b",230,knn_router,0.9187817258883249,0.00012391624365482235,0.9187817258883249,0.025380710659898477,0.0,0.9746192893401016
2model_gemini_flash_lite_granite_8b,"gemini_flash_lite,granite_8b",230,decision_tree_router,0.8984771573604061,9.808578680203048e-05,0.8984771573604061,0.04568527918781726,0.0,0.7360406091370558
2model_gemini_flash_lite_granite_8b,"gemini_flash_lite,granite_8b",230,random_forest_router,0.9187817258883249,0.00012211827411167514,0.9187817258883249,0.025380710659898477,0.0,0.949238578680203
2model_gemini_flash_lite_granite_8b,"gemini_flash_lite,granite_8b",230,extra_trees_router,0.9187817258883249,0.00011719416243654824,0.9187817258883249,0.025380710659898477,0.0,0.9187817258883249
2model_gemini_flash_lite_granite_8b,"gemini_flash_lite,granite_8b",230,mlp_router,0.9187817258883249,0.00012391624365482235,0.9187817258883249,0.025380710659898477,0.0,0.9746192893401016
2model_gemini_flash_lite_granite_8b,"gemini_flash_lite,granite_8b",230,tfidf_logistic_router,0.9289340101522843,0.00011896700507614214,0.9289340101522843,0.015228426395939087,0.0,0.9644670050761421
2model_gemini_flash_lite_granite_8b,"gemini_flash_lite,granite_8b",230,tfidf_linear_svm_router,0.9187817258883249,0.00012279314720812183,0.9187817258883249,0.025380710659898477,0.0,0.9695431472081218
2model_gemini_flash_lite_granite_8b,"gemini_flash_lite,granite_8b",230,tfidf_mlp_router,0.9187817258883249,0.00012391624365482235,0.9187817258883249,0.025380710659898477,0.0,0.9746192893401016
2model_gemini_flash_lite_granite_8b,"gemini_flash_lite,granite_8b",231,always_gemini_flash_lite,0.9289340101522843,0.00012848857868020305,0.9289340101522843,0.025380710659898477,0.0,0.9746192893401016
2model_gemini_flash_lite_granite_8b,"gemini_flash_lite,granite_8b",231,always_granite_8b,0.8527918781725888,1.6751015228426392e-05,0.8527918781725888,0.10152284263959391,0.0,0.025380710659898477
2model_gemini_flash_lite_granite_8b,"gemini_flash_lite,granite_8b",231,random,0.8883248730964467,7.244365482233502e-05,0.8883248730964467,0.06598984771573604,0.0,0.47715736040609136
2model_gemini_flash_lite_granite_8b,"gemini_flash_lite,granite_8b",231,oracle,0.9543147208121827,0.000124846192893401,0.9543147208121827,0.0,0.0,1.0
2model_gemini_flash_lite_granite_8b,"gemini_flash_lite,granite_8b",231,logistic_router,0.9238578680203046,0.00011075380710659898,0.9238578680203046,0.030456852791878174,0.0,0.8375634517766497
2model_gemini_flash_lite_granite_8b,"gemini_flash_lite,granite_8b",231,linear_svm_router,0.9238578680203046,0.00011498451776649745,0.9238578680203046,0.030456852791878174,0.0,0.868020304568528
2model_gemini_flash_lite_granite_8b,"gemini_flash_lite,granite_8b",231,knn_router,0.9289340101522843,0.00012739213197969545,0.9289340101522843,0.025380710659898477,0.0,0.9695431472081218
2model_gemini_flash_lite_granite_8b,"gemini_flash_lite,granite_8b",231,decision_tree_router,0.9086294416243654,8.740761421319797e-05,0.9086294416243654,0.04568527918781726,0.0,0.6395939086294417
2model_gemini_flash_lite_granite_8b,"gemini_flash_lite,granite_8b",231,random_forest_router,0.9289340101522843,0.00012131116751269034,0.9289340101522843,0.025380710659898477,0.0,0.8934010152284264
2model_gemini_flash_lite_granite_8b,"gemini_flash_lite,granite_8b",231,extra_trees_router,0.934010152284264,0.00011500203045685279,0.934010152284264,0.02030456852791878,0.0,0.868020304568528
2model_gemini_flash_lite_granite_8b,"gemini_flash_lite,granite_8b",231,mlp_router,0.9289340101522843,0.0001262690355329949,0.9289340101522843,0.025380710659898477,0.0,0.9644670050761421
2model_gemini_flash_lite_granite_8b,"gemini_flash_lite,granite_8b",231,tfidf_logistic_router,0.934010152284264,0.0001227205583756345,0.934010152284264,0.02030456852791878,0.0,0.949238578680203
2model_gemini_flash_lite_granite_8b,"gemini_flash_lite,granite_8b",231,tfidf_linear_svm_router,0.9289340101522843,0.00012739213197969545,0.9289340101522843,0.025380710659898477,0.0,0.9695431472081218
2model_gemini_flash_lite_granite_8b,"gemini_flash_lite,granite_8b",231,tfidf_mlp_router,0.9289340101522843,0.00012739213197969545,0.9289340101522843,0.025380710659898477,0.0,0.9695431472081218
2model_gemini_flash_lite_granite_8b,"gemini_flash_lite,granite_8b",232,always_gemini_flash_lite,0.9086294416243654,0.00012325000000000001,0.9086294416243654,0.06091370558375635,0.0,0.9390862944162437
2model_gemini_flash_lite_granite_8b,"gemini_flash_lite,granite_8b",232,always_granite_8b,0.868020304568528,1.6348477157360407e-05,0.868020304568528,0.10152284263959391,0.0,0.06091370558375635
2model_gemini_flash_lite_granite_8b,"gemini_flash_lite,granite_8b",232,random,0.9137055837563451,6.986700507614213e-05,0.9137055837563451,0.05583756345177665,0.0,0.5076142131979695
2model_gemini_flash_lite_granite_8b,"gemini_flash_lite,granite_8b",232,oracle,0.9695431472081218,0.000114451269035533,0.9695431472081218,0.0,0.0,1.0
2model_gemini_flash_lite_granite_8b,"gemini_flash_lite,granite_8b",232,logistic_router,0.8984771573604061,0.00011182411167512692,0.8984771573604061,0.07106598984771574,0.0,0.8426395939086294
2model_gemini_flash_lite_granite_8b,"gemini_flash_lite,granite_8b",232,linear_svm_router,0.8984771573604061,0.00011598299492385786,0.8984771573604061,0.07106598984771574,0.0,0.868020304568528
2model_gemini_flash_lite_granite_8b,"gemini_flash_lite,granite_8b",232,knn_router,0.9086294416243654,0.00012325000000000001,0.9086294416243654,0.06091370558375635,0.0,0.9390862944162437
2model_gemini_flash_lite_granite_8b,"gemini_flash_lite,granite_8b",232,decision_tree_router,0.8730964467005076,0.0001026972081218274,0.8730964467005076,0.09644670050761421,0.0,0.7411167512690355
2model_gemini_flash_lite_granite_8b,"gemini_flash_lite,granite_8b",232,random_forest_router,0.9086294416243654,0.000120851269035533,0.9086294416243654,0.06091370558375635,0.0,0.9086294416243654
2model_gemini_flash_lite_granite_8b,"gemini_flash_lite,granite_8b",232,extra_trees_router,0.8984771573604061,0.00011662208121827411,0.8984771573604061,0.07106598984771574,0.0,0.8730964467005076
2model_gemini_flash_lite_granite_8b,"gemini_flash_lite,granite_8b",232,mlp_router,0.9086294416243654,0.00012325000000000001,0.9086294416243654,0.06091370558375635,0.0,0.9390862944162437
2model_gemini_flash_lite_granite_8b,"gemini_flash_lite,granite_8b",232,tfidf_logistic_router,0.8984771573604061,0.00011809517766497462,0.8984771573604061,0.07106598984771574,0.0,0.8934010152284264
2model_gemini_flash_lite_granite_8b,"gemini_flash_lite,granite_8b",232,tfidf_linear_svm_router,0.9086294416243654,0.00012252131979695433,0.9086294416243654,0.06091370558375635,0.0,0.934010152284264
2model_gemini_flash_lite_granite_8b,"gemini_flash_lite,granite_8b",232,tfidf_mlp_router,0.9086294416243654,0.00012252131979695433,0.9086294416243654,0.06091370558375635,0.0,0.934010152284264
2model_gemini_flash_lite_granite_8b,"gemini_flash_lite,granite_8b",233,always_gemini_flash_lite,0.9289340101522843,0.00012413705583756346,0.9289340101522843,0.025380710659898477,0.0,0.9746192893401016
2model_gemini_flash_lite_granite_8b,"gemini_flash_lite,granite_8b",233,always_granite_8b,0.8527918781725888,1.6294162436548225e-05,0.8527918781725888,0.10152284263959391,0.0,0.025380710659898477
2model_gemini_flash_lite_granite_8b,"gemini_flash_lite,granite_8b",233,random,0.8934010152284264,6.790456852791879e-05,0.8934010152284264,0.06091370558375635,0.0,0.4720812182741117
2model_gemini_flash_lite_granite_8b,"gemini_flash_lite,granite_8b",233,oracle,0.9543147208121827,0.00012047005076142132,0.9543147208121827,0.0,0.0,1.0
2model_gemini_flash_lite_granite_8b,"gemini_flash_lite,granite_8b",233,logistic_router,0.9187817258883249,0.00011155862944162436,0.9187817258883249,0.03553299492385787,0.0,0.8578680203045685
2model_gemini_flash_lite_granite_8b,"gemini_flash_lite,granite_8b",233,linear_svm_router,0.9238578680203046,0.00011209847715736043,0.9238578680203046,0.030456852791878174,0.0,0.8730964467005076
2model_gemini_flash_lite_granite_8b,"gemini_flash_lite,granite_8b",233,knn_router,0.9289340101522843,0.00012378553299492387,0.9289340101522843,0.025380710659898477,0.0,0.9695431472081218
2model_gemini_flash_lite_granite_8b,"gemini_flash_lite,granite_8b",233,decision_tree_router,0.8781725888324873,6.908020304568528e-05,0.8781725888324873,0.07614213197969544,0.0,0.4467005076142132
2model_gemini_flash_lite_granite_8b,"gemini_flash_lite,granite_8b",233,random_forest_router,0.9238578680203046,0.00012104720812182741,0.9238578680203046,0.030456852791878174,0.0,0.934010152284264
2model_gemini_flash_lite_granite_8b,"gemini_flash_lite,granite_8b",233,extra_trees_router,0.9238578680203046,0.000115,0.9238578680203046,0.030456852791878174,0.0,0.8730964467005076
2model_gemini_flash_lite_granite_8b,"gemini_flash_lite,granite_8b",233,mlp_router,0.9289340101522843,0.00012256243654822335,0.9289340101522843,0.025380710659898477,0.0,0.9593908629441624
2model_gemini_flash_lite_granite_8b,"gemini_flash_lite,granite_8b",233,tfidf_logistic_router,0.9238578680203046,0.00011906065989847717,0.9238578680203046,0.030456852791878174,0.0,0.9238578680203046
2model_gemini_flash_lite_granite_8b,"gemini_flash_lite,granite_8b",233,tfidf_linear_svm_router,0.9238578680203046,0.00012223883248730966,0.9238578680203046,0.030456852791878174,0.0,0.9543147208121827
2model_gemini_flash_lite_granite_8b,"gemini_flash_lite,granite_8b",233,tfidf_mlp_router,0.9289340101522843,0.00012299543147208122,0.9289340101522843,0.025380710659898477,0.0,0.9644670050761421
2model_gemini_flash_qwen_30b,"gemini_flash,qwen_30b",229,always_gemini_flash,0.8781725888324873,0.00018899238578680202,0.8781725888324873,0.06091370558375635,0.0,0.9390862944162437
2model_gemini_flash_qwen_30b,"gemini_flash,qwen_30b",229,always_qwen_30b,0.868020304568528,2.3474460913705585e-05,0.868020304568528,0.07106598984771574,0.0,0.06091370558375635
2model_gemini_flash_qwen_30b,"gemini_flash,qwen_30b",229,random,0.883248730964467,0.00010638412588832487,0.883248730964467,0.05583756345177665,0.0,0.4720812182741117
2model_gemini_flash_qwen_30b,"gemini_flash,qwen_30b",229,oracle,0.9390862944162437,0.00017842451776649748,0.9390862944162437,0.0,0.0,1.0
2model_gemini_flash_qwen_30b,"gemini_flash,qwen_30b",229,logistic_router,0.8883248730964467,0.00015932369949238579,0.8883248730964467,0.050761421319796954,0.0,0.8071065989847716
2model_gemini_flash_qwen_30b,"gemini_flash,qwen_30b",229,linear_svm_router,0.883248730964467,0.00016466312487309646,0.883248730964467,0.05583756345177665,0.0,0.8223350253807107
2model_gemini_flash_qwen_30b,"gemini_flash,qwen_30b",229,knn_router,0.8781725888324873,0.00018899238578680202,0.8781725888324873,0.06091370558375635,0.0,0.9390862944162437
2model_gemini_flash_qwen_30b,"gemini_flash,qwen_30b",229,decision_tree_router,0.883248730964467,0.00015007769137055838,0.883248730964467,0.05583756345177665,0.0,0.7461928934010152
2model_gemini_flash_qwen_30b,"gemini_flash,qwen_30b",229,random_forest_router,0.8984771573604061,0.00016858446700507615,0.8984771573604061,0.04060913705583756,0.0,0.8527918781725888
2model_gemini_flash_qwen_30b,"gemini_flash,qwen_30b",229,extra_trees_router,0.8934010152284264,0.00015943635126903553,0.8934010152284264,0.04568527918781726,0.0,0.8071065989847716
2model_gemini_flash_qwen_30b,"gemini_flash,qwen_30b",229,mlp_router,0.8730964467005076,0.0001858851187817259,0.8730964467005076,0.06598984771573604,0.0,0.9137055837563451
2model_gemini_flash_qwen_30b,"gemini_flash,qwen_30b",229,tfidf_logistic_router,0.8934010152284264,0.00017074718578680205,0.8934010152284264,0.04568527918781726,0.0,0.868020304568528
2model_gemini_flash_qwen_30b,"gemini_flash,qwen_30b",229,tfidf_linear_svm_router,0.868020304568528,0.0001859155025380711,0.868020304568528,0.07106598984771574,0.0,0.9238578680203046
2model_gemini_flash_qwen_30b,"gemini_flash,qwen_30b",229,tfidf_mlp_router,0.8781725888324873,0.0001875532994923858,0.8781725888324873,0.06091370558375635,0.0,0.9289340101522843
2model_gemini_flash_qwen_30b,"gemini_flash,qwen_30b",230,always_gemini_flash,0.8781725888324873,0.00019350913705583754,0.8781725888324873,0.06091370558375635,0.0,0.9390862944162437
2model_gemini_flash_qwen_30b,"gemini_flash,qwen_30b",230,always_qwen_30b,0.9187817258883249,2.4823336040609136e-05,0.9187817258883249,0.02030456852791878,0.0,0.06091370558375635
2model_gemini_flash_qwen_30b,"gemini_flash,qwen_30b",230,random,0.9035532994923858,0.00011150076142131981,0.9035532994923858,0.03553299492385787,0.0,0.5177664974619289
2model_gemini_flash_qwen_30b,"gemini_flash,qwen_30b",230,oracle,0.9390862944162437,0.00018004426598984771,0.9390862944162437,0.0,0.0,1.0
2model_gemini_flash_qwen_30b,"gemini_flash,qwen_30b",230,logistic_router,0.9086294416243654,0.00015487492588832485,0.9086294416243654,0.030456852791878174,0.0,0.7715736040609137
2model_gemini_flash_qwen_30b,"gemini_flash,qwen_30b",230,linear_svm_router,0.8883248730964467,0.00017265652588832487,0.8883248730964467,0.050761421319796954,0.0,0.8426395939086294
2model_gemini_flash_qwen_30b,"gemini_flash,qwen_30b",230,knn_router,0.8781725888324873,0.00019350913705583754,0.8781725888324873,0.06091370558375635,0.0,0.9390862944162437
2model_gemini_flash_qwen_30b,"gemini_flash,qwen_30b",230,decision_tree_router,0.9035532994923858,0.00015921389035532994,0.9035532994923858,0.03553299492385787,0.0,0.7918781725888325
2model_gemini_flash_qwen_30b,"gemini_flash,qwen_30b",230,random_forest_router,0.9086294416243654,0.00016208475532994922,0.9086294416243654,0.030456852791878174,0.0,0.8020304568527918
2model_gemini_flash_qwen_30b,"gemini_flash,qwen_30b",230,extra_trees_router,0.9035532994923858,0.0001553181116751269,0.9035532994923858,0.03553299492385787,0.0,0.751269035532995
2model_gemini_flash_qwen_30b,"gemini_flash,qwen_30b",230,mlp_router,0.8730964467005076,0.00018747011167512693,0.8730964467005076,0.06598984771573604,0.0,0.8934010152284264
2model_gemini_flash_qwen_30b,"gemini_flash,qwen_30b",230,tfidf_logistic_router,0.8934010152284264,0.00017264021725888325,0.8934010152284264,0.04568527918781726,0.0,0.8375634517766497
2model_gemini_flash_qwen_30b,"gemini_flash,qwen_30b",230,tfidf_linear_svm_router,0.8781725888324873,0.00018996060507614214,0.8781725888324873,0.06091370558375635,0.0,0.9187817258883249
2model_gemini_flash_qwen_30b,"gemini_flash,qwen_30b",230,tfidf_mlp_router,0.8781725888324873,0.00019228668629441624,0.8781725888324873,0.06091370558375635,0.0,0.9289340101522843
2model_gemini_flash_qwen_30b,"gemini_flash,qwen_30b",231,always_gemini_flash,0.8527918781725888,0.00019614467005076141,0.8527918781725888,0.07106598984771574,0.0,0.9289340101522843
2model_gemini_flash_qwen_30b,"gemini_flash,qwen_30b",231,always_qwen_30b,0.8883248730964467,2.600484670050761e-05,0.8883248730964467,0.03553299492385787,0.0,0.07106598984771574
2model_gemini_flash_qwen_30b,"gemini_flash,qwen_30b",231,random,0.8883248730964467,0.00011295258477157362,0.8883248730964467,0.03553299492385787,0.0,0.49238578680203043
2model_gemini_flash_qwen_30b,"gemini_flash,qwen_30b",231,oracle,0.9238578680203046,0.00018468436345177663,0.9238578680203046,0.0,0.0,1.0
2model_gemini_flash_qwen_30b,"gemini_flash,qwen_30b",231,logistic_router,0.8578680203045685,0.00016116043248730962,0.8578680203045685,0.06598984771573604,0.0,0.751269035532995
2model_gemini_flash_qwen_30b,"gemini_flash,qwen_30b",231,linear_svm_router,0.8578680203045685,0.00017185174822335024,0.8578680203045685,0.06598984771573604,0.0,0.8121827411167513
2model_gemini_flash_qwen_30b,"gemini_flash,qwen_30b",231,knn_router,0.8527918781725888,0.00019614467005076141,0.8527918781725888,0.07106598984771574,0.0,0.9289340101522843
2model_gemini_flash_qwen_30b,"gemini_flash,qwen_30b",231,decision_tree_router,0.868020304568528,0.00015359620913705583,0.868020304568528,0.05583756345177665,0.0,0.6903553299492385
2model_gemini_flash_qwen_30b,"gemini_flash,qwen_30b",231,random_forest_router,0.868020304568528,0.00016799018477157358,0.868020304568528,0.05583756345177665,0.0,0.7868020304568528
2model_gemini_flash_qwen_30b,"gemini_flash,qwen_30b",231,extra_trees_router,0.868020304568528,0.00015593650558375633,0.868020304568528,0.05583756345177665,0.0,0.7208121827411168
2model_gemini_flash_qwen_30b,"gemini_flash,qwen_30b",231,mlp_router,0.8527918781725888,0.00018475782131979694,0.8527918781725888,0.07106598984771574,0.0,0.8781725888324873
2model_gemini_flash_qwen_30b,"gemini_flash,qwen_30b",231,tfidf_logistic_router,0.8527918781725888,0.0001694099005076142,0.8527918781725888,0.07106598984771574,0.0,0.7969543147208121
2model_gemini_flash_qwen_30b,"gemini_flash,qwen_30b",231,tfidf_linear_svm_router,0.8527918781725888,0.00018920761827411164,0.8527918781725888,0.07106598984771574,0.0,0.8883248730964467
2model_gemini_flash_qwen_30b,"gemini_flash,qwen_30b",231,tfidf_mlp_router,0.8527918781725888,0.00019614467005076141,0.8527918781725888,0.07106598984771574,0.0,0.9289340101522843
2model_gemini_flash_qwen_30b,"gemini_flash,qwen_30b",232,always_gemini_flash,0.8730964467005076,0.00020018730964467004,0.8730964467005076,0.07106598984771574,0.0,0.9289340101522843
2model_gemini_flash_qwen_30b,"gemini_flash,qwen_30b",232,always_qwen_30b,0.9137055837563451,2.631308629441624e-05,0.9137055837563451,0.030456852791878174,0.0,0.07106598984771574
2model_gemini_flash_qwen_30b,"gemini_flash,qwen_30b",232,random,0.8984771573604061,0.00011980006091370558,0.8984771573604061,0.04568527918781726,0.0,0.5076142131979695
2model_gemini_flash_qwen_30b,"gemini_flash,qwen_30b",232,oracle,0.9441624365482234,0.00018505495634517767,0.9441624365482234,0.0,0.0,1.0
2model_gemini_flash_qwen_30b,"gemini_flash,qwen_30b",232,logistic_router,0.8883248730964467,0.00016852484060913704,0.8883248730964467,0.05583756345177665,0.0,0.7918781725888325
2model_gemini_flash_qwen_30b,"gemini_flash,qwen_30b",232,linear_svm_router,0.8730964467005076,0.000177046385786802,0.8730964467005076,0.07106598984771574,0.0,0.817258883248731
2model_gemini_flash_qwen_30b,"gemini_flash,qwen_30b",232,knn_router,0.8730964467005076,0.00020018730964467004,0.8730964467005076,0.07106598984771574,0.0,0.9289340101522843
2model_gemini_flash_qwen_30b,"gemini_flash,qwen_30b",232,decision_tree_router,0.883248730964467,0.0001602352771573604,0.883248730964467,0.06091370558375635,0.0,0.751269035532995
2model_gemini_flash_qwen_30b,"gemini_flash,qwen_30b",232,random_forest_router,0.8984771573604061,0.00017315183147208118,0.8984771573604061,0.04568527918781726,0.0,0.8324873096446701
2model_gemini_flash_qwen_30b,"gemini_flash,qwen_30b",232,extra_trees_router,0.9086294416243654,0.00015848595126903553,0.9086294416243654,0.03553299492385787,0.0,0.766497461928934
2model_gemini_flash_qwen_30b,"gemini_flash,qwen_30b",232,mlp_router,0.8781725888324873,0.00019184109035532993,0.8781725888324873,0.06598984771573604,0.0,0.8883248730964467
2model_gemini_flash_qwen_30b,"gemini_flash,qwen_30b",232,tfidf_logistic_router,0.883248730964467,0.00017952562842639592,0.883248730964467,0.06091370558375635,0.0,0.8274111675126904
2model_gemini_flash_qwen_30b,"gemini_flash,qwen_30b",232,tfidf_linear_svm_router,0.8730964467005076,0.0001981007654822335,0.8730964467005076,0.07106598984771574,0.0,0.9187817258883249
2model_gemini_flash_qwen_30b,"gemini_flash,qwen_30b",232,tfidf_mlp_router,0.8730964467005076,0.00019846274111675122,0.8730964467005076,0.07106598984771574,0.0,0.9238578680203046
2model_gemini_flash_qwen_30b,"gemini_flash,qwen_30b",233,always_gemini_flash,0.8629441624365483,0.00019355837563451775,0.8629441624365483,0.08629441624365482,0.0,0.9137055837563451
2model_gemini_flash_qwen_30b,"gemini_flash,qwen_30b",233,always_qwen_30b,0.9086294416243654,2.511114720812183e-05,0.9086294416243654,0.04060913705583756,0.0,0.08629441624365482
2model_gemini_flash_qwen_30b,"gemini_flash,qwen_30b",233,random,0.8934010152284264,0.00010624367715736041,0.8934010152284264,0.05583756345177665,0.0,0.4720812182741117
2model_gemini_flash_qwen_30b,"gemini_flash,qwen_30b",233,oracle,0.949238578680203,0.00017862051573604062,0.949238578680203,0.0,0.0,1.0
2model_gemini_flash_qwen_30b,"gemini_flash,qwen_30b",233,logistic_router,0.8934010152284264,0.0001633502416243655,0.8934010152284264,0.05583756345177665,0.0,0.766497461928934
2model_gemini_flash_qwen_30b,"gemini_flash,qwen_30b",233,linear_svm_router,0.8883248730964467,0.00016957203248730966,0.8883248730964467,0.06091370558375635,0.0,0.8020304568527918
2model_gemini_flash_qwen_30b,"gemini_flash,qwen_30b",233,knn_router,0.8629441624365483,0.00019355837563451775,0.8629441624365483,0.08629441624365482,0.0,0.9137055837563451
2model_gemini_flash_qwen_30b,"gemini_flash,qwen_30b",233,decision_tree_router,0.8934010152284264,0.00017287942944162437,0.8934010152284264,0.05583756345177665,0.0,0.8020304568527918
2model_gemini_flash_qwen_30b,"gemini_flash,qwen_30b",233,random_forest_router,0.9035532994923858,0.000165343985786802,0.9035532994923858,0.04568527918781726,0.0,0.7918781725888325
2model_gemini_flash_qwen_30b,"gemini_flash,qwen_30b",233,extra_trees_router,0.9035532994923858,0.00015460034111675126,0.9035532994923858,0.04568527918781726,0.0,0.7360406091370558
2model_gemini_flash_qwen_30b,"gemini_flash,qwen_30b",233,mlp_router,0.868020304568528,0.00018920179289340098,0.868020304568528,0.08121827411167512,0.0,0.8883248730964467
2model_gemini_flash_qwen_30b,"gemini_flash,qwen_30b",233,tfidf_logistic_router,0.883248730964467,0.00017373911269035532,0.883248730964467,0.06598984771573604,0.0,0.817258883248731
2model_gemini_flash_qwen_30b,"gemini_flash,qwen_30b",233,tfidf_linear_svm_router,0.868020304568528,0.00018758733807106598,0.868020304568528,0.08121827411167512,0.0,0.8781725888324873
2model_gemini_flash_qwen_30b,"gemini_flash,qwen_30b",233,tfidf_mlp_router,0.8629441624365483,0.00019139543147208123,0.8629441624365483,0.08629441624365482,0.0,0.8984771573604061
2model_gemini_flash_llama_70b,"gemini_flash,llama_70b",229,always_gemini_flash,0.8781725888324873,0.00018899238578680202,0.8781725888324873,0.07106598984771574,0.0,0.9289340101522843
2model_gemini_flash_llama_70b,"gemini_flash,llama_70b",229,always_llama_70b,0.8934010152284264,5.343402538071066e-05,0.8934010152284264,0.05583756345177665,0.0,0.07106598984771574
2model_gemini_flash_llama_70b,"gemini_flash,llama_70b",229,random,0.8934010152284264,0.0001223809847715736,0.8934010152284264,0.05583756345177665,0.0,0.4619289340101523
2model_gemini_flash_llama_70b,"gemini_flash,llama_70b",229,oracle,0.949238578680203,0.00018035410659898482,0.949238578680203,0.0,0.0,1.0
2model_gemini_flash_llama_70b,"gemini_flash,llama_70b",229,logistic_router,0.8934010152284264,0.00016222862944162436,0.8934010152284264,0.05583756345177665,0.0,0.766497461928934
2model_gemini_flash_llama_70b,"gemini_flash,llama_70b",229,linear_svm_router,0.8934010152284264,0.00017103611675126906,0.8934010152284264,0.05583756345177665,0.0,0.8223350253807107
2model_gemini_flash_llama_70b,"gemini_flash,llama_70b",229,knn_router,0.883248730964467,0.0001892662944162437,0.883248730964467,0.06598984771573604,0.0,0.934010152284264
2model_gemini_flash_llama_70b,"gemini_flash,llama_70b",229,decision_tree_router,0.8934010152284264,0.00016510309644670053,0.8934010152284264,0.05583756345177665,0.0,0.8324873096446701
2model_gemini_flash_llama_70b,"gemini_flash,llama_70b",229,random_forest_router,0.8984771573604061,0.0001727724873096447,0.8984771573604061,0.050761421319796954,0.0,0.8527918781725888
2model_gemini_flash_llama_70b,"gemini_flash,llama_70b",229,extra_trees_router,0.8984771573604061,0.0001692596954314721,0.8984771573604061,0.050761421319796954,0.0,0.8223350253807107
2model_gemini_flash_llama_70b,"gemini_flash,llama_70b",229,mlp_router,0.8883248730964467,0.00018426885786802032,0.8883248730964467,0.06091370558375635,0.0,0.9086294416243654
2model_gemini_flash_llama_70b,"gemini_flash,llama_70b",229,tfidf_logistic_router,0.8883248730964467,0.00017571472081218277,0.8883248730964467,0.06091370558375635,0.0,0.8629441624365483
2model_gemini_flash_llama_70b,"gemini_flash,llama_70b",229,tfidf_linear_svm_router,0.883248730964467,0.00018857781725888326,0.883248730964467,0.06598984771573604,0.0,0.934010152284264
2model_gemini_flash_llama_70b,"gemini_flash,llama_70b",229,tfidf_mlp_router,0.8781725888324873,0.00018912020304568528,0.8781725888324873,0.07106598984771574,0.0,0.9238578680203046
2model_gemini_flash_llama_70b,"gemini_flash,llama_70b",230,always_gemini_flash,0.8781725888324873,0.00019350913705583754,0.8781725888324873,0.050761421319796954,0.0,0.949238578680203
2model_gemini_flash_llama_70b,"gemini_flash,llama_70b",230,always_llama_70b,0.8781725888324873,0.010206027761421321,0.8781725888324873,0.050761421319796954,0.0,0.050761421319796954
2model_gemini_flash_llama_70b,"gemini_flash,llama_70b",230,random,0.8883248730964467,0.010278833192893402,0.8883248730964467,0.04060913705583756,0.0,0.5177664974619289
2model_gemini_flash_llama_70b,"gemini_flash,llama_70b",230,oracle,0.9289340101522843,0.00018395192385786802,0.9289340101522843,0.0,0.0,1.0
2model_gemini_flash_llama_70b,"gemini_flash,llama_70b",230,logistic_router,0.9035532994923858,0.005239676649746195,0.9035532994923858,0.025380710659898477,0.0,0.7868020304568528
2model_gemini_flash_llama_70b,"gemini_flash,llama_70b",230,linear_svm_router,0.883248730964467,0.00017509972081218274,0.883248730964467,0.04568527918781726,0.0,0.8426395939086294
2model_gemini_flash_llama_70b,"gemini_flash,llama_70b",230,knn_router,0.883248730964467,0.00019170781725888323,0.883248730964467,0.04568527918781726,0.0,0.9441624365482234
2model_gemini_flash_llama_70b,"gemini_flash,llama_70b",230,decision_tree_router,0.8984771573604061,0.005229392969543149,0.8984771573604061,0.030456852791878174,0.0,0.700507614213198
2model_gemini_flash_llama_70b,"gemini_flash,llama_70b",230,random_forest_router,0.9086294416243654,0.005246472411167515,0.9086294416243654,0.02030456852791878,0.0,0.8527918781725888
2model_gemini_flash_llama_70b,"gemini_flash,llama_70b",230,extra_trees_router,0.9086294416243654,0.010313503071065992,0.9086294416243654,0.02030456852791878,0.0,0.7614213197969543
2model_gemini_flash_llama_70b,"gemini_flash,llama_70b",230,mlp_router,0.8934010152284264,0.0001847697969543147,0.8934010152284264,0.03553299492385787,0.0,0.9187817258883249
2model_gemini_flash_llama_70b,"gemini_flash,llama_70b",230,tfidf_logistic_router,0.8984771573604061,0.0001784169543147208,0.8984771573604061,0.030456852791878174,0.0,0.8629441624365483
2model_gemini_flash_llama_70b,"gemini_flash,llama_70b",230,tfidf_linear_svm_router,0.883248730964467,0.0001874218781725888,0.883248730964467,0.04568527918781726,0.0,0.9137055837563451
2model_gemini_flash_llama_70b,"gemini_flash,llama_70b",230,tfidf_mlp_router,0.8781725888324873,0.00019141421319796953,0.8781725888324873,0.050761421319796954,0.0,0.9390862944162437
2model_gemini_flash_llama_70b,"gemini_flash,llama_70b",231,always_gemini_flash,0.8527918781725888,0.00019614467005076141,0.8527918781725888,0.07106598984771574,0.0,0.9289340101522843
2model_gemini_flash_llama_70b,"gemini_flash,llama_70b",231,always_llama_70b,0.8984771573604061,0.0051297422944162445,0.8984771573604061,0.025380710659898477,0.0,0.07106598984771574
2model_gemini_flash_llama_70b,"gemini_flash,llama_70b",231,random,0.8781725888324873,0.005204223289340103,0.8781725888324873,0.04568527918781726,0.0,0.49238578680203043
2model_gemini_flash_llama_70b,"gemini_flash,llama_70b",231,oracle,0.9238578680203046,0.00018580664467005074,0.9238578680203046,0.0,0.0,1.0
2model_gemini_flash_llama_70b,"gemini_flash,llama_70b",231,logistic_router,0.8730964467005076,0.005231249898477156,0.8730964467005076,0.050761421319796954,0.0,0.700507614213198
2model_gemini_flash_llama_70b,"gemini_flash,llama_70b",231,linear_svm_router,0.8527918781725888,0.00016585725888324874,0.8527918781725888,0.07106598984771574,0.0,0.7258883248730964
2model_gemini_flash_llama_70b,"gemini_flash,llama_70b",231,knn_router,0.8578680203045685,0.00019599812182741119,0.8578680203045685,0.06598984771573604,0.0,0.9289340101522843
2model_gemini_flash_llama_70b,"gemini_flash,llama_70b",231,decision_tree_router,0.8883248730964467,0.005238668725888325,0.8883248730964467,0.03553299492385787,0.0,0.7461928934010152
2model_gemini_flash_llama_70b,"gemini_flash,llama_70b",231,random_forest_router,0.868020304568528,0.005240554467005076,0.868020304568528,0.05583756345177665,0.0,0.7766497461928934
2model_gemini_flash_llama_70b,"gemini_flash,llama_70b",231,extra_trees_router,0.883248730964467,0.005239466802030456,0.883248730964467,0.04060913705583756,0.0,0.7614213197969543
2model_gemini_flash_llama_70b,"gemini_flash,llama_70b",231,mlp_router,0.8477157360406091,0.00018793319796954315,0.8477157360406091,0.07614213197969544,0.0,0.8629441624365483
2model_gemini_flash_llama_70b,"gemini_flash,llama_70b",231,tfidf_logistic_router,0.8730964467005076,0.0001691096192893401,0.8730964467005076,0.050761421319796954,0.0,0.8121827411167513
2model_gemini_flash_llama_70b,"gemini_flash,llama_70b",231,tfidf_linear_svm_router,0.8477157360406091,0.00019165218274111675,0.8477157360406091,0.07614213197969544,0.0,0.8984771573604061
2model_gemini_flash_llama_70b,"gemini_flash,llama_70b",231,tfidf_mlp_router,0.8578680203045685,0.00019344944162436547,0.8578680203045685,0.06598984771573604,0.0,0.9238578680203046
2model_gemini_flash_llama_70b,"gemini_flash,llama_70b",232,always_gemini_flash,0.8730964467005076,0.00020018730964467004,0.8730964467005076,0.09137055837563451,0.0,0.9086294416243654
2model_gemini_flash_llama_70b,"gemini_flash,llama_70b",232,always_llama_70b,0.9187817258883249,5.5371817258883244e-05,0.9187817258883249,0.04568527918781726,0.0,0.09137055837563451
2model_gemini_flash_llama_70b,"gemini_flash,llama_70b",232,random,0.8883248730964467,0.00013520015228426398,0.8883248730964467,0.07614213197969544,0.0,0.4873096446700508
2model_gemini_flash_llama_70b,"gemini_flash,llama_70b",232,oracle,0.9644670050761421,0.0001856989035532995,0.9644670050761421,0.0,0.0,1.0
2model_gemini_flash_llama_70b,"gemini_flash,llama_70b",232,logistic_router,0.8984771573604061,0.00016689276649746194,0.8984771573604061,0.06598984771573604,0.0,0.7715736040609137
2model_gemini_flash_llama_70b,"gemini_flash,llama_70b",232,linear_svm_router,0.8629441624365483,0.00017856451776649746,0.8629441624365483,0.10152284263959391,0.0,0.7868020304568528
2model_gemini_flash_llama_70b,"gemini_flash,llama_70b",232,knn_router,0.8781725888324873,0.0001985344670050761,0.8781725888324873,0.08629441624365482,0.0,0.9086294416243654
2model_gemini_flash_llama_70b,"gemini_flash,llama_70b",232,decision_tree_router,0.8730964467005076,0.00017409647208121824,0.8730964467005076,0.09137055837563451,0.0,0.7817258883248731
2model_gemini_flash_llama_70b,"gemini_flash,llama_70b",232,random_forest_router,0.9035532994923858,0.00017698799492385788,0.9035532994923858,0.06091370558375635,0.0,0.8223350253807107
2model_gemini_flash_llama_70b,"gemini_flash,llama_70b",232,extra_trees_router,0.9137055837563451,0.00016615230964467002,0.9137055837563451,0.050761421319796954,0.0,0.7766497461928934
2model_gemini_flash_llama_70b,"gemini_flash,llama_70b",232,mlp_router,0.883248730964467,0.00019066895939086293,0.883248730964467,0.08121827411167512,0.0,0.8730964467005076
2model_gemini_flash_llama_70b,"gemini_flash,llama_70b",232,tfidf_logistic_router,0.883248730964467,0.00018051337563451772,0.883248730964467,0.08121827411167512,0.0,0.817258883248731
2model_gemini_flash_llama_70b,"gemini_flash,llama_70b",232,tfidf_linear_svm_router,0.8730964467005076,0.00019530472081218271,0.8730964467005076,0.09137055837563451,0.0,0.8781725888324873
2model_gemini_flash_llama_70b,"gemini_flash,llama_70b",232,tfidf_mlp_router,0.8730964467005076,0.0001963433502538071,0.8730964467005076,0.09137055837563451,0.0,0.8883248730964467
2model_gemini_flash_llama_70b,"gemini_flash,llama_70b",233,always_gemini_flash,0.8629441624365483,0.00019355837563451775,0.8629441624365483,0.06091370558375635,0.0,0.9390862944162437
2model_gemini_flash_llama_70b,"gemini_flash,llama_70b",233,always_llama_70b,0.883248730964467,5.4729203045685284e-05,0.883248730964467,0.04060913705583756,0.0,0.06091370558375635
2model_gemini_flash_llama_70b,"gemini_flash,llama_70b",233,random,0.868020304568528,0.00012186457360406091,0.868020304568528,0.05583756345177665,0.0,0.47715736040609136
2model_gemini_flash_llama_70b,"gemini_flash,llama_70b",233,oracle,0.9238578680203046,0.00018532258883248733,0.9238578680203046,0.0,0.0,1.0
2model_gemini_flash_llama_70b,"gemini_flash,llama_70b",233,logistic_router,0.883248730964467,0.00016241472081218275,0.883248730964467,0.04060913705583756,0.0,0.7817258883248731
2model_gemini_flash_llama_70b,"gemini_flash,llama_70b",233,linear_svm_router,0.8781725888324873,0.00017125999999999998,0.8781725888324873,0.04568527918781726,0.0,0.8121827411167513
2model_gemini_flash_llama_70b,"gemini_flash,llama_70b",233,knn_router,0.8629441624365483,0.00019310401015228425,0.8629441624365483,0.06091370558375635,0.0,0.934010152284264
2model_gemini_flash_llama_70b,"gemini_flash,llama_70b",233,decision_tree_router,0.8730964467005076,0.0001551356345177665,0.8730964467005076,0.050761421319796954,0.0,0.7106598984771574
2model_gemini_flash_llama_70b,"gemini_flash,llama_70b",233,random_forest_router,0.8934010152284264,0.0001756092893401015,0.8934010152284264,0.030456852791878174,0.0,0.8527918781725888
2model_gemini_flash_llama_70b,"gemini_flash,llama_70b",233,extra_trees_router,0.8984771573604061,0.000164253076142132,0.8984771573604061,0.025380710659898477,0.0,0.7715736040609137
2model_gemini_flash_llama_70b,"gemini_flash,llama_70b",233,mlp_router,0.868020304568528,0.0001873182233502538,0.868020304568528,0.05583756345177665,0.0,0.9035532994923858
2model_gemini_flash_llama_70b,"gemini_flash,llama_70b",233,tfidf_logistic_router,0.883248730964467,0.0001724970812182741,0.883248730964467,0.04060913705583756,0.0,0.8578680203045685
2model_gemini_flash_llama_70b,"gemini_flash,llama_70b",233,tfidf_linear_svm_router,0.8629441624365483,0.00018680977157360407,0.8629441624365483,0.06091370558375635,0.0,0.9086294416243654
2model_gemini_flash_llama_70b,"gemini_flash,llama_70b",233,tfidf_mlp_router,0.868020304568528,0.0001906052538071066,0.868020304568528,0.05583756345177665,0.0,0.9289340101522843
2model_gemini_flash_deepseek_v3,"gemini_flash,deepseek_v3",229,always_gemini_flash,0.8781725888324873,0.00018899238578680202,0.8781725888324873,0.05583756345177665,0.0,0.9441624365482234
2model_gemini_flash_deepseek_v3,"gemini_flash,deepseek_v3",229,always_deepseek_v3,0.883248730964467,7.042395939086295e-05,0.883248730964467,0.050761421319796954,0.0,0.05583756345177665
2model_gemini_flash_deepseek_v3,"gemini_flash,deepseek_v3",229,random,0.8934010152284264,0.00013060060913705582,0.8934010152284264,0.04060913705583756,0.0,0.467005076142132
2model_gemini_flash_deepseek_v3,"gemini_flash,deepseek_v3",229,oracle,0.934010152284264,0.00018034708629441625,0.934010152284264,0.0,0.0,1.0
2model_gemini_flash_deepseek_v3,"gemini_flash,deepseek_v3",229,logistic_router,0.8934010152284264,0.00016720945177664973,0.8934010152284264,0.04060913705583756,0.0,0.8071065989847716
2model_gemini_flash_deepseek_v3,"gemini_flash,deepseek_v3",229,linear_svm_router,0.883248730964467,0.00017496011167512693,0.883248730964467,0.050761421319796954,0.0,0.817258883248731
2model_gemini_flash_deepseek_v3,"gemini_flash,deepseek_v3",229,knn_router,0.8781725888324873,0.00018899238578680202,0.8781725888324873,0.05583756345177665,0.0,0.9441624365482234
2model_gemini_flash_deepseek_v3,"gemini_flash,deepseek_v3",229,decision_tree_router,0.8883248730964467,0.00016322483248730965,0.8883248730964467,0.04568527918781726,0.0,0.7461928934010152
2model_gemini_flash_deepseek_v3,"gemini_flash,deepseek_v3",229,random_forest_router,0.8934010152284264,0.00017522134010152288,0.8934010152284264,0.04060913705583756,0.0,0.8578680203045685
2model_gemini_flash_deepseek_v3,"gemini_flash,deepseek_v3",229,extra_trees_router,0.8883248730964467,0.0001696047715736041,0.8883248730964467,0.04568527918781726,0.0,0.8121827411167513
2model_gemini_flash_deepseek_v3,"gemini_flash,deepseek_v3",229,mlp_router,0.883248730964467,0.00018410108629441624,0.883248730964467,0.050761421319796954,0.0,0.9187817258883249
2model_gemini_flash_deepseek_v3,"gemini_flash,deepseek_v3",229,tfidf_logistic_router,0.8883248730964467,0.00017714577664974622,0.8883248730964467,0.04568527918781726,0.0,0.868020304568528
2model_gemini_flash_deepseek_v3,"gemini_flash,deepseek_v3",229,tfidf_linear_svm_router,0.8781725888324873,0.00018679958375634518,0.8781725888324873,0.05583756345177665,0.0,0.9289340101522843
2model_gemini_flash_deepseek_v3,"gemini_flash,deepseek_v3",229,tfidf_mlp_router,0.8781725888324873,0.0001879647614213198,0.8781725888324873,0.05583756345177665,0.0,0.934010152284264
2model_gemini_flash_deepseek_v3,"gemini_flash,deepseek_v3",230,always_gemini_flash,0.8781725888324873,0.00019350913705583754,0.8781725888324873,0.050761421319796954,0.0,0.949238578680203
2model_gemini_flash_deepseek_v3,"gemini_flash,deepseek_v3",230,always_deepseek_v3,0.9137055837563451,7.150268020304568e-05,0.9137055837563451,0.015228426395939087,0.0,0.050761421319796954
2model_gemini_flash_deepseek_v3,"gemini_flash,deepseek_v3",230,random,0.8934010152284264,0.00013378686294416244,0.8934010152284264,0.03553299492385787,0.0,0.5177664974619289
2model_gemini_flash_deepseek_v3,"gemini_flash,deepseek_v3",230,oracle,0.9289340101522843,0.00018427719796954315,0.9289340101522843,0.0,0.0,1.0
2model_gemini_flash_deepseek_v3,"gemini_flash,deepseek_v3",230,logistic_router,0.8934010152284264,0.0001731534010152284,0.8934010152284264,0.03553299492385787,0.0,0.8223350253807107
2model_gemini_flash_deepseek_v3,"gemini_flash,deepseek_v3",230,linear_svm_router,0.8781725888324873,0.00018481482233502537,0.8781725888324873,0.050761421319796954,0.0,0.8781725888324873
2model_gemini_flash_deepseek_v3,"gemini_flash,deepseek_v3",230,knn_router,0.883248730964467,0.00019172497461928932,0.883248730964467,0.04568527918781726,0.0,0.9543147208121827
2model_gemini_flash_deepseek_v3,"gemini_flash,deepseek_v3",230,decision_tree_router,0.8883248730964467,0.00016857608121827408,0.8883248730964467,0.04060913705583756,0.0,0.751269035532995
2model_gemini_flash_deepseek_v3,"gemini_flash,deepseek_v3",230,random_forest_router,0.8984771573604061,0.00017558380710659902,0.8984771573604061,0.030456852791878174,0.0,0.8426395939086294
2model_gemini_flash_deepseek_v3,"gemini_flash,deepseek_v3",230,extra_trees_router,0.9086294416243654,0.00016751527918781723,0.9086294416243654,0.02030456852791878,0.0,0.7817258883248731
2model_gemini_flash_deepseek_v3,"gemini_flash,deepseek_v3",230,mlp_router,0.883248730964467,0.0001895165482233502,0.883248730964467,0.04568527918781726,0.0,0.9238578680203046
2model_gemini_flash_deepseek_v3,"gemini_flash,deepseek_v3",230,tfidf_logistic_router,0.8883248730964467,0.00017992487309644668,0.8883248730964467,0.04060913705583756,0.0,0.8578680203045685
2model_gemini_flash_deepseek_v3,"gemini_flash,deepseek_v3",230,tfidf_linear_svm_router,0.883248730964467,0.00018987361421319795,0.883248730964467,0.04568527918781726,0.0,0.9238578680203046
2model_gemini_flash_deepseek_v3,"gemini_flash,deepseek_v3",230,tfidf_mlp_router,0.8730964467005076,0.00019296710659898476,0.8730964467005076,0.05583756345177665,0.0,0.9390862944162437
2model_gemini_flash_deepseek_v3,"gemini_flash,deepseek_v3",231,always_gemini_flash,0.8527918781725888,0.00019614467005076141,0.8527918781725888,0.07106598984771574,0.0,0.9289340101522843
2model_gemini_flash_deepseek_v3,"gemini_flash,deepseek_v3",231,always_deepseek_v3,0.8984771573604061,7.693892385786802e-05,0.8984771573604061,0.025380710659898477,0.0,0.07106598984771574
2model_gemini_flash_deepseek_v3,"gemini_flash,deepseek_v3",231,random,0.868020304568528,0.00013872727918781724,0.868020304568528,0.05583756345177665,0.0,0.4720812182741117
2model_gemini_flash_deepseek_v3,"gemini_flash,deepseek_v3",231,oracle,0.9238578680203046,0.00018632539086294416,0.9238578680203046,0.0,0.0,1.0
2model_gemini_flash_deepseek_v3,"gemini_flash,deepseek_v3",231,logistic_router,0.8730964467005076,0.00017185688324873098,0.8730964467005076,0.050761421319796954,0.0,0.7461928934010152
2model_gemini_flash_deepseek_v3,"gemini_flash,deepseek_v3",231,linear_svm_router,0.8477157360406091,0.00017835929949238578,0.8477157360406091,0.07614213197969544,0.0,0.7563451776649747
2model_gemini_flash_deepseek_v3,"gemini_flash,deepseek_v3",231,knn_router,0.8527918781725888,0.00019580426395939086,0.8527918781725888,0.07106598984771574,0.0,0.9238578680203046
2model_gemini_flash_deepseek_v3,"gemini_flash,deepseek_v3",231,decision_tree_router,0.883248730964467,0.0001506546802030457,0.883248730964467,0.04060913705583756,0.0,0.6243654822335025
2model_gemini_flash_deepseek_v3,"gemini_flash,deepseek_v3",231,random_forest_router,0.883248730964467,0.00017522257868020304,0.883248730964467,0.04060913705583756,0.0,0.8121827411167513
2model_gemini_flash_deepseek_v3,"gemini_flash,deepseek_v3",231,extra_trees_router,0.8730964467005076,0.00016838108629441622,0.8730964467005076,0.050761421319796954,0.0,0.7411167512690355
2model_gemini_flash_deepseek_v3,"gemini_flash,deepseek_v3",231,mlp_router,0.8578680203045685,0.0001901655837563452,0.8578680203045685,0.06598984771573604,0.0,0.868020304568528
2model_gemini_flash_deepseek_v3,"gemini_flash,deepseek_v3",231,tfidf_logistic_router,0.8730964467005076,0.00017557919796954314,0.8730964467005076,0.050761421319796954,0.0,0.7969543147208121
2model_gemini_flash_deepseek_v3,"gemini_flash,deepseek_v3",231,tfidf_linear_svm_router,0.8477157360406091,0.00018999243654822334,0.8477157360406091,0.07614213197969544,0.0,0.8730964467005076
2model_gemini_flash_deepseek_v3,"gemini_flash,deepseek_v3",231,tfidf_mlp_router,0.8527918781725888,0.0001908794111675127,0.8527918781725888,0.07106598984771574,0.0,0.8984771573604061
2model_gemini_flash_deepseek_v3,"gemini_flash,deepseek_v3",232,always_gemini_flash,0.8730964467005076,0.00020018730964467004,0.8730964467005076,0.07614213197969544,0.0,0.9238578680203046
2model_gemini_flash_deepseek_v3,"gemini_flash,deepseek_v3",232,always_deepseek_v3,0.9238578680203046,6.975652791878173e-05,0.9238578680203046,0.025380710659898477,0.0,0.07614213197969544
2model_gemini_flash_deepseek_v3,"gemini_flash,deepseek_v3",232,random,0.883248730964467,0.00014161196954314722,0.883248730964467,0.06598984771573604,0.0,0.49238578680203043
2model_gemini_flash_deepseek_v3,"gemini_flash,deepseek_v3",232,oracle,0.949238578680203,0.00018674664974619292,0.949238578680203,0.0,0.0,1.0
2model_gemini_flash_deepseek_v3,"gemini_flash,deepseek_v3",232,logistic_router,0.8984771573604061,0.00017491136040609134,0.8984771573604061,0.050761421319796954,0.0,0.8020304568527918
2model_gemini_flash_deepseek_v3,"gemini_flash,deepseek_v3",232,linear_svm_router,0.8781725888324873,0.0001827959390862944,0.8781725888324873,0.07106598984771574,0.0,0.817258883248731
2model_gemini_flash_deepseek_v3,"gemini_flash,deepseek_v3",232,knn_router,0.8781725888324873,0.0001984031472081218,0.8781725888324873,0.07106598984771574,0.0,0.9289340101522843
2model_gemini_flash_deepseek_v3,"gemini_flash,deepseek_v3",232,decision_tree_router,0.8984771573604061,0.0001681018883248731,0.8984771573604061,0.050761421319796954,0.0,0.7309644670050761
2model_gemini_flash_deepseek_v3,"gemini_flash,deepseek_v3",232,random_forest_router,0.8934010152284264,0.0001805948223350254,0.8934010152284264,0.05583756345177665,0.0,0.8223350253807107
2model_gemini_flash_deepseek_v3,"gemini_flash,deepseek_v3",232,extra_trees_router,0.9137055837563451,0.00017134383756345182,0.9137055837563451,0.03553299492385787,0.0,0.7817258883248731
2model_gemini_flash_deepseek_v3,"gemini_flash,deepseek_v3",232,mlp_router,0.8883248730964467,0.00018876250761421318,0.8883248730964467,0.06091370558375635,0.0,0.883248730964467
2model_gemini_flash_deepseek_v3,"gemini_flash,deepseek_v3",232,tfidf_logistic_router,0.883248730964467,0.00018428990862944162,0.883248730964467,0.06598984771573604,0.0,0.8426395939086294
2model_gemini_flash_deepseek_v3,"gemini_flash,deepseek_v3",232,tfidf_linear_svm_router,0.8730964467005076,0.0001987177664974619,0.8730964467005076,0.07614213197969544,0.0,0.9137055837563451
2model_gemini_flash_deepseek_v3,"gemini_flash,deepseek_v3",232,tfidf_mlp_router,0.8730964467005076,0.0001996859898477157,0.8730964467005076,0.07614213197969544,0.0,0.9187817258883249
2model_gemini_flash_deepseek_v3,"gemini_flash,deepseek_v3",233,always_gemini_flash,0.8629441624365483,0.00019355837563451775,0.8629441624365483,0.08121827411167512,0.0,0.9187817258883249
2model_gemini_flash_deepseek_v3,"gemini_flash,deepseek_v3",233,always_deepseek_v3,0.9187817258883249,7.352493401015228e-05,0.9187817258883249,0.025380710659898477,0.0,0.08121827411167512
2model_gemini_flash_deepseek_v3,"gemini_flash,deepseek_v3",233,random,0.8883248730964467,0.00013153614213197968,0.8883248730964467,0.05583756345177665,0.0,0.4467005076142132
2model_gemini_flash_deepseek_v3,"gemini_flash,deepseek_v3",233,oracle,0.9441624365482234,0.00018425539086294415,0.9441624365482234,0.0,0.0,1.0
2model_gemini_flash_deepseek_v3,"gemini_flash,deepseek_v3",233,logistic_router,0.9035532994923858,0.00017134491370558375,0.9035532994923858,0.04060913705583756,0.0,0.7918781725888325
2model_gemini_flash_deepseek_v3,"gemini_flash,deepseek_v3",233,linear_svm_router,0.8781725888324873,0.00018259624365482232,0.8781725888324873,0.06598984771573604,0.0,0.8324873096446701
2model_gemini_flash_deepseek_v3,"gemini_flash,deepseek_v3",233,knn_router,0.8629441624365483,0.00019355837563451775,0.8629441624365483,0.08121827411167512,0.0,0.9187817258883249
2model_gemini_flash_deepseek_v3,"gemini_flash,deepseek_v3",233,decision_tree_router,0.9035532994923858,0.0001588497969543147,0.9035532994923858,0.04060913705583756,0.0,0.6649746192893401
2model_gemini_flash_deepseek_v3,"gemini_flash,deepseek_v3",233,random_forest_router,0.9035532994923858,0.00017987726903553295,0.9035532994923858,0.04060913705583756,0.0,0.8477157360406091
2model_gemini_flash_deepseek_v3,"gemini_flash,deepseek_v3",233,extra_trees_router,0.9035532994923858,0.0001703222842639594,0.9035532994923858,0.04060913705583756,0.0,0.7614213197969543
2model_gemini_flash_deepseek_v3,"gemini_flash,deepseek_v3",233,mlp_router,0.8730964467005076,0.00019099646700507613,0.8730964467005076,0.07106598984771574,0.0,0.9086294416243654
2model_gemini_flash_deepseek_v3,"gemini_flash,deepseek_v3",233,tfidf_logistic_router,0.8883248730964467,0.0001802383350253807,0.8883248730964467,0.05583756345177665,0.0,0.8426395939086294
2model_gemini_flash_deepseek_v3,"gemini_flash,deepseek_v3",233,tfidf_linear_svm_router,0.8730964467005076,0.0001904499187817259,0.8730964467005076,0.07106598984771574,0.0,0.8984771573604061
2model_gemini_flash_deepseek_v3,"gemini_flash,deepseek_v3",233,tfidf_mlp_router,0.868020304568528,0.0001916078984771574,0.868020304568528,0.07614213197969544,0.0,0.9086294416243654
2model_gemini_flash_granite_8b,"gemini_flash,granite_8b",229,always_gemini_flash,0.8781725888324873,0.00018899238578680202,0.8781725888324873,0.050761421319796954,0.0,0.949238578680203
2model_gemini_flash_granite_8b,"gemini_flash,granite_8b",229,always_granite_8b,0.8375634517766497,1.603908629441624e-05,0.8375634517766497,0.09137055837563451,0.0,0.050761421319796954
2model_gemini_flash_granite_8b,"gemini_flash,granite_8b",229,random,0.8426395939086294,0.0001024218274111675,0.8426395939086294,0.08629441624365482,0.0,0.4517766497461929
2model_gemini_flash_granite_8b,"gemini_flash,granite_8b",229,oracle,0.9289340101522843,0.0001793203045685279,0.9289340101522843,0.0,0.0,1.0
2model_gemini_flash_granite_8b,"gemini_flash,granite_8b",229,logistic_router,0.883248730964467,0.00015731370558375631,0.883248730964467,0.04568527918781726,0.0,0.8274111675126904
2model_gemini_flash_granite_8b,"gemini_flash,granite_8b",229,linear_svm_router,0.8781725888324873,0.000169553807106599,0.8781725888324873,0.050761421319796954,0.0,0.8578680203045685
2model_gemini_flash_granite_8b,"gemini_flash,granite_8b",229,knn_router,0.8781725888324873,0.00018899238578680202,0.8781725888324873,0.050761421319796954,0.0,0.949238578680203
2model_gemini_flash_granite_8b,"gemini_flash,granite_8b",229,decision_tree_router,0.8527918781725888,0.0001543246192893401,0.8527918781725888,0.07614213197969544,0.0,0.7614213197969543
2model_gemini_flash_granite_8b,"gemini_flash,granite_8b",229,random_forest_router,0.8781725888324873,0.00016539467005076143,0.8781725888324873,0.050761421319796954,0.0,0.8426395939086294
2model_gemini_flash_granite_8b,"gemini_flash,granite_8b",229,extra_trees_router,0.883248730964467,0.0001521748730964467,0.883248730964467,0.04568527918781726,0.0,0.7918781725888325
2model_gemini_flash_granite_8b,"gemini_flash,granite_8b",229,mlp_router,0.8781725888324873,0.00018391497461928938,0.8781725888324873,0.050761421319796954,0.0,0.9289340101522843
2model_gemini_flash_granite_8b,"gemini_flash,granite_8b",229,tfidf_logistic_router,0.8781725888324873,0.00017495203045685278,0.8781725888324873,0.050761421319796954,0.0,0.8984771573604061
2model_gemini_flash_granite_8b,"gemini_flash,granite_8b",229,tfidf_linear_svm_router,0.8730964467005076,0.0001852652284263959,0.8730964467005076,0.05583756345177665,0.0,0.9390862944162437
2model_gemini_flash_granite_8b,"gemini_flash,granite_8b",229,tfidf_mlp_router,0.8781725888324873,0.0001858492385786802,0.8781725888324873,0.050761421319796954,0.0,0.9390862944162437
2model_gemini_flash_granite_8b,"gemini_flash,granite_8b",230,always_gemini_flash,0.8781725888324873,0.00019350913705583754,0.8781725888324873,0.04568527918781726,0.0,0.9543147208121827
2model_gemini_flash_granite_8b,"gemini_flash,granite_8b",230,always_granite_8b,0.8477157360406091,1.58748730964467e-05,0.8477157360406091,0.07614213197969544,0.0,0.04568527918781726
2model_gemini_flash_granite_8b,"gemini_flash,granite_8b",230,random,0.8578680203045685,0.00010640431472081218,0.8578680203045685,0.06598984771573604,0.0,0.5126903553299492
2model_gemini_flash_granite_8b,"gemini_flash,granite_8b",230,oracle,0.9238578680203046,0.00018279873096446698,0.9238578680203046,0.0,0.0,1.0
2model_gemini_flash_granite_8b,"gemini_flash,granite_8b",230,logistic_router,0.883248730964467,0.000161497461928934,0.883248730964467,0.04060913705583756,0.0,0.8071065989847716
2model_gemini_flash_granite_8b,"gemini_flash,granite_8b",230,linear_svm_router,0.8730964467005076,0.00017066827411167513,0.8730964467005076,0.050761421319796954,0.0,0.8274111675126904
2model_gemini_flash_granite_8b,"gemini_flash,granite_8b",230,knn_router,0.8781725888324873,0.00019350913705583754,0.8781725888324873,0.04568527918781726,0.0,0.9543147208121827
2model_gemini_flash_granite_8b,"gemini_flash,granite_8b",230,decision_tree_router,0.8781725888324873,0.000155196192893401,0.8781725888324873,0.04568527918781726,0.0,0.7411167512690355
2model_gemini_flash_granite_8b,"gemini_flash,granite_8b",230,random_forest_router,0.8883248730964467,0.0001633286802030457,0.8883248730964467,0.03553299492385787,0.0,0.8121827411167513
2model_gemini_flash_granite_8b,"gemini_flash,granite_8b",230,extra_trees_router,0.883248730964467,0.000153746192893401,0.883248730964467,0.04060913705583756,0.0,0.7411167512690355
2model_gemini_flash_granite_8b,"gemini_flash,granite_8b",230,mlp_router,0.8781725888324873,0.00019125456852791875,0.8781725888324873,0.04568527918781726,0.0,0.9390862944162437
2model_gemini_flash_granite_8b,"gemini_flash,granite_8b",230,tfidf_logistic_router,0.883248730964467,0.00017643375634517763,0.883248730964467,0.04060913705583756,0.0,0.8781725888324873
2model_gemini_flash_granite_8b,"gemini_flash,granite_8b",230,tfidf_linear_svm_router,0.8730964467005076,0.00019057969543147209,0.8730964467005076,0.050761421319796954,0.0,0.9390862944162437
2model_gemini_flash_granite_8b,"gemini_flash,granite_8b",230,tfidf_mlp_router,0.8781725888324873,0.00019350913705583754,0.8781725888324873,0.04568527918781726,0.0,0.9543147208121827
2model_gemini_flash_granite_8b,"gemini_flash,granite_8b",231,always_gemini_flash,0.8527918781725888,0.00019614467005076141,0.8527918781725888,0.06091370558375635,0.0,0.9390862944162437
2model_gemini_flash_granite_8b,"gemini_flash,granite_8b",231,always_granite_8b,0.8527918781725888,1.6751015228426392e-05,0.8527918781725888,0.06091370558375635,0.0,0.06091370558375635
2model_gemini_flash_granite_8b,"gemini_flash,granite_8b",231,random,0.8578680203045685,0.00010886116751269034,0.8578680203045685,0.05583756345177665,0.0,0.48223350253807107
2model_gemini_flash_granite_8b,"gemini_flash,granite_8b",231,oracle,0.9137055837563451,0.00018319137055837565,0.9137055837563451,0.0,0.0,1.0
2model_gemini_flash_granite_8b,"gemini_flash,granite_8b",231,logistic_router,0.8527918781725888,0.00015420380710659898,0.8527918781725888,0.06091370558375635,0.0,0.7208121827411168
2model_gemini_flash_granite_8b,"gemini_flash,granite_8b",231,linear_svm_router,0.8477157360406091,0.00016653959390862944,0.8477157360406091,0.06598984771573604,0.0,0.7817258883248731
2model_gemini_flash_granite_8b,"gemini_flash,granite_8b",231,knn_router,0.8527918781725888,0.00019614467005076141,0.8527918781725888,0.06091370558375635,0.0,0.9390862944162437
2model_gemini_flash_granite_8b,"gemini_flash,granite_8b",231,decision_tree_router,0.868020304568528,0.0001416540609137056,0.868020304568528,0.04568527918781726,0.0,0.7258883248730964
2model_gemini_flash_granite_8b,"gemini_flash,granite_8b",231,random_forest_router,0.8629441624365483,0.00015578883248730963,0.8629441624365483,0.050761421319796954,0.0,0.766497461928934
2model_gemini_flash_granite_8b,"gemini_flash,granite_8b",231,extra_trees_router,0.8629441624365483,0.00015353324873096445,0.8629441624365483,0.050761421319796954,0.0,0.7461928934010152
2model_gemini_flash_granite_8b,"gemini_flash,granite_8b",231,mlp_router,0.8527918781725888,0.0001926225888324873,0.8527918781725888,0.06091370558375635,0.0,0.9137055837563451
2model_gemini_flash_granite_8b,"gemini_flash,granite_8b",231,tfidf_logistic_router,0.8578680203045685,0.0001711776649746193,0.8578680203045685,0.05583756345177665,0.0,0.8274111675126904
2model_gemini_flash_granite_8b,"gemini_flash,granite_8b",231,tfidf_linear_svm_router,0.8527918781725888,0.00019050939086294414,0.8527918781725888,0.06091370558375635,0.0,0.9086294416243654
2model_gemini_flash_granite_8b,"gemini_flash,granite_8b",231,tfidf_mlp_router,0.8527918781725888,0.00019333984771573604,0.8527918781725888,0.06091370558375635,0.0,0.9289340101522843
2model_gemini_flash_granite_8b,"gemini_flash,granite_8b",232,always_gemini_flash,0.8730964467005076,0.00020018730964467004,0.8730964467005076,0.07106598984771574,0.0,0.9289340101522843
2model_gemini_flash_granite_8b,"gemini_flash,granite_8b",232,always_granite_8b,0.868020304568528,1.6348477157360407e-05,0.868020304568528,0.07614213197969544,0.0,0.07106598984771574
2model_gemini_flash_granite_8b,"gemini_flash,granite_8b",232,random,0.8883248730964467,0.00011532131979695431,0.8883248730964467,0.05583756345177665,0.0,0.49746192893401014
2model_gemini_flash_granite_8b,"gemini_flash,granite_8b",232,oracle,0.9441624365482234,0.00018409543147208119,0.9441624365482234,0.0,0.0,1.0
2model_gemini_flash_granite_8b,"gemini_flash,granite_8b",232,logistic_router,0.8730964467005076,0.00017045837563451778,0.8730964467005076,0.07106598984771574,0.0,0.7918781725888325
2model_gemini_flash_granite_8b,"gemini_flash,granite_8b",232,linear_svm_router,0.8730964467005076,0.00018211700507614215,0.8730964467005076,0.07106598984771574,0.0,0.8324873096446701
2model_gemini_flash_granite_8b,"gemini_flash,granite_8b",232,knn_router,0.8730964467005076,0.00020018730964467004,0.8730964467005076,0.07106598984771574,0.0,0.9289340101522843
2model_gemini_flash_granite_8b,"gemini_flash,granite_8b",232,decision_tree_router,0.883248730964467,0.00013681802030456855,0.883248730964467,0.06091370558375635,0.0,0.700507614213198
2model_gemini_flash_granite_8b,"gemini_flash,granite_8b",232,random_forest_router,0.8781725888324873,0.00018064060913705582,0.8781725888324873,0.06598984771573604,0.0,0.8527918781725888
2model_gemini_flash_granite_8b,"gemini_flash,granite_8b",232,extra_trees_router,0.8883248730964467,0.00015727157360406093,0.8883248730964467,0.05583756345177665,0.0,0.7614213197969543
2model_gemini_flash_granite_8b,"gemini_flash,granite_8b",232,mlp_router,0.8730964467005076,0.00019653883248730962,0.8730964467005076,0.07106598984771574,0.0,0.9086294416243654
2model_gemini_flash_granite_8b,"gemini_flash,granite_8b",232,tfidf_logistic_router,0.8730964467005076,0.00018701040609137056,0.8730964467005076,0.07106598984771574,0.0,0.8730964467005076
2model_gemini_flash_granite_8b,"gemini_flash,granite_8b",232,tfidf_linear_svm_router,0.8730964467005076,0.00020018730964467004,0.8730964467005076,0.07106598984771574,0.0,0.9289340101522843
2model_gemini_flash_granite_8b,"gemini_flash,granite_8b",232,tfidf_mlp_router,0.8730964467005076,0.00020018730964467004,0.8730964467005076,0.07106598984771574,0.0,0.9289340101522843
2model_gemini_flash_granite_8b,"gemini_flash,granite_8b",233,always_gemini_flash,0.8629441624365483,0.00019355837563451775,0.8629441624365483,0.05583756345177665,0.0,0.9441624365482234
2model_gemini_flash_granite_8b,"gemini_flash,granite_8b",233,always_granite_8b,0.8527918781725888,1.6294162436548225e-05,0.8527918781725888,0.06598984771573604,0.0,0.05583756345177665
2model_gemini_flash_granite_8b,"gemini_flash,granite_8b",233,random,0.8527918781725888,0.00010176878172588833,0.8527918781725888,0.06598984771573604,0.0,0.4619289340101523
2model_gemini_flash_granite_8b,"gemini_flash,granite_8b",233,oracle,0.9187817258883249,0.00018193781725888328,0.9187817258883249,0.0,0.0,1.0
2model_gemini_flash_granite_8b,"gemini_flash,granite_8b",233,logistic_router,0.868020304568528,0.00016618629441624363,0.868020304568528,0.050761421319796954,0.0,0.817258883248731
2model_gemini_flash_granite_8b,"gemini_flash,granite_8b",233,linear_svm_router,0.8578680203045685,0.00017192639593908627,0.8578680203045685,0.06091370558375635,0.0,0.8274111675126904
2model_gemini_flash_granite_8b,"gemini_flash,granite_8b",233,knn_router,0.8629441624365483,0.00019355837563451775,0.8629441624365483,0.05583756345177665,0.0,0.9441624365482234
2model_gemini_flash_granite_8b,"gemini_flash,granite_8b",233,decision_tree_router,0.8527918781725888,0.00015213172588832486,0.8527918781725888,0.06598984771573604,0.0,0.6954314720812182
2model_gemini_flash_granite_8b,"gemini_flash,granite_8b",233,random_forest_router,0.8730964467005076,0.00017031091370558378,0.8730964467005076,0.04568527918781726,0.0,0.8223350253807107
2model_gemini_flash_granite_8b,"gemini_flash,granite_8b",233,extra_trees_router,0.8730964467005076,0.0001550010152284264,0.8730964467005076,0.04568527918781726,0.0,0.7563451776649747
2model_gemini_flash_granite_8b,"gemini_flash,granite_8b",233,mlp_router,0.8629441624365483,0.00018768730964467006,0.8629441624365483,0.05583756345177665,0.0,0.9187817258883249
2model_gemini_flash_granite_8b,"gemini_flash,granite_8b",233,tfidf_logistic_router,0.8629441624365483,0.00017182487309644673,0.8629441624365483,0.05583756345177665,0.0,0.8477157360406091
2model_gemini_flash_granite_8b,"gemini_flash,granite_8b",233,tfidf_linear_svm_router,0.8629441624365483,0.00019260177664974623,0.8629441624365483,0.05583756345177665,0.0,0.9390862944162437
2model_gemini_flash_granite_8b,"gemini_flash,granite_8b",233,tfidf_mlp_router,0.8629441624365483,0.00019200685279187818,0.8629441624365483,0.05583756345177665,0.0,0.934010152284264
2model_qwen_30b_llama_70b,"qwen_30b,llama_70b",229,always_qwen_30b,0.868020304568528,2.3474460913705585e-05,0.868020304568528,0.06091370558375635,0.0,0.9390862944162437
2model_qwen_30b_llama_70b,"qwen_30b,llama_70b",229,always_llama_70b,0.8934010152284264,5.343402538071066e-05,0.8934010152284264,0.03553299492385787,0.0,0.06091370558375635
2model_qwen_30b_llama_70b,"qwen_30b,llama_70b",229,random,0.8781725888324873,3.947131979695432e-05,0.8781725888324873,0.050761421319796954,0.0,0.4517766497461929
2model_qwen_30b_llama_70b,"qwen_30b,llama_70b",229,oracle,0.9289340101522843,2.579014111675127e-05,0.9289340101522843,0.0,0.0,1.0
2model_qwen_30b_llama_70b,"qwen_30b,llama_70b",229,logistic_router,0.883248730964467,2.9592217258883255e-05,0.883248730964467,0.04568527918781726,0.0,0.7868020304568528
2model_qwen_30b_llama_70b,"qwen_30b,llama_70b",229,linear_svm_router,0.883248730964467,2.999643553299493e-05,0.883248730964467,0.04568527918781726,0.0,0.7868020304568528
2model_qwen_30b_llama_70b,"qwen_30b,llama_70b",229,knn_router,0.868020304568528,2.4498016243654823e-05,0.868020304568528,0.06091370558375635,0.0,0.9289340101522843
2model_qwen_30b_llama_70b,"qwen_30b,llama_70b",229,decision_tree_router,0.883248730964467,3.2033606091370556e-05,0.883248730964467,0.04568527918781726,0.0,0.6852791878172588
2model_qwen_30b_llama_70b,"qwen_30b,llama_70b",229,random_forest_router,0.868020304568528,2.810129644670051e-05,0.868020304568528,0.06091370558375635,0.0,0.7969543147208121
2model_qwen_30b_llama_70b,"qwen_30b,llama_70b",229,extra_trees_router,0.8730964467005076,2.8950535025380715e-05,0.8730964467005076,0.05583756345177665,0.0,0.7614213197969543
2model_qwen_30b_llama_70b,"qwen_30b,llama_70b",229,mlp_router,0.8730964467005076,2.38115269035533e-05,0.8730964467005076,0.05583756345177665,0.0,0.9238578680203046
2model_qwen_30b_llama_70b,"qwen_30b,llama_70b",229,tfidf_logistic_router,0.8730964467005076,2.7784886294416246e-05,0.8730964467005076,0.05583756345177665,0.0,0.8375634517766497
2model_qwen_30b_llama_70b,"qwen_30b,llama_70b",229,tfidf_linear_svm_router,0.8730964467005076,2.3789902538071066e-05,0.8730964467005076,0.05583756345177665,0.0,0.9289340101522843
2model_qwen_30b_llama_70b,"qwen_30b,llama_70b",229,tfidf_mlp_router,0.868020304568528,2.3455679187817263e-05,0.868020304568528,0.06091370558375635,0.0,0.934010152284264
2model_qwen_30b_llama_70b,"qwen_30b,llama_70b",230,always_qwen_30b,0.9187817258883249,2.4823336040609136e-05,0.9187817258883249,0.030456852791878174,0.0,0.9695431472081218
2model_qwen_30b_llama_70b,"qwen_30b,llama_70b",230,always_llama_70b,0.8781725888324873,0.010206027761421321,0.8781725888324873,0.07106598984771574,0.0,0.030456852791878174
2model_qwen_30b_llama_70b,"qwen_30b,llama_70b",230,random,0.9035532994923858,0.01019215576751269,0.9035532994923858,0.04568527918781726,0.0,0.5076142131979695
2model_qwen_30b_llama_70b,"qwen_30b,llama_70b",230,oracle,0.949238578680203,2.6049299492385787e-05,0.949238578680203,0.0,0.0,1.0
2model_qwen_30b_llama_70b,"qwen_30b,llama_70b",230,logistic_router,0.8984771573604061,3.1582282233502536e-05,0.8984771573604061,0.050761421319796954,0.0,0.7918781725888325
2model_qwen_30b_llama_70b,"qwen_30b,llama_70b",230,linear_svm_router,0.9035532994923858,3.161238883248731e-05,0.9035532994923858,0.04568527918781726,0.0,0.8020304568527918
2model_qwen_30b_llama_70b,"qwen_30b,llama_70b",230,knn_router,0.9187817258883249,2.4984651776649745e-05,0.9187817258883249,0.030456852791878174,0.0,0.9593908629441624
2model_qwen_30b_llama_70b,"qwen_30b,llama_70b",230,decision_tree_router,0.9086294416243654,0.00510958578781726,0.9086294416243654,0.04060913705583756,0.0,0.7360406091370558
2model_qwen_30b_llama_70b,"qwen_30b,llama_70b",230,random_forest_router,0.8984771573604061,2.8206426395939086e-05,0.8984771573604061,0.050761421319796954,0.0,0.8527918781725888
2model_qwen_30b_llama_70b,"qwen_30b,llama_70b",230,extra_trees_router,0.9035532994923858,3.0916016243654825e-05,0.9035532994923858,0.04568527918781726,0.0,0.7766497461928934
2model_qwen_30b_llama_70b,"qwen_30b,llama_70b",230,mlp_router,0.9238578680203046,2.67170192893401e-05,0.9238578680203046,0.025380710659898477,0.0,0.949238578680203
2model_qwen_30b_llama_70b,"qwen_30b,llama_70b",230,tfidf_logistic_router,0.9187817258883249,2.803856345177665e-05,0.9187817258883249,0.030456852791878174,0.0,0.8730964467005076
2model_qwen_30b_llama_70b,"qwen_30b,llama_70b",230,tfidf_linear_svm_router,0.9238578680203046,2.5172659898477156e-05,0.9238578680203046,0.025380710659898477,0.0,0.9441624365482234
2model_qwen_30b_llama_70b,"qwen_30b,llama_70b",230,tfidf_mlp_router,0.9187817258883249,2.5048548223350252e-05,0.9187817258883249,0.030456852791878174,0.0,0.9644670050761421
2model_qwen_30b_llama_70b,"qwen_30b,llama_70b",231,always_qwen_30b,0.8883248730964467,2.600484670050761e-05,0.8883248730964467,0.05583756345177665,0.0,0.9441624365482234
2model_qwen_30b_llama_70b,"qwen_30b,llama_70b",231,always_llama_70b,0.8984771573604061,0.0051297422944162445,0.8984771573604061,0.04568527918781726,0.0,0.05583756345177665
2model_qwen_30b_llama_70b,"qwen_30b,llama_70b",231,random,0.8781725888324873,0.005117275551269036,0.8781725888324873,0.06598984771573604,0.0,0.45685279187817257
2model_qwen_30b_llama_70b,"qwen_30b,llama_70b",231,oracle,0.9441624365482234,2.7760851776649744e-05,0.9441624365482234,0.0,0.0,1.0
2model_qwen_30b_llama_70b,"qwen_30b,llama_70b",231,logistic_router,0.8934010152284264,3.187287208121827e-05,0.8934010152284264,0.050761421319796954,0.0,0.766497461928934
2model_qwen_30b_llama_70b,"qwen_30b,llama_70b",231,linear_svm_router,0.8934010152284264,3.29706345177665e-05,0.8934010152284264,0.050761421319796954,0.0,0.7411167512690355
2model_qwen_30b_llama_70b,"qwen_30b,llama_70b",231,knn_router,0.8883248730964467,2.688027817258883e-05,0.8883248730964467,0.05583756345177665,0.0,0.934010152284264
2model_qwen_30b_llama_70b,"qwen_30b,llama_70b",231,decision_tree_router,0.9086294416243654,0.0051093387086294404,0.9086294416243654,0.03553299492385787,0.0,0.7411167512690355
2model_qwen_30b_llama_70b,"qwen_30b,llama_70b",231,random_forest_router,0.8781725888324873,2.8973861928934003e-05,0.8781725888324873,0.06598984771573604,0.0,0.8477157360406091
2model_qwen_30b_llama_70b,"qwen_30b,llama_70b",231,extra_trees_router,0.8984771573604061,3.1907159390862946e-05,0.8984771573604061,0.04568527918781726,0.0,0.8071065989847716
2model_qwen_30b_llama_70b,"qwen_30b,llama_70b",231,mlp_router,0.8883248730964467,2.6196048730964466e-05,0.8883248730964467,0.05583756345177665,0.0,0.934010152284264
2model_qwen_30b_llama_70b,"qwen_30b,llama_70b",231,tfidf_logistic_router,0.8934010152284264,2.9735520812182737e-05,0.8934010152284264,0.050761421319796954,0.0,0.8730964467005076
2model_qwen_30b_llama_70b,"qwen_30b,llama_70b",231,tfidf_linear_svm_router,0.8934010152284264,2.642198781725888e-05,0.8934010152284264,0.050761421319796954,0.0,0.9390862944162437
2model_qwen_30b_llama_70b,"qwen_30b,llama_70b",231,tfidf_mlp_router,0.8883248730964467,2.6230058883248732e-05,0.8883248730964467,0.05583756345177665,0.0,0.9390862944162437
2model_qwen_30b_llama_70b,"qwen_30b,llama_70b",232,always_qwen_30b,0.9137055837563451,2.631308629441624e-05,0.9137055837563451,0.04568527918781726,0.0,0.9543147208121827
2model_qwen_30b_llama_70b,"qwen_30b,llama_70b",232,always_llama_70b,0.9187817258883249,5.5371817258883244e-05,0.9187817258883249,0.04060913705583756,0.0,0.04568527918781726
2model_qwen_30b_llama_70b,"qwen_30b,llama_70b",232,random,0.9035532994923858,4.1713177664974616e-05,0.9035532994923858,0.05583756345177665,0.0,0.48223350253807107
2model_qwen_30b_llama_70b,"qwen_30b,llama_70b",232,oracle,0.9593908629441624,2.8180278172588826e-05,0.9593908629441624,0.0,0.0,1.0
2model_qwen_30b_llama_70b,"qwen_30b,llama_70b",232,logistic_router,0.9086294416243654,3.1498164467005074e-05,0.9086294416243654,0.050761421319796954,0.0,0.7766497461928934
2model_qwen_30b_llama_70b,"qwen_30b,llama_70b",232,linear_svm_router,0.9035532994923858,3.2729340101522836e-05,0.9035532994923858,0.05583756345177665,0.0,0.7817258883248731
2model_qwen_30b_llama_70b,"qwen_30b,llama_70b",232,knn_router,0.9137055837563451,2.709711472081218e-05,0.9137055837563451,0.04568527918781726,0.0,0.9441624365482234
2model_qwen_30b_llama_70b,"qwen_30b,llama_70b",232,decision_tree_router,0.9187817258883249,3.1161159390862944e-05,0.9187817258883249,0.04060913705583756,0.0,0.7918781725888325
2model_qwen_30b_llama_70b,"qwen_30b,llama_70b",232,random_forest_router,0.9086294416243654,2.972089543147208e-05,0.9086294416243654,0.050761421319796954,0.0,0.8578680203045685
2model_qwen_30b_llama_70b,"qwen_30b,llama_70b",232,extra_trees_router,0.9086294416243654,3.244698375634517e-05,0.9086294416243654,0.050761421319796954,0.0,0.8071065989847716
2model_qwen_30b_llama_70b,"qwen_30b,llama_70b",232,mlp_router,0.9187817258883249,2.7891016243654823e-05,0.9187817258883249,0.04060913705583756,0.0,0.934010152284264
2model_qwen_30b_llama_70b,"qwen_30b,llama_70b",232,tfidf_logistic_router,0.9086294416243654,2.9531919796954316e-05,0.9086294416243654,0.050761421319796954,0.0,0.8375634517766497
2model_qwen_30b_llama_70b,"qwen_30b,llama_70b",232,tfidf_linear_svm_router,0.9137055837563451,2.674723654822335e-05,0.9137055837563451,0.04568527918781726,0.0,0.9390862944162437
2model_qwen_30b_llama_70b,"qwen_30b,llama_70b",232,tfidf_mlp_router,0.9137055837563451,2.631308629441624e-05,0.9137055837563451,0.04568527918781726,0.0,0.9543147208121827
2model_qwen_30b_llama_70b,"qwen_30b,llama_70b",233,always_qwen_30b,0.9086294416243654,2.511114720812183e-05,0.9086294416243654,0.03553299492385787,0.0,0.9644670050761421
2model_qwen_30b_llama_70b,"qwen_30b,llama_70b",233,always_llama_70b,0.883248730964467,5.4729203045685284e-05,0.883248730964467,0.06091370558375635,0.0,0.03553299492385787
2model_qwen_30b_llama_70b,"qwen_30b,llama_70b",233,random,0.883248730964467,4.073204365482233e-05,0.883248730964467,0.06091370558375635,0.0,0.4517766497461929
2model_qwen_30b_llama_70b,"qwen_30b,llama_70b",233,oracle,0.9441624365482234,2.6083146192893404e-05,0.9441624365482234,0.0,0.0,1.0
2model_qwen_30b_llama_70b,"qwen_30b,llama_70b",233,logistic_router,0.9137055837563451,3.076046598984772e-05,0.9137055837563451,0.030456852791878174,0.0,0.8223350253807107
2model_qwen_30b_llama_70b,"qwen_30b,llama_70b",233,linear_svm_router,0.9137055837563451,3.113557258883248e-05,0.9137055837563451,0.030456852791878174,0.0,0.8020304568527918
2model_qwen_30b_llama_70b,"qwen_30b,llama_70b",233,knn_router,0.9086294416243654,2.511114720812183e-05,0.9086294416243654,0.03553299492385787,0.0,0.9644670050761421
2model_qwen_30b_llama_70b,"qwen_30b,llama_70b",233,decision_tree_router,0.8984771573604061,3.08011076142132e-05,0.8984771573604061,0.04568527918781726,0.0,0.751269035532995
2model_qwen_30b_llama_70b,"qwen_30b,llama_70b",233,random_forest_router,0.9086294416243654,2.8053895431472077e-05,0.9086294416243654,0.03553299492385787,0.0,0.883248730964467
2model_qwen_30b_llama_70b,"qwen_30b,llama_70b",233,extra_trees_router,0.9137055837563451,2.95853269035533e-05,0.9137055837563451,0.030456852791878174,0.0,0.8274111675126904
2model_qwen_30b_llama_70b,"qwen_30b,llama_70b",233,mlp_router,0.9086294416243654,2.5410251776649743e-05,0.9086294416243654,0.03553299492385787,0.0,0.9543147208121827
2model_qwen_30b_llama_70b,"qwen_30b,llama_70b",233,tfidf_logistic_router,0.9137055837563451,2.6262251776649744e-05,0.9137055837563451,0.030456852791878174,0.0,0.9187817258883249
2model_qwen_30b_llama_70b,"qwen_30b,llama_70b",233,tfidf_linear_svm_router,0.9086294416243654,2.511114720812183e-05,0.9086294416243654,0.03553299492385787,0.0,0.9644670050761421
2model_qwen_30b_llama_70b,"qwen_30b,llama_70b",233,tfidf_mlp_router,0.9086294416243654,2.511114720812183e-05,0.9086294416243654,0.03553299492385787,0.0,0.9644670050761421
2model_qwen_30b_deepseek_v3,"qwen_30b,deepseek_v3",229,always_qwen_30b,0.868020304568528,2.3474460913705585e-05,0.868020304568528,0.07106598984771574,0.0,0.9289340101522843
2model_qwen_30b_deepseek_v3,"qwen_30b,deepseek_v3",229,always_deepseek_v3,0.883248730964467,7.042395939086295e-05,0.883248730964467,0.05583756345177665,0.0,0.07106598984771574
2model_qwen_30b_deepseek_v3,"qwen_30b,deepseek_v3",229,random,0.8781725888324873,4.7690944162436547e-05,0.8781725888324873,0.06091370558375635,0.0,0.4517766497461929
2model_qwen_30b_deepseek_v3,"qwen_30b,deepseek_v3",229,oracle,0.9390862944162437,2.6949376649746195e-05,0.9390862944162437,0.0,0.0,1.0
2model_qwen_30b_deepseek_v3,"qwen_30b,deepseek_v3",229,logistic_router,0.8578680203045685,3.173776649746193e-05,0.8578680203045685,0.08121827411167512,0.0,0.7766497461928934
2model_qwen_30b_deepseek_v3,"qwen_30b,deepseek_v3",229,linear_svm_router,0.8629441624365483,3.0458714720812185e-05,0.8629441624365483,0.07614213197969544,0.0,0.8071065989847716
2model_qwen_30b_deepseek_v3,"qwen_30b,deepseek_v3",229,knn_router,0.868020304568528,2.3474460913705585e-05,0.868020304568528,0.07106598984771574,0.0,0.9289340101522843
2model_qwen_30b_deepseek_v3,"qwen_30b,deepseek_v3",229,decision_tree_router,0.883248730964467,3.2885839593908626e-05,0.883248730964467,0.05583756345177665,0.0,0.7411167512690355
2model_qwen_30b_deepseek_v3,"qwen_30b,deepseek_v3",229,random_forest_router,0.868020304568528,2.542128324873096e-05,0.868020304568528,0.07106598984771574,0.0,0.8730964467005076
2model_qwen_30b_deepseek_v3,"qwen_30b,deepseek_v3",229,extra_trees_router,0.8730964467005076,2.8753748223350256e-05,0.8730964467005076,0.06598984771573604,0.0,0.8071065989847716
2model_qwen_30b_deepseek_v3,"qwen_30b,deepseek_v3",229,mlp_router,0.8730964467005076,2.4606696446700513e-05,0.8730964467005076,0.06598984771573604,0.0,0.9086294416243654
2model_qwen_30b_deepseek_v3,"qwen_30b,deepseek_v3",229,tfidf_logistic_router,0.868020304568528,2.530207106598985e-05,0.868020304568528,0.07106598984771574,0.0,0.883248730964467
2model_qwen_30b_deepseek_v3,"qwen_30b,deepseek_v3",229,tfidf_linear_svm_router,0.868020304568528,2.380270456852792e-05,0.868020304568528,0.07106598984771574,0.0,0.9137055837563451
2model_qwen_30b_deepseek_v3,"qwen_30b,deepseek_v3",229,tfidf_mlp_router,0.868020304568528,2.3474460913705585e-05,0.868020304568528,0.07106598984771574,0.0,0.9289340101522843
2model_qwen_30b_deepseek_v3,"qwen_30b,deepseek_v3",230,always_qwen_30b,0.9187817258883249,2.4823336040609136e-05,0.9187817258883249,0.025380710659898477,0.0,0.9746192893401016
2model_qwen_30b_deepseek_v3,"qwen_30b,deepseek_v3",230,always_deepseek_v3,0.9137055837563451,7.150268020304568e-05,0.9137055837563451,0.030456852791878174,0.0,0.025380710659898477
2model_qwen_30b_deepseek_v3,"qwen_30b,deepseek_v3",230,random,0.9086294416243654,4.710943756345178e-05,0.9086294416243654,0.03553299492385787,0.0,0.5126903553299492
2model_qwen_30b_deepseek_v3,"qwen_30b,deepseek_v3",230,oracle,0.9441624365482234,2.5396702538071065e-05,0.9441624365482234,0.0,0.0,1.0
2model_qwen_30b_deepseek_v3,"qwen_30b,deepseek_v3",230,logistic_router,0.9137055837563451,3.64291228426396e-05,0.9137055837563451,0.030456852791878174,0.0,0.751269035532995
2model_qwen_30b_deepseek_v3,"qwen_30b,deepseek_v3",230,linear_svm_router,0.9187817258883249,3.5017865989847716e-05,0.9187817258883249,0.025380710659898477,0.0,0.7563451776649747
2model_qwen_30b_deepseek_v3,"qwen_30b,deepseek_v3",230,knn_router,0.9187817258883249,2.5325329949238578e-05,0.9187817258883249,0.025380710659898477,0.0,0.9593908629441624
2model_qwen_30b_deepseek_v3,"qwen_30b,deepseek_v3",230,decision_tree_router,0.9187817258883249,3.313922030456853e-05,0.9187817258883249,0.025380710659898477,0.0,0.8121827411167513
2model_qwen_30b_deepseek_v3,"qwen_30b,deepseek_v3",230,random_forest_router,0.9137055837563451,2.858674517766497e-05,0.9137055837563451,0.030456852791878174,0.0,0.868020304568528
2model_qwen_30b_deepseek_v3,"qwen_30b,deepseek_v3",230,extra_trees_router,0.9137055837563451,3.37868e-05,0.9137055837563451,0.030456852791878174,0.0,0.7817258883248731
2model_qwen_30b_deepseek_v3,"qwen_30b,deepseek_v3",230,mlp_router,0.9187817258883249,2.696181319796954e-05,0.9187817258883249,0.025380710659898477,0.0,0.9289340101522843
2model_qwen_30b_deepseek_v3,"qwen_30b,deepseek_v3",230,tfidf_logistic_router,0.9137055837563451,3.0993173604060916e-05,0.9137055837563451,0.030456852791878174,0.0,0.868020304568528
2model_qwen_30b_deepseek_v3,"qwen_30b,deepseek_v3",230,tfidf_linear_svm_router,0.9187817258883249,2.608664974619289e-05,0.9187817258883249,0.025380710659898477,0.0,0.9593908629441624
2model_qwen_30b_deepseek_v3,"qwen_30b,deepseek_v3",230,tfidf_mlp_router,0.9187817258883249,2.5475502538071065e-05,0.9187817258883249,0.025380710659898477,0.0,0.9695431472081218
2model_qwen_30b_deepseek_v3,"qwen_30b,deepseek_v3",231,always_qwen_30b,0.8883248730964467,2.600484670050761e-05,0.8883248730964467,0.04568527918781726,0.0,0.9543147208121827
2model_qwen_30b_deepseek_v3,"qwen_30b,deepseek_v3",231,always_deepseek_v3,0.8984771573604061,7.693892385786802e-05,0.8984771573604061,0.03553299492385787,0.0,0.04568527918781726
2model_qwen_30b_deepseek_v3,"qwen_30b,deepseek_v3",231,random,0.868020304568528,5.1779541116751274e-05,0.868020304568528,0.06598984771573604,0.0,0.45685279187817257
2model_qwen_30b_deepseek_v3,"qwen_30b,deepseek_v3",231,oracle,0.934010152284264,2.7755388832487307e-05,0.934010152284264,0.0,0.0,1.0
2model_qwen_30b_deepseek_v3,"qwen_30b,deepseek_v3",231,logistic_router,0.8883248730964467,3.788216852791878e-05,0.8883248730964467,0.04568527918781726,0.0,0.7461928934010152
2model_qwen_30b_deepseek_v3,"qwen_30b,deepseek_v3",231,linear_svm_router,0.8883248730964467,3.627205482233503e-05,0.8883248730964467,0.04568527918781726,0.0,0.7563451776649747
2model_qwen_30b_deepseek_v3,"qwen_30b,deepseek_v3",231,knn_router,0.8883248730964467,2.6193319796954314e-05,0.8883248730964467,0.04568527918781726,0.0,0.9441624365482234
2model_qwen_30b_deepseek_v3,"qwen_30b,deepseek_v3",231,decision_tree_router,0.883248730964467,4.447661319796954e-05,0.883248730964467,0.050761421319796954,0.0,0.6091370558375635
2model_qwen_30b_deepseek_v3,"qwen_30b,deepseek_v3",231,random_forest_router,0.8781725888324873,2.9704024365482233e-05,0.8781725888324873,0.05583756345177665,0.0,0.8426395939086294
2model_qwen_30b_deepseek_v3,"qwen_30b,deepseek_v3",231,extra_trees_router,0.883248730964467,3.197369949238579e-05,0.883248730964467,0.050761421319796954,0.0,0.8071065989847716
2model_qwen_30b_deepseek_v3,"qwen_30b,deepseek_v3",231,mlp_router,0.8883248730964467,2.7490296446700503e-05,0.8883248730964467,0.04568527918781726,0.0,0.9238578680203046
2model_qwen_30b_deepseek_v3,"qwen_30b,deepseek_v3",231,tfidf_logistic_router,0.8883248730964467,2.896377664974619e-05,0.8883248730964467,0.04568527918781726,0.0,0.8984771573604061
2model_qwen_30b_deepseek_v3,"qwen_30b,deepseek_v3",231,tfidf_linear_svm_router,0.8883248730964467,2.665701319796954e-05,0.8883248730964467,0.04568527918781726,0.0,0.949238578680203
2model_qwen_30b_deepseek_v3,"qwen_30b,deepseek_v3",231,tfidf_mlp_router,0.8883248730964467,2.665701319796954e-05,0.8883248730964467,0.04568527918781726,0.0,0.949238578680203
2model_qwen_30b_deepseek_v3,"qwen_30b,deepseek_v3",232,always_qwen_30b,0.9137055837563451,2.631308629441624e-05,0.9137055837563451,0.030456852791878174,0.0,0.9695431472081218
2model_qwen_30b_deepseek_v3,"qwen_30b,deepseek_v3",232,always_deepseek_v3,0.9238578680203046,6.975652791878173e-05,0.9238578680203046,0.02030456852791878,0.0,0.030456852791878174
2model_qwen_30b_deepseek_v3,"qwen_30b,deepseek_v3",232,random,0.8984771573604061,4.812499492385787e-05,0.8984771573604061,0.04568527918781726,0.0,0.4873096446700508
2model_qwen_30b_deepseek_v3,"qwen_30b,deepseek_v3",232,oracle,0.9441624365482234,2.7157999999999996e-05,0.9441624365482234,0.0,0.0,1.0
2model_qwen_30b_deepseek_v3,"qwen_30b,deepseek_v3",232,logistic_router,0.9137055837563451,3.582887918781726e-05,0.9137055837563451,0.030456852791878174,0.0,0.7817258883248731
2model_qwen_30b_deepseek_v3,"qwen_30b,deepseek_v3",232,linear_svm_router,0.9137055837563451,3.330517969543147e-05,0.9137055837563451,0.030456852791878174,0.0,0.8121827411167513
2model_qwen_30b_deepseek_v3,"qwen_30b,deepseek_v3",232,knn_router,0.9137055837563451,2.659693401015228e-05,0.9137055837563451,0.030456852791878174,0.0,0.9644670050761421
2model_qwen_30b_deepseek_v3,"qwen_30b,deepseek_v3",232,decision_tree_router,0.9187817258883249,3.395210558375634e-05,0.9187817258883249,0.025380710659898477,0.0,0.8071065989847716
2model_qwen_30b_deepseek_v3,"qwen_30b,deepseek_v3",232,random_forest_router,0.9187817258883249,2.8810219289340098e-05,0.9187817258883249,0.025380710659898477,0.0,0.9035532994923858
2model_qwen_30b_deepseek_v3,"qwen_30b,deepseek_v3",232,extra_trees_router,0.9137055837563451,3.24888730964467e-05,0.9137055837563451,0.030456852791878174,0.0,0.8375634517766497
2model_qwen_30b_deepseek_v3,"qwen_30b,deepseek_v3",232,mlp_router,0.9187817258883249,2.764373197969543e-05,0.9187817258883249,0.025380710659898477,0.0,0.9543147208121827
2model_qwen_30b_deepseek_v3,"qwen_30b,deepseek_v3",232,tfidf_logistic_router,0.9187817258883249,3.215869035532995e-05,0.9187817258883249,0.025380710659898477,0.0,0.8781725888324873
2model_qwen_30b_deepseek_v3,"qwen_30b,deepseek_v3",232,tfidf_linear_svm_router,0.9137055837563451,2.641156345177665e-05,0.9137055837563451,0.030456852791878174,0.0,0.9644670050761421
2model_qwen_30b_deepseek_v3,"qwen_30b,deepseek_v3",232,tfidf_mlp_router,0.9137055837563451,2.631308629441624e-05,0.9137055837563451,0.030456852791878174,0.0,0.9695431472081218
2model_qwen_30b_deepseek_v3,"qwen_30b,deepseek_v3",233,always_qwen_30b,0.9086294416243654,2.511114720812183e-05,0.9086294416243654,0.04568527918781726,0.0,0.9543147208121827
2model_qwen_30b_deepseek_v3,"qwen_30b,deepseek_v3",233,always_deepseek_v3,0.9187817258883249,7.352493401015228e-05,0.9187817258883249,0.03553299492385787,0.0,0.04568527918781726
2model_qwen_30b_deepseek_v3,"qwen_30b,deepseek_v3",233,random,0.9035532994923858,5.0403612182741117e-05,0.9035532994923858,0.050761421319796954,0.0,0.4517766497461929
2model_qwen_30b_deepseek_v3,"qwen_30b,deepseek_v3",233,oracle,0.9543147208121827,2.7854103553299495e-05,0.9543147208121827,0.0,0.0,1.0
2model_qwen_30b_deepseek_v3,"qwen_30b,deepseek_v3",233,logistic_router,0.9035532994923858,3.3314948223350255e-05,0.9035532994923858,0.050761421319796954,0.0,0.7766497461928934
2model_qwen_30b_deepseek_v3,"qwen_30b,deepseek_v3",233,linear_svm_router,0.9035532994923858,3.300467005076142e-05,0.9035532994923858,0.050761421319796954,0.0,0.7817258883248731
2model_qwen_30b_deepseek_v3,"qwen_30b,deepseek_v3",233,knn_router,0.9086294416243654,2.53968e-05,0.9086294416243654,0.04568527918781726,0.0,0.949238578680203
2model_qwen_30b_deepseek_v3,"qwen_30b,deepseek_v3",233,decision_tree_router,0.9187817258883249,3.544655228426396e-05,0.9187817258883249,0.03553299492385787,0.0,0.7461928934010152
2model_qwen_30b_deepseek_v3,"qwen_30b,deepseek_v3",233,random_forest_router,0.9137055837563451,2.7665392893401017e-05,0.9137055837563451,0.04060913705583756,0.0,0.8883248730964467
2model_qwen_30b_deepseek_v3,"qwen_30b,deepseek_v3",233,extra_trees_router,0.9035532994923858,2.950900913705584e-05,0.9035532994923858,0.050761421319796954,0.0,0.8223350253807107
2model_qwen_30b_deepseek_v3,"qwen_30b,deepseek_v3",233,mlp_router,0.9086294416243654,2.5659581725888325e-05,0.9086294416243654,0.04568527918781726,0.0,0.9441624365482234
2model_qwen_30b_deepseek_v3,"qwen_30b,deepseek_v3",233,tfidf_logistic_router,0.9035532994923858,2.7815898477157363e-05,0.9035532994923858,0.050761421319796954,0.0,0.8781725888324873
2model_qwen_30b_deepseek_v3,"qwen_30b,deepseek_v3",233,tfidf_linear_svm_router,0.9086294416243654,2.511114720812183e-05,0.9086294416243654,0.04568527918781726,0.0,0.9543147208121827
2model_qwen_30b_deepseek_v3,"qwen_30b,deepseek_v3",233,tfidf_mlp_router,0.9086294416243654,2.511114720812183e-05,0.9086294416243654,0.04568527918781726,0.0,0.9543147208121827
2model_qwen_30b_granite_8b,"qwen_30b,granite_8b",229,always_qwen_30b,0.868020304568528,2.3474460913705585e-05,0.868020304568528,0.05583756345177665,0.0,0.9441624365482234
2model_qwen_30b_granite_8b,"qwen_30b,granite_8b",229,always_granite_8b,0.8375634517766497,1.603908629441624e-05,0.8375634517766497,0.08629441624365482,0.0,0.05583756345177665
2model_qwen_30b_granite_8b,"qwen_30b,granite_8b",229,random,0.8274111675126904,1.951216243654822e-05,0.8274111675126904,0.09644670050761421,0.0,0.4365482233502538
2model_qwen_30b_granite_8b,"qwen_30b,granite_8b",229,oracle,0.9238578680203046,2.30271269035533e-05,0.9238578680203046,0.0,0.0,1.0
2model_qwen_30b_granite_8b,"qwen_30b,granite_8b",229,logistic_router,0.883248730964467,2.1783502538071064e-05,0.883248730964467,0.04060913705583756,0.0,0.817258883248731
2model_qwen_30b_granite_8b,"qwen_30b,granite_8b",229,linear_svm_router,0.8781725888324873,2.2479685279187823e-05,0.8781725888324873,0.04568527918781726,0.0,0.8629441624365483
2model_qwen_30b_granite_8b,"qwen_30b,granite_8b",229,knn_router,0.868020304568528,2.3408217258883254e-05,0.868020304568528,0.05583756345177665,0.0,0.9390862944162437
2model_qwen_30b_granite_8b,"qwen_30b,granite_8b",229,decision_tree_router,0.868020304568528,2.1564154314720814e-05,0.868020304568528,0.05583756345177665,0.0,0.7766497461928934
2model_qwen_30b_granite_8b,"qwen_30b,granite_8b",229,random_forest_router,0.8730964467005076,2.300623350253807e-05,0.8730964467005076,0.050761421319796954,0.0,0.8984771573604061
2model_qwen_30b_granite_8b,"qwen_30b,granite_8b",229,extra_trees_router,0.883248730964467,2.226300913705584e-05,0.883248730964467,0.04060913705583756,0.0,0.8375634517766497
2model_qwen_30b_granite_8b,"qwen_30b,granite_8b",229,mlp_router,0.8730964467005076,2.3378895431472082e-05,0.8730964467005076,0.050761421319796954,0.0,0.9441624365482234
2model_qwen_30b_granite_8b,"qwen_30b,granite_8b",229,tfidf_logistic_router,0.8781725888324873,2.2435350253807106e-05,0.8781725888324873,0.04568527918781726,0.0,0.868020304568528
2model_qwen_30b_granite_8b,"qwen_30b,granite_8b",229,tfidf_linear_svm_router,0.8781725888324873,2.3252194923857874e-05,0.8781725888324873,0.04568527918781726,0.0,0.949238578680203
2model_qwen_30b_granite_8b,"qwen_30b,granite_8b",229,tfidf_mlp_router,0.8781725888324873,2.333904771573604e-05,0.8781725888324873,0.04568527918781726,0.0,0.9543147208121827
2model_qwen_30b_granite_8b,"qwen_30b,granite_8b",230,always_qwen_30b,0.9187817258883249,2.4823336040609136e-05,0.9187817258883249,0.02030456852791878,0.0,0.9796954314720813
2model_qwen_30b_granite_8b,"qwen_30b,granite_8b",230,always_granite_8b,0.8477157360406091,1.58748730964467e-05,0.8477157360406091,0.09137055837563451,0.0,0.02030456852791878
2model_qwen_30b_granite_8b,"qwen_30b,granite_8b",230,random,0.8730964467005076,1.972688934010152e-05,0.8730964467005076,0.06598984771573604,0.0,0.5177664974619289
2model_qwen_30b_granite_8b,"qwen_30b,granite_8b",230,oracle,0.9390862944162437,2.466743553299492e-05,0.9390862944162437,0.0,0.0,1.0
2model_qwen_30b_granite_8b,"qwen_30b,granite_8b",230,logistic_router,0.9137055837563451,2.2424406091370557e-05,0.9137055837563451,0.025380710659898477,0.0,0.7918781725888325
2model_qwen_30b_granite_8b,"qwen_30b,granite_8b",230,linear_svm_router,0.9187817258883249,2.2487628426395936e-05,0.9187817258883249,0.02030456852791878,0.0,0.8274111675126904
2model_qwen_30b_granite_8b,"qwen_30b,granite_8b",230,knn_router,0.9187817258883249,2.4828103553299494e-05,0.9187817258883249,0.02030456852791878,0.0,0.9746192893401016
2model_qwen_30b_granite_8b,"qwen_30b,granite_8b",230,decision_tree_router,0.9086294416243654,2.1817130964467005e-05,0.9086294416243654,0.030456852791878174,0.0,0.7055837563451777
2model_qwen_30b_granite_8b,"qwen_30b,granite_8b",230,random_forest_router,0.9086294416243654,2.355707411167513e-05,0.9086294416243654,0.030456852791878174,0.0,0.8274111675126904
2model_qwen_30b_granite_8b,"qwen_30b,granite_8b",230,extra_trees_router,0.9086294416243654,2.301242436548223e-05,0.9086294416243654,0.030456852791878174,0.0,0.7868020304568528
2model_qwen_30b_granite_8b,"qwen_30b,granite_8b",230,mlp_router,0.9238578680203046,2.4764635532994925e-05,0.9238578680203046,0.015228426395939087,0.0,0.9746192893401016
2model_qwen_30b_granite_8b,"qwen_30b,granite_8b",230,tfidf_logistic_router,0.9187817258883249,2.3413595939086294e-05,0.9187817258883249,0.02030456852791878,0.0,0.8984771573604061
2model_qwen_30b_granite_8b,"qwen_30b,granite_8b",230,tfidf_linear_svm_router,0.9238578680203046,2.4616923857868014e-05,0.9238578680203046,0.015228426395939087,0.0,0.9695431472081218
2model_qwen_30b_granite_8b,"qwen_30b,granite_8b",230,tfidf_mlp_router,0.9238578680203046,2.484260913705584e-05,0.9238578680203046,0.015228426395939087,0.0,0.9847715736040609
2model_qwen_30b_granite_8b,"qwen_30b,granite_8b",231,always_qwen_30b,0.8883248730964467,2.600484670050761e-05,0.8883248730964467,0.03553299492385787,0.0,0.9644670050761421
2model_qwen_30b_granite_8b,"qwen_30b,granite_8b",231,always_granite_8b,0.8527918781725888,1.6751015228426392e-05,0.8527918781725888,0.07106598984771574,0.0,0.03553299492385787
2model_qwen_30b_granite_8b,"qwen_30b,granite_8b",231,random,0.8578680203045685,2.1913429441624366e-05,0.8578680203045685,0.06598984771573604,0.0,0.467005076142132
2model_qwen_30b_granite_8b,"qwen_30b,granite_8b",231,oracle,0.9238578680203046,2.550647918781726e-05,0.9238578680203046,0.0,0.0,1.0
2model_qwen_30b_granite_8b,"qwen_30b,granite_8b",231,logistic_router,0.883248730964467,2.4901667005076142e-05,0.883248730964467,0.04060913705583756,0.0,0.8274111675126904
2model_qwen_30b_granite_8b,"qwen_30b,granite_8b",231,linear_svm_router,0.883248730964467,2.5187792893401013e-05,0.883248730964467,0.04060913705583756,0.0,0.8375634517766497
2model_qwen_30b_granite_8b,"qwen_30b,granite_8b",231,knn_router,0.8883248730964467,2.600484670050761e-05,0.8883248730964467,0.03553299492385787,0.0,0.9644670050761421
2model_qwen_30b_granite_8b,"qwen_30b,granite_8b",231,decision_tree_router,0.8934010152284264,2.4559545177664975e-05,0.8934010152284264,0.030456852791878174,0.0,0.751269035532995
2model_qwen_30b_granite_8b,"qwen_30b,granite_8b",231,random_forest_router,0.883248730964467,2.5251904568527913e-05,0.883248730964467,0.04060913705583756,0.0,0.8274111675126904
2model_qwen_30b_granite_8b,"qwen_30b,granite_8b",231,extra_trees_router,0.8934010152284264,2.5056040609137057e-05,0.8934010152284264,0.030456852791878174,0.0,0.8324873096446701
2model_qwen_30b_granite_8b,"qwen_30b,granite_8b",231,mlp_router,0.8934010152284264,2.6028887309644666e-05,0.8934010152284264,0.030456852791878174,0.0,0.9644670050761421
2model_qwen_30b_granite_8b,"qwen_30b,granite_8b",231,tfidf_logistic_router,0.8883248730964467,2.5764249746192893e-05,0.8883248730964467,0.03553299492385787,0.0,0.9086294416243654
2model_qwen_30b_granite_8b,"qwen_30b,granite_8b",231,tfidf_linear_svm_router,0.8934010152284264,2.6024119796954315e-05,0.8934010152284264,0.030456852791878174,0.0,0.9695431472081218
2model_qwen_30b_granite_8b,"qwen_30b,granite_8b",231,tfidf_mlp_router,0.8934010152284264,2.6024119796954315e-05,0.8934010152284264,0.030456852791878174,0.0,0.9695431472081218
2model_qwen_30b_granite_8b,"qwen_30b,granite_8b",232,always_qwen_30b,0.9137055837563451,2.631308629441624e-05,0.9137055837563451,0.030456852791878174,0.0,0.9695431472081218
2model_qwen_30b_granite_8b,"qwen_30b,granite_8b",232,always_granite_8b,0.868020304568528,1.6348477157360407e-05,0.868020304568528,0.07614213197969544,0.0,0.030456852791878174
2model_qwen_30b_granite_8b,"qwen_30b,granite_8b",232,random,0.9035532994923858,2.183434517766498e-05,0.9035532994923858,0.04060913705583756,0.0,0.5076142131979695
2model_qwen_30b_granite_8b,"qwen_30b,granite_8b",232,oracle,0.9441624365482234,2.5582818274111674e-05,0.9441624365482234,0.0,0.0,1.0
2model_qwen_30b_granite_8b,"qwen_30b,granite_8b",232,logistic_router,0.9035532994923858,2.5076889340101523e-05,0.9035532994923858,0.04060913705583756,0.0,0.8324873096446701
2model_qwen_30b_granite_8b,"qwen_30b,granite_8b",232,linear_svm_router,0.9035532994923858,2.516997360406091e-05,0.9035532994923858,0.04060913705583756,0.0,0.8578680203045685
2model_qwen_30b_granite_8b,"qwen_30b,granite_8b",232,knn_router,0.9137055837563451,2.631308629441624e-05,0.9137055837563451,0.030456852791878174,0.0,0.9695431472081218
2model_qwen_30b_granite_8b,"qwen_30b,granite_8b",232,decision_tree_router,0.8934010152284264,2.4203007106598982e-05,0.8934010152284264,0.050761421319796954,0.0,0.7715736040609137
2model_qwen_30b_granite_8b,"qwen_30b,granite_8b",232,random_forest_router,0.9086294416243654,2.5806117766497458e-05,0.9086294416243654,0.03553299492385787,0.0,0.9137055837563451
2model_qwen_30b_granite_8b,"qwen_30b,granite_8b",232,extra_trees_router,0.9086294416243654,2.5234018274111675e-05,0.9086294416243654,0.03553299492385787,0.0,0.8527918781725888
2model_qwen_30b_granite_8b,"qwen_30b,granite_8b",232,mlp_router,0.9137055837563451,2.6229685279187812e-05,0.9137055837563451,0.030456852791878174,0.0,0.9644670050761421
2model_qwen_30b_granite_8b,"qwen_30b,granite_8b",232,tfidf_logistic_router,0.9086294416243654,2.610905583756345e-05,0.9086294416243654,0.03553299492385787,0.0,0.9289340101522843
2model_qwen_30b_granite_8b,"qwen_30b,granite_8b",232,tfidf_linear_svm_router,0.9137055837563451,2.6197604060913706e-05,0.9137055837563451,0.030456852791878174,0.0,0.9644670050761421
2model_qwen_30b_granite_8b,"qwen_30b,granite_8b",232,tfidf_mlp_router,0.9137055837563451,2.631308629441624e-05,0.9137055837563451,0.030456852791878174,0.0,0.9695431472081218
2model_qwen_30b_granite_8b,"qwen_30b,granite_8b",233,always_qwen_30b,0.9086294416243654,2.511114720812183e-05,0.9086294416243654,0.03553299492385787,0.0,0.9644670050761421
2model_qwen_30b_granite_8b,"qwen_30b,granite_8b",233,always_granite_8b,0.8527918781725888,1.6294162436548225e-05,0.8527918781725888,0.09137055837563451,0.0,0.03553299492385787
2model_qwen_30b_granite_8b,"qwen_30b,granite_8b",233,random,0.868020304568528,2.0636251776649744e-05,0.868020304568528,0.07614213197969544,0.0,0.4619289340101523
2model_qwen_30b_granite_8b,"qwen_30b,granite_8b",233,oracle,0.9441624365482234,2.495451370558376e-05,0.9441624365482234,0.0,0.0,1.0
2model_qwen_30b_granite_8b,"qwen_30b,granite_8b",233,logistic_router,0.9035532994923858,2.417031065989848e-05,0.9035532994923858,0.04060913705583756,0.0,0.8629441624365483
2model_qwen_30b_granite_8b,"qwen_30b,granite_8b",233,linear_svm_router,0.9137055837563451,2.4051122842639588e-05,0.9137055837563451,0.030456852791878174,0.0,0.8730964467005076
2model_qwen_30b_granite_8b,"qwen_30b,granite_8b",233,knn_router,0.9086294416243654,2.511114720812183e-05,0.9086294416243654,0.03553299492385787,0.0,0.9644670050761421
2model_qwen_30b_granite_8b,"qwen_30b,granite_8b",233,decision_tree_router,0.9035532994923858,2.2988430456852787e-05,0.9035532994923858,0.04060913705583756,0.0,0.6903553299492385
2model_qwen_30b_granite_8b,"qwen_30b,granite_8b",233,random_forest_router,0.8984771573604061,2.438022335025381e-05,0.8984771573604061,0.04568527918781726,0.0,0.8629441624365483
2model_qwen_30b_granite_8b,"qwen_30b,granite_8b",233,extra_trees_router,0.8984771573604061,2.414281624365482e-05,0.8984771573604061,0.04568527918781726,0.0,0.8324873096446701
2model_qwen_30b_granite_8b,"qwen_30b,granite_8b",233,mlp_router,0.9086294416243654,2.511114720812183e-05,0.9086294416243654,0.03553299492385787,0.0,0.9644670050761421
2model_qwen_30b_granite_8b,"qwen_30b,granite_8b",233,tfidf_logistic_router,0.9035532994923858,2.4835721827411162e-05,0.9035532994923858,0.04060913705583756,0.0,0.9238578680203046
2model_qwen_30b_granite_8b,"qwen_30b,granite_8b",233,tfidf_linear_svm_router,0.9086294416243654,2.504591878172589e-05,0.9086294416243654,0.03553299492385787,0.0,0.9593908629441624
2model_qwen_30b_granite_8b,"qwen_30b,granite_8b",233,tfidf_mlp_router,0.9086294416243654,2.511114720812183e-05,0.9086294416243654,0.03553299492385787,0.0,0.9644670050761421
2model_llama_70b_deepseek_v3,"llama_70b,deepseek_v3",229,always_llama_70b,0.8934010152284264,5.343402538071066e-05,0.8934010152284264,0.05583756345177665,0.0,0.9441624365482234
2model_llama_70b_deepseek_v3,"llama_70b,deepseek_v3",229,always_deepseek_v3,0.883248730964467,7.042395939086295e-05,0.883248730964467,0.06598984771573604,0.0,0.05583756345177665
2model_llama_70b_deepseek_v3,"llama_70b,deepseek_v3",229,random,0.8934010152284264,6.16536497461929e-05,0.8934010152284264,0.05583756345177665,0.0,0.45685279187817257
2model_llama_70b_deepseek_v3,"llama_70b,deepseek_v3",229,oracle,0.949238578680203,5.412758375634518e-05,0.949238578680203,0.0,0.0,1.0
2model_llama_70b_deepseek_v3,"llama_70b,deepseek_v3",229,logistic_router,0.8984771573604061,5.491170558375635e-05,0.8984771573604061,0.050761421319796954,0.0,0.700507614213198
2model_llama_70b_deepseek_v3,"llama_70b,deepseek_v3",229,linear_svm_router,0.8984771573604061,5.484367512690354e-05,0.8984771573604061,0.050761421319796954,0.0,0.7411167512690355
2model_llama_70b_deepseek_v3,"llama_70b,deepseek_v3",229,knn_router,0.8934010152284264,5.343402538071066e-05,0.8934010152284264,0.05583756345177665,0.0,0.9441624365482234
2model_llama_70b_deepseek_v3,"llama_70b,deepseek_v3",229,decision_tree_router,0.8934010152284264,5.4151461928934004e-05,0.8934010152284264,0.05583756345177665,0.0,0.7461928934010152
2model_llama_70b_deepseek_v3,"llama_70b,deepseek_v3",229,random_forest_router,0.8934010152284264,5.327890862944162e-05,0.8934010152284264,0.05583756345177665,0.0,0.766497461928934
2model_llama_70b_deepseek_v3,"llama_70b,deepseek_v3",229,extra_trees_router,0.8984771573604061,5.419595939086294e-05,0.8984771573604061,0.050761421319796954,0.0,0.7817258883248731
2model_llama_70b_deepseek_v3,"llama_70b,deepseek_v3",229,mlp_router,0.8984771573604061,5.3416796954314714e-05,0.8984771573604061,0.050761421319796954,0.0,0.9289340101522843
2model_llama_70b_deepseek_v3,"llama_70b,deepseek_v3",229,tfidf_logistic_router,0.9035532994923858,5.4086954314720804e-05,0.9035532994923858,0.04568527918781726,0.0,0.7766497461928934
2model_llama_70b_deepseek_v3,"llama_70b,deepseek_v3",229,tfidf_linear_svm_router,0.8934010152284264,5.287155329949238e-05,0.8934010152284264,0.05583756345177665,0.0,0.868020304568528
2model_llama_70b_deepseek_v3,"llama_70b,deepseek_v3",229,tfidf_mlp_router,0.8883248730964467,5.332177157360406e-05,0.8883248730964467,0.06091370558375635,0.0,0.9187817258883249
2model_llama_70b_deepseek_v3,"llama_70b,deepseek_v3",230,always_llama_70b,0.8781725888324873,0.010206027761421321,0.8781725888324873,0.06598984771573604,0.0,0.934010152284264
2model_llama_70b_deepseek_v3,"llama_70b,deepseek_v3",230,always_deepseek_v3,0.9137055837563451,7.150268020304568e-05,0.9137055837563451,0.030456852791878174,0.0,0.06598984771573604
2model_llama_70b_deepseek_v3,"llama_70b,deepseek_v3",230,random,0.883248730964467,6.0981431472081226e-05,0.883248730964467,0.06091370558375635,0.0,0.5025380710659898
2model_llama_70b_deepseek_v3,"llama_70b,deepseek_v3",230,oracle,0.9441624365482234,0.010206260969543147,0.9441624365482234,0.0,0.0,1.0
2model_llama_70b_deepseek_v3,"llama_70b,deepseek_v3",230,logistic_router,0.8984771573604061,0.010207104228426397,0.8984771573604061,0.04568527918781726,0.0,0.7817258883248731
2model_llama_70b_deepseek_v3,"llama_70b,deepseek_v3",230,linear_svm_router,0.9137055837563451,0.010208642253807106,0.9137055837563451,0.030456852791878174,0.0,0.8274111675126904
2model_llama_70b_deepseek_v3,"llama_70b,deepseek_v3",230,knn_router,0.8781725888324873,0.010206081822335025,0.8781725888324873,0.06598984771573604,0.0,0.9238578680203046
2model_llama_70b_deepseek_v3,"llama_70b,deepseek_v3",230,decision_tree_router,0.8934010152284264,0.010207643558375635,0.8934010152284264,0.050761421319796954,0.0,0.6345177664974619
2model_llama_70b_deepseek_v3,"llama_70b,deepseek_v3",230,random_forest_router,0.9035532994923858,0.010207005248730963,0.9035532994923858,0.04060913705583756,0.0,0.8020304568527918
2model_llama_70b_deepseek_v3,"llama_70b,deepseek_v3",230,extra_trees_router,0.8984771573604061,0.010207562274111676,0.8984771573604061,0.04568527918781726,0.0,0.7969543147208121
2model_llama_70b_deepseek_v3,"llama_70b,deepseek_v3",230,mlp_router,0.8781725888324873,0.010205921238578679,0.8781725888324873,0.06598984771573604,0.0,0.9035532994923858
2model_llama_70b_deepseek_v3,"llama_70b,deepseek_v3",230,tfidf_logistic_router,0.8883248730964467,0.010207780497461929,0.8883248730964467,0.05583756345177665,0.0,0.8477157360406091
2model_llama_70b_deepseek_v3,"llama_70b,deepseek_v3",230,tfidf_linear_svm_router,0.8730964467005076,0.010206605167512692,0.8730964467005076,0.07106598984771574,0.0,0.9035532994923858
2model_llama_70b_deepseek_v3,"llama_70b,deepseek_v3",230,tfidf_mlp_router,0.8730964467005076,0.010206514055837565,0.8730964467005076,0.07106598984771574,0.0,0.9086294416243654
2model_llama_70b_deepseek_v3,"llama_70b,deepseek_v3",231,always_llama_70b,0.8984771573604061,0.0051297422944162445,0.8984771573604061,0.04568527918781726,0.0,0.9543147208121827
2model_llama_70b_deepseek_v3,"llama_70b,deepseek_v3",231,always_deepseek_v3,0.8984771573604061,7.693892385786802e-05,0.8984771573604061,0.04568527918781726,0.0,0.04568527918781726
2model_llama_70b_deepseek_v3,"llama_70b,deepseek_v3",231,random,0.8883248730964467,6.42462842639594e-05,0.8883248730964467,0.05583756345177665,0.0,0.467005076142132
2model_llama_70b_deepseek_v3,"llama_70b,deepseek_v3",231,oracle,0.9441624365482234,0.005130636314720813,0.9441624365482234,0.0,0.0,1.0
2model_llama_70b_deepseek_v3,"llama_70b,deepseek_v3",231,logistic_router,0.9035532994923858,0.005135162289340102,0.9035532994923858,0.04060913705583756,0.0,0.751269035532995
2model_llama_70b_deepseek_v3,"llama_70b,deepseek_v3",231,linear_svm_router,0.9035532994923858,0.005133258837563452,0.9035532994923858,0.04060913705583756,0.0,0.7868020304568528
2model_llama_70b_deepseek_v3,"llama_70b,deepseek_v3",231,knn_router,0.8984771573604061,0.005130400314720812,0.8984771573604061,0.04568527918781726,0.0,0.9441624365482234
2model_llama_70b_deepseek_v3,"llama_70b,deepseek_v3",231,decision_tree_router,0.9137055837563451,0.0051353717005076125,0.9137055837563451,0.030456852791878174,0.0,0.7715736040609137
2model_llama_70b_deepseek_v3,"llama_70b,deepseek_v3",231,random_forest_router,0.8883248730964467,0.005130548411167513,0.8883248730964467,0.05583756345177665,0.0,0.8020304568527918
2model_llama_70b_deepseek_v3,"llama_70b,deepseek_v3",231,extra_trees_router,0.8934010152284264,0.005131957700507614,0.8934010152284264,0.050761421319796954,0.0,0.7969543147208121
2model_llama_70b_deepseek_v3,"llama_70b,deepseek_v3",231,mlp_router,0.8984771573604061,0.005131177928934011,0.8984771573604061,0.04568527918781726,0.0,0.9137055837563451
2model_llama_70b_deepseek_v3,"llama_70b,deepseek_v3",231,tfidf_logistic_router,0.9035532994923858,0.005132570177664974,0.9035532994923858,0.04060913705583756,0.0,0.8223350253807107
2model_llama_70b_deepseek_v3,"llama_70b,deepseek_v3",231,tfidf_linear_svm_router,0.8984771573604061,0.0051306095532994925,0.8984771573604061,0.04568527918781726,0.0,0.9390862944162437
2model_llama_70b_deepseek_v3,"llama_70b,deepseek_v3",231,tfidf_mlp_router,0.8984771573604061,0.0051306095532994925,0.8984771573604061,0.04568527918781726,0.0,0.9390862944162437
2model_llama_70b_deepseek_v3,"llama_70b,deepseek_v3",232,always_llama_70b,0.9187817258883249,5.5371817258883244e-05,0.9187817258883249,0.050761421319796954,0.0,0.949238578680203
2model_llama_70b_deepseek_v3,"llama_70b,deepseek_v3",232,always_deepseek_v3,0.9238578680203046,6.975652791878173e-05,0.9238578680203046,0.04568527918781726,0.0,0.050761421319796954
2model_llama_70b_deepseek_v3,"llama_70b,deepseek_v3",232,random,0.9137055837563451,6.178363451776651e-05,0.9137055837563451,0.05583756345177665,0.0,0.5076142131979695
2model_llama_70b_deepseek_v3,"llama_70b,deepseek_v3",232,oracle,0.9695431472081218,5.648595939086294e-05,0.9695431472081218,0.0,0.0,1.0
2model_llama_70b_deepseek_v3,"llama_70b,deepseek_v3",232,logistic_router,0.934010152284264,5.825556852791878e-05,0.934010152284264,0.03553299492385787,0.0,0.8121827411167513
2model_llama_70b_deepseek_v3,"llama_70b,deepseek_v3",232,linear_svm_router,0.9441624365482234,5.8432340101522844e-05,0.9441624365482234,0.025380710659898477,0.0,0.8121827411167513
2model_llama_70b_deepseek_v3,"llama_70b,deepseek_v3",232,knn_router,0.9187817258883249,5.5371817258883244e-05,0.9187817258883249,0.050761421319796954,0.0,0.949238578680203
2model_llama_70b_deepseek_v3,"llama_70b,deepseek_v3",232,decision_tree_router,0.949238578680203,5.606832994923858e-05,0.949238578680203,0.02030456852791878,0.0,0.8375634517766497
2model_llama_70b_deepseek_v3,"llama_70b,deepseek_v3",232,random_forest_router,0.934010152284264,5.536314720812182e-05,0.934010152284264,0.03553299492385787,0.0,0.8375634517766497
2model_llama_70b_deepseek_v3,"llama_70b,deepseek_v3",232,extra_trees_router,0.934010152284264,5.6059233502538065e-05,0.934010152284264,0.03553299492385787,0.0,0.8578680203045685
2model_llama_70b_deepseek_v3,"llama_70b,deepseek_v3",232,mlp_router,0.9238578680203046,5.552537055837563e-05,0.9238578680203046,0.04568527918781726,0.0,0.949238578680203
2model_llama_70b_deepseek_v3,"llama_70b,deepseek_v3",232,tfidf_logistic_router,0.9390862944162437,5.6791725888324864e-05,0.9390862944162437,0.030456852791878174,0.0,0.8578680203045685
2model_llama_70b_deepseek_v3,"llama_70b,deepseek_v3",232,tfidf_linear_svm_router,0.9187817258883249,5.5600370558375633e-05,0.9187817258883249,0.050761421319796954,0.0,0.934010152284264
2model_llama_70b_deepseek_v3,"llama_70b,deepseek_v3",232,tfidf_mlp_router,0.9187817258883249,5.55098883248731e-05,0.9187817258883249,0.050761421319796954,0.0,0.9441624365482234
2model_llama_70b_deepseek_v3,"llama_70b,deepseek_v3",233,always_llama_70b,0.883248730964467,5.4729203045685284e-05,0.883248730964467,0.07106598984771574,0.0,0.9289340101522843
2model_llama_70b_deepseek_v3,"llama_70b,deepseek_v3",233,always_deepseek_v3,0.9187817258883249,7.352493401015228e-05,0.9187817258883249,0.03553299492385787,0.0,0.07106598984771574
2model_llama_70b_deepseek_v3,"llama_70b,deepseek_v3",233,random,0.9035532994923858,6.440077157360406e-05,0.9035532994923858,0.050761421319796954,0.0,0.467005076142132
2model_llama_70b_deepseek_v3,"llama_70b,deepseek_v3",233,oracle,0.9543147208121827,5.731662436548223e-05,0.9543147208121827,0.0,0.0,1.0
2model_llama_70b_deepseek_v3,"llama_70b,deepseek_v3",233,logistic_router,0.9035532994923858,5.703644162436548e-05,0.9035532994923858,0.050761421319796954,0.0,0.7817258883248731
2model_llama_70b_deepseek_v3,"llama_70b,deepseek_v3",233,linear_svm_router,0.8984771573604061,5.5528629441624366e-05,0.8984771573604061,0.05583756345177665,0.0,0.8071065989847716
2model_llama_70b_deepseek_v3,"llama_70b,deepseek_v3",233,knn_router,0.883248730964467,5.4729203045685284e-05,0.883248730964467,0.07106598984771574,0.0,0.9289340101522843
2model_llama_70b_deepseek_v3,"llama_70b,deepseek_v3",233,decision_tree_router,0.9086294416243654,5.8420974619289346e-05,0.9086294416243654,0.04568527918781726,0.0,0.7411167512690355
2model_llama_70b_deepseek_v3,"llama_70b,deepseek_v3",233,random_forest_router,0.8984771573604061,5.5446228426395946e-05,0.8984771573604061,0.05583756345177665,0.0,0.8020304568527918
2model_llama_70b_deepseek_v3,"llama_70b,deepseek_v3",233,extra_trees_router,0.9035532994923858,5.6286857868020296e-05,0.9035532994923858,0.050761421319796954,0.0,0.8071065989847716
2model_llama_70b_deepseek_v3,"llama_70b,deepseek_v3",233,mlp_router,0.883248730964467,5.504641116751269e-05,0.883248730964467,0.07106598984771574,0.0,0.9137055837563451
2model_llama_70b_deepseek_v3,"llama_70b,deepseek_v3",233,tfidf_logistic_router,0.9035532994923858,5.50612385786802e-05,0.9035532994923858,0.050761421319796954,0.0,0.8477157360406091
2model_llama_70b_deepseek_v3,"llama_70b,deepseek_v3",233,tfidf_linear_svm_router,0.883248730964467,5.481817766497462e-05,0.883248730964467,0.07106598984771574,0.0,0.9086294416243654
2model_llama_70b_deepseek_v3,"llama_70b,deepseek_v3",233,tfidf_mlp_router,0.883248730964467,5.4729203045685284e-05,0.883248730964467,0.07106598984771574,0.0,0.9289340101522843
2model_llama_70b_granite_8b,"llama_70b,granite_8b",229,always_llama_70b,0.8934010152284264,5.343402538071066e-05,0.8934010152284264,0.050761421319796954,0.0,0.949238578680203
2model_llama_70b_granite_8b,"llama_70b,granite_8b",229,always_granite_8b,0.8375634517766497,1.603908629441624e-05,0.8375634517766497,0.1065989847715736,0.0,0.050761421319796954
2model_llama_70b_granite_8b,"llama_70b,granite_8b",229,random,0.8426395939086294,3.3474868020304565e-05,0.8426395939086294,0.10152284263959391,0.0,0.4416243654822335
2model_llama_70b_granite_8b,"llama_70b,granite_8b",229,oracle,0.9441624365482234,5.1729634517766494e-05,0.9441624365482234,0.0,0.0,1.0
2model_llama_70b_granite_8b,"llama_70b,granite_8b",229,logistic_router,0.883248730964467,4.4300121827411175e-05,0.883248730964467,0.06091370558375635,0.0,0.7360406091370558
2model_llama_70b_granite_8b,"llama_70b,granite_8b",229,linear_svm_router,0.8883248730964467,4.579892893401015e-05,0.8883248730964467,0.05583756345177665,0.0,0.7614213197969543
2model_llama_70b_granite_8b,"llama_70b,granite_8b",229,knn_router,0.8883248730964467,5.337681725888324e-05,0.8883248730964467,0.05583756345177665,0.0,0.9441624365482234
2model_llama_70b_granite_8b,"llama_70b,granite_8b",229,decision_tree_router,0.883248730964467,4.34253502538071e-05,0.883248730964467,0.06091370558375635,0.0,0.7360406091370558
2model_llama_70b_granite_8b,"llama_70b,granite_8b",229,random_forest_router,0.8730964467005076,4.424892893401015e-05,0.8730964467005076,0.07106598984771574,0.0,0.7309644670050761
2model_llama_70b_granite_8b,"llama_70b,granite_8b",229,extra_trees_router,0.868020304568528,4.28662385786802e-05,0.868020304568528,0.07614213197969544,0.0,0.700507614213198
2model_llama_70b_granite_8b,"llama_70b,granite_8b",229,mlp_router,0.8934010152284264,5.165346700507614e-05,0.8934010152284264,0.050761421319796954,0.0,0.9137055837563451
2model_llama_70b_granite_8b,"llama_70b,granite_8b",229,tfidf_logistic_router,0.883248730964467,4.577400507614212e-05,0.883248730964467,0.06091370558375635,0.0,0.7715736040609137
2model_llama_70b_granite_8b,"llama_70b,granite_8b",229,tfidf_linear_svm_router,0.8781725888324873,5.125138578680203e-05,0.8781725888324873,0.06598984771573604,0.0,0.8883248730964467
2model_llama_70b_granite_8b,"llama_70b,granite_8b",229,tfidf_mlp_router,0.8934010152284264,5.299351776649746e-05,0.8934010152284264,0.050761421319796954,0.0,0.934010152284264
2model_llama_70b_granite_8b,"llama_70b,granite_8b",230,always_llama_70b,0.8781725888324873,0.010206027761421321,0.8781725888324873,0.05583756345177665,0.0,0.9441624365482234
2model_llama_70b_granite_8b,"llama_70b,granite_8b",230,always_granite_8b,0.8477157360406091,1.58748730964467e-05,0.8477157360406091,0.08629441624365482,0.0,0.05583756345177665
2model_llama_70b_granite_8b,"llama_70b,granite_8b",230,random,0.8477157360406091,3.359888324873096e-05,0.8477157360406091,0.08629441624365482,0.0,0.49238578680203043
2model_llama_70b_granite_8b,"llama_70b,granite_8b",230,oracle,0.934010152284264,0.010203689182741118,0.934010152284264,0.0,0.0,1.0
2model_llama_70b_granite_8b,"llama_70b,granite_8b",230,logistic_router,0.8883248730964467,0.010200282969543145,0.8883248730964467,0.04568527918781726,0.0,0.8020304568527918
2model_llama_70b_granite_8b,"llama_70b,granite_8b",230,linear_svm_router,0.8984771573604061,0.010200493426395937,0.8984771573604061,0.03553299492385787,0.0,0.8223350253807107
2model_llama_70b_granite_8b,"llama_70b,granite_8b",230,knn_router,0.8781725888324873,0.010205635477157363,0.8781725888324873,0.05583756345177665,0.0,0.9289340101522843
2model_llama_70b_granite_8b,"llama_70b,granite_8b",230,decision_tree_router,0.8578680203045685,0.005116100172588831,0.8578680203045685,0.07614213197969544,0.0,0.6446700507614214
2model_llama_70b_granite_8b,"llama_70b,granite_8b",230,random_forest_router,0.8883248730964467,0.010200151827411167,0.8883248730964467,0.04568527918781726,0.0,0.8020304568527918
2model_llama_70b_granite_8b,"llama_70b,granite_8b",230,extra_trees_router,0.8883248730964467,0.010199697994923857,0.8883248730964467,0.04568527918781726,0.0,0.7969543147208121
2model_llama_70b_granite_8b,"llama_70b,granite_8b",230,mlp_router,0.883248730964467,0.010204760857868022,0.883248730964467,0.050761421319796954,0.0,0.9289340101522843
2model_llama_70b_granite_8b,"llama_70b,granite_8b",230,tfidf_logistic_router,0.8730964467005076,0.010202315761421318,0.8730964467005076,0.06091370558375635,0.0,0.8324873096446701
2model_llama_70b_granite_8b,"llama_70b,granite_8b",230,tfidf_linear_svm_router,0.8781725888324873,0.010204946878172591,0.8781725888324873,0.05583756345177665,0.0,0.9137055837563451
2model_llama_70b_granite_8b,"llama_70b,granite_8b",230,tfidf_mlp_router,0.8781725888324873,0.010205817609137056,0.8781725888324873,0.05583756345177665,0.0,0.934010152284264
2model_llama_70b_granite_8b,"llama_70b,granite_8b",231,always_llama_70b,0.8984771573604061,0.0051297422944162445,0.8984771573604061,0.030456852791878174,0.0,0.9695431472081218
2model_llama_70b_granite_8b,"llama_70b,granite_8b",231,always_granite_8b,0.8527918781725888,1.6751015228426392e-05,0.8527918781725888,0.07614213197969544,0.0,0.030456852791878174
2model_llama_70b_granite_8b,"llama_70b,granite_8b",231,random,0.8781725888324873,3.438017258883249e-05,0.8781725888324873,0.050761421319796954,0.0,0.4720812182741117
2model_llama_70b_granite_8b,"llama_70b,granite_8b",231,oracle,0.9289340101522843,0.005128133258883249,0.9289340101522843,0.0,0.0,1.0
2model_llama_70b_granite_8b,"llama_70b,granite_8b",231,logistic_router,0.883248730964467,0.005125772624365483,0.883248730964467,0.04568527918781726,0.0,0.8020304568527918
2model_llama_70b_granite_8b,"llama_70b,granite_8b",231,linear_svm_router,0.8934010152284264,0.005126634553299493,0.8934010152284264,0.03553299492385787,0.0,0.8375634517766497
2model_llama_70b_granite_8b,"llama_70b,granite_8b",231,knn_router,0.8984771573604061,0.005129414527918781,0.8984771573604061,0.030456852791878174,0.0,0.9593908629441624
2model_llama_70b_granite_8b,"llama_70b,granite_8b",231,decision_tree_router,0.883248730964467,0.005120763060913707,0.883248730964467,0.04568527918781726,0.0,0.7360406091370558
2model_llama_70b_granite_8b,"llama_70b,granite_8b",231,random_forest_router,0.8883248730964467,0.005124542218274112,0.8883248730964467,0.04060913705583756,0.0,0.7969543147208121
2model_llama_70b_granite_8b,"llama_70b,granite_8b",231,extra_trees_router,0.8883248730964467,0.005124470898477158,0.8883248730964467,0.04060913705583756,0.0,0.8121827411167513
2model_llama_70b_granite_8b,"llama_70b,granite_8b",231,mlp_router,0.8984771573604061,0.005129295949238579,0.8984771573604061,0.030456852791878174,0.0,0.949238578680203
2model_llama_70b_granite_8b,"llama_70b,granite_8b",231,tfidf_logistic_router,0.883248730964467,0.005126198106598985,0.883248730964467,0.04568527918781726,0.0,0.8223350253807107
2model_llama_70b_granite_8b,"llama_70b,granite_8b",231,tfidf_linear_svm_router,0.8984771573604061,0.0051287666852791874,0.8984771573604061,0.030456852791878174,0.0,0.9441624365482234
2model_llama_70b_granite_8b,"llama_70b,granite_8b",231,tfidf_mlp_router,0.8984771573604061,0.005129463258883249,0.8984771573604061,0.030456852791878174,0.0,0.9593908629441624
2model_llama_70b_granite_8b,"llama_70b,granite_8b",232,always_llama_70b,0.9187817258883249,5.5371817258883244e-05,0.9187817258883249,0.04568527918781726,0.0,0.9543147208121827
2model_llama_70b_granite_8b,"llama_70b,granite_8b",232,always_granite_8b,0.868020304568528,1.6348477157360407e-05,0.868020304568528,0.09644670050761421,0.0,0.04568527918781726
2model_llama_70b_granite_8b,"llama_70b,granite_8b",232,random,0.9187817258883249,3.5492984771573604e-05,0.9187817258883249,0.04568527918781726,0.0,0.5126903553299492
2model_llama_70b_granite_8b,"llama_70b,granite_8b",232,oracle,0.9644670050761421,5.3779482233502535e-05,0.9644670050761421,0.0,0.0,1.0
2model_llama_70b_granite_8b,"llama_70b,granite_8b",232,logistic_router,0.9289340101522843,4.9812807106598986e-05,0.9289340101522843,0.03553299492385787,0.0,0.8324873096446701
2model_llama_70b_granite_8b,"llama_70b,granite_8b",232,linear_svm_router,0.934010152284264,5.0573314720812174e-05,0.934010152284264,0.030456852791878174,0.0,0.8578680203045685
2model_llama_70b_granite_8b,"llama_70b,granite_8b",232,knn_router,0.9187817258883249,5.5371817258883244e-05,0.9187817258883249,0.04568527918781726,0.0,0.9543147208121827
2model_llama_70b_granite_8b,"llama_70b,granite_8b",232,decision_tree_router,0.9390862944162437,4.745070050761421e-05,0.9390862944162437,0.025380710659898477,0.0,0.7969543147208121
2model_llama_70b_granite_8b,"llama_70b,granite_8b",232,random_forest_router,0.934010152284264,4.972521827411167e-05,0.934010152284264,0.030456852791878174,0.0,0.8375634517766497
2model_llama_70b_granite_8b,"llama_70b,granite_8b",232,extra_trees_router,0.9289340101522843,5.0964076142131976e-05,0.9289340101522843,0.03553299492385787,0.0,0.8578680203045685
2model_llama_70b_granite_8b,"llama_70b,granite_8b",232,mlp_router,0.9238578680203046,5.5194101522842644e-05,0.9238578680203046,0.04060913705583756,0.0,0.9543147208121827
2model_llama_70b_granite_8b,"llama_70b,granite_8b",232,tfidf_logistic_router,0.9238578680203046,5.0878060913705574e-05,0.9238578680203046,0.04060913705583756,0.0,0.8629441624365483
2model_llama_70b_granite_8b,"llama_70b,granite_8b",232,tfidf_linear_svm_router,0.9187817258883249,5.515968527918781e-05,0.9187817258883249,0.04568527918781726,0.0,0.9441624365482234
2model_llama_70b_granite_8b,"llama_70b,granite_8b",232,tfidf_mlp_router,0.9187817258883249,5.5257857868020297e-05,0.9187817258883249,0.04568527918781726,0.0,0.949238578680203
2model_llama_70b_granite_8b,"llama_70b,granite_8b",233,always_llama_70b,0.883248730964467,5.4729203045685284e-05,0.883248730964467,0.04568527918781726,0.0,0.9543147208121827
2model_llama_70b_granite_8b,"llama_70b,granite_8b",233,always_granite_8b,0.8527918781725888,1.6294162436548225e-05,0.8527918781725888,0.07614213197969544,0.0,0.04568527918781726
2model_llama_70b_granite_8b,"llama_70b,granite_8b",233,random,0.868020304568528,3.463341116751269e-05,0.868020304568528,0.06091370558375635,0.0,0.48223350253807107
2model_llama_70b_granite_8b,"llama_70b,granite_8b",233,oracle,0.9289340101522843,5.2884939086294415e-05,0.9289340101522843,0.0,0.0,1.0
2model_llama_70b_granite_8b,"llama_70b,granite_8b",233,logistic_router,0.8883248730964467,4.849177157360406e-05,0.8883248730964467,0.04060913705583756,0.0,0.8223350253807107
2model_llama_70b_granite_8b,"llama_70b,granite_8b",233,linear_svm_router,0.8934010152284264,5.0387736040609135e-05,0.8934010152284264,0.03553299492385787,0.0,0.8578680203045685
2model_llama_70b_granite_8b,"llama_70b,granite_8b",233,knn_router,0.883248730964467,5.4729203045685284e-05,0.883248730964467,0.04568527918781726,0.0,0.9543147208121827
2model_llama_70b_granite_8b,"llama_70b,granite_8b",233,decision_tree_router,0.8578680203045685,4.078427411167513e-05,0.8578680203045685,0.07106598984771574,0.0,0.6243654822335025
2model_llama_70b_granite_8b,"llama_70b,granite_8b",233,random_forest_router,0.883248730964467,4.85480152284264e-05,0.883248730964467,0.04568527918781726,0.0,0.8071065989847716
2model_llama_70b_granite_8b,"llama_70b,granite_8b",233,extra_trees_router,0.883248730964467,4.887370050761422e-05,0.883248730964467,0.04568527918781726,0.0,0.8223350253807107
2model_llama_70b_granite_8b,"llama_70b,granite_8b",233,mlp_router,0.883248730964467,5.454052284263959e-05,0.883248730964467,0.04568527918781726,0.0,0.9441624365482234
2model_llama_70b_granite_8b,"llama_70b,granite_8b",233,tfidf_logistic_router,0.8883248730964467,5.0396568527918784e-05,0.8883248730964467,0.04060913705583756,0.0,0.8578680203045685
2model_llama_70b_granite_8b,"llama_70b,granite_8b",233,tfidf_linear_svm_router,0.883248730964467,5.351669543147208e-05,0.883248730964467,0.04568527918781726,0.0,0.9187817258883249
2model_llama_70b_granite_8b,"llama_70b,granite_8b",233,tfidf_mlp_router,0.883248730964467,5.4654482233502536e-05,0.883248730964467,0.04568527918781726,0.0,0.949238578680203
2model_deepseek_v3_granite_8b,"deepseek_v3,granite_8b",229,always_deepseek_v3,0.883248730964467,7.042395939086295e-05,0.883248730964467,0.05583756345177665,0.0,0.9441624365482234
2model_deepseek_v3_granite_8b,"deepseek_v3,granite_8b",229,always_granite_8b,0.8375634517766497,1.603908629441624e-05,0.8375634517766497,0.10152284263959391,0.0,0.05583756345177665
2model_deepseek_v3_granite_8b,"deepseek_v3,granite_8b",229,random,0.8324873096446701,4.2245177664974624e-05,0.8324873096446701,0.1065989847715736,0.0,0.4365482233502538
2model_deepseek_v3_granite_8b,"deepseek_v3,granite_8b",229,oracle,0.9390862944162437,6.675016243654822e-05,0.9390862944162437,0.0,0.0,1.0
2model_deepseek_v3_granite_8b,"deepseek_v3,granite_8b",229,logistic_router,0.8781725888324873,6.124389847715735e-05,0.8781725888324873,0.06091370558375635,0.0,0.7868020304568528
2model_deepseek_v3_granite_8b,"deepseek_v3,granite_8b",229,linear_svm_router,0.8781725888324873,6.151973604060912e-05,0.8781725888324873,0.06091370558375635,0.0,0.7868020304568528
2model_deepseek_v3_granite_8b,"deepseek_v3,granite_8b",229,knn_router,0.883248730964467,7.01651269035533e-05,0.883248730964467,0.05583756345177665,0.0,0.9390862944162437
2model_deepseek_v3_granite_8b,"deepseek_v3,granite_8b",229,decision_tree_router,0.883248730964467,6.360237563451777e-05,0.883248730964467,0.05583756345177665,0.0,0.7969543147208121
2model_deepseek_v3_granite_8b,"deepseek_v3,granite_8b",229,random_forest_router,0.8883248730964467,6.789369543147207e-05,0.8883248730964467,0.050761421319796954,0.0,0.8984771573604061
2model_deepseek_v3_granite_8b,"deepseek_v3,granite_8b",229,extra_trees_router,0.8781725888324873,6.504205076142132e-05,0.8781725888324873,0.06091370558375635,0.0,0.8527918781725888
2model_deepseek_v3_granite_8b,"deepseek_v3,granite_8b",229,mlp_router,0.883248730964467,6.907817258883249e-05,0.883248730964467,0.05583756345177665,0.0,0.934010152284264
2model_deepseek_v3_granite_8b,"deepseek_v3,granite_8b",229,tfidf_logistic_router,0.8883248730964467,6.566361421319796e-05,0.8883248730964467,0.050761421319796954,0.0,0.8781725888324873
2model_deepseek_v3_granite_8b,"deepseek_v3,granite_8b",229,tfidf_linear_svm_router,0.883248730964467,6.881197969543149e-05,0.883248730964467,0.05583756345177665,0.0,0.9238578680203046
2model_deepseek_v3_granite_8b,"deepseek_v3,granite_8b",229,tfidf_mlp_router,0.883248730964467,6.933700507614213e-05,0.883248730964467,0.05583756345177665,0.0,0.9390862944162437
2model_deepseek_v3_granite_8b,"deepseek_v3,granite_8b",230,always_deepseek_v3,0.9137055837563451,7.150268020304568e-05,0.9137055837563451,0.025380710659898477,0.0,0.9746192893401016
2model_deepseek_v3_granite_8b,"deepseek_v3,granite_8b",230,always_granite_8b,0.8477157360406091,1.58748730964467e-05,0.8477157360406091,0.09137055837563451,0.0,0.025380710659898477
2model_deepseek_v3_granite_8b,"deepseek_v3,granite_8b",230,random,0.8781725888324873,4.412013197969543e-05,0.8781725888324873,0.06091370558375635,0.0,0.5329949238578681
2model_deepseek_v3_granite_8b,"deepseek_v3,granite_8b",230,oracle,0.9390862944162437,6.963457868020306e-05,0.9390862944162437,0.0,0.0,1.0
2model_deepseek_v3_granite_8b,"deepseek_v3,granite_8b",230,logistic_router,0.8934010152284264,6.499632487309644e-05,0.8934010152284264,0.04568527918781726,0.0,0.8324873096446701
2model_deepseek_v3_granite_8b,"deepseek_v3,granite_8b",230,linear_svm_router,0.8934010152284264,6.553744162436549e-05,0.8934010152284264,0.04568527918781726,0.0,0.8426395939086294
2model_deepseek_v3_granite_8b,"deepseek_v3,granite_8b",230,knn_router,0.9137055837563451,7.150268020304568e-05,0.9137055837563451,0.025380710659898477,0.0,0.9746192893401016
2model_deepseek_v3_granite_8b,"deepseek_v3,granite_8b",230,decision_tree_router,0.8984771573604061,5.544569543147208e-05,0.8984771573604061,0.04060913705583756,0.0,0.6954314720812182
2model_deepseek_v3_granite_8b,"deepseek_v3,granite_8b",230,random_forest_router,0.9137055837563451,6.821985786802032e-05,0.9137055837563451,0.025380710659898477,0.0,0.8883248730964467
2model_deepseek_v3_granite_8b,"deepseek_v3,granite_8b",230,extra_trees_router,0.8934010152284264,6.633056852791879e-05,0.8934010152284264,0.04568527918781726,0.0,0.8527918781725888
2model_deepseek_v3_granite_8b,"deepseek_v3,granite_8b",230,mlp_router,0.9137055837563451,7.118288324873096e-05,0.9137055837563451,0.025380710659898477,0.0,0.9695431472081218
2model_deepseek_v3_granite_8b,"deepseek_v3,granite_8b",230,tfidf_logistic_router,0.8883248730964467,6.810618274111676e-05,0.8883248730964467,0.050761421319796954,0.0,0.883248730964467
2model_deepseek_v3_granite_8b,"deepseek_v3,granite_8b",230,tfidf_linear_svm_router,0.9035532994923858,7.013465989847716e-05,0.9035532994923858,0.03553299492385787,0.0,0.934010152284264
2model_deepseek_v3_granite_8b,"deepseek_v3,granite_8b",230,tfidf_mlp_router,0.9137055837563451,7.10786192893401e-05,0.9137055837563451,0.025380710659898477,0.0,0.9593908629441624
2model_deepseek_v3_granite_8b,"deepseek_v3,granite_8b",231,always_deepseek_v3,0.8984771573604061,7.693892385786802e-05,0.8984771573604061,0.03553299492385787,0.0,0.9644670050761421
2model_deepseek_v3_granite_8b,"deepseek_v3,granite_8b",231,always_granite_8b,0.8527918781725888,1.6751015228426392e-05,0.8527918781725888,0.08121827411167512,0.0,0.03553299492385787
2model_deepseek_v3_granite_8b,"deepseek_v3,granite_8b",231,random,0.8883248730964467,4.707281218274111e-05,0.8883248730964467,0.04568527918781726,0.0,0.49746192893401014
2model_deepseek_v3_granite_8b,"deepseek_v3,granite_8b",231,oracle,0.934010152284264,7.460903553299493e-05,0.934010152284264,0.0,0.0,1.0
2model_deepseek_v3_granite_8b,"deepseek_v3,granite_8b",231,logistic_router,0.8883248730964467,6.861463959390863e-05,0.8883248730964467,0.04568527918781726,0.0,0.8071065989847716
2model_deepseek_v3_granite_8b,"deepseek_v3,granite_8b",231,linear_svm_router,0.8934010152284264,6.858260913705583e-05,0.8934010152284264,0.04060913705583756,0.0,0.817258883248731
2model_deepseek_v3_granite_8b,"deepseek_v3,granite_8b",231,knn_router,0.8984771573604061,7.673831472081218e-05,0.8984771573604061,0.03553299492385787,0.0,0.9593908629441624
2model_deepseek_v3_granite_8b,"deepseek_v3,granite_8b",231,decision_tree_router,0.8883248730964467,5.932038578680203e-05,0.8883248730964467,0.04568527918781726,0.0,0.7715736040609137
2model_deepseek_v3_granite_8b,"deepseek_v3,granite_8b",231,random_forest_router,0.8934010152284264,7.458853807106599e-05,0.8934010152284264,0.04060913705583756,0.0,0.9035532994923858
2model_deepseek_v3_granite_8b,"deepseek_v3,granite_8b",231,extra_trees_router,0.8934010152284264,7.267703553299492e-05,0.8934010152284264,0.04060913705583756,0.0,0.8578680203045685
2model_deepseek_v3_granite_8b,"deepseek_v3,granite_8b",231,mlp_router,0.8984771573604061,7.641851776649745e-05,0.8984771573604061,0.03553299492385787,0.0,0.9543147208121827
2model_deepseek_v3_granite_8b,"deepseek_v3,granite_8b",231,tfidf_logistic_router,0.8934010152284264,7.481383756345177e-05,0.8934010152284264,0.04060913705583756,0.0,0.9137055837563451
2model_deepseek_v3_granite_8b,"deepseek_v3,granite_8b",231,tfidf_linear_svm_router,0.8984771573604061,7.619996954314719e-05,0.8984771573604061,0.03553299492385787,0.0,0.9441624365482234
2model_deepseek_v3_granite_8b,"deepseek_v3,granite_8b",231,tfidf_mlp_router,0.8984771573604061,7.675398984771573e-05,0.8984771573604061,0.03553299492385787,0.0,0.9593908629441624
2model_deepseek_v3_granite_8b,"deepseek_v3,granite_8b",232,always_deepseek_v3,0.9238578680203046,6.975652791878173e-05,0.9238578680203046,0.03553299492385787,0.0,0.9644670050761421
2model_deepseek_v3_granite_8b,"deepseek_v3,granite_8b",232,always_granite_8b,0.868020304568528,1.6348477157360407e-05,0.868020304568528,0.09137055837563451,0.0,0.03553299492385787
2model_deepseek_v3_granite_8b,"deepseek_v3,granite_8b",232,random,0.9289340101522843,4.346587817258883e-05,0.9289340101522843,0.030456852791878174,0.0,0.5329949238578681
2model_deepseek_v3_granite_8b,"deepseek_v3,granite_8b",232,oracle,0.9593908629441624,6.781155329949238e-05,0.9593908629441624,0.0,0.0,1.0
2model_deepseek_v3_granite_8b,"deepseek_v3,granite_8b",232,logistic_router,0.9086294416243654,6.270911675126904e-05,0.9086294416243654,0.050761421319796954,0.0,0.8426395939086294
2model_deepseek_v3_granite_8b,"deepseek_v3,granite_8b",232,linear_svm_router,0.9086294416243654,6.291734010152284e-05,0.9086294416243654,0.050761421319796954,0.0,0.8477157360406091
2model_deepseek_v3_granite_8b,"deepseek_v3,granite_8b",232,knn_router,0.9238578680203046,6.975652791878173e-05,0.9238578680203046,0.03553299492385787,0.0,0.9644670050761421
2model_deepseek_v3_granite_8b,"deepseek_v3,granite_8b",232,decision_tree_router,0.8984771573604061,5.88956345177665e-05,0.8984771573604061,0.06091370558375635,0.0,0.7817258883248731
2model_deepseek_v3_granite_8b,"deepseek_v3,granite_8b",232,random_forest_router,0.9289340101522843,6.826916751269036e-05,0.9289340101522843,0.030456852791878174,0.0,0.934010152284264
2model_deepseek_v3_granite_8b,"deepseek_v3,granite_8b",232,extra_trees_router,0.9137055837563451,6.68741116751269e-05,0.9137055837563451,0.04568527918781726,0.0,0.8984771573604061
2model_deepseek_v3_granite_8b,"deepseek_v3,granite_8b",232,mlp_router,0.9238578680203046,6.975652791878173e-05,0.9238578680203046,0.03553299492385787,0.0,0.9644670050761421
2model_deepseek_v3_granite_8b,"deepseek_v3,granite_8b",232,tfidf_logistic_router,0.9187817258883249,6.763074111675128e-05,0.9187817258883249,0.04060913705583756,0.0,0.9289340101522843
2model_deepseek_v3_granite_8b,"deepseek_v3,granite_8b",232,tfidf_linear_svm_router,0.9187817258883249,6.915805076142132e-05,0.9187817258883249,0.04060913705583756,0.0,0.9543147208121827
2model_deepseek_v3_granite_8b,"deepseek_v3,granite_8b",232,tfidf_mlp_router,0.9187817258883249,6.952084263959391e-05,0.9187817258883249,0.04060913705583756,0.0,0.9593908629441624
2model_deepseek_v3_granite_8b,"deepseek_v3,granite_8b",233,always_deepseek_v3,0.9187817258883249,7.352493401015228e-05,0.9187817258883249,0.030456852791878174,0.0,0.9695431472081218
2model_deepseek_v3_granite_8b,"deepseek_v3,granite_8b",233,always_granite_8b,0.8527918781725888,1.6294162436548225e-05,0.8527918781725888,0.09644670050761421,0.0,0.030456852791878174
2model_deepseek_v3_granite_8b,"deepseek_v3,granite_8b",233,random,0.883248730964467,4.375757360406091e-05,0.883248730964467,0.06598984771573604,0.0,0.45685279187817257
2model_deepseek_v3_granite_8b,"deepseek_v3,granite_8b",233,oracle,0.949238578680203,7.16742538071066e-05,0.949238578680203,0.0,0.0,1.0
2model_deepseek_v3_granite_8b,"deepseek_v3,granite_8b",233,logistic_router,0.9086294416243654,6.302513705583757e-05,0.9086294416243654,0.04060913705583756,0.0,0.8071065989847716
2model_deepseek_v3_granite_8b,"deepseek_v3,granite_8b",233,linear_svm_router,0.9086294416243654,6.322186802030456e-05,0.9086294416243654,0.04060913705583756,0.0,0.8121827411167513
2model_deepseek_v3_granite_8b,"deepseek_v3,granite_8b",233,knn_router,0.9187817258883249,7.352493401015228e-05,0.9187817258883249,0.030456852791878174,0.0,0.9695431472081218
2model_deepseek_v3_granite_8b,"deepseek_v3,granite_8b",233,decision_tree_router,0.8934010152284264,5.454699492385786e-05,0.8934010152284264,0.05583756345177665,0.0,0.6598984771573604
2model_deepseek_v3_granite_8b,"deepseek_v3,granite_8b",233,random_forest_router,0.9086294416243654,7.005265989847716e-05,0.9086294416243654,0.04060913705583756,0.0,0.8781725888324873
2model_deepseek_v3_granite_8b,"deepseek_v3,granite_8b",233,extra_trees_router,0.9035532994923858,6.840375634517767e-05,0.9035532994923858,0.04568527918781726,0.0,0.8426395939086294
2model_deepseek_v3_granite_8b,"deepseek_v3,granite_8b",233,mlp_router,0.9187817258883249,7.323290355329949e-05,0.9187817258883249,0.030456852791878174,0.0,0.9644670050761421
2model_deepseek_v3_granite_8b,"deepseek_v3,granite_8b",233,tfidf_logistic_router,0.9086294416243654,7.002837563451777e-05,0.9086294416243654,0.04060913705583756,0.0,0.8883248730964467
2model_deepseek_v3_granite_8b,"deepseek_v3,granite_8b",233,tfidf_linear_svm_router,0.9137055837563451,7.227994923857868e-05,0.9137055837563451,0.03553299492385787,0.0,0.9390862944162437
2model_deepseek_v3_granite_8b,"deepseek_v3,granite_8b",233,tfidf_mlp_router,0.9187817258883249,7.28794923857868e-05,0.9187817258883249,0.030456852791878174,0.0,0.9543147208121827
3model_gemini_flash_lite_gemini_flash_qwen_30b,"gemini_flash_lite,gemini_flash,qwen_30b",229,always_gemini_flash_lite,0.9137055837563451,0.00012077157360406092,0.9137055837563451,0.04568527918781726,0.0,0.9543147208121827
3model_gemini_flash_lite_gemini_flash_qwen_30b,"gemini_flash_lite,gemini_flash,qwen_30b",229,always_gemini_flash,0.8781725888324873,0.00018899238578680202,0.8781725888324873,0.08121827411167512,0.0,0.025380710659898477
3model_gemini_flash_lite_gemini_flash_qwen_30b,"gemini_flash_lite,gemini_flash,qwen_30b",229,always_qwen_30b,0.868020304568528,2.3474460913705585e-05,0.868020304568528,0.09137055837563451,0.0,0.02030456852791878
3model_gemini_flash_lite_gemini_flash_qwen_30b,"gemini_flash_lite,gemini_flash,qwen_30b",229,random,0.8883248730964467,0.00010284942944162436,0.8883248730964467,0.07106598984771574,0.0,0.29949238578680204
3model_gemini_flash_lite_gemini_flash_qwen_30b,"gemini_flash_lite,gemini_flash,qwen_30b",229,oracle,0.9593908629441624,0.00012233546395939087,0.9593908629441624,0.0,0.0,1.0
3model_gemini_flash_lite_gemini_flash_qwen_30b,"gemini_flash_lite,gemini_flash,qwen_30b",229,logistic_router,0.9035532994923858,0.0001222268730964467,0.9035532994923858,0.05583756345177665,0.0,0.7411167512690355
3model_gemini_flash_lite_gemini_flash_qwen_30b,"gemini_flash_lite,gemini_flash,qwen_30b",229,linear_svm_router,0.9137055837563451,0.00012279095431472082,0.9137055837563451,0.04568527918781726,0.0,0.8934010152284264
3model_gemini_flash_lite_gemini_flash_qwen_30b,"gemini_flash_lite,gemini_flash,qwen_30b",229,knn_router,0.9137055837563451,0.00012097030456852793,0.9137055837563451,0.04568527918781726,0.0,0.949238578680203
3model_gemini_flash_lite_gemini_flash_qwen_30b,"gemini_flash_lite,gemini_flash,qwen_30b",229,decision_tree_router,0.8934010152284264,0.00011305842233502538,0.8934010152284264,0.06598984771573604,0.0,0.6852791878172588
3model_gemini_flash_lite_gemini_flash_qwen_30b,"gemini_flash_lite,gemini_flash,qwen_30b",229,random_forest_router,0.9086294416243654,0.0001236060730964467,0.9086294416243654,0.050761421319796954,0.0,0.8426395939086294
3model_gemini_flash_lite_gemini_flash_qwen_30b,"gemini_flash_lite,gemini_flash,qwen_30b",229,extra_trees_router,0.8934010152284264,0.00012156331573604061,0.8934010152284264,0.06598984771573604,0.0,0.6446700507614214
3model_gemini_flash_lite_gemini_flash_qwen_30b,"gemini_flash_lite,gemini_flash,qwen_30b",229,mlp_router,0.9137055837563451,0.00012096182741116752,0.9137055837563451,0.04568527918781726,0.0,0.9390862944162437
3model_gemini_flash_lite_gemini_flash_qwen_30b,"gemini_flash_lite,gemini_flash,qwen_30b",229,tfidf_logistic_router,0.9086294416243654,0.0001229834842639594,0.9086294416243654,0.050761421319796954,0.0,0.883248730964467
3model_gemini_flash_lite_gemini_flash_qwen_30b,"gemini_flash_lite,gemini_flash,qwen_30b",229,tfidf_linear_svm_router,0.9137055837563451,0.00012077157360406092,0.9137055837563451,0.04568527918781726,0.0,0.9543147208121827
3model_gemini_flash_lite_gemini_flash_qwen_30b,"gemini_flash_lite,gemini_flash,qwen_30b",229,tfidf_mlp_router,0.9137055837563451,0.00012077157360406092,0.9137055837563451,0.04568527918781726,0.0,0.9543147208121827
3model_gemini_flash_lite_gemini_flash_qwen_30b,"gemini_flash_lite,gemini_flash,qwen_30b",230,always_gemini_flash_lite,0.9187817258883249,0.00012391624365482235,0.9187817258883249,0.025380710659898477,0.0,0.9746192893401016
3model_gemini_flash_lite_gemini_flash_qwen_30b,"gemini_flash_lite,gemini_flash,qwen_30b",230,always_gemini_flash,0.8781725888324873,0.00019350913705583754,0.8781725888324873,0.06598984771573604,0.0,0.005076142131979695
3model_gemini_flash_lite_gemini_flash_qwen_30b,"gemini_flash_lite,gemini_flash,qwen_30b",230,always_qwen_30b,0.9187817258883249,2.4823336040609136e-05,0.9187817258883249,0.025380710659898477,0.0,0.02030456852791878
3model_gemini_flash_lite_gemini_flash_qwen_30b,"gemini_flash_lite,gemini_flash,qwen_30b",230,random,0.8984771573604061,0.00010618512487309646,0.8984771573604061,0.04568527918781726,0.0,0.3756345177664975
3model_gemini_flash_lite_gemini_flash_qwen_30b,"gemini_flash_lite,gemini_flash,qwen_30b",230,oracle,0.9441624365482234,0.00012167453197969544,0.9441624365482234,0.0,0.0,1.0
3model_gemini_flash_lite_gemini_flash_qwen_30b,"gemini_flash_lite,gemini_flash,qwen_30b",230,logistic_router,0.9187817258883249,0.0001258161461928934,0.9187817258883249,0.025380710659898477,0.0,0.883248730964467
3model_gemini_flash_lite_gemini_flash_qwen_30b,"gemini_flash_lite,gemini_flash,qwen_30b",230,linear_svm_router,0.9137055837563451,0.000124053807106599,0.9137055837563451,0.030456852791878174,0.0,0.9644670050761421
3model_gemini_flash_lite_gemini_flash_qwen_30b,"gemini_flash_lite,gemini_flash,qwen_30b",230,knn_router,0.9187817258883249,0.00012391624365482235,0.9187817258883249,0.025380710659898477,0.0,0.9746192893401016
3model_gemini_flash_lite_gemini_flash_qwen_30b,"gemini_flash_lite,gemini_flash,qwen_30b",230,decision_tree_router,0.9137055837563451,0.00011439027005076142,0.9137055837563451,0.030456852791878174,0.0,0.6751269035532995
3model_gemini_flash_lite_gemini_flash_qwen_30b,"gemini_flash_lite,gemini_flash,qwen_30b",230,random_forest_router,0.9137055837563451,0.00012447664974619288,0.9137055837563451,0.030456852791878174,0.0,0.9543147208121827
3model_gemini_flash_lite_gemini_flash_qwen_30b,"gemini_flash_lite,gemini_flash,qwen_30b",230,extra_trees_router,0.9238578680203046,0.00011713272893401016,0.9238578680203046,0.02030456852791878,0.0,0.817258883248731
3model_gemini_flash_lite_gemini_flash_qwen_30b,"gemini_flash_lite,gemini_flash,qwen_30b",230,mlp_router,0.9238578680203046,0.00012274103756345178,0.9238578680203046,0.02030456852791878,0.0,0.9796954314720813
3model_gemini_flash_lite_gemini_flash_qwen_30b,"gemini_flash_lite,gemini_flash,qwen_30b",230,tfidf_logistic_router,0.9187817258883249,0.0001257082538071066,0.9187817258883249,0.025380710659898477,0.0,0.9441624365482234
3model_gemini_flash_lite_gemini_flash_qwen_30b,"gemini_flash_lite,gemini_flash,qwen_30b",230,tfidf_linear_svm_router,0.9187817258883249,0.00012391624365482235,0.9187817258883249,0.025380710659898477,0.0,0.9746192893401016
3model_gemini_flash_lite_gemini_flash_qwen_30b,"gemini_flash_lite,gemini_flash,qwen_30b",230,tfidf_mlp_router,0.9187817258883249,0.00012391624365482235,0.9187817258883249,0.025380710659898477,0.0,0.9746192893401016
3model_gemini_flash_lite_gemini_flash_qwen_30b,"gemini_flash_lite,gemini_flash,qwen_30b",231,always_gemini_flash_lite,0.9289340101522843,0.00012848857868020305,0.9289340101522843,0.02030456852791878,0.0,0.9796954314720813
3model_gemini_flash_lite_gemini_flash_qwen_30b,"gemini_flash_lite,gemini_flash,qwen_30b",231,always_gemini_flash,0.8527918781725888,0.00019614467005076141,0.8527918781725888,0.09644670050761421,0.0,0.005076142131979695
3model_gemini_flash_lite_gemini_flash_qwen_30b,"gemini_flash_lite,gemini_flash,qwen_30b",231,always_qwen_30b,0.8883248730964467,2.600484670050761e-05,0.8883248730964467,0.06091370558375635,0.0,0.015228426395939087
3model_gemini_flash_lite_gemini_flash_qwen_30b,"gemini_flash_lite,gemini_flash,qwen_30b",231,random,0.9035532994923858,0.00011748731370558375,0.9035532994923858,0.04568527918781726,0.0,0.28426395939086296
3model_gemini_flash_lite_gemini_flash_qwen_30b,"gemini_flash_lite,gemini_flash,qwen_30b",231,oracle,0.949238578680203,0.00012698031675126902,0.949238578680203,0.0,0.0,1.0
3model_gemini_flash_lite_gemini_flash_qwen_30b,"gemini_flash_lite,gemini_flash,qwen_30b",231,logistic_router,0.9238578680203046,0.00012944142944162437,0.9238578680203046,0.025380710659898477,0.0,0.7969543147208121
3model_gemini_flash_lite_gemini_flash_qwen_30b,"gemini_flash_lite,gemini_flash,qwen_30b",231,linear_svm_router,0.9289340101522843,0.00012710984771573605,0.9289340101522843,0.02030456852791878,0.0,0.949238578680203
3model_gemini_flash_lite_gemini_flash_qwen_30b,"gemini_flash_lite,gemini_flash,qwen_30b",231,knn_router,0.9289340101522843,0.00012929238578680203,0.9289340101522843,0.02030456852791878,0.0,0.9746192893401016
3model_gemini_flash_lite_gemini_flash_qwen_30b,"gemini_flash_lite,gemini_flash,qwen_30b",231,decision_tree_router,0.9086294416243654,0.00012449511675126905,0.9086294416243654,0.04060913705583756,0.0,0.7208121827411168
3model_gemini_flash_lite_gemini_flash_qwen_30b,"gemini_flash_lite,gemini_flash,qwen_30b",231,random_forest_router,0.9289340101522843,0.0001250837644670051,0.9289340101522843,0.02030456852791878,0.0,0.8934010152284264
3model_gemini_flash_lite_gemini_flash_qwen_30b,"gemini_flash_lite,gemini_flash,qwen_30b",231,extra_trees_router,0.9289340101522843,0.0001198755228426396,0.9289340101522843,0.02030456852791878,0.0,0.7766497461928934
3model_gemini_flash_lite_gemini_flash_qwen_30b,"gemini_flash_lite,gemini_flash,qwen_30b",231,mlp_router,0.9289340101522843,0.0001288638578680203,0.9289340101522843,0.02030456852791878,0.0,0.9695431472081218
3model_gemini_flash_lite_gemini_flash_qwen_30b,"gemini_flash_lite,gemini_flash,qwen_30b",231,tfidf_logistic_router,0.9289340101522843,0.0001282839086294416,0.9289340101522843,0.02030456852791878,0.0,0.934010152284264
3model_gemini_flash_lite_gemini_flash_qwen_30b,"gemini_flash_lite,gemini_flash,qwen_30b",231,tfidf_linear_svm_router,0.9289340101522843,0.00012929238578680203,0.9289340101522843,0.02030456852791878,0.0,0.9746192893401016
3model_gemini_flash_lite_gemini_flash_qwen_30b,"gemini_flash_lite,gemini_flash,qwen_30b",231,tfidf_mlp_router,0.9289340101522843,0.00012929238578680203,0.9289340101522843,0.02030456852791878,0.0,0.9746192893401016
3model_gemini_flash_lite_gemini_flash_qwen_30b,"gemini_flash_lite,gemini_flash,qwen_30b",232,always_gemini_flash_lite,0.9086294416243654,0.00012325000000000001,0.9086294416243654,0.050761421319796954,0.0,0.949238578680203
3model_gemini_flash_lite_gemini_flash_qwen_30b,"gemini_flash_lite,gemini_flash,qwen_30b",232,always_gemini_flash,0.8730964467005076,0.00020018730964467004,0.8730964467005076,0.08629441624365482,0.0,0.025380710659898477
3model_gemini_flash_lite_gemini_flash_qwen_30b,"gemini_flash_lite,gemini_flash,qwen_30b",232,always_qwen_30b,0.9137055837563451,2.631308629441624e-05,0.9137055837563451,0.04568527918781726,0.0,0.025380710659898477
3model_gemini_flash_lite_gemini_flash_qwen_30b,"gemini_flash_lite,gemini_flash,qwen_30b",232,random,0.8984771573604061,0.00011616260913705585,0.8984771573604061,0.06091370558375635,0.0,0.3299492385786802
3model_gemini_flash_lite_gemini_flash_qwen_30b,"gemini_flash_lite,gemini_flash,qwen_30b",232,oracle,0.9593908629441624,0.00012202075736040608,0.9593908629441624,0.0,0.0,1.0
3model_gemini_flash_lite_gemini_flash_qwen_30b,"gemini_flash_lite,gemini_flash,qwen_30b",232,logistic_router,0.9035532994923858,0.00012123243451776652,0.9035532994923858,0.05583756345177665,0.0,0.7868020304568528
3model_gemini_flash_lite_gemini_flash_qwen_30b,"gemini_flash_lite,gemini_flash,qwen_30b",232,linear_svm_router,0.9086294416243654,0.00012300263350253807,0.9086294416243654,0.050761421319796954,0.0,0.9035532994923858
3model_gemini_flash_lite_gemini_flash_qwen_30b,"gemini_flash_lite,gemini_flash,qwen_30b",232,knn_router,0.9086294416243654,0.00012325000000000001,0.9086294416243654,0.050761421319796954,0.0,0.949238578680203
3model_gemini_flash_lite_gemini_flash_qwen_30b,"gemini_flash_lite,gemini_flash,qwen_30b",232,decision_tree_router,0.8984771573604061,0.00012091562030456852,0.8984771573604061,0.06091370558375635,0.0,0.7817258883248731
3model_gemini_flash_lite_gemini_flash_qwen_30b,"gemini_flash_lite,gemini_flash,qwen_30b",232,random_forest_router,0.9086294416243654,0.00012302916548223352,0.9086294416243654,0.050761421319796954,0.0,0.9238578680203046
3model_gemini_flash_lite_gemini_flash_qwen_30b,"gemini_flash_lite,gemini_flash,qwen_30b",232,extra_trees_router,0.9137055837563451,0.000119883530964467,0.9137055837563451,0.04568527918781726,0.0,0.8629441624365483
3model_gemini_flash_lite_gemini_flash_qwen_30b,"gemini_flash_lite,gemini_flash,qwen_30b",232,mlp_router,0.9086294416243654,0.0001231336345177665,0.9086294416243654,0.050761421319796954,0.0,0.9390862944162437
3model_gemini_flash_lite_gemini_flash_qwen_30b,"gemini_flash_lite,gemini_flash,qwen_30b",232,tfidf_logistic_router,0.9086294416243654,0.00012098248934010152,0.9086294416243654,0.050761421319796954,0.0,0.883248730964467
3model_gemini_flash_lite_gemini_flash_qwen_30b,"gemini_flash_lite,gemini_flash,qwen_30b",232,tfidf_linear_svm_router,0.9086294416243654,0.0001236789340101523,0.9086294416243654,0.050761421319796954,0.0,0.9441624365482234
3model_gemini_flash_lite_gemini_flash_qwen_30b,"gemini_flash_lite,gemini_flash,qwen_30b",232,tfidf_mlp_router,0.9086294416243654,0.00012325000000000001,0.9086294416243654,0.050761421319796954,0.0,0.949238578680203
3model_gemini_flash_lite_gemini_flash_qwen_30b,"gemini_flash_lite,gemini_flash,qwen_30b",233,always_gemini_flash_lite,0.9289340101522843,0.00012413705583756346,0.9289340101522843,0.03553299492385787,0.0,0.9644670050761421
3model_gemini_flash_lite_gemini_flash_qwen_30b,"gemini_flash_lite,gemini_flash,qwen_30b",233,always_gemini_flash,0.8629441624365483,0.00019355837563451775,0.8629441624365483,0.10152284263959391,0.0,0.015228426395939087
3model_gemini_flash_lite_gemini_flash_qwen_30b,"gemini_flash_lite,gemini_flash,qwen_30b",233,always_qwen_30b,0.9086294416243654,2.511114720812183e-05,0.9086294416243654,0.05583756345177665,0.0,0.02030456852791878
3model_gemini_flash_lite_gemini_flash_qwen_30b,"gemini_flash_lite,gemini_flash,qwen_30b",233,random,0.9187817258883249,0.00010764937461928932,0.9187817258883249,0.04568527918781726,0.0,0.3248730964467005
3model_gemini_flash_lite_gemini_flash_qwen_30b,"gemini_flash_lite,gemini_flash,qwen_30b",233,oracle,0.9644670050761421,0.0001252854802030457,0.9644670050761421,0.0,0.0,1.0
3model_gemini_flash_lite_gemini_flash_qwen_30b,"gemini_flash_lite,gemini_flash,qwen_30b",233,logistic_router,0.9238578680203046,0.0001251924852791878,0.9238578680203046,0.04060913705583756,0.0,0.7766497461928934
3model_gemini_flash_lite_gemini_flash_qwen_30b,"gemini_flash_lite,gemini_flash,qwen_30b",233,linear_svm_router,0.9187817258883249,0.00012500642436548225,0.9187817258883249,0.04568527918781726,0.0,0.9238578680203046
3model_gemini_flash_lite_gemini_flash_qwen_30b,"gemini_flash_lite,gemini_flash,qwen_30b",233,knn_router,0.9289340101522843,0.0001242977157360406,0.9289340101522843,0.03553299492385787,0.0,0.9593908629441624
3model_gemini_flash_lite_gemini_flash_qwen_30b,"gemini_flash_lite,gemini_flash,qwen_30b",233,decision_tree_router,0.9086294416243654,0.00012312952284263958,0.9086294416243654,0.05583756345177665,0.0,0.7461928934010152
3model_gemini_flash_lite_gemini_flash_qwen_30b,"gemini_flash_lite,gemini_flash,qwen_30b",233,random_forest_router,0.9238578680203046,0.00012085723857868021,0.9238578680203046,0.04060913705583756,0.0,0.8730964467005076
3model_gemini_flash_lite_gemini_flash_qwen_30b,"gemini_flash_lite,gemini_flash,qwen_30b",233,extra_trees_router,0.9238578680203046,0.00011617632690355329,0.9238578680203046,0.04060913705583756,0.0,0.7918781725888325
3model_gemini_flash_lite_gemini_flash_qwen_30b,"gemini_flash_lite,gemini_flash,qwen_30b",233,mlp_router,0.9289340101522843,0.0001244002538071066,0.9289340101522843,0.03553299492385787,0.0,0.9543147208121827
3model_gemini_flash_lite_gemini_flash_qwen_30b,"gemini_flash_lite,gemini_flash,qwen_30b",233,tfidf_logistic_router,0.9289340101522843,0.00012228931370558376,0.9289340101522843,0.03553299492385787,0.0,0.9035532994923858
3model_gemini_flash_lite_gemini_flash_qwen_30b,"gemini_flash_lite,gemini_flash,qwen_30b",233,tfidf_linear_svm_router,0.9289340101522843,0.00012423959390862944,0.9289340101522843,0.03553299492385787,0.0,0.9593908629441624
3model_gemini_flash_lite_gemini_flash_qwen_30b,"gemini_flash_lite,gemini_flash,qwen_30b",233,tfidf_mlp_router,0.9289340101522843,0.00012423959390862944,0.9289340101522843,0.03553299492385787,0.0,0.9593908629441624
3model_gemini_flash_lite_gemini_flash_llama_70b,"gemini_flash_lite,gemini_flash,llama_70b",229,always_gemini_flash_lite,0.9137055837563451,0.00012077157360406092,0.9137055837563451,0.04060913705583756,0.0,0.9593908629441624
3model_gemini_flash_lite_gemini_flash_llama_70b,"gemini_flash_lite,gemini_flash,llama_70b",229,always_gemini_flash,0.8781725888324873,0.00018899238578680202,0.8781725888324873,0.07614213197969544,0.0,0.025380710659898477
3model_gemini_flash_lite_gemini_flash_llama_70b,"gemini_flash_lite,gemini_flash,llama_70b",229,always_llama_70b,0.8934010152284264,5.343402538071066e-05,0.8934010152284264,0.06091370558375635,0.0,0.015228426395939087
3model_gemini_flash_lite_gemini_flash_llama_70b,"gemini_flash_lite,gemini_flash,llama_70b",229,random,0.8883248730964467,0.00011377515228426398,0.8883248730964467,0.06598984771573604,0.0,0.29949238578680204
3model_gemini_flash_lite_gemini_flash_llama_70b,"gemini_flash_lite,gemini_flash,llama_70b",229,oracle,0.9543147208121827,0.0001249060609137056,0.9543147208121827,0.0,0.0,1.0
3model_gemini_flash_lite_gemini_flash_llama_70b,"gemini_flash_lite,gemini_flash,llama_70b",229,logistic_router,0.9086294416243654,0.00012430736040609138,0.9086294416243654,0.04568527918781726,0.0,0.7360406091370558
3model_gemini_flash_lite_gemini_flash_llama_70b,"gemini_flash_lite,gemini_flash,llama_70b",229,linear_svm_router,0.9086294416243654,0.00012432010152284265,0.9086294416243654,0.04568527918781726,0.0,0.8883248730964467
3model_gemini_flash_lite_gemini_flash_llama_70b,"gemini_flash_lite,gemini_flash,llama_70b",229,knn_router,0.9137055837563451,0.00012146274111675128,0.9137055837563451,0.04060913705583756,0.0,0.949238578680203
3model_gemini_flash_lite_gemini_flash_llama_70b,"gemini_flash_lite,gemini_flash,llama_70b",229,decision_tree_router,0.9187817258883249,0.00011704732994923856,0.9187817258883249,0.03553299492385787,0.0,0.6802030456852792
3model_gemini_flash_lite_gemini_flash_llama_70b,"gemini_flash_lite,gemini_flash,llama_70b",229,random_forest_router,0.9086294416243654,0.0001246863959390863,0.9086294416243654,0.04568527918781726,0.0,0.8730964467005076
3model_gemini_flash_lite_gemini_flash_llama_70b,"gemini_flash_lite,gemini_flash,llama_70b",229,extra_trees_router,0.8934010152284264,0.00012660878172588832,0.8934010152284264,0.06091370558375635,0.0,0.649746192893401
3model_gemini_flash_lite_gemini_flash_llama_70b,"gemini_flash_lite,gemini_flash,llama_70b",229,mlp_router,0.9137055837563451,0.00012073578680203047,0.9137055837563451,0.04060913705583756,0.0,0.9543147208121827
3model_gemini_flash_lite_gemini_flash_llama_70b,"gemini_flash_lite,gemini_flash,llama_70b",229,tfidf_logistic_router,0.9086294416243654,0.00012467289340101524,0.9086294416243654,0.04568527918781726,0.0,0.8781725888324873
3model_gemini_flash_lite_gemini_flash_llama_70b,"gemini_flash_lite,gemini_flash,llama_70b",229,tfidf_linear_svm_router,0.9137055837563451,0.00012077157360406092,0.9137055837563451,0.04060913705583756,0.0,0.9593908629441624
3model_gemini_flash_lite_gemini_flash_llama_70b,"gemini_flash_lite,gemini_flash,llama_70b",229,tfidf_mlp_router,0.9137055837563451,0.00012077157360406092,0.9137055837563451,0.04060913705583756,0.0,0.9593908629441624
3model_gemini_flash_lite_gemini_flash_llama_70b,"gemini_flash_lite,gemini_flash,llama_70b",230,always_gemini_flash_lite,0.9187817258883249,0.00012391624365482235,0.9187817258883249,0.02030456852791878,0.0,0.9796954314720813
3model_gemini_flash_lite_gemini_flash_llama_70b,"gemini_flash_lite,gemini_flash,llama_70b",230,always_gemini_flash,0.8781725888324873,0.00019350913705583754,0.8781725888324873,0.06091370558375635,0.0,0.005076142131979695
3model_gemini_flash_lite_gemini_flash_llama_70b,"gemini_flash_lite,gemini_flash,llama_70b",230,always_llama_70b,0.8781725888324873,0.010206027761421321,0.8781725888324873,0.06091370558375635,0.0,0.015228426395939087
3model_gemini_flash_lite_gemini_flash_llama_70b,"gemini_flash_lite,gemini_flash,llama_70b",230,random,0.8984771573604061,0.010268785634517769,0.8984771573604061,0.04060913705583756,0.0,0.39086294416243655
3model_gemini_flash_lite_gemini_flash_llama_70b,"gemini_flash_lite,gemini_flash,llama_70b",230,oracle,0.9390862944162437,0.00012330550253807107,0.9390862944162437,0.0,0.0,1.0
3model_gemini_flash_lite_gemini_flash_llama_70b,"gemini_flash_lite,gemini_flash,llama_70b",230,logistic_router,0.9086294416243654,0.00012192781218274112,0.9086294416243654,0.030456852791878174,0.0,0.7715736040609137
3model_gemini_flash_lite_gemini_flash_llama_70b,"gemini_flash_lite,gemini_flash,llama_70b",230,linear_svm_router,0.9137055837563451,0.00012446898477157361,0.9137055837563451,0.025380710659898477,0.0,0.9543147208121827
3model_gemini_flash_lite_gemini_flash_llama_70b,"gemini_flash_lite,gemini_flash,llama_70b",230,knn_router,0.9187817258883249,0.0001235928426395939,0.9187817258883249,0.02030456852791878,0.0,0.9746192893401016
3model_gemini_flash_lite_gemini_flash_llama_70b,"gemini_flash_lite,gemini_flash,llama_70b",230,decision_tree_router,0.9137055837563451,0.005197694639593908,0.9137055837563451,0.025380710659898477,0.0,0.7969543147208121
3model_gemini_flash_lite_gemini_flash_llama_70b,"gemini_flash_lite,gemini_flash,llama_70b",230,random_forest_router,0.9137055837563451,0.00012478101522842643,0.9137055837563451,0.025380710659898477,0.0,0.934010152284264
3model_gemini_flash_lite_gemini_flash_llama_70b,"gemini_flash_lite,gemini_flash,llama_70b",230,extra_trees_router,0.9086294416243654,0.005196135629441626,0.9086294416243654,0.030456852791878174,0.0,0.7817258883248731
3model_gemini_flash_lite_gemini_flash_llama_70b,"gemini_flash_lite,gemini_flash,llama_70b",230,mlp_router,0.9187817258883249,0.00012391624365482235,0.9187817258883249,0.02030456852791878,0.0,0.9796954314720813
3model_gemini_flash_lite_gemini_flash_llama_70b,"gemini_flash_lite,gemini_flash,llama_70b",230,tfidf_logistic_router,0.9187817258883249,0.00012453903553299493,0.9187817258883249,0.02030456852791878,0.0,0.9289340101522843
3model_gemini_flash_lite_gemini_flash_llama_70b,"gemini_flash_lite,gemini_flash,llama_70b",230,tfidf_linear_svm_router,0.9187817258883249,0.00012455913705583757,0.9187817258883249,0.02030456852791878,0.0,0.9746192893401016
3model_gemini_flash_lite_gemini_flash_llama_70b,"gemini_flash_lite,gemini_flash,llama_70b",230,tfidf_mlp_router,0.9187817258883249,0.00012391624365482235,0.9187817258883249,0.02030456852791878,0.0,0.9796954314720813
3model_gemini_flash_lite_gemini_flash_llama_70b,"gemini_flash_lite,gemini_flash,llama_70b",231,always_gemini_flash_lite,0.9289340101522843,0.00012848857868020305,0.9289340101522843,0.02030456852791878,0.0,0.9796954314720813
3model_gemini_flash_lite_gemini_flash_llama_70b,"gemini_flash_lite,gemini_flash,llama_70b",231,always_gemini_flash,0.8527918781725888,0.00019614467005076141,0.8527918781725888,0.09644670050761421,0.0,0.005076142131979695
3model_gemini_flash_lite_gemini_flash_llama_70b,"gemini_flash_lite,gemini_flash,llama_70b",231,always_llama_70b,0.8984771573604061,0.0051297422944162445,0.8984771573604061,0.050761421319796954,0.0,0.015228426395939087
3model_gemini_flash_lite_gemini_flash_llama_70b,"gemini_flash_lite,gemini_flash,llama_70b",231,random,0.8984771573604061,0.005204418213197971,0.8984771573604061,0.050761421319796954,0.0,0.28426395939086296
3model_gemini_flash_lite_gemini_flash_llama_70b,"gemini_flash_lite,gemini_flash,llama_70b",231,oracle,0.949238578680203,0.0001278792842639594,0.949238578680203,0.0,0.0,1.0
3model_gemini_flash_lite_gemini_flash_llama_70b,"gemini_flash_lite,gemini_flash,llama_70b",231,logistic_router,0.9238578680203046,0.00013516005076142133,0.9238578680203046,0.025380710659898477,0.0,0.8020304568527918
3model_gemini_flash_lite_gemini_flash_llama_70b,"gemini_flash_lite,gemini_flash,llama_70b",231,linear_svm_router,0.9289340101522843,0.00013099908629441624,0.9289340101522843,0.02030456852791878,0.0,0.9441624365482234
3model_gemini_flash_lite_gemini_flash_llama_70b,"gemini_flash_lite,gemini_flash,llama_70b",231,knn_router,0.9289340101522843,0.00012978482233502538,0.9289340101522843,0.02030456852791878,0.0,0.9695431472081218
3model_gemini_flash_lite_gemini_flash_llama_70b,"gemini_flash_lite,gemini_flash,llama_70b",231,decision_tree_router,0.9187817258883249,0.005189733243654823,0.9187817258883249,0.030456852791878174,0.0,0.6548223350253807
3model_gemini_flash_lite_gemini_flash_llama_70b,"gemini_flash_lite,gemini_flash,llama_70b",231,random_forest_router,0.9289340101522843,0.005203181878172588,0.9289340101522843,0.02030456852791878,0.0,0.9086294416243654
3model_gemini_flash_lite_gemini_flash_llama_70b,"gemini_flash_lite,gemini_flash,llama_70b",231,extra_trees_router,0.9289340101522843,0.00520229954314721,0.9289340101522843,0.02030456852791878,0.0,0.766497461928934
3model_gemini_flash_lite_gemini_flash_llama_70b,"gemini_flash_lite,gemini_flash,llama_70b",231,mlp_router,0.9289340101522843,0.00013020685279187816,0.9289340101522843,0.02030456852791878,0.0,0.9644670050761421
3model_gemini_flash_lite_gemini_flash_llama_70b,"gemini_flash_lite,gemini_flash,llama_70b",231,tfidf_logistic_router,0.9289340101522843,0.0001311797969543147,0.9289340101522843,0.02030456852791878,0.0,0.9390862944162437
3model_gemini_flash_lite_gemini_flash_llama_70b,"gemini_flash_lite,gemini_flash,llama_70b",231,tfidf_linear_svm_router,0.9289340101522843,0.00012929238578680203,0.9289340101522843,0.02030456852791878,0.0,0.9746192893401016
3model_gemini_flash_lite_gemini_flash_llama_70b,"gemini_flash_lite,gemini_flash,llama_70b",231,tfidf_mlp_router,0.9289340101522843,0.00012929238578680203,0.9289340101522843,0.02030456852791878,0.0,0.9746192893401016
3model_gemini_flash_lite_gemini_flash_llama_70b,"gemini_flash_lite,gemini_flash,llama_70b",232,always_gemini_flash_lite,0.9086294416243654,0.00012325000000000001,0.9086294416243654,0.06598984771573604,0.0,0.934010152284264
3model_gemini_flash_lite_gemini_flash_llama_70b,"gemini_flash_lite,gemini_flash,llama_70b",232,always_gemini_flash,0.8730964467005076,0.00020018730964467004,0.8730964467005076,0.10152284263959391,0.0,0.025380710659898477
3model_gemini_flash_lite_gemini_flash_llama_70b,"gemini_flash_lite,gemini_flash,llama_70b",232,always_llama_70b,0.9187817258883249,5.5371817258883244e-05,0.9187817258883249,0.05583756345177665,0.0,0.04060913705583756
3model_gemini_flash_lite_gemini_flash_llama_70b,"gemini_flash_lite,gemini_flash,llama_70b",232,random,0.8934010152284264,0.000127335807106599,0.8934010152284264,0.08121827411167512,0.0,0.3248730964467005
3model_gemini_flash_lite_gemini_flash_llama_70b,"gemini_flash_lite,gemini_flash,llama_70b",232,oracle,0.9746192893401016,0.00012331192385786803,0.9746192893401016,0.0,0.0,1.0
3model_gemini_flash_lite_gemini_flash_llama_70b,"gemini_flash_lite,gemini_flash,llama_70b",232,logistic_router,0.9035532994923858,0.00012556071065989848,0.9035532994923858,0.07106598984771574,0.0,0.817258883248731
3model_gemini_flash_lite_gemini_flash_llama_70b,"gemini_flash_lite,gemini_flash,llama_70b",232,linear_svm_router,0.9086294416243654,0.00012469370558375635,0.9086294416243654,0.06598984771573604,0.0,0.9035532994923858
3model_gemini_flash_lite_gemini_flash_llama_70b,"gemini_flash_lite,gemini_flash,llama_70b",232,knn_router,0.9086294416243654,0.0001229265989847716,0.9086294416243654,0.06598984771573604,0.0,0.9289340101522843
3model_gemini_flash_lite_gemini_flash_llama_70b,"gemini_flash_lite,gemini_flash,llama_70b",232,decision_tree_router,0.9035532994923858,0.00012475167512690356,0.9035532994923858,0.07106598984771574,0.0,0.8578680203045685
3model_gemini_flash_lite_gemini_flash_llama_70b,"gemini_flash_lite,gemini_flash,llama_70b",232,random_forest_router,0.9086294416243654,0.00012349979695431475,0.9086294416243654,0.06598984771573604,0.0,0.9086294416243654
3model_gemini_flash_lite_gemini_flash_llama_70b,"gemini_flash_lite,gemini_flash,llama_70b",232,extra_trees_router,0.8984771573604061,0.00012400845177664975,0.8984771573604061,0.07614213197969544,0.0,0.8477157360406091
3model_gemini_flash_lite_gemini_flash_llama_70b,"gemini_flash_lite,gemini_flash,llama_70b",232,mlp_router,0.9086294416243654,0.00012321913705583756,0.9086294416243654,0.06598984771573604,0.0,0.9289340101522843
3model_gemini_flash_lite_gemini_flash_llama_70b,"gemini_flash_lite,gemini_flash,llama_70b",232,tfidf_logistic_router,0.9086294416243654,0.00012385629441624365,0.9086294416243654,0.06598984771573604,0.0,0.9035532994923858
3model_gemini_flash_lite_gemini_flash_llama_70b,"gemini_flash_lite,gemini_flash,llama_70b",232,tfidf_linear_svm_router,0.9086294416243654,0.0001236789340101523,0.9086294416243654,0.06598984771573604,0.0,0.9289340101522843
3model_gemini_flash_lite_gemini_flash_llama_70b,"gemini_flash_lite,gemini_flash,llama_70b",232,tfidf_mlp_router,0.9086294416243654,0.00012325000000000001,0.9086294416243654,0.06598984771573604,0.0,0.934010152284264
3model_gemini_flash_lite_gemini_flash_llama_70b,"gemini_flash_lite,gemini_flash,llama_70b",233,always_gemini_flash_lite,0.9289340101522843,0.00012413705583756346,0.9289340101522843,0.025380710659898477,0.0,0.9746192893401016
3model_gemini_flash_lite_gemini_flash_llama_70b,"gemini_flash_lite,gemini_flash,llama_70b",233,always_gemini_flash,0.8629441624365483,0.00019355837563451775,0.8629441624365483,0.09137055837563451,0.0,0.015228426395939087
3model_gemini_flash_lite_gemini_flash_llama_70b,"gemini_flash_lite,gemini_flash,llama_70b",233,always_llama_70b,0.883248730964467,5.4729203045685284e-05,0.883248730964467,0.07106598984771574,0.0,0.01015228426395939
3model_gemini_flash_lite_gemini_flash_llama_70b,"gemini_flash_lite,gemini_flash,llama_70b",233,random,0.8984771573604061,0.00011863193401015228,0.8984771573604061,0.05583756345177665,0.0,0.3248730964467005
3model_gemini_flash_lite_gemini_flash_llama_70b,"gemini_flash_lite,gemini_flash,llama_70b",233,oracle,0.9543147208121827,0.00012625746192893402,0.9543147208121827,0.0,0.0,1.0
3model_gemini_flash_lite_gemini_flash_llama_70b,"gemini_flash_lite,gemini_flash,llama_70b",233,logistic_router,0.9086294416243654,0.0001234410355329949,0.9086294416243654,0.04568527918781726,0.0,0.7106598984771574
3model_gemini_flash_lite_gemini_flash_llama_70b,"gemini_flash_lite,gemini_flash,llama_70b",233,linear_svm_router,0.9187817258883249,0.00012216888324873096,0.9187817258883249,0.03553299492385787,0.0,0.9390862944162437
3model_gemini_flash_lite_gemini_flash_llama_70b,"gemini_flash_lite,gemini_flash,llama_70b",233,knn_router,0.9289340101522843,0.0001242977157360406,0.9289340101522843,0.025380710659898477,0.0,0.9695431472081218
3model_gemini_flash_lite_gemini_flash_llama_70b,"gemini_flash_lite,gemini_flash,llama_70b",233,decision_tree_router,0.9187817258883249,0.00012608647208121827,0.9187817258883249,0.03553299492385787,0.0,0.7614213197969543
3model_gemini_flash_lite_gemini_flash_llama_70b,"gemini_flash_lite,gemini_flash,llama_70b",233,random_forest_router,0.9238578680203046,0.00012539857868020305,0.9238578680203046,0.030456852791878174,0.0,0.8984771573604061
3model_gemini_flash_lite_gemini_flash_llama_70b,"gemini_flash_lite,gemini_flash,llama_70b",233,extra_trees_router,0.9238578680203046,0.00012191726395939086,0.9238578680203046,0.030456852791878174,0.0,0.8223350253807107
3model_gemini_flash_lite_gemini_flash_llama_70b,"gemini_flash_lite,gemini_flash,llama_70b",233,mlp_router,0.9289340101522843,0.00012385106598984772,0.9289340101522843,0.025380710659898477,0.0,0.9593908629441624
3model_gemini_flash_lite_gemini_flash_llama_70b,"gemini_flash_lite,gemini_flash,llama_70b",233,tfidf_logistic_router,0.9238578680203046,0.00012134175126903554,0.9238578680203046,0.030456852791878174,0.0,0.9137055837563451
3model_gemini_flash_lite_gemini_flash_llama_70b,"gemini_flash_lite,gemini_flash,llama_70b",233,tfidf_linear_svm_router,0.9289340101522843,0.00012423959390862944,0.9289340101522843,0.025380710659898477,0.0,0.9695431472081218
3model_gemini_flash_lite_gemini_flash_llama_70b,"gemini_flash_lite,gemini_flash,llama_70b",233,tfidf_mlp_router,0.9289340101522843,0.00012423959390862944,0.9289340101522843,0.025380710659898477,0.0,0.9695431472081218
3model_gemini_flash_lite_gemini_flash_deepseek_v3,"gemini_flash_lite,gemini_flash,deepseek_v3",229,always_gemini_flash_lite,0.9137055837563451,0.00012077157360406092,0.9137055837563451,0.04060913705583756,0.0,0.9593908629441624
3model_gemini_flash_lite_gemini_flash_deepseek_v3,"gemini_flash_lite,gemini_flash,deepseek_v3",229,always_gemini_flash,0.8781725888324873,0.00018899238578680202,0.8781725888324873,0.07614213197969544,0.0,0.025380710659898477
3model_gemini_flash_lite_gemini_flash_deepseek_v3,"gemini_flash_lite,gemini_flash,deepseek_v3",229,always_deepseek_v3,0.883248730964467,7.042395939086295e-05,0.883248730964467,0.07106598984771574,0.0,0.015228426395939087
3model_gemini_flash_lite_gemini_flash_deepseek_v3,"gemini_flash_lite,gemini_flash,deepseek_v3",229,random,0.8934010152284264,0.00012058713705583757,0.8934010152284264,0.06091370558375635,0.0,0.30456852791878175
3model_gemini_flash_lite_gemini_flash_deepseek_v3,"gemini_flash_lite,gemini_flash,deepseek_v3",229,oracle,0.9543147208121827,0.00012316243654822336,0.9543147208121827,0.0,0.0,1.0
3model_gemini_flash_lite_gemini_flash_deepseek_v3,"gemini_flash_lite,gemini_flash,deepseek_v3",229,logistic_router,0.9086294416243654,0.00012413758375634518,0.9086294416243654,0.04568527918781726,0.0,0.7208121827411168
3model_gemini_flash_lite_gemini_flash_deepseek_v3,"gemini_flash_lite,gemini_flash,deepseek_v3",229,linear_svm_router,0.9035532994923858,0.00012359507614213199,0.9035532994923858,0.050761421319796954,0.0,0.8984771573604061
3model_gemini_flash_lite_gemini_flash_deepseek_v3,"gemini_flash_lite,gemini_flash,deepseek_v3",229,knn_router,0.9137055837563451,0.00012097030456852793,0.9137055837563451,0.04060913705583756,0.0,0.9543147208121827
3model_gemini_flash_lite_gemini_flash_deepseek_v3,"gemini_flash_lite,gemini_flash,deepseek_v3",229,decision_tree_router,0.8984771573604061,0.00011348692385786802,0.8984771573604061,0.05583756345177665,0.0,0.5786802030456852
3model_gemini_flash_lite_gemini_flash_deepseek_v3,"gemini_flash_lite,gemini_flash,deepseek_v3",229,random_forest_router,0.9086294416243654,0.00012444038578680202,0.9086294416243654,0.04568527918781726,0.0,0.8426395939086294
3model_gemini_flash_lite_gemini_flash_deepseek_v3,"gemini_flash_lite,gemini_flash,deepseek_v3",229,extra_trees_router,0.8934010152284264,0.00012931267005076143,0.8934010152284264,0.06091370558375635,0.0,0.6852791878172588
3model_gemini_flash_lite_gemini_flash_deepseek_v3,"gemini_flash_lite,gemini_flash,deepseek_v3",229,mlp_router,0.9137055837563451,0.00012106119796954316,0.9137055837563451,0.04060913705583756,0.0,0.9441624365482234
3model_gemini_flash_lite_gemini_flash_deepseek_v3,"gemini_flash_lite,gemini_flash,deepseek_v3",229,tfidf_logistic_router,0.9137055837563451,0.00012423375634517767,0.9137055837563451,0.04060913705583756,0.0,0.8883248730964467
3model_gemini_flash_lite_gemini_flash_deepseek_v3,"gemini_flash_lite,gemini_flash,deepseek_v3",229,tfidf_linear_svm_router,0.9137055837563451,0.00012077157360406092,0.9137055837563451,0.04060913705583756,0.0,0.9593908629441624
3model_gemini_flash_lite_gemini_flash_deepseek_v3,"gemini_flash_lite,gemini_flash,deepseek_v3",229,tfidf_mlp_router,0.9137055837563451,0.00012077157360406092,0.9137055837563451,0.04060913705583756,0.0,0.9593908629441624
3model_gemini_flash_lite_gemini_flash_deepseek_v3,"gemini_flash_lite,gemini_flash,deepseek_v3",230,always_gemini_flash_lite,0.9187817258883249,0.00012391624365482235,0.9187817258883249,0.02030456852791878,0.0,0.9796954314720813
3model_gemini_flash_lite_gemini_flash_deepseek_v3,"gemini_flash_lite,gemini_flash,deepseek_v3",230,always_gemini_flash,0.8781725888324873,0.00019350913705583754,0.8781725888324873,0.06091370558375635,0.0,0.005076142131979695
3model_gemini_flash_lite_gemini_flash_deepseek_v3,"gemini_flash_lite,gemini_flash,deepseek_v3",230,always_deepseek_v3,0.9137055837563451,7.150268020304568e-05,0.9137055837563451,0.025380710659898477,0.0,0.015228426395939087
3model_gemini_flash_lite_gemini_flash_deepseek_v3,"gemini_flash_lite,gemini_flash,deepseek_v3",230,random,0.8883248730964467,0.00012239349238578678,0.8883248730964467,0.050761421319796954,0.0,0.38071065989847713
3model_gemini_flash_lite_gemini_flash_deepseek_v3,"gemini_flash_lite,gemini_flash,deepseek_v3",230,oracle,0.9390862944162437,0.00012373781725888325,0.9390862944162437,0.0,0.0,1.0
3model_gemini_flash_lite_gemini_flash_deepseek_v3,"gemini_flash_lite,gemini_flash,deepseek_v3",230,logistic_router,0.9137055837563451,0.00012648509644670053,0.9137055837563451,0.025380710659898477,0.0,0.8578680203045685
3model_gemini_flash_lite_gemini_flash_deepseek_v3,"gemini_flash_lite,gemini_flash,deepseek_v3",230,linear_svm_router,0.9086294416243654,0.00012388269035532997,0.9086294416243654,0.030456852791878174,0.0,0.9644670050761421
3model_gemini_flash_lite_gemini_flash_deepseek_v3,"gemini_flash_lite,gemini_flash,deepseek_v3",230,knn_router,0.9187817258883249,0.00012391624365482235,0.9187817258883249,0.02030456852791878,0.0,0.9796954314720813
3model_gemini_flash_lite_gemini_flash_deepseek_v3,"gemini_flash_lite,gemini_flash,deepseek_v3",230,decision_tree_router,0.9137055837563451,0.00011860024365482233,0.9137055837563451,0.025380710659898477,0.0,0.6192893401015228
3model_gemini_flash_lite_gemini_flash_deepseek_v3,"gemini_flash_lite,gemini_flash,deepseek_v3",230,random_forest_router,0.9137055837563451,0.0001255635532994924,0.9137055837563451,0.025380710659898477,0.0,0.949238578680203
3model_gemini_flash_lite_gemini_flash_deepseek_v3,"gemini_flash_lite,gemini_flash,deepseek_v3",230,extra_trees_router,0.9086294416243654,0.00012425095431472085,0.9086294416243654,0.030456852791878174,0.0,0.8121827411167513
3model_gemini_flash_lite_gemini_flash_deepseek_v3,"gemini_flash_lite,gemini_flash,deepseek_v3",230,mlp_router,0.9137055837563451,0.00012374512690355331,0.9137055837563451,0.025380710659898477,0.0,0.9746192893401016
3model_gemini_flash_lite_gemini_flash_deepseek_v3,"gemini_flash_lite,gemini_flash,deepseek_v3",230,tfidf_logistic_router,0.9137055837563451,0.0001246379187817259,0.9137055837563451,0.025380710659898477,0.0,0.934010152284264
3model_gemini_flash_lite_gemini_flash_deepseek_v3,"gemini_flash_lite,gemini_flash,deepseek_v3",230,tfidf_linear_svm_router,0.9187817258883249,0.00012455913705583757,0.9187817258883249,0.02030456852791878,0.0,0.9746192893401016
3model_gemini_flash_lite_gemini_flash_deepseek_v3,"gemini_flash_lite,gemini_flash,deepseek_v3",230,tfidf_mlp_router,0.9137055837563451,0.00012374512690355331,0.9137055837563451,0.025380710659898477,0.0,0.9746192893401016
3model_gemini_flash_lite_gemini_flash_deepseek_v3,"gemini_flash_lite,gemini_flash,deepseek_v3",231,always_gemini_flash_lite,0.9289340101522843,0.00012848857868020305,0.9289340101522843,0.025380710659898477,0.0,0.9746192893401016
3model_gemini_flash_lite_gemini_flash_deepseek_v3,"gemini_flash_lite,gemini_flash,deepseek_v3",231,always_gemini_flash,0.8527918781725888,0.00019614467005076141,0.8527918781725888,0.10152284263959391,0.0,0.005076142131979695
3model_gemini_flash_lite_gemini_flash_deepseek_v3,"gemini_flash_lite,gemini_flash,deepseek_v3",231,always_deepseek_v3,0.8984771573604061,7.693892385786802e-05,0.8984771573604061,0.05583756345177665,0.0,0.02030456852791878
3model_gemini_flash_lite_gemini_flash_deepseek_v3,"gemini_flash_lite,gemini_flash,deepseek_v3",231,random,0.8883248730964467,0.00013453539086294417,0.8883248730964467,0.06598984771573604,0.0,0.27918781725888325
3model_gemini_flash_lite_gemini_flash_deepseek_v3,"gemini_flash_lite,gemini_flash,deepseek_v3",231,oracle,0.9543147208121827,0.00012722111675126903,0.9543147208121827,0.0,0.0,1.0
3model_gemini_flash_lite_gemini_flash_deepseek_v3,"gemini_flash_lite,gemini_flash,deepseek_v3",231,logistic_router,0.9238578680203046,0.00013129253807106598,0.9238578680203046,0.030456852791878174,0.0,0.7817258883248731
3model_gemini_flash_lite_gemini_flash_deepseek_v3,"gemini_flash_lite,gemini_flash,deepseek_v3",231,linear_svm_router,0.9289340101522843,0.0001284589847715736,0.9289340101522843,0.025380710659898477,0.0,0.9593908629441624
3model_gemini_flash_lite_gemini_flash_deepseek_v3,"gemini_flash_lite,gemini_flash,deepseek_v3",231,knn_router,0.9289340101522843,0.00012929238578680203,0.9289340101522843,0.025380710659898477,0.0,0.9695431472081218
3model_gemini_flash_lite_gemini_flash_deepseek_v3,"gemini_flash_lite,gemini_flash,deepseek_v3",231,decision_tree_router,0.8934010152284264,0.000129187461928934,0.8934010152284264,0.06091370558375635,0.0,0.7106598984771574
3model_gemini_flash_lite_gemini_flash_deepseek_v3,"gemini_flash_lite,gemini_flash,deepseek_v3",231,random_forest_router,0.9289340101522843,0.00012807448730964464,0.9289340101522843,0.025380710659898477,0.0,0.8984771573604061
3model_gemini_flash_lite_gemini_flash_deepseek_v3,"gemini_flash_lite,gemini_flash,deepseek_v3",231,extra_trees_router,0.9238578680203046,0.0001292,0.9238578680203046,0.030456852791878174,0.0,0.8071065989847716
3model_gemini_flash_lite_gemini_flash_deepseek_v3,"gemini_flash_lite,gemini_flash,deepseek_v3",231,mlp_router,0.9238578680203046,0.0001298165685279188,0.9238578680203046,0.030456852791878174,0.0,0.949238578680203
3model_gemini_flash_lite_gemini_flash_deepseek_v3,"gemini_flash_lite,gemini_flash,deepseek_v3",231,tfidf_logistic_router,0.9289340101522843,0.0001286609847715736,0.9289340101522843,0.025380710659898477,0.0,0.9187817258883249
3model_gemini_flash_lite_gemini_flash_deepseek_v3,"gemini_flash_lite,gemini_flash,deepseek_v3",231,tfidf_linear_svm_router,0.9238578680203046,0.000129121269035533,0.9238578680203046,0.030456852791878174,0.0,0.9644670050761421
3model_gemini_flash_lite_gemini_flash_deepseek_v3,"gemini_flash_lite,gemini_flash,deepseek_v3",231,tfidf_mlp_router,0.9238578680203046,0.000129121269035533,0.9238578680203046,0.030456852791878174,0.0,0.9644670050761421
3model_gemini_flash_lite_gemini_flash_deepseek_v3,"gemini_flash_lite,gemini_flash,deepseek_v3",232,always_gemini_flash_lite,0.9086294416243654,0.00012325000000000001,0.9086294416243654,0.05583756345177665,0.0,0.9441624365482234
3model_gemini_flash_lite_gemini_flash_deepseek_v3,"gemini_flash_lite,gemini_flash,deepseek_v3",232,always_gemini_flash,0.8730964467005076,0.00020018730964467004,0.8730964467005076,0.09137055837563451,0.0,0.025380710659898477
3model_gemini_flash_lite_gemini_flash_deepseek_v3,"gemini_flash_lite,gemini_flash,deepseek_v3",232,always_deepseek_v3,0.9238578680203046,6.975652791878173e-05,0.9238578680203046,0.04060913705583756,0.0,0.030456852791878174
3model_gemini_flash_lite_gemini_flash_deepseek_v3,"gemini_flash_lite,gemini_flash,deepseek_v3",232,random,0.883248730964467,0.00013054670050761423,0.883248730964467,0.08121827411167512,0.0,0.3299492385786802
3model_gemini_flash_lite_gemini_flash_deepseek_v3,"gemini_flash_lite,gemini_flash,deepseek_v3",232,oracle,0.9644670050761421,0.00012256446700507613,0.9644670050761421,0.0,0.0,1.0
3model_gemini_flash_lite_gemini_flash_deepseek_v3,"gemini_flash_lite,gemini_flash,deepseek_v3",232,logistic_router,0.9035532994923858,0.00012482609137055836,0.9035532994923858,0.06091370558375635,0.0,0.8071065989847716
3model_gemini_flash_lite_gemini_flash_deepseek_v3,"gemini_flash_lite,gemini_flash,deepseek_v3",232,linear_svm_router,0.9086294416243654,0.00012492124873096446,0.9086294416243654,0.05583756345177665,0.0,0.9086294416243654
3model_gemini_flash_lite_gemini_flash_deepseek_v3,"gemini_flash_lite,gemini_flash,deepseek_v3",232,knn_router,0.9086294416243654,0.00012325000000000001,0.9086294416243654,0.05583756345177665,0.0,0.9441624365482234
3model_gemini_flash_lite_gemini_flash_deepseek_v3,"gemini_flash_lite,gemini_flash,deepseek_v3",232,decision_tree_router,0.9137055837563451,0.00011879859898477157,0.9137055837563451,0.050761421319796954,0.0,0.7106598984771574
3model_gemini_flash_lite_gemini_flash_deepseek_v3,"gemini_flash_lite,gemini_flash,deepseek_v3",232,random_forest_router,0.9086294416243654,0.0001238540609137056,0.9086294416243654,0.05583756345177665,0.0,0.9289340101522843
3model_gemini_flash_lite_gemini_flash_deepseek_v3,"gemini_flash_lite,gemini_flash,deepseek_v3",232,extra_trees_router,0.9086294416243654,0.0001248666802030457,0.9086294416243654,0.05583756345177665,0.0,0.9035532994923858
3model_gemini_flash_lite_gemini_flash_deepseek_v3,"gemini_flash_lite,gemini_flash,deepseek_v3",232,mlp_router,0.9086294416243654,0.00012325000000000001,0.9086294416243654,0.05583756345177665,0.0,0.9441624365482234
3model_gemini_flash_lite_gemini_flash_deepseek_v3,"gemini_flash_lite,gemini_flash,deepseek_v3",232,tfidf_logistic_router,0.9086294416243654,0.0001244641116751269,0.9086294416243654,0.05583756345177665,0.0,0.9035532994923858
3model_gemini_flash_lite_gemini_flash_deepseek_v3,"gemini_flash_lite,gemini_flash,deepseek_v3",232,tfidf_linear_svm_router,0.9086294416243654,0.0001236789340101523,0.9086294416243654,0.05583756345177665,0.0,0.9390862944162437
3model_gemini_flash_lite_gemini_flash_deepseek_v3,"gemini_flash_lite,gemini_flash,deepseek_v3",232,tfidf_mlp_router,0.9086294416243654,0.00012325000000000001,0.9086294416243654,0.05583756345177665,0.0,0.9441624365482234
3model_gemini_flash_lite_gemini_flash_deepseek_v3,"gemini_flash_lite,gemini_flash,deepseek_v3",233,always_gemini_flash_lite,0.9289340101522843,0.00012413705583756346,0.9289340101522843,0.03553299492385787,0.0,0.9644670050761421
3model_gemini_flash_lite_gemini_flash_deepseek_v3,"gemini_flash_lite,gemini_flash,deepseek_v3",233,always_gemini_flash,0.8629441624365483,0.00019355837563451775,0.8629441624365483,0.10152284263959391,0.0,0.015228426395939087
3model_gemini_flash_lite_gemini_flash_deepseek_v3,"gemini_flash_lite,gemini_flash,deepseek_v3",233,always_deepseek_v3,0.9187817258883249,7.352493401015228e-05,0.9187817258883249,0.04568527918781726,0.0,0.02030456852791878
3model_gemini_flash_lite_gemini_flash_deepseek_v3,"gemini_flash_lite,gemini_flash,deepseek_v3",233,random,0.9187817258883249,0.00012606091370558374,0.9187817258883249,0.04568527918781726,0.0,0.3147208121827411
3model_gemini_flash_lite_gemini_flash_deepseek_v3,"gemini_flash_lite,gemini_flash,deepseek_v3",233,oracle,0.9644670050761421,0.00012613065989847716,0.9644670050761421,0.0,0.0,1.0
3model_gemini_flash_lite_gemini_flash_deepseek_v3,"gemini_flash_lite,gemini_flash,deepseek_v3",233,logistic_router,0.9289340101522843,0.0001288860507614213,0.9289340101522843,0.03553299492385787,0.0,0.7817258883248731
3model_gemini_flash_lite_gemini_flash_deepseek_v3,"gemini_flash_lite,gemini_flash,deepseek_v3",233,linear_svm_router,0.9238578680203046,0.00012408026395939088,0.9238578680203046,0.04060913705583756,0.0,0.9238578680203046
3model_gemini_flash_lite_gemini_flash_deepseek_v3,"gemini_flash_lite,gemini_flash,deepseek_v3",233,knn_router,0.9289340101522843,0.0001242977157360406,0.9289340101522843,0.03553299492385787,0.0,0.9593908629441624
3model_gemini_flash_lite_gemini_flash_deepseek_v3,"gemini_flash_lite,gemini_flash,deepseek_v3",233,decision_tree_router,0.9289340101522843,0.00014094696446700507,0.9289340101522843,0.03553299492385787,0.0,0.583756345177665
3model_gemini_flash_lite_gemini_flash_deepseek_v3,"gemini_flash_lite,gemini_flash,deepseek_v3",233,random_forest_router,0.934010152284264,0.0001235375736040609,0.934010152284264,0.030456852791878174,0.0,0.8984771573604061
3model_gemini_flash_lite_gemini_flash_deepseek_v3,"gemini_flash_lite,gemini_flash,deepseek_v3",233,extra_trees_router,0.9238578680203046,0.00012326631472081218,0.9238578680203046,0.04060913705583756,0.0,0.8274111675126904
3model_gemini_flash_lite_gemini_flash_deepseek_v3,"gemini_flash_lite,gemini_flash,deepseek_v3",233,mlp_router,0.934010152284264,0.00012401507614213199,0.934010152284264,0.030456852791878174,0.0,0.949238578680203
3model_gemini_flash_lite_gemini_flash_deepseek_v3,"gemini_flash_lite,gemini_flash,deepseek_v3",233,tfidf_logistic_router,0.934010152284264,0.00012415517766497462,0.934010152284264,0.030456852791878174,0.0,0.9137055837563451
3model_gemini_flash_lite_gemini_flash_deepseek_v3,"gemini_flash_lite,gemini_flash,deepseek_v3",233,tfidf_linear_svm_router,0.9289340101522843,0.00012423959390862944,0.9289340101522843,0.03553299492385787,0.0,0.9593908629441624
3model_gemini_flash_lite_gemini_flash_deepseek_v3,"gemini_flash_lite,gemini_flash,deepseek_v3",233,tfidf_mlp_router,0.9289340101522843,0.00012423959390862944,0.9289340101522843,0.03553299492385787,0.0,0.9593908629441624
3model_gemini_flash_lite_gemini_flash_granite_8b,"gemini_flash_lite,gemini_flash,granite_8b",229,always_gemini_flash_lite,0.9137055837563451,0.00012077157360406092,0.9137055837563451,0.04568527918781726,0.0,0.9543147208121827
3model_gemini_flash_lite_gemini_flash_granite_8b,"gemini_flash_lite,gemini_flash,granite_8b",229,always_gemini_flash,0.8781725888324873,0.00018899238578680202,0.8781725888324873,0.08121827411167512,0.0,0.025380710659898477
3model_gemini_flash_lite_gemini_flash_granite_8b,"gemini_flash_lite,gemini_flash,granite_8b",229,always_granite_8b,0.8375634517766497,1.603908629441624e-05,0.8375634517766497,0.1218274111675127,0.0,0.02030456852791878
3model_gemini_flash_lite_gemini_flash_granite_8b,"gemini_flash_lite,gemini_flash,granite_8b",229,random,0.8477157360406091,0.00010016852791878174,0.8477157360406091,0.1116751269035533,0.0,0.29441624365482233
3model_gemini_flash_lite_gemini_flash_granite_8b,"gemini_flash_lite,gemini_flash,granite_8b",229,oracle,0.9593908629441624,0.00012209187817258885,0.9593908629441624,0.0,0.0,1.0
3model_gemini_flash_lite_gemini_flash_granite_8b,"gemini_flash_lite,gemini_flash,granite_8b",229,logistic_router,0.8984771573604061,0.00011991751269035532,0.8984771573604061,0.06091370558375635,0.0,0.7360406091370558
3model_gemini_flash_lite_gemini_flash_granite_8b,"gemini_flash_lite,gemini_flash,granite_8b",229,linear_svm_router,0.9035532994923858,0.00012261573604060915,0.9035532994923858,0.05583756345177665,0.0,0.883248730964467
3model_gemini_flash_lite_gemini_flash_granite_8b,"gemini_flash_lite,gemini_flash,granite_8b",229,knn_router,0.9137055837563451,0.00012097030456852793,0.9137055837563451,0.04568527918781726,0.0,0.949238578680203
3model_gemini_flash_lite_gemini_flash_granite_8b,"gemini_flash_lite,gemini_flash,granite_8b",229,decision_tree_router,0.883248730964467,0.00011041040609137055,0.883248730964467,0.07614213197969544,0.0,0.6446700507614214
3model_gemini_flash_lite_gemini_flash_granite_8b,"gemini_flash_lite,gemini_flash,granite_8b",229,random_forest_router,0.9086294416243654,0.0001242741116751269,0.9086294416243654,0.050761421319796954,0.0,0.883248730964467
3model_gemini_flash_lite_gemini_flash_granite_8b,"gemini_flash_lite,gemini_flash,granite_8b",229,extra_trees_router,0.8984771573604061,0.00013019492385786804,0.8984771573604061,0.06091370558375635,0.0,0.7208121827411168
3model_gemini_flash_lite_gemini_flash_granite_8b,"gemini_flash_lite,gemini_flash,granite_8b",229,mlp_router,0.9137055837563451,0.00011948274111675127,0.9137055837563451,0.04568527918781726,0.0,0.934010152284264
3model_gemini_flash_lite_gemini_flash_granite_8b,"gemini_flash_lite,gemini_flash,granite_8b",229,tfidf_logistic_router,0.9086294416243654,0.0001223208121827411,0.9086294416243654,0.050761421319796954,0.0,0.868020304568528
3model_gemini_flash_lite_gemini_flash_granite_8b,"gemini_flash_lite,gemini_flash,granite_8b",229,tfidf_linear_svm_router,0.9137055837563451,0.000119353807106599,0.9137055837563451,0.04568527918781726,0.0,0.949238578680203
3model_gemini_flash_lite_gemini_flash_granite_8b,"gemini_flash_lite,gemini_flash,granite_8b",229,tfidf_mlp_router,0.9137055837563451,0.000119353807106599,0.9137055837563451,0.04568527918781726,0.0,0.949238578680203
3model_gemini_flash_lite_gemini_flash_granite_8b,"gemini_flash_lite,gemini_flash,granite_8b",230,always_gemini_flash_lite,0.9187817258883249,0.00012391624365482235,0.9187817258883249,0.025380710659898477,0.0,0.9746192893401016
3model_gemini_flash_lite_gemini_flash_granite_8b,"gemini_flash_lite,gemini_flash,granite_8b",230,always_gemini_flash,0.8781725888324873,0.00019350913705583754,0.8781725888324873,0.06598984771573604,0.0,0.005076142131979695
3model_gemini_flash_lite_gemini_flash_granite_8b,"gemini_flash_lite,gemini_flash,granite_8b",230,always_granite_8b,0.8477157360406091,1.58748730964467e-05,0.8477157360406091,0.09644670050761421,0.0,0.02030456852791878
3model_gemini_flash_lite_gemini_flash_granite_8b,"gemini_flash_lite,gemini_flash,granite_8b",230,random,0.868020304568528,0.00010277436548223351,0.868020304568528,0.07614213197969544,0.0,0.38578680203045684
3model_gemini_flash_lite_gemini_flash_granite_8b,"gemini_flash_lite,gemini_flash,granite_8b",230,oracle,0.9441624365482234,0.00012144670050761423,0.9441624365482234,0.0,0.0,1.0
3model_gemini_flash_lite_gemini_flash_granite_8b,"gemini_flash_lite,gemini_flash,granite_8b",230,logistic_router,0.9137055837563451,0.0001225230964467005,0.9137055837563451,0.030456852791878174,0.0,0.8730964467005076
3model_gemini_flash_lite_gemini_flash_granite_8b,"gemini_flash_lite,gemini_flash,granite_8b",230,linear_svm_router,0.9137055837563451,0.00012471776649746193,0.9137055837563451,0.030456852791878174,0.0,0.9593908629441624
3model_gemini_flash_lite_gemini_flash_granite_8b,"gemini_flash_lite,gemini_flash,granite_8b",230,knn_router,0.9187817258883249,0.00012391624365482235,0.9187817258883249,0.025380710659898477,0.0,0.9746192893401016
3model_gemini_flash_lite_gemini_flash_granite_8b,"gemini_flash_lite,gemini_flash,granite_8b",230,decision_tree_router,0.8883248730964467,0.00011458959390862945,0.8883248730964467,0.05583756345177665,0.0,0.7106598984771574
3model_gemini_flash_lite_gemini_flash_granite_8b,"gemini_flash_lite,gemini_flash,granite_8b",230,random_forest_router,0.9137055837563451,0.00012615177664974622,0.9137055837563451,0.030456852791878174,0.0,0.9390862944162437
3model_gemini_flash_lite_gemini_flash_granite_8b,"gemini_flash_lite,gemini_flash,granite_8b",230,extra_trees_router,0.9086294416243654,0.00012331040609137056,0.9086294416243654,0.03553299492385787,0.0,0.8578680203045685
3model_gemini_flash_lite_gemini_flash_granite_8b,"gemini_flash_lite,gemini_flash,granite_8b",230,mlp_router,0.9187817258883249,0.00012391624365482235,0.9187817258883249,0.025380710659898477,0.0,0.9746192893401016
3model_gemini_flash_lite_gemini_flash_granite_8b,"gemini_flash_lite,gemini_flash,granite_8b",230,tfidf_logistic_router,0.9187817258883249,0.00012408147208121828,0.9187817258883249,0.025380710659898477,0.0,0.9390862944162437
3model_gemini_flash_lite_gemini_flash_granite_8b,"gemini_flash_lite,gemini_flash,granite_8b",230,tfidf_linear_svm_router,0.9187817258883249,0.00012455913705583757,0.9187817258883249,0.025380710659898477,0.0,0.9695431472081218
3model_gemini_flash_lite_gemini_flash_granite_8b,"gemini_flash_lite,gemini_flash,granite_8b",230,tfidf_mlp_router,0.9187817258883249,0.00012391624365482235,0.9187817258883249,0.025380710659898477,0.0,0.9746192893401016
3model_gemini_flash_lite_gemini_flash_granite_8b,"gemini_flash_lite,gemini_flash,granite_8b",231,always_gemini_flash_lite,0.9289340101522843,0.00012848857868020305,0.9289340101522843,0.030456852791878174,0.0,0.9695431472081218
3model_gemini_flash_lite_gemini_flash_granite_8b,"gemini_flash_lite,gemini_flash,granite_8b",231,always_gemini_flash,0.8527918781725888,0.00019614467005076141,0.8527918781725888,0.1065989847715736,0.0,0.005076142131979695
3model_gemini_flash_lite_gemini_flash_granite_8b,"gemini_flash_lite,gemini_flash,granite_8b",231,always_granite_8b,0.8527918781725888,1.6751015228426392e-05,0.8527918781725888,0.1065989847715736,0.0,0.025380710659898477
3model_gemini_flash_lite_gemini_flash_granite_8b,"gemini_flash_lite,gemini_flash,granite_8b",231,random,0.8781725888324873,0.00011458071065989847,0.8781725888324873,0.08121827411167512,0.0,0.27411167512690354
3model_gemini_flash_lite_gemini_flash_granite_8b,"gemini_flash_lite,gemini_flash,granite_8b",231,oracle,0.9593908629441624,0.00012497766497461928,0.9593908629441624,0.0,0.0,1.0
3model_gemini_flash_lite_gemini_flash_granite_8b,"gemini_flash_lite,gemini_flash,granite_8b",231,logistic_router,0.9289340101522843,0.00013270736040609137,0.9289340101522843,0.030456852791878174,0.0,0.8324873096446701
3model_gemini_flash_lite_gemini_flash_granite_8b,"gemini_flash_lite,gemini_flash,granite_8b",231,linear_svm_router,0.9289340101522843,0.00012877918781725885,0.9289340101522843,0.030456852791878174,0.0,0.9441624365482234
3model_gemini_flash_lite_gemini_flash_granite_8b,"gemini_flash_lite,gemini_flash,granite_8b",231,knn_router,0.9289340101522843,0.00012929238578680203,0.9289340101522843,0.030456852791878174,0.0,0.9644670050761421
3model_gemini_flash_lite_gemini_flash_granite_8b,"gemini_flash_lite,gemini_flash,granite_8b",231,decision_tree_router,0.9086294416243654,0.00012454263959390863,0.9086294416243654,0.050761421319796954,0.0,0.7461928934010152
3model_gemini_flash_lite_gemini_flash_granite_8b,"gemini_flash_lite,gemini_flash,granite_8b",231,random_forest_router,0.9238578680203046,0.0001268022842639594,0.9238578680203046,0.03553299492385787,0.0,0.9137055837563451
3model_gemini_flash_lite_gemini_flash_granite_8b,"gemini_flash_lite,gemini_flash,granite_8b",231,extra_trees_router,0.9289340101522843,0.00012474162436548224,0.9289340101522843,0.030456852791878174,0.0,0.8121827411167513
3model_gemini_flash_lite_gemini_flash_granite_8b,"gemini_flash_lite,gemini_flash,granite_8b",231,mlp_router,0.9289340101522843,0.0001301710659898477,0.9289340101522843,0.030456852791878174,0.0,0.949238578680203
3model_gemini_flash_lite_gemini_flash_granite_8b,"gemini_flash_lite,gemini_flash,granite_8b",231,tfidf_logistic_router,0.9289340101522843,0.000128897461928934,0.9289340101522843,0.030456852791878174,0.0,0.9238578680203046
3model_gemini_flash_lite_gemini_flash_granite_8b,"gemini_flash_lite,gemini_flash,granite_8b",231,tfidf_linear_svm_router,0.9289340101522843,0.00012929238578680203,0.9289340101522843,0.030456852791878174,0.0,0.9644670050761421
3model_gemini_flash_lite_gemini_flash_granite_8b,"gemini_flash_lite,gemini_flash,granite_8b",231,tfidf_mlp_router,0.9289340101522843,0.00012929238578680203,0.9289340101522843,0.030456852791878174,0.0,0.9644670050761421
3model_gemini_flash_lite_gemini_flash_granite_8b,"gemini_flash_lite,gemini_flash,granite_8b",232,always_gemini_flash_lite,0.9086294416243654,0.00012325000000000001,0.9086294416243654,0.06091370558375635,0.0,0.9390862944162437
3model_gemini_flash_lite_gemini_flash_granite_8b,"gemini_flash_lite,gemini_flash,granite_8b",232,always_gemini_flash,0.8730964467005076,0.00020018730964467004,0.8730964467005076,0.09644670050761421,0.0,0.025380710659898477
3model_gemini_flash_lite_gemini_flash_granite_8b,"gemini_flash_lite,gemini_flash,granite_8b",232,always_granite_8b,0.868020304568528,1.6348477157360407e-05,0.868020304568528,0.10152284263959391,0.0,0.03553299492385787
3model_gemini_flash_lite_gemini_flash_granite_8b,"gemini_flash_lite,gemini_flash,granite_8b",232,random,0.9035532994923858,0.00011391446700507614,0.9035532994923858,0.06598984771573604,0.0,0.3299492385786802
3model_gemini_flash_lite_gemini_flash_granite_8b,"gemini_flash_lite,gemini_flash,granite_8b",232,oracle,0.9695431472081218,0.00012036091370558375,0.9695431472081218,0.0,0.0,1.0
3model_gemini_flash_lite_gemini_flash_granite_8b,"gemini_flash_lite,gemini_flash,granite_8b",232,logistic_router,0.9035532994923858,0.00012361700507614214,0.9035532994923858,0.06598984771573604,0.0,0.8223350253807107
3model_gemini_flash_lite_gemini_flash_granite_8b,"gemini_flash_lite,gemini_flash,granite_8b",232,linear_svm_router,0.9086294416243654,0.0001236794416243655,0.9086294416243654,0.06091370558375635,0.0,0.9035532994923858
3model_gemini_flash_lite_gemini_flash_granite_8b,"gemini_flash_lite,gemini_flash,granite_8b",232,knn_router,0.9086294416243654,0.00012325000000000001,0.9086294416243654,0.06091370558375635,0.0,0.9390862944162437
3model_gemini_flash_lite_gemini_flash_granite_8b,"gemini_flash_lite,gemini_flash,granite_8b",232,decision_tree_router,0.9035532994923858,0.00011545482233502536,0.9035532994923858,0.06598984771573604,0.0,0.7563451776649747
3model_gemini_flash_lite_gemini_flash_granite_8b,"gemini_flash_lite,gemini_flash,granite_8b",232,random_forest_router,0.9086294416243654,0.0001225771573604061,0.9086294416243654,0.06091370558375635,0.0,0.9086294416243654
3model_gemini_flash_lite_gemini_flash_granite_8b,"gemini_flash_lite,gemini_flash,granite_8b",232,extra_trees_router,0.9086294416243654,0.00012428350253807107,0.9086294416243654,0.06091370558375635,0.0,0.8934010152284264
3model_gemini_flash_lite_gemini_flash_granite_8b,"gemini_flash_lite,gemini_flash,granite_8b",232,mlp_router,0.9086294416243654,0.00012325000000000001,0.9086294416243654,0.06091370558375635,0.0,0.9390862944162437
3model_gemini_flash_lite_gemini_flash_granite_8b,"gemini_flash_lite,gemini_flash,granite_8b",232,tfidf_logistic_router,0.9086294416243654,0.00012373477157360407,0.9086294416243654,0.06091370558375635,0.0,0.9035532994923858
3model_gemini_flash_lite_gemini_flash_granite_8b,"gemini_flash_lite,gemini_flash,granite_8b",232,tfidf_linear_svm_router,0.9086294416243654,0.0001236789340101523,0.9086294416243654,0.06091370558375635,0.0,0.934010152284264
3model_gemini_flash_lite_gemini_flash_granite_8b,"gemini_flash_lite,gemini_flash,granite_8b",232,tfidf_mlp_router,0.9086294416243654,0.00012325000000000001,0.9086294416243654,0.06091370558375635,0.0,0.9390862944162437
3model_gemini_flash_lite_gemini_flash_granite_8b,"gemini_flash_lite,gemini_flash,granite_8b",233,always_gemini_flash_lite,0.9289340101522843,0.00012413705583756346,0.9289340101522843,0.030456852791878174,0.0,0.9695431472081218
3model_gemini_flash_lite_gemini_flash_granite_8b,"gemini_flash_lite,gemini_flash,granite_8b",233,always_gemini_flash,0.8629441624365483,0.00019355837563451775,0.8629441624365483,0.09644670050761421,0.0,0.015228426395939087
3model_gemini_flash_lite_gemini_flash_granite_8b,"gemini_flash_lite,gemini_flash,granite_8b",233,always_granite_8b,0.8527918781725888,1.6294162436548225e-05,0.8527918781725888,0.1065989847715736,0.0,0.015228426395939087
3model_gemini_flash_lite_gemini_flash_granite_8b,"gemini_flash_lite,gemini_flash,granite_8b",233,random,0.8934010152284264,0.00010449949238578681,0.8934010152284264,0.06598984771573604,0.0,0.3197969543147208
3model_gemini_flash_lite_gemini_flash_granite_8b,"gemini_flash_lite,gemini_flash,granite_8b",233,oracle,0.9593908629441624,0.0001249989847715736,0.9593908629441624,0.0,0.0,1.0
3model_gemini_flash_lite_gemini_flash_granite_8b,"gemini_flash_lite,gemini_flash,granite_8b",233,logistic_router,0.9187817258883249,0.0001244020304568528,0.9187817258883249,0.04060913705583756,0.0,0.8071065989847716
3model_gemini_flash_lite_gemini_flash_granite_8b,"gemini_flash_lite,gemini_flash,granite_8b",233,linear_svm_router,0.9238578680203046,0.0001235535532994924,0.9238578680203046,0.03553299492385787,0.0,0.9238578680203046
3model_gemini_flash_lite_gemini_flash_granite_8b,"gemini_flash_lite,gemini_flash,granite_8b",233,knn_router,0.9289340101522843,0.0001242977157360406,0.9289340101522843,0.030456852791878174,0.0,0.9644670050761421
3model_gemini_flash_lite_gemini_flash_granite_8b,"gemini_flash_lite,gemini_flash,granite_8b",233,decision_tree_router,0.8934010152284264,0.00012186218274111677,0.8934010152284264,0.06598984771573604,0.0,0.7208121827411168
3model_gemini_flash_lite_gemini_flash_granite_8b,"gemini_flash_lite,gemini_flash,granite_8b",233,random_forest_router,0.9238578680203046,0.000126051269035533,0.9238578680203046,0.03553299492385787,0.0,0.8934010152284264
3model_gemini_flash_lite_gemini_flash_granite_8b,"gemini_flash_lite,gemini_flash,granite_8b",233,extra_trees_router,0.9187817258883249,0.00012358350253807105,0.9187817258883249,0.04060913705583756,0.0,0.8477157360406091
3model_gemini_flash_lite_gemini_flash_granite_8b,"gemini_flash_lite,gemini_flash,granite_8b",233,mlp_router,0.9289340101522843,0.00012423959390862944,0.9289340101522843,0.030456852791878174,0.0,0.9644670050761421
3model_gemini_flash_lite_gemini_flash_granite_8b,"gemini_flash_lite,gemini_flash,granite_8b",233,tfidf_logistic_router,0.934010152284264,0.0001227241116751269,0.934010152284264,0.025380710659898477,0.0,0.9238578680203046
3model_gemini_flash_lite_gemini_flash_granite_8b,"gemini_flash_lite,gemini_flash,granite_8b",233,tfidf_linear_svm_router,0.9289340101522843,0.00012423959390862944,0.9289340101522843,0.030456852791878174,0.0,0.9644670050761421
3model_gemini_flash_lite_gemini_flash_granite_8b,"gemini_flash_lite,gemini_flash,granite_8b",233,tfidf_mlp_router,0.9289340101522843,0.00012423959390862944,0.9289340101522843,0.030456852791878174,0.0,0.9644670050761421
3model_gemini_flash_lite_qwen_30b_llama_70b,"gemini_flash_lite,qwen_30b,llama_70b",229,always_gemini_flash_lite,0.9137055837563451,0.00012077157360406092,0.9137055837563451,0.050761421319796954,0.0,0.949238578680203
3model_gemini_flash_lite_qwen_30b_llama_70b,"gemini_flash_lite,qwen_30b,llama_70b",229,always_qwen_30b,0.868020304568528,2.3474460913705585e-05,0.868020304568528,0.09644670050761421,0.0,0.03553299492385787
3model_gemini_flash_lite_qwen_30b_llama_70b,"gemini_flash_lite,qwen_30b,llama_70b",229,always_llama_70b,0.8934010152284264,5.343402538071066e-05,0.8934010152284264,0.07106598984771574,0.0,0.015228426395939087
3model_gemini_flash_lite_qwen_30b_llama_70b,"gemini_flash_lite,qwen_30b,llama_70b",229,random,0.883248730964467,6.460928020304568e-05,0.883248730964467,0.08121827411167512,0.0,0.2893401015228426
3model_gemini_flash_lite_qwen_30b_llama_70b,"gemini_flash_lite,qwen_30b,llama_70b",229,oracle,0.9644670050761421,0.0001157115035532995,0.9644670050761421,0.0,0.0,1.0
3model_gemini_flash_lite_qwen_30b_llama_70b,"gemini_flash_lite,qwen_30b,llama_70b",229,logistic_router,0.9187817258883249,0.00010173602842639594,0.9187817258883249,0.04568527918781726,0.0,0.6852791878172588
3model_gemini_flash_lite_qwen_30b_llama_70b,"gemini_flash_lite,qwen_30b,llama_70b",229,linear_svm_router,0.9187817258883249,0.0001146277989847716,0.9187817258883249,0.04568527918781726,0.0,0.8578680203045685
3model_gemini_flash_lite_qwen_30b_llama_70b,"gemini_flash_lite,qwen_30b,llama_70b",229,knn_router,0.9137055837563451,0.00012092619289340103,0.9137055837563451,0.050761421319796954,0.0,0.9390862944162437
3model_gemini_flash_lite_qwen_30b_llama_70b,"gemini_flash_lite,qwen_30b,llama_70b",229,decision_tree_router,0.8781725888324873,7.487603756345179e-05,0.8781725888324873,0.08629441624365482,0.0,0.4467005076142132
3model_gemini_flash_lite_qwen_30b_llama_70b,"gemini_flash_lite,qwen_30b,llama_70b",229,random_forest_router,0.9187817258883249,0.00011441161421319798,0.9187817258883249,0.04568527918781726,0.0,0.8274111675126904
3model_gemini_flash_lite_qwen_30b_llama_70b,"gemini_flash_lite,qwen_30b,llama_70b",229,extra_trees_router,0.9187817258883249,9.515868934010155e-05,0.9187817258883249,0.04568527918781726,0.0,0.6700507614213198
3model_gemini_flash_lite_qwen_30b_llama_70b,"gemini_flash_lite,qwen_30b,llama_70b",229,mlp_router,0.9137055837563451,0.000119557269035533,0.9137055837563451,0.050761421319796954,0.0,0.934010152284264
3model_gemini_flash_lite_qwen_30b_llama_70b,"gemini_flash_lite,qwen_30b,llama_70b",229,tfidf_logistic_router,0.9137055837563451,0.00011593091573604062,0.9137055837563451,0.050761421319796954,0.0,0.8629441624365483
3model_gemini_flash_lite_qwen_30b_llama_70b,"gemini_flash_lite,qwen_30b,llama_70b",229,tfidf_linear_svm_router,0.9137055837563451,0.00012042092385786802,0.9137055837563451,0.050761421319796954,0.0,0.9441624365482234
3model_gemini_flash_lite_qwen_30b_llama_70b,"gemini_flash_lite,qwen_30b,llama_70b",229,tfidf_mlp_router,0.9137055837563451,0.00012021703350253807,0.9137055837563451,0.050761421319796954,0.0,0.9441624365482234
3model_gemini_flash_lite_qwen_30b_llama_70b,"gemini_flash_lite,qwen_30b,llama_70b",230,always_gemini_flash_lite,0.9187817258883249,0.00012391624365482235,0.9187817258883249,0.04060913705583756,0.0,0.9593908629441624
3model_gemini_flash_lite_qwen_30b_llama_70b,"gemini_flash_lite,qwen_30b,llama_70b",230,always_qwen_30b,0.9187817258883249,2.4823336040609136e-05,0.9187817258883249,0.04060913705583756,0.0,0.025380710659898477
3model_gemini_flash_lite_qwen_30b_llama_70b,"gemini_flash_lite,qwen_30b,llama_70b",230,always_llama_70b,0.8781725888324873,0.010206027761421321,0.8781725888324873,0.08121827411167512,0.0,0.015228426395939087
3model_gemini_flash_lite_qwen_30b_llama_70b,"gemini_flash_lite,qwen_30b,llama_70b",230,random,0.9187817258883249,0.010224601926903555,0.9187817258883249,0.04060913705583756,0.0,0.39086294416243655
3model_gemini_flash_lite_qwen_30b_llama_70b,"gemini_flash_lite,qwen_30b,llama_70b",230,oracle,0.9593908629441624,0.00011974922233502539,0.9593908629441624,0.0,0.0,1.0
3model_gemini_flash_lite_qwen_30b_llama_70b,"gemini_flash_lite,qwen_30b,llama_70b",230,logistic_router,0.9086294416243654,0.00010855667614213198,0.9086294416243654,0.050761421319796954,0.0,0.7563451776649747
3model_gemini_flash_lite_qwen_30b_llama_70b,"gemini_flash_lite,qwen_30b,llama_70b",230,linear_svm_router,0.9187817258883249,0.0001233148223350254,0.9187817258883249,0.04060913705583756,0.0,0.9441624365482234
3model_gemini_flash_lite_qwen_30b_llama_70b,"gemini_flash_lite,qwen_30b,llama_70b",230,knn_router,0.9187817258883249,0.0001235928426395939,0.9187817258883249,0.04060913705583756,0.0,0.9543147208121827
3model_gemini_flash_lite_qwen_30b_llama_70b,"gemini_flash_lite,qwen_30b,llama_70b",230,decision_tree_router,0.8883248730964467,0.00010346696649746194,0.8883248730964467,0.07106598984771574,0.0,0.6852791878172588
3model_gemini_flash_lite_qwen_30b_llama_70b,"gemini_flash_lite,qwen_30b,llama_70b",230,random_forest_router,0.9086294416243654,0.00011744514720812184,0.9086294416243654,0.050761421319796954,0.0,0.8274111675126904
3model_gemini_flash_lite_qwen_30b_llama_70b,"gemini_flash_lite,qwen_30b,llama_70b",230,extra_trees_router,0.9035532994923858,0.00011091645786802032,0.9035532994923858,0.05583756345177665,0.0,0.7766497461928934
3model_gemini_flash_lite_qwen_30b_llama_70b,"gemini_flash_lite,qwen_30b,llama_70b",230,mlp_router,0.9187817258883249,0.00012391624365482235,0.9187817258883249,0.04060913705583756,0.0,0.9593908629441624
3model_gemini_flash_lite_qwen_30b_llama_70b,"gemini_flash_lite,qwen_30b,llama_70b",230,tfidf_logistic_router,0.9137055837563451,0.00011986116040609137,0.9137055837563451,0.04568527918781726,0.0,0.8984771573604061
3model_gemini_flash_lite_qwen_30b_llama_70b,"gemini_flash_lite,qwen_30b,llama_70b",230,tfidf_linear_svm_router,0.9187817258883249,0.00012276635532994923,0.9187817258883249,0.04060913705583756,0.0,0.9543147208121827
3model_gemini_flash_lite_qwen_30b_llama_70b,"gemini_flash_lite,qwen_30b,llama_70b",230,tfidf_mlp_router,0.9187817258883249,0.00012391624365482235,0.9187817258883249,0.04060913705583756,0.0,0.9593908629441624
3model_gemini_flash_lite_qwen_30b_llama_70b,"gemini_flash_lite,qwen_30b,llama_70b",231,always_gemini_flash_lite,0.9289340101522843,0.00012848857868020305,0.9289340101522843,0.030456852791878174,0.0,0.9695431472081218
3model_gemini_flash_lite_qwen_30b_llama_70b,"gemini_flash_lite,qwen_30b,llama_70b",231,always_qwen_30b,0.8883248730964467,2.600484670050761e-05,0.8883248730964467,0.07106598984771574,0.0,0.015228426395939087
3model_gemini_flash_lite_qwen_30b_llama_70b,"gemini_flash_lite,qwen_30b,llama_70b",231,always_llama_70b,0.8984771573604061,0.0051297422944162445,0.8984771573604061,0.06091370558375635,0.0,0.015228426395939087
3model_gemini_flash_lite_qwen_30b_llama_70b,"gemini_flash_lite,qwen_30b,llama_70b",231,random,0.8984771573604061,0.005144111059898478,0.8984771573604061,0.06091370558375635,0.0,0.27918781725888325
3model_gemini_flash_lite_qwen_30b_llama_70b,"gemini_flash_lite,qwen_30b,llama_70b",231,oracle,0.9593908629441624,0.0001265579766497462,0.9593908629441624,0.0,0.0,1.0
3model_gemini_flash_lite_qwen_30b_llama_70b,"gemini_flash_lite,qwen_30b,llama_70b",231,logistic_router,0.9238578680203046,0.00010349776040609138,0.9238578680203046,0.03553299492385787,0.0,0.7055837563451777
3model_gemini_flash_lite_qwen_30b_llama_70b,"gemini_flash_lite,qwen_30b,llama_70b",231,linear_svm_router,0.9289340101522843,0.00012638489340101522,0.9289340101522843,0.030456852791878174,0.0,0.9238578680203046
3model_gemini_flash_lite_qwen_30b_llama_70b,"gemini_flash_lite,qwen_30b,llama_70b",231,knn_router,0.9289340101522843,0.0001278762355329949,0.9289340101522843,0.030456852791878174,0.0,0.9593908629441624
3model_gemini_flash_lite_qwen_30b_llama_70b,"gemini_flash_lite,qwen_30b,llama_70b",231,decision_tree_router,0.9238578680203046,8.751162944162439e-05,0.9238578680203046,0.03553299492385787,0.0,0.5482233502538071
3model_gemini_flash_lite_qwen_30b_llama_70b,"gemini_flash_lite,qwen_30b,llama_70b",231,random_forest_router,0.9289340101522843,0.00012125776852791876,0.9289340101522843,0.030456852791878174,0.0,0.8781725888324873
3model_gemini_flash_lite_qwen_30b_llama_70b,"gemini_flash_lite,qwen_30b,llama_70b",231,extra_trees_router,0.934010152284264,0.00010888150050761421,0.934010152284264,0.025380710659898477,0.0,0.7715736040609137
3model_gemini_flash_lite_qwen_30b_llama_70b,"gemini_flash_lite,qwen_30b,llama_70b",231,mlp_router,0.9289340101522843,0.00012627078578680202,0.9289340101522843,0.030456852791878174,0.0,0.9441624365482234
3model_gemini_flash_lite_qwen_30b_llama_70b,"gemini_flash_lite,qwen_30b,llama_70b",231,tfidf_logistic_router,0.9187817258883249,0.00012139062944162437,0.9187817258883249,0.04060913705583756,0.0,0.883248730964467
3model_gemini_flash_lite_qwen_30b_llama_70b,"gemini_flash_lite,qwen_30b,llama_70b",231,tfidf_linear_svm_router,0.9289340101522843,0.00012738379898477158,0.9289340101522843,0.030456852791878174,0.0,0.9644670050761421
3model_gemini_flash_lite_qwen_30b_llama_70b,"gemini_flash_lite,qwen_30b,llama_70b",231,tfidf_mlp_router,0.9289340101522843,0.00012738379898477158,0.9289340101522843,0.030456852791878174,0.0,0.9644670050761421
3model_gemini_flash_lite_qwen_30b_llama_70b,"gemini_flash_lite,qwen_30b,llama_70b",232,always_gemini_flash_lite,0.9086294416243654,0.00012325000000000001,0.9086294416243654,0.07614213197969544,0.0,0.9238578680203046
3model_gemini_flash_lite_qwen_30b_llama_70b,"gemini_flash_lite,qwen_30b,llama_70b",232,always_qwen_30b,0.9137055837563451,2.631308629441624e-05,0.9137055837563451,0.07106598984771574,0.0,0.050761421319796954
3model_gemini_flash_lite_qwen_30b_llama_70b,"gemini_flash_lite,qwen_30b,llama_70b",232,always_llama_70b,0.9187817258883249,5.5371817258883244e-05,0.9187817258883249,0.06598984771573604,0.0,0.025380710659898477
3model_gemini_flash_lite_qwen_30b_llama_70b,"gemini_flash_lite,qwen_30b,llama_70b",232,random,0.9086294416243654,6.617390862944162e-05,0.9086294416243654,0.07614213197969544,0.0,0.3248730964467005
3model_gemini_flash_lite_qwen_30b_llama_70b,"gemini_flash_lite,qwen_30b,llama_70b",232,oracle,0.9847715736040609,0.00011534955532994923,0.9847715736040609,0.0,0.0,1.0
3model_gemini_flash_lite_qwen_30b_llama_70b,"gemini_flash_lite,qwen_30b,llama_70b",232,logistic_router,0.9137055837563451,0.00010698169847715735,0.9137055837563451,0.07106598984771574,0.0,0.766497461928934
3model_gemini_flash_lite_qwen_30b_llama_70b,"gemini_flash_lite,qwen_30b,llama_70b",232,linear_svm_router,0.9137055837563451,0.00012109625989847718,0.9137055837563451,0.07106598984771574,0.0,0.8883248730964467
3model_gemini_flash_lite_qwen_30b_llama_70b,"gemini_flash_lite,qwen_30b,llama_70b",232,knn_router,0.9086294416243654,0.0001229265989847716,0.9086294416243654,0.07614213197969544,0.0,0.9187817258883249
3model_gemini_flash_lite_qwen_30b_llama_70b,"gemini_flash_lite,qwen_30b,llama_70b",232,decision_tree_router,0.883248730964467,0.00011177590152284264,0.883248730964467,0.10152284263959391,0.0,0.7918781725888325
3model_gemini_flash_lite_qwen_30b_llama_70b,"gemini_flash_lite,qwen_30b,llama_70b",232,random_forest_router,0.9035532994923858,0.00011831797258883248,0.9035532994923858,0.08121827411167512,0.0,0.8223350253807107
3model_gemini_flash_lite_qwen_30b_llama_70b,"gemini_flash_lite,qwen_30b,llama_70b",232,extra_trees_router,0.8984771573604061,0.00011304670659898477,0.8984771573604061,0.08629441624365482,0.0,0.7817258883248731
3model_gemini_flash_lite_qwen_30b_llama_70b,"gemini_flash_lite,qwen_30b,llama_70b",232,mlp_router,0.9086294416243654,0.00012325000000000001,0.9086294416243654,0.07614213197969544,0.0,0.9238578680203046
3model_gemini_flash_lite_qwen_30b_llama_70b,"gemini_flash_lite,qwen_30b,llama_70b",232,tfidf_logistic_router,0.9137055837563451,0.00011418957258883248,0.9137055837563451,0.07106598984771574,0.0,0.8426395939086294
3model_gemini_flash_lite_qwen_30b_llama_70b,"gemini_flash_lite,qwen_30b,llama_70b",232,tfidf_linear_svm_router,0.9086294416243654,0.00012255622944162437,0.9086294416243654,0.07614213197969544,0.0,0.9187817258883249
3model_gemini_flash_lite_qwen_30b_llama_70b,"gemini_flash_lite,qwen_30b,llama_70b",232,tfidf_mlp_router,0.9086294416243654,0.00012325000000000001,0.9086294416243654,0.07614213197969544,0.0,0.9238578680203046
3model_gemini_flash_lite_qwen_30b_llama_70b,"gemini_flash_lite,qwen_30b,llama_70b",233,always_gemini_flash_lite,0.9289340101522843,0.00012413705583756346,0.9289340101522843,0.04568527918781726,0.0,0.9543147208121827
3model_gemini_flash_lite_qwen_30b_llama_70b,"gemini_flash_lite,qwen_30b,llama_70b",233,always_qwen_30b,0.9086294416243654,2.511114720812183e-05,0.9086294416243654,0.06598984771573604,0.0,0.03553299492385787
3model_gemini_flash_lite_qwen_30b_llama_70b,"gemini_flash_lite,qwen_30b,llama_70b",233,always_llama_70b,0.883248730964467,5.4729203045685284e-05,0.883248730964467,0.09137055837563451,0.0,0.01015228426395939
3model_gemini_flash_lite_qwen_30b_llama_70b,"gemini_flash_lite,qwen_30b,llama_70b",233,random,0.8984771573604061,6.870589137055837e-05,0.8984771573604061,0.07614213197969544,0.0,0.3147208121827411
3model_gemini_flash_lite_qwen_30b_llama_70b,"gemini_flash_lite,qwen_30b,llama_70b",233,oracle,0.9746192893401016,0.00011920288121827412,0.9746192893401016,0.0,0.0,1.0
3model_gemini_flash_lite_qwen_30b_llama_70b,"gemini_flash_lite,qwen_30b,llama_70b",233,logistic_router,0.9238578680203046,0.000105580861928934,0.9238578680203046,0.050761421319796954,0.0,0.7461928934010152
3model_gemini_flash_lite_qwen_30b_llama_70b,"gemini_flash_lite,qwen_30b,llama_70b",233,linear_svm_router,0.9238578680203046,0.00011770454416243654,0.9238578680203046,0.050761421319796954,0.0,0.8984771573604061
3model_gemini_flash_lite_qwen_30b_llama_70b,"gemini_flash_lite,qwen_30b,llama_70b",233,knn_router,0.9289340101522843,0.00012384238578680204,0.9289340101522843,0.04568527918781726,0.0,0.949238578680203
3model_gemini_flash_lite_qwen_30b_llama_70b,"gemini_flash_lite,qwen_30b,llama_70b",233,decision_tree_router,0.9086294416243654,0.00010384744365482235,0.9086294416243654,0.06598984771573604,0.0,0.7055837563451777
3model_gemini_flash_lite_qwen_30b_llama_70b,"gemini_flash_lite,qwen_30b,llama_70b",233,random_forest_router,0.9187817258883249,0.00011691998071065988,0.9187817258883249,0.05583756345177665,0.0,0.8477157360406091
3model_gemini_flash_lite_qwen_30b_llama_70b,"gemini_flash_lite,qwen_30b,llama_70b",233,extra_trees_router,0.9137055837563451,0.000108808869035533,0.9137055837563451,0.06091370558375635,0.0,0.7563451776649747
3model_gemini_flash_lite_qwen_30b_llama_70b,"gemini_flash_lite,qwen_30b,llama_70b",233,mlp_router,0.9289340101522843,0.00012258505989847716,0.9289340101522843,0.04568527918781726,0.0,0.9441624365482234
3model_gemini_flash_lite_qwen_30b_llama_70b,"gemini_flash_lite,qwen_30b,llama_70b",233,tfidf_logistic_router,0.9289340101522843,0.00011659721624365483,0.9289340101522843,0.04568527918781726,0.0,0.8934010152284264
3model_gemini_flash_lite_qwen_30b_llama_70b,"gemini_flash_lite,qwen_30b,llama_70b",233,tfidf_linear_svm_router,0.9238578680203046,0.00012291649746192895,0.9238578680203046,0.050761421319796954,0.0,0.9390862944162437
3model_gemini_flash_lite_qwen_30b_llama_70b,"gemini_flash_lite,qwen_30b,llama_70b",233,tfidf_mlp_router,0.9289340101522843,0.0001231484771573604,0.9289340101522843,0.04568527918781726,0.0,0.9441624365482234
3model_gemini_flash_lite_qwen_30b_deepseek_v3,"gemini_flash_lite,qwen_30b,deepseek_v3",229,always_gemini_flash_lite,0.9137055837563451,0.00012077157360406092,0.9137055837563451,0.04568527918781726,0.0,0.9543147208121827
3model_gemini_flash_lite_qwen_30b_deepseek_v3,"gemini_flash_lite,qwen_30b,deepseek_v3",229,always_qwen_30b,0.868020304568528,2.3474460913705585e-05,0.868020304568528,0.09137055837563451,0.0,0.03553299492385787
3model_gemini_flash_lite_qwen_30b_deepseek_v3,"gemini_flash_lite,qwen_30b,deepseek_v3",229,always_deepseek_v3,0.883248730964467,7.042395939086295e-05,0.883248730964467,0.07614213197969544,0.0,0.01015228426395939
3model_gemini_flash_lite_qwen_30b_deepseek_v3,"gemini_flash_lite,qwen_30b,deepseek_v3",229,random,0.8883248730964467,7.142126497461929e-05,0.8883248730964467,0.07106598984771574,0.0,0.2893401015228426
3model_gemini_flash_lite_qwen_30b_deepseek_v3,"gemini_flash_lite,qwen_30b,deepseek_v3",229,oracle,0.9593908629441624,0.00011526917360406092,0.9593908629441624,0.0,0.0,1.0
3model_gemini_flash_lite_qwen_30b_deepseek_v3,"gemini_flash_lite,qwen_30b,deepseek_v3",229,logistic_router,0.9238578680203046,0.00010565470862944164,0.9238578680203046,0.03553299492385787,0.0,0.7715736040609137
3model_gemini_flash_lite_qwen_30b_deepseek_v3,"gemini_flash_lite,qwen_30b,deepseek_v3",229,linear_svm_router,0.9238578680203046,0.00011564483451776651,0.9238578680203046,0.03553299492385787,0.0,0.9187817258883249
3model_gemini_flash_lite_qwen_30b_deepseek_v3,"gemini_flash_lite,qwen_30b,deepseek_v3",229,knn_router,0.9137055837563451,0.00012077157360406092,0.9137055837563451,0.04568527918781726,0.0,0.9543147208121827
3model_gemini_flash_lite_qwen_30b_deepseek_v3,"gemini_flash_lite,qwen_30b,deepseek_v3",229,decision_tree_router,0.883248730964467,8.033271472081219e-05,0.883248730964467,0.07614213197969544,0.0,0.49746192893401014
3model_gemini_flash_lite_qwen_30b_deepseek_v3,"gemini_flash_lite,qwen_30b,deepseek_v3",229,random_forest_router,0.9086294416243654,0.00011704662944162437,0.9086294416243654,0.050761421319796954,0.0,0.9137055837563451
3model_gemini_flash_lite_qwen_30b_deepseek_v3,"gemini_flash_lite,qwen_30b,deepseek_v3",229,extra_trees_router,0.9238578680203046,0.00010054378680203046,0.9238578680203046,0.03553299492385787,0.0,0.7563451776649747
3model_gemini_flash_lite_qwen_30b_deepseek_v3,"gemini_flash_lite,qwen_30b,deepseek_v3",229,mlp_router,0.9137055837563451,0.00012002792893401017,0.9137055837563451,0.04568527918781726,0.0,0.9441624365482234
3model_gemini_flash_lite_qwen_30b_deepseek_v3,"gemini_flash_lite,qwen_30b,deepseek_v3",229,tfidf_logistic_router,0.9086294416243654,0.00011677130152284265,0.9086294416243654,0.050761421319796954,0.0,0.9086294416243654
3model_gemini_flash_lite_qwen_30b_deepseek_v3,"gemini_flash_lite,qwen_30b,deepseek_v3",229,tfidf_linear_svm_router,0.9137055837563451,0.00012042092385786802,0.9137055837563451,0.04568527918781726,0.0,0.949238578680203
3model_gemini_flash_lite_qwen_30b_deepseek_v3,"gemini_flash_lite,qwen_30b,deepseek_v3",229,tfidf_mlp_router,0.9137055837563451,0.00012021703350253807,0.9137055837563451,0.04568527918781726,0.0,0.949238578680203
3model_gemini_flash_lite_qwen_30b_deepseek_v3,"gemini_flash_lite,qwen_30b,deepseek_v3",230,always_gemini_flash_lite,0.9187817258883249,0.00012391624365482235,0.9187817258883249,0.030456852791878174,0.0,0.9695431472081218
3model_gemini_flash_lite_qwen_30b_deepseek_v3,"gemini_flash_lite,qwen_30b,deepseek_v3",230,always_qwen_30b,0.9187817258883249,2.4823336040609136e-05,0.9187817258883249,0.030456852791878174,0.0,0.025380710659898477
3model_gemini_flash_lite_qwen_30b_deepseek_v3,"gemini_flash_lite,qwen_30b,deepseek_v3",230,always_deepseek_v3,0.9137055837563451,7.150268020304568e-05,0.9137055837563451,0.03553299492385787,0.0,0.005076142131979695
3model_gemini_flash_lite_qwen_30b_deepseek_v3,"gemini_flash_lite,qwen_30b,deepseek_v3",230,random,0.9086294416243654,7.82097847715736e-05,0.9086294416243654,0.04060913705583756,0.0,0.38578680203045684
3model_gemini_flash_lite_qwen_30b_deepseek_v3,"gemini_flash_lite,qwen_30b,deepseek_v3",230,oracle,0.949238578680203,0.00012045849137055838,0.949238578680203,0.0,0.0,1.0
3model_gemini_flash_lite_qwen_30b_deepseek_v3,"gemini_flash_lite,qwen_30b,deepseek_v3",230,logistic_router,0.9289340101522843,0.0001107202233502538,0.9289340101522843,0.02030456852791878,0.0,0.7868020304568528
3model_gemini_flash_lite_qwen_30b_deepseek_v3,"gemini_flash_lite,qwen_30b,deepseek_v3",230,linear_svm_router,0.9137055837563451,0.00012359802030456854,0.9137055837563451,0.03553299492385787,0.0,0.9543147208121827
3model_gemini_flash_lite_qwen_30b_deepseek_v3,"gemini_flash_lite,qwen_30b,deepseek_v3",230,knn_router,0.9187817258883249,0.00012391624365482235,0.9187817258883249,0.030456852791878174,0.0,0.9695431472081218
3model_gemini_flash_lite_qwen_30b_deepseek_v3,"gemini_flash_lite,qwen_30b,deepseek_v3",230,decision_tree_router,0.9289340101522843,9.727626598984774e-05,0.9289340101522843,0.02030456852791878,0.0,0.6040609137055838
3model_gemini_flash_lite_qwen_30b_deepseek_v3,"gemini_flash_lite,qwen_30b,deepseek_v3",230,random_forest_router,0.9137055837563451,0.00012336111675126903,0.9137055837563451,0.03553299492385787,0.0,0.9593908629441624
3model_gemini_flash_lite_qwen_30b_deepseek_v3,"gemini_flash_lite,qwen_30b,deepseek_v3",230,extra_trees_router,0.9289340101522843,0.00011582730152284265,0.9289340101522843,0.02030456852791878,0.0,0.8984771573604061
3model_gemini_flash_lite_qwen_30b_deepseek_v3,"gemini_flash_lite,qwen_30b,deepseek_v3",230,mlp_router,0.9137055837563451,0.00012374512690355331,0.9137055837563451,0.03553299492385787,0.0,0.9644670050761421
3model_gemini_flash_lite_qwen_30b_deepseek_v3,"gemini_flash_lite,qwen_30b,deepseek_v3",230,tfidf_logistic_router,0.9187817258883249,0.00012240468832487312,0.9187817258883249,0.030456852791878174,0.0,0.949238578680203
3model_gemini_flash_lite_qwen_30b_deepseek_v3,"gemini_flash_lite,qwen_30b,deepseek_v3",230,tfidf_linear_svm_router,0.9187817258883249,0.00012276635532994923,0.9187817258883249,0.030456852791878174,0.0,0.9644670050761421
3model_gemini_flash_lite_qwen_30b_deepseek_v3,"gemini_flash_lite,qwen_30b,deepseek_v3",230,tfidf_mlp_router,0.9187817258883249,0.00012391624365482235,0.9187817258883249,0.030456852791878174,0.0,0.9695431472081218
3model_gemini_flash_lite_qwen_30b_deepseek_v3,"gemini_flash_lite,qwen_30b,deepseek_v3",231,always_gemini_flash_lite,0.9289340101522843,0.00012848857868020305,0.9289340101522843,0.025380710659898477,0.0,0.9746192893401016
3model_gemini_flash_lite_qwen_30b_deepseek_v3,"gemini_flash_lite,qwen_30b,deepseek_v3",231,always_qwen_30b,0.8883248730964467,2.600484670050761e-05,0.8883248730964467,0.06598984771573604,0.0,0.015228426395939087
3model_gemini_flash_lite_qwen_30b_deepseek_v3,"gemini_flash_lite,qwen_30b,deepseek_v3",231,always_deepseek_v3,0.8984771573604061,7.693892385786802e-05,0.8984771573604061,0.05583756345177665,0.0,0.01015228426395939
3model_gemini_flash_lite_qwen_30b_deepseek_v3,"gemini_flash_lite,qwen_30b,deepseek_v3",231,random,0.8883248730964467,7.422823756345177e-05,0.8883248730964467,0.06598984771573604,0.0,0.28426395939086296
3model_gemini_flash_lite_qwen_30b_deepseek_v3,"gemini_flash_lite,qwen_30b,deepseek_v3",231,oracle,0.9543147208121827,0.00012611508832487307,0.9543147208121827,0.0,0.0,1.0
3model_gemini_flash_lite_qwen_30b_deepseek_v3,"gemini_flash_lite,qwen_30b,deepseek_v3",231,logistic_router,0.9187817258883249,0.00010776844467005076,0.9187817258883249,0.03553299492385787,0.0,0.7461928934010152
3model_gemini_flash_lite_qwen_30b_deepseek_v3,"gemini_flash_lite,qwen_30b,deepseek_v3",231,linear_svm_router,0.9289340101522843,0.00012522708629441625,0.9289340101522843,0.025380710659898477,0.0,0.934010152284264
3model_gemini_flash_lite_qwen_30b_deepseek_v3,"gemini_flash_lite,qwen_30b,deepseek_v3",231,knn_router,0.9289340101522843,0.00012738379898477158,0.9289340101522843,0.025380710659898477,0.0,0.9695431472081218
3model_gemini_flash_lite_qwen_30b_deepseek_v3,"gemini_flash_lite,qwen_30b,deepseek_v3",231,decision_tree_router,0.9086294416243654,7.898968121827412e-05,0.9086294416243654,0.04568527918781726,0.0,0.49746192893401014
3model_gemini_flash_lite_qwen_30b_deepseek_v3,"gemini_flash_lite,qwen_30b,deepseek_v3",231,random_forest_router,0.9289340101522843,0.00012397508629441624,0.9289340101522843,0.025380710659898477,0.0,0.9390862944162437
3model_gemini_flash_lite_qwen_30b_deepseek_v3,"gemini_flash_lite,qwen_30b,deepseek_v3",231,extra_trees_router,0.934010152284264,0.0001085527147208122,0.934010152284264,0.02030456852791878,0.0,0.8121827411167513
3model_gemini_flash_lite_qwen_30b_deepseek_v3,"gemini_flash_lite,qwen_30b,deepseek_v3",231,mlp_router,0.9238578680203046,0.00012553261319796956,0.9238578680203046,0.030456852791878174,0.0,0.9543147208121827
3model_gemini_flash_lite_qwen_30b_deepseek_v3,"gemini_flash_lite,qwen_30b,deepseek_v3",231,tfidf_logistic_router,0.9187817258883249,0.0001215145076142132,0.9187817258883249,0.03553299492385787,0.0,0.8984771573604061
3model_gemini_flash_lite_qwen_30b_deepseek_v3,"gemini_flash_lite,qwen_30b,deepseek_v3",231,tfidf_linear_svm_router,0.9289340101522843,0.00012738379898477158,0.9289340101522843,0.025380710659898477,0.0,0.9695431472081218
3model_gemini_flash_lite_qwen_30b_deepseek_v3,"gemini_flash_lite,qwen_30b,deepseek_v3",231,tfidf_mlp_router,0.9289340101522843,0.00012738379898477158,0.9289340101522843,0.025380710659898477,0.0,0.9695431472081218
3model_gemini_flash_lite_qwen_30b_deepseek_v3,"gemini_flash_lite,qwen_30b,deepseek_v3",232,always_gemini_flash_lite,0.9086294416243654,0.00012325000000000001,0.9086294416243654,0.05583756345177665,0.0,0.9441624365482234
3model_gemini_flash_lite_qwen_30b_deepseek_v3,"gemini_flash_lite,qwen_30b,deepseek_v3",232,always_qwen_30b,0.9137055837563451,2.631308629441624e-05,0.9137055837563451,0.050761421319796954,0.0,0.050761421319796954
3model_gemini_flash_lite_qwen_30b_deepseek_v3,"gemini_flash_lite,qwen_30b,deepseek_v3",232,always_deepseek_v3,0.9238578680203046,6.975652791878173e-05,0.9238578680203046,0.04060913705583756,0.0,0.005076142131979695
3model_gemini_flash_lite_qwen_30b_deepseek_v3,"gemini_flash_lite,qwen_30b,deepseek_v3",232,random,0.8984771573604061,6.938480203045684e-05,0.8984771573604061,0.06598984771573604,0.0,0.3248730964467005
3model_gemini_flash_lite_qwen_30b_deepseek_v3,"gemini_flash_lite,qwen_30b,deepseek_v3",232,oracle,0.9644670050761421,0.00011619075329949238,0.9644670050761421,0.0,0.0,1.0
3model_gemini_flash_lite_qwen_30b_deepseek_v3,"gemini_flash_lite,qwen_30b,deepseek_v3",232,logistic_router,0.9187817258883249,0.00010608686091370557,0.9187817258883249,0.04568527918781726,0.0,0.7766497461928934
3model_gemini_flash_lite_qwen_30b_deepseek_v3,"gemini_flash_lite,qwen_30b,deepseek_v3",232,linear_svm_router,0.9137055837563451,0.00012101223350253806,0.9137055837563451,0.050761421319796954,0.0,0.9238578680203046
3model_gemini_flash_lite_qwen_30b_deepseek_v3,"gemini_flash_lite,qwen_30b,deepseek_v3",232,knn_router,0.9086294416243654,0.00012325000000000001,0.9086294416243654,0.05583756345177665,0.0,0.9441624365482234
3model_gemini_flash_lite_qwen_30b_deepseek_v3,"gemini_flash_lite,qwen_30b,deepseek_v3",232,decision_tree_router,0.9035532994923858,9.476949035532996e-05,0.9035532994923858,0.06091370558375635,0.0,0.649746192893401
3model_gemini_flash_lite_qwen_30b_deepseek_v3,"gemini_flash_lite,qwen_30b,deepseek_v3",232,random_forest_router,0.9086294416243654,0.00012170662741116752,0.9086294416243654,0.05583756345177665,0.0,0.9289340101522843
3model_gemini_flash_lite_qwen_30b_deepseek_v3,"gemini_flash_lite,qwen_30b,deepseek_v3",232,extra_trees_router,0.9137055837563451,0.000115500069035533,0.9137055837563451,0.050761421319796954,0.0,0.8527918781725888
3model_gemini_flash_lite_qwen_30b_deepseek_v3,"gemini_flash_lite,qwen_30b,deepseek_v3",232,mlp_router,0.9086294416243654,0.00012325000000000001,0.9086294416243654,0.05583756345177665,0.0,0.9441624365482234
3model_gemini_flash_lite_qwen_30b_deepseek_v3,"gemini_flash_lite,qwen_30b,deepseek_v3",232,tfidf_logistic_router,0.9137055837563451,0.00011514718781725887,0.9137055837563451,0.050761421319796954,0.0,0.883248730964467
3model_gemini_flash_lite_qwen_30b_deepseek_v3,"gemini_flash_lite,qwen_30b,deepseek_v3",232,tfidf_linear_svm_router,0.9086294416243654,0.00012255622944162437,0.9086294416243654,0.05583756345177665,0.0,0.9390862944162437
3model_gemini_flash_lite_qwen_30b_deepseek_v3,"gemini_flash_lite,qwen_30b,deepseek_v3",232,tfidf_mlp_router,0.9086294416243654,0.00012325000000000001,0.9086294416243654,0.05583756345177665,0.0,0.9441624365482234
3model_gemini_flash_lite_qwen_30b_deepseek_v3,"gemini_flash_lite,qwen_30b,deepseek_v3",233,always_gemini_flash_lite,0.9289340101522843,0.00012413705583756346,0.9289340101522843,0.04060913705583756,0.0,0.9593908629441624
3model_gemini_flash_lite_qwen_30b_deepseek_v3,"gemini_flash_lite,qwen_30b,deepseek_v3",233,always_qwen_30b,0.9086294416243654,2.511114720812183e-05,0.9086294416243654,0.06091370558375635,0.0,0.03553299492385787
3model_gemini_flash_lite_qwen_30b_deepseek_v3,"gemini_flash_lite,qwen_30b,deepseek_v3",233,always_deepseek_v3,0.9187817258883249,7.352493401015228e-05,0.9187817258883249,0.050761421319796954,0.0,0.005076142131979695
3model_gemini_flash_lite_qwen_30b_deepseek_v3,"gemini_flash_lite,qwen_30b,deepseek_v3",233,random,0.9187817258883249,7.613487106598985e-05,0.9187817258883249,0.050761421319796954,0.0,0.3096446700507614
3model_gemini_flash_lite_qwen_30b_deepseek_v3,"gemini_flash_lite,qwen_30b,deepseek_v3",233,oracle,0.9695431472081218,0.00011970222131979696,0.9695431472081218,0.0,0.0,1.0
3model_gemini_flash_lite_qwen_30b_deepseek_v3,"gemini_flash_lite,qwen_30b,deepseek_v3",233,logistic_router,0.9390862944162437,0.00010920679390862944,0.9390862944162437,0.030456852791878174,0.0,0.8223350253807107
3model_gemini_flash_lite_qwen_30b_deepseek_v3,"gemini_flash_lite,qwen_30b,deepseek_v3",233,linear_svm_router,0.9238578680203046,0.00012068409746192892,0.9238578680203046,0.04568527918781726,0.0,0.9238578680203046
3model_gemini_flash_lite_qwen_30b_deepseek_v3,"gemini_flash_lite,qwen_30b,deepseek_v3",233,knn_router,0.9289340101522843,0.00012384238578680204,0.9289340101522843,0.04060913705583756,0.0,0.9543147208121827
3model_gemini_flash_lite_qwen_30b_deepseek_v3,"gemini_flash_lite,qwen_30b,deepseek_v3",233,decision_tree_router,0.9187817258883249,8.645518781725887e-05,0.9187817258883249,0.050761421319796954,0.0,0.5583756345177665
3model_gemini_flash_lite_qwen_30b_deepseek_v3,"gemini_flash_lite,qwen_30b,deepseek_v3",233,random_forest_router,0.934010152284264,0.00011708963248730964,0.934010152284264,0.03553299492385787,0.0,0.8883248730964467
3model_gemini_flash_lite_qwen_30b_deepseek_v3,"gemini_flash_lite,qwen_30b,deepseek_v3",233,extra_trees_router,0.9238578680203046,0.00010889487512690354,0.9238578680203046,0.04568527918781726,0.0,0.7918781725888325
3model_gemini_flash_lite_qwen_30b_deepseek_v3,"gemini_flash_lite,qwen_30b,deepseek_v3",233,mlp_router,0.9238578680203046,0.00012181720203045686,0.9238578680203046,0.04568527918781726,0.0,0.934010152284264
3model_gemini_flash_lite_qwen_30b_deepseek_v3,"gemini_flash_lite,qwen_30b,deepseek_v3",233,tfidf_logistic_router,0.934010152284264,0.00011621863147208123,0.934010152284264,0.03553299492385787,0.0,0.8984771573604061
3model_gemini_flash_lite_qwen_30b_deepseek_v3,"gemini_flash_lite,qwen_30b,deepseek_v3",233,tfidf_linear_svm_router,0.9289340101522843,0.00012246883248730965,0.9289340101522843,0.04060913705583756,0.0,0.949238578680203
3model_gemini_flash_lite_qwen_30b_deepseek_v3,"gemini_flash_lite,qwen_30b,deepseek_v3",233,tfidf_mlp_router,0.9289340101522843,0.0001231484771573604,0.9289340101522843,0.04060913705583756,0.0,0.949238578680203
3model_gemini_flash_lite_qwen_30b_granite_8b,"gemini_flash_lite,qwen_30b,granite_8b",229,always_gemini_flash_lite,0.9137055837563451,0.00012077157360406092,0.9137055837563451,0.05583756345177665,0.0,0.9441624365482234
3model_gemini_flash_lite_qwen_30b_granite_8b,"gemini_flash_lite,qwen_30b,granite_8b",229,always_qwen_30b,0.868020304568528,2.3474460913705585e-05,0.868020304568528,0.10152284263959391,0.0,0.03553299492385787
3model_gemini_flash_lite_qwen_30b_granite_8b,"gemini_flash_lite,qwen_30b,granite_8b",229,always_granite_8b,0.8375634517766497,1.603908629441624e-05,0.8375634517766497,0.1319796954314721,0.0,0.02030456852791878
3model_gemini_flash_lite_qwen_30b_granite_8b,"gemini_flash_lite,qwen_30b,granite_8b",229,random,0.8426395939086294,5.100265583756345e-05,0.8426395939086294,0.12690355329949238,0.0,0.27918781725888325
3model_gemini_flash_lite_qwen_30b_granite_8b,"gemini_flash_lite,qwen_30b,granite_8b",229,oracle,0.9695431472081218,0.00011408079796954316,0.9695431472081218,0.0,0.0,1.0
3model_gemini_flash_lite_qwen_30b_granite_8b,"gemini_flash_lite,qwen_30b,granite_8b",229,logistic_router,0.9137055837563451,9.742851573604064e-05,0.9137055837563451,0.05583756345177665,0.0,0.7258883248730964
3model_gemini_flash_lite_qwen_30b_granite_8b,"gemini_flash_lite,qwen_30b,granite_8b",229,linear_svm_router,0.9187817258883249,0.00011261617461928935,0.9187817258883249,0.050761421319796954,0.0,0.883248730964467
3model_gemini_flash_lite_qwen_30b_granite_8b,"gemini_flash_lite,qwen_30b,granite_8b",229,knn_router,0.9137055837563451,0.00012077157360406092,0.9137055837563451,0.05583756345177665,0.0,0.9441624365482234
3model_gemini_flash_lite_qwen_30b_granite_8b,"gemini_flash_lite,qwen_30b,granite_8b",229,decision_tree_router,0.8781725888324873,6.546308020304568e-05,0.8781725888324873,0.09137055837563451,0.0,0.41624365482233505
3model_gemini_flash_lite_qwen_30b_granite_8b,"gemini_flash_lite,qwen_30b,granite_8b",229,random_forest_router,0.9086294416243654,0.00011486287918781726,0.9086294416243654,0.06091370558375635,0.0,0.8883248730964467
3model_gemini_flash_lite_qwen_30b_granite_8b,"gemini_flash_lite,qwen_30b,granite_8b",229,extra_trees_router,0.9238578680203046,9.076520609137056e-05,0.9238578680203046,0.04568527918781726,0.0,0.6802030456852792
3model_gemini_flash_lite_qwen_30b_granite_8b,"gemini_flash_lite,qwen_30b,granite_8b",229,mlp_router,0.9137055837563451,0.00011861016243654824,0.9137055837563451,0.05583756345177665,0.0,0.9289340101522843
3model_gemini_flash_lite_qwen_30b_granite_8b,"gemini_flash_lite,qwen_30b,granite_8b",229,tfidf_logistic_router,0.9137055837563451,0.00011304431675126904,0.9137055837563451,0.05583756345177665,0.0,0.8883248730964467
3model_gemini_flash_lite_qwen_30b_granite_8b,"gemini_flash_lite,qwen_30b,granite_8b",229,tfidf_linear_svm_router,0.9137055837563451,0.00011808234517766499,0.9137055837563451,0.05583756345177665,0.0,0.9289340101522843
3model_gemini_flash_lite_qwen_30b_granite_8b,"gemini_flash_lite,qwen_30b,granite_8b",229,tfidf_mlp_router,0.9137055837563451,0.00011879926700507614,0.9137055837563451,0.05583756345177665,0.0,0.934010152284264
3model_gemini_flash_lite_qwen_30b_granite_8b,"gemini_flash_lite,qwen_30b,granite_8b",230,always_gemini_flash_lite,0.9187817258883249,0.00012391624365482235,0.9187817258883249,0.03553299492385787,0.0,0.9644670050761421
3model_gemini_flash_lite_qwen_30b_granite_8b,"gemini_flash_lite,qwen_30b,granite_8b",230,always_qwen_30b,0.9187817258883249,2.4823336040609136e-05,0.9187817258883249,0.03553299492385787,0.0,0.025380710659898477
3model_gemini_flash_lite_qwen_30b_granite_8b,"gemini_flash_lite,qwen_30b,granite_8b",230,always_granite_8b,0.8477157360406091,1.58748730964467e-05,0.8477157360406091,0.1065989847715736,0.0,0.01015228426395939
3model_gemini_flash_lite_qwen_30b_granite_8b,"gemini_flash_lite,qwen_30b,granite_8b",230,random,0.8883248730964467,5.85906578680203e-05,0.8883248730964467,0.06598984771573604,0.0,0.39086294416243655
3model_gemini_flash_lite_qwen_30b_granite_8b,"gemini_flash_lite,qwen_30b,granite_8b",230,oracle,0.9543147208121827,0.0001189256994923858,0.9543147208121827,0.0,0.0,1.0
3model_gemini_flash_lite_qwen_30b_granite_8b,"gemini_flash_lite,qwen_30b,granite_8b",230,logistic_router,0.9289340101522843,0.0001065747918781726,0.9289340101522843,0.025380710659898477,0.0,0.7969543147208121
3model_gemini_flash_lite_qwen_30b_granite_8b,"gemini_flash_lite,qwen_30b,granite_8b",230,linear_svm_router,0.9187817258883249,0.00012391624365482235,0.9187817258883249,0.03553299492385787,0.0,0.9644670050761421
3model_gemini_flash_lite_qwen_30b_granite_8b,"gemini_flash_lite,qwen_30b,granite_8b",230,knn_router,0.9187817258883249,0.00012391624365482235,0.9187817258883249,0.03553299492385787,0.0,0.9644670050761421
3model_gemini_flash_lite_qwen_30b_granite_8b,"gemini_flash_lite,qwen_30b,granite_8b",230,decision_tree_router,0.9289340101522843,6.544178883248731e-05,0.9289340101522843,0.025380710659898477,0.0,0.4416243654822335
3model_gemini_flash_lite_qwen_30b_granite_8b,"gemini_flash_lite,qwen_30b,granite_8b",230,random_forest_router,0.9187817258883249,0.00012283578680203047,0.9187817258883249,0.03553299492385787,0.0,0.949238578680203
3model_gemini_flash_lite_qwen_30b_granite_8b,"gemini_flash_lite,qwen_30b,granite_8b",230,extra_trees_router,0.9289340101522843,0.00011479674314720814,0.9289340101522843,0.025380710659898477,0.0,0.8883248730964467
3model_gemini_flash_lite_qwen_30b_granite_8b,"gemini_flash_lite,qwen_30b,granite_8b",230,mlp_router,0.9187817258883249,0.00012391624365482235,0.9187817258883249,0.03553299492385787,0.0,0.9644670050761421
3model_gemini_flash_lite_qwen_30b_granite_8b,"gemini_flash_lite,qwen_30b,granite_8b",230,tfidf_logistic_router,0.9238578680203046,0.0001210939269035533,0.9238578680203046,0.030456852791878174,0.0,0.949238578680203
3model_gemini_flash_lite_qwen_30b_granite_8b,"gemini_flash_lite,qwen_30b,granite_8b",230,tfidf_linear_svm_router,0.9187817258883249,0.00012276635532994923,0.9187817258883249,0.03553299492385787,0.0,0.9593908629441624
3model_gemini_flash_lite_qwen_30b_granite_8b,"gemini_flash_lite,qwen_30b,granite_8b",230,tfidf_mlp_router,0.9187817258883249,0.00012391624365482235,0.9187817258883249,0.03553299492385787,0.0,0.9644670050761421
3model_gemini_flash_lite_qwen_30b_granite_8b,"gemini_flash_lite,qwen_30b,granite_8b",231,always_gemini_flash_lite,0.9289340101522843,0.00012848857868020305,0.9289340101522843,0.030456852791878174,0.0,0.9695431472081218
3model_gemini_flash_lite_qwen_30b_granite_8b,"gemini_flash_lite,qwen_30b,granite_8b",231,always_qwen_30b,0.8883248730964467,2.600484670050761e-05,0.8883248730964467,0.07106598984771574,0.0,0.015228426395939087
3model_gemini_flash_lite_qwen_30b_granite_8b,"gemini_flash_lite,qwen_30b,granite_8b",231,always_granite_8b,0.8527918781725888,1.6751015228426392e-05,0.8527918781725888,0.1065989847715736,0.0,0.015228426395939087
3model_gemini_flash_lite_qwen_30b_granite_8b,"gemini_flash_lite,qwen_30b,granite_8b",231,random,0.8781725888324873,5.42735573604061e-05,0.8781725888324873,0.08121827411167512,0.0,0.27918781725888325
3model_gemini_flash_lite_qwen_30b_granite_8b,"gemini_flash_lite,qwen_30b,granite_8b",231,oracle,0.9593908629441624,0.00012456128121827412,0.9593908629441624,0.0,0.0,1.0
3model_gemini_flash_lite_qwen_30b_granite_8b,"gemini_flash_lite,qwen_30b,granite_8b",231,logistic_router,0.9238578680203046,0.00010686711878172587,0.9238578680203046,0.03553299492385787,0.0,0.7817258883248731
3model_gemini_flash_lite_qwen_30b_granite_8b,"gemini_flash_lite,qwen_30b,granite_8b",231,linear_svm_router,0.9289340101522843,0.00012657646700507615,0.9289340101522843,0.030456852791878174,0.0,0.9543147208121827
3model_gemini_flash_lite_qwen_30b_granite_8b,"gemini_flash_lite,qwen_30b,granite_8b",231,knn_router,0.9289340101522843,0.00012738379898477158,0.9289340101522843,0.030456852791878174,0.0,0.9644670050761421
3model_gemini_flash_lite_qwen_30b_granite_8b,"gemini_flash_lite,qwen_30b,granite_8b",231,decision_tree_router,0.9086294416243654,7.955109644670052e-05,0.9086294416243654,0.050761421319796954,0.0,0.5380710659898477
3model_gemini_flash_lite_qwen_30b_granite_8b,"gemini_flash_lite,qwen_30b,granite_8b",231,random_forest_router,0.9289340101522843,0.00012027709847715736,0.9289340101522843,0.030456852791878174,0.0,0.8984771573604061
3model_gemini_flash_lite_qwen_30b_granite_8b,"gemini_flash_lite,qwen_30b,granite_8b",231,extra_trees_router,0.934010152284264,0.00010849696649746192,0.934010152284264,0.025380710659898477,0.0,0.7969543147208121
3model_gemini_flash_lite_qwen_30b_granite_8b,"gemini_flash_lite,qwen_30b,granite_8b",231,mlp_router,0.9289340101522843,0.00012649383147208122,0.9289340101522843,0.030456852791878174,0.0,0.9593908629441624
3model_gemini_flash_lite_qwen_30b_granite_8b,"gemini_flash_lite,qwen_30b,granite_8b",231,tfidf_logistic_router,0.9238578680203046,0.000122607076142132,0.9238578680203046,0.03553299492385787,0.0,0.9137055837563451
3model_gemini_flash_lite_qwen_30b_granite_8b,"gemini_flash_lite,qwen_30b,granite_8b",231,tfidf_linear_svm_router,0.9289340101522843,0.00012738379898477158,0.9289340101522843,0.030456852791878174,0.0,0.9644670050761421
3model_gemini_flash_lite_qwen_30b_granite_8b,"gemini_flash_lite,qwen_30b,granite_8b",231,tfidf_mlp_router,0.9289340101522843,0.00012738379898477158,0.9289340101522843,0.030456852791878174,0.0,0.9644670050761421
3model_gemini_flash_lite_qwen_30b_granite_8b,"gemini_flash_lite,qwen_30b,granite_8b",232,always_gemini_flash_lite,0.9086294416243654,0.00012325000000000001,0.9086294416243654,0.06598984771573604,0.0,0.934010152284264
3model_gemini_flash_lite_qwen_30b_granite_8b,"gemini_flash_lite,qwen_30b,granite_8b",232,always_qwen_30b,0.9137055837563451,2.631308629441624e-05,0.9137055837563451,0.06091370558375635,0.0,0.050761421319796954
3model_gemini_flash_lite_qwen_30b_granite_8b,"gemini_flash_lite,qwen_30b,granite_8b",232,always_granite_8b,0.868020304568528,1.6348477157360407e-05,0.868020304568528,0.1065989847715736,0.0,0.015228426395939087
3model_gemini_flash_lite_qwen_30b_granite_8b,"gemini_flash_lite,qwen_30b,granite_8b",232,random,0.9187817258883249,5.275256852791878e-05,0.9187817258883249,0.05583756345177665,0.0,0.3248730964467005
3model_gemini_flash_lite_qwen_30b_granite_8b,"gemini_flash_lite,qwen_30b,granite_8b",232,oracle,0.9746192893401016,0.00011456405279187816,0.9746192893401016,0.0,0.0,1.0
3model_gemini_flash_lite_qwen_30b_granite_8b,"gemini_flash_lite,qwen_30b,granite_8b",232,logistic_router,0.9137055837563451,0.00010639588629441624,0.9137055837563451,0.06091370558375635,0.0,0.8121827411167513
3model_gemini_flash_lite_qwen_30b_granite_8b,"gemini_flash_lite,qwen_30b,granite_8b",232,linear_svm_router,0.9137055837563451,0.00011982565482233503,0.9137055837563451,0.06091370558375635,0.0,0.9086294416243654
3model_gemini_flash_lite_qwen_30b_granite_8b,"gemini_flash_lite,qwen_30b,granite_8b",232,knn_router,0.9086294416243654,0.00012325000000000001,0.9086294416243654,0.06598984771573604,0.0,0.934010152284264
3model_gemini_flash_lite_qwen_30b_granite_8b,"gemini_flash_lite,qwen_30b,granite_8b",232,decision_tree_router,0.8934010152284264,9.685264162436548e-05,0.8934010152284264,0.08121827411167512,0.0,0.6903553299492385
3model_gemini_flash_lite_qwen_30b_granite_8b,"gemini_flash_lite,qwen_30b,granite_8b",232,random_forest_router,0.9137055837563451,0.00012099084060913706,0.9137055837563451,0.06091370558375635,0.0,0.9187817258883249
3model_gemini_flash_lite_qwen_30b_granite_8b,"gemini_flash_lite,qwen_30b,granite_8b",232,extra_trees_router,0.9086294416243654,0.00011477383147208122,0.9086294416243654,0.06598984771573604,0.0,0.868020304568528
3model_gemini_flash_lite_qwen_30b_granite_8b,"gemini_flash_lite,qwen_30b,granite_8b",232,mlp_router,0.9086294416243654,0.00012325000000000001,0.9086294416243654,0.06598984771573604,0.0,0.934010152284264
3model_gemini_flash_lite_qwen_30b_granite_8b,"gemini_flash_lite,qwen_30b,granite_8b",232,tfidf_logistic_router,0.9086294416243654,0.00011372602030456853,0.9086294416243654,0.06598984771573604,0.0,0.868020304568528
3model_gemini_flash_lite_qwen_30b_granite_8b,"gemini_flash_lite,qwen_30b,granite_8b",232,tfidf_linear_svm_router,0.9086294416243654,0.00012255622944162437,0.9086294416243654,0.06598984771573604,0.0,0.9289340101522843
3model_gemini_flash_lite_qwen_30b_granite_8b,"gemini_flash_lite,qwen_30b,granite_8b",232,tfidf_mlp_router,0.9086294416243654,0.00012325000000000001,0.9086294416243654,0.06598984771573604,0.0,0.934010152284264
3model_gemini_flash_lite_qwen_30b_granite_8b,"gemini_flash_lite,qwen_30b,granite_8b",233,always_gemini_flash_lite,0.9289340101522843,0.00012413705583756346,0.9289340101522843,0.04060913705583756,0.0,0.9593908629441624
3model_gemini_flash_lite_qwen_30b_granite_8b,"gemini_flash_lite,qwen_30b,granite_8b",233,always_qwen_30b,0.9086294416243654,2.511114720812183e-05,0.9086294416243654,0.06091370558375635,0.0,0.03553299492385787
3model_gemini_flash_lite_qwen_30b_granite_8b,"gemini_flash_lite,qwen_30b,granite_8b",233,always_granite_8b,0.8527918781725888,1.6294162436548225e-05,0.8527918781725888,0.116751269035533,0.0,0.005076142131979695
3model_gemini_flash_lite_qwen_30b_granite_8b,"gemini_flash_lite,qwen_30b,granite_8b",233,random,0.8934010152284264,5.457344974619289e-05,0.8934010152284264,0.07614213197969544,0.0,0.3096446700507614
3model_gemini_flash_lite_qwen_30b_granite_8b,"gemini_flash_lite,qwen_30b,granite_8b",233,oracle,0.9695431472081218,0.00011897968324873095,0.9695431472081218,0.0,0.0,1.0
3model_gemini_flash_lite_qwen_30b_granite_8b,"gemini_flash_lite,qwen_30b,granite_8b",233,logistic_router,0.934010152284264,0.00010132834720812184,0.934010152284264,0.03553299492385787,0.0,0.751269035532995
3model_gemini_flash_lite_qwen_30b_granite_8b,"gemini_flash_lite,qwen_30b,granite_8b",233,linear_svm_router,0.9238578680203046,0.00012057403654822337,0.9238578680203046,0.04568527918781726,0.0,0.9238578680203046
3model_gemini_flash_lite_qwen_30b_granite_8b,"gemini_flash_lite,qwen_30b,granite_8b",233,knn_router,0.9289340101522843,0.00012384238578680204,0.9289340101522843,0.04060913705583756,0.0,0.9543147208121827
3model_gemini_flash_lite_qwen_30b_granite_8b,"gemini_flash_lite,qwen_30b,granite_8b",233,decision_tree_router,0.8984771573604061,7.141011370558376e-05,0.8984771573604061,0.07106598984771574,0.0,0.4873096446700508
3model_gemini_flash_lite_qwen_30b_granite_8b,"gemini_flash_lite,qwen_30b,granite_8b",233,random_forest_router,0.9187817258883249,0.00011852070456852791,0.9187817258883249,0.050761421319796954,0.0,0.8934010152284264
3model_gemini_flash_lite_qwen_30b_granite_8b,"gemini_flash_lite,qwen_30b,granite_8b",233,extra_trees_router,0.9187817258883249,0.0001081845502538071,0.9187817258883249,0.050761421319796954,0.0,0.7969543147208121
3model_gemini_flash_lite_qwen_30b_granite_8b,"gemini_flash_lite,qwen_30b,granite_8b",233,mlp_router,0.9289340101522843,0.00012258505989847716,0.9289340101522843,0.04060913705583756,0.0,0.949238578680203
3model_gemini_flash_lite_qwen_30b_granite_8b,"gemini_flash_lite,qwen_30b,granite_8b",233,tfidf_logistic_router,0.9238578680203046,0.0001180699654822335,0.9238578680203046,0.04568527918781726,0.0,0.8984771573604061
3model_gemini_flash_lite_qwen_30b_granite_8b,"gemini_flash_lite,qwen_30b,granite_8b",233,tfidf_linear_svm_router,0.9238578680203046,0.00012291649746192895,0.9238578680203046,0.04568527918781726,0.0,0.9441624365482234
3model_gemini_flash_lite_qwen_30b_granite_8b,"gemini_flash_lite,qwen_30b,granite_8b",233,tfidf_mlp_router,0.9289340101522843,0.0001231484771573604,0.9289340101522843,0.04060913705583756,0.0,0.949238578680203
3model_gemini_flash_lite_llama_70b_deepseek_v3,"gemini_flash_lite,llama_70b,deepseek_v3",229,always_gemini_flash_lite,0.9137055837563451,0.00012077157360406092,0.9137055837563451,0.04568527918781726,0.0,0.9543147208121827
3model_gemini_flash_lite_llama_70b_deepseek_v3,"gemini_flash_lite,llama_70b,deepseek_v3",229,always_llama_70b,0.8934010152284264,5.343402538071066e-05,0.8934010152284264,0.06598984771573604,0.0,0.030456852791878174
3model_gemini_flash_lite_llama_70b_deepseek_v3,"gemini_flash_lite,llama_70b,deepseek_v3",229,always_deepseek_v3,0.883248730964467,7.042395939086295e-05,0.883248730964467,0.07614213197969544,0.0,0.015228426395939087
3model_gemini_flash_lite_llama_70b_deepseek_v3,"gemini_flash_lite,llama_70b,deepseek_v3",229,random,0.9137055837563451,8.170273604060913e-05,0.9137055837563451,0.04568527918781726,0.0,0.30456852791878175
3model_gemini_flash_lite_llama_70b_deepseek_v3,"gemini_flash_lite,llama_70b,deepseek_v3",229,oracle,0.9593908629441624,0.00011783260913705585,0.9593908629441624,0.0,0.0,1.0
3model_gemini_flash_lite_llama_70b_deepseek_v3,"gemini_flash_lite,llama_70b,deepseek_v3",229,logistic_router,0.9137055837563451,0.00010463945685279188,0.9137055837563451,0.04568527918781726,0.0,0.6395939086294417
3model_gemini_flash_lite_llama_70b_deepseek_v3,"gemini_flash_lite,llama_70b,deepseek_v3",229,linear_svm_router,0.9086294416243654,0.0001178674416243655,0.9086294416243654,0.050761421319796954,0.0,0.8883248730964467
3model_gemini_flash_lite_llama_70b_deepseek_v3,"gemini_flash_lite,llama_70b,deepseek_v3",229,knn_router,0.9137055837563451,0.00012092619289340103,0.9137055837563451,0.04568527918781726,0.0,0.9441624365482234
3model_gemini_flash_lite_llama_70b_deepseek_v3,"gemini_flash_lite,llama_70b,deepseek_v3",229,decision_tree_router,0.8781725888324873,8.77339695431472e-05,0.8781725888324873,0.08121827411167512,0.0,0.41116751269035534
3model_gemini_flash_lite_llama_70b_deepseek_v3,"gemini_flash_lite,llama_70b,deepseek_v3",229,random_forest_router,0.9187817258883249,0.00011528592385786803,0.9187817258883249,0.04060913705583756,0.0,0.8274111675126904
3model_gemini_flash_lite_llama_70b_deepseek_v3,"gemini_flash_lite,llama_70b,deepseek_v3",229,extra_trees_router,0.9086294416243654,9.792786294416244e-05,0.9086294416243654,0.050761421319796954,0.0,0.5989847715736041
3model_gemini_flash_lite_llama_70b_deepseek_v3,"gemini_flash_lite,llama_70b,deepseek_v3",229,mlp_router,0.9137055837563451,0.0001191077461928934,0.9137055837563451,0.04568527918781726,0.0,0.9289340101522843
3model_gemini_flash_lite_llama_70b_deepseek_v3,"gemini_flash_lite,llama_70b,deepseek_v3",229,tfidf_logistic_router,0.9187817258883249,0.00011808789340101523,0.9187817258883249,0.04060913705583756,0.0,0.8984771573604061
3model_gemini_flash_lite_llama_70b_deepseek_v3,"gemini_flash_lite,llama_70b,deepseek_v3",229,tfidf_linear_svm_router,0.9137055837563451,0.00012077157360406092,0.9137055837563451,0.04568527918781726,0.0,0.9543147208121827
3model_gemini_flash_lite_llama_70b_deepseek_v3,"gemini_flash_lite,llama_70b,deepseek_v3",229,tfidf_mlp_router,0.9137055837563451,0.00012077157360406092,0.9137055837563451,0.04568527918781726,0.0,0.9543147208121827
3model_gemini_flash_lite_llama_70b_deepseek_v3,"gemini_flash_lite,llama_70b,deepseek_v3",230,always_gemini_flash_lite,0.9187817258883249,0.00012391624365482235,0.9187817258883249,0.03553299492385787,0.0,0.9644670050761421
3model_gemini_flash_lite_llama_70b_deepseek_v3,"gemini_flash_lite,llama_70b,deepseek_v3",230,always_llama_70b,0.8781725888324873,0.010206027761421321,0.8781725888324873,0.07614213197969544,0.0,0.02030456852791878
3model_gemini_flash_lite_llama_70b_deepseek_v3,"gemini_flash_lite,llama_70b,deepseek_v3",230,always_deepseek_v3,0.9137055837563451,7.150268020304568e-05,0.9137055837563451,0.04060913705583756,0.0,0.015228426395939087
3model_gemini_flash_lite_llama_70b_deepseek_v3,"gemini_flash_lite,llama_70b,deepseek_v3",230,random,0.883248730964467,8.632935025380711e-05,0.883248730964467,0.07106598984771574,0.0,0.3756345177664975
3model_gemini_flash_lite_llama_70b_deepseek_v3,"gemini_flash_lite,llama_70b,deepseek_v3",230,oracle,0.9543147208121827,0.00012185139086294417,0.9543147208121827,0.0,0.0,1.0
3model_gemini_flash_lite_llama_70b_deepseek_v3,"gemini_flash_lite,llama_70b,deepseek_v3",230,logistic_router,0.8934010152284264,0.00011342379695431473,0.8934010152284264,0.06091370558375635,0.0,0.7715736040609137
3model_gemini_flash_lite_llama_70b_deepseek_v3,"gemini_flash_lite,llama_70b,deepseek_v3",230,linear_svm_router,0.9187817258883249,0.00012320401015228428,0.9187817258883249,0.03553299492385787,0.0,0.9543147208121827
3model_gemini_flash_lite_llama_70b_deepseek_v3,"gemini_flash_lite,llama_70b,deepseek_v3",230,knn_router,0.9187817258883249,0.0001235928426395939,0.9187817258883249,0.03553299492385787,0.0,0.9593908629441624
3model_gemini_flash_lite_llama_70b_deepseek_v3,"gemini_flash_lite,llama_70b,deepseek_v3",230,decision_tree_router,0.8984771573604061,0.00011501872588832489,0.8984771573604061,0.05583756345177665,0.0,0.7868020304568528
3model_gemini_flash_lite_llama_70b_deepseek_v3,"gemini_flash_lite,llama_70b,deepseek_v3",230,random_forest_router,0.9086294416243654,0.00011808765989847717,0.9086294416243654,0.04568527918781726,0.0,0.8629441624365483
3model_gemini_flash_lite_llama_70b_deepseek_v3,"gemini_flash_lite,llama_70b,deepseek_v3",230,extra_trees_router,0.8984771573604061,0.00011338210152284266,0.8984771573604061,0.05583756345177665,0.0,0.7411167512690355
3model_gemini_flash_lite_llama_70b_deepseek_v3,"gemini_flash_lite,llama_70b,deepseek_v3",230,mlp_router,0.9187817258883249,0.0001232007614213198,0.9187817258883249,0.03553299492385787,0.0,0.9593908629441624
3model_gemini_flash_lite_llama_70b_deepseek_v3,"gemini_flash_lite,llama_70b,deepseek_v3",230,tfidf_logistic_router,0.9187817258883249,0.00011978197461928935,0.9187817258883249,0.03553299492385787,0.0,0.9137055837563451
3model_gemini_flash_lite_llama_70b_deepseek_v3,"gemini_flash_lite,llama_70b,deepseek_v3",230,tfidf_linear_svm_router,0.9187817258883249,0.0001232007614213198,0.9187817258883249,0.03553299492385787,0.0,0.9593908629441624
3model_gemini_flash_lite_llama_70b_deepseek_v3,"gemini_flash_lite,llama_70b,deepseek_v3",230,tfidf_mlp_router,0.9137055837563451,0.00012374512690355331,0.9137055837563451,0.04060913705583756,0.0,0.9593908629441624
3model_gemini_flash_lite_llama_70b_deepseek_v3,"gemini_flash_lite,llama_70b,deepseek_v3",231,always_gemini_flash_lite,0.9289340101522843,0.00012848857868020305,0.9289340101522843,0.03553299492385787,0.0,0.9644670050761421
3model_gemini_flash_lite_llama_70b_deepseek_v3,"gemini_flash_lite,llama_70b,deepseek_v3",231,always_llama_70b,0.8984771573604061,0.0051297422944162445,0.8984771573604061,0.06598984771573604,0.0,0.02030456852791878
3model_gemini_flash_lite_llama_70b_deepseek_v3,"gemini_flash_lite,llama_70b,deepseek_v3",231,always_deepseek_v3,0.8984771573604061,7.693892385786802e-05,0.8984771573604061,0.06598984771573604,0.0,0.015228426395939087
3model_gemini_flash_lite_llama_70b_deepseek_v3,"gemini_flash_lite,llama_70b,deepseek_v3",231,random,0.8883248730964467,8.29492994923858e-05,0.8883248730964467,0.07614213197969544,0.0,0.27411167512690354
3model_gemini_flash_lite_llama_70b_deepseek_v3,"gemini_flash_lite,llama_70b,deepseek_v3",231,oracle,0.9644670050761421,0.00012676910659898476,0.9644670050761421,0.0,0.0,1.0
3model_gemini_flash_lite_llama_70b_deepseek_v3,"gemini_flash_lite,llama_70b,deepseek_v3",231,logistic_router,0.9289340101522843,0.00011442017258883249,0.9289340101522843,0.03553299492385787,0.0,0.751269035532995
3model_gemini_flash_lite_llama_70b_deepseek_v3,"gemini_flash_lite,llama_70b,deepseek_v3",231,linear_svm_router,0.9289340101522843,0.0001275315431472081,0.9289340101522843,0.03553299492385787,0.0,0.934010152284264
3model_gemini_flash_lite_llama_70b_deepseek_v3,"gemini_flash_lite,llama_70b,deepseek_v3",231,knn_router,0.9289340101522843,0.00012873269035532995,0.9289340101522843,0.03553299492385787,0.0,0.9543147208121827
3model_gemini_flash_lite_llama_70b_deepseek_v3,"gemini_flash_lite,llama_70b,deepseek_v3",231,decision_tree_router,0.9137055837563451,0.005170191060913706,0.9137055837563451,0.050761421319796954,0.0,0.5279187817258884
3model_gemini_flash_lite_llama_70b_deepseek_v3,"gemini_flash_lite,llama_70b,deepseek_v3",231,random_forest_router,0.9289340101522843,0.00012320300507614212,0.9289340101522843,0.03553299492385787,0.0,0.8527918781725888
3model_gemini_flash_lite_llama_70b_deepseek_v3,"gemini_flash_lite,llama_70b,deepseek_v3",231,extra_trees_router,0.9238578680203046,0.005190242842639595,0.9238578680203046,0.04060913705583756,0.0,0.7309644670050761
3model_gemini_flash_lite_llama_70b_deepseek_v3,"gemini_flash_lite,llama_70b,deepseek_v3",231,mlp_router,0.9289340101522843,0.0001278989847715736,0.9289340101522843,0.03553299492385787,0.0,0.9441624365482234
3model_gemini_flash_lite_llama_70b_deepseek_v3,"gemini_flash_lite,llama_70b,deepseek_v3",231,tfidf_logistic_router,0.9289340101522843,0.00012576169543147207,0.9289340101522843,0.03553299492385787,0.0,0.9137055837563451
3model_gemini_flash_lite_llama_70b_deepseek_v3,"gemini_flash_lite,llama_70b,deepseek_v3",231,tfidf_linear_svm_router,0.9238578680203046,0.00012806913705583757,0.9238578680203046,0.04060913705583756,0.0,0.9543147208121827
3model_gemini_flash_lite_llama_70b_deepseek_v3,"gemini_flash_lite,llama_70b,deepseek_v3",231,tfidf_mlp_router,0.9238578680203046,0.00012806913705583757,0.9238578680203046,0.04060913705583756,0.0,0.9543147208121827
3model_gemini_flash_lite_llama_70b_deepseek_v3,"gemini_flash_lite,llama_70b,deepseek_v3",232,always_gemini_flash_lite,0.9086294416243654,0.00012325000000000001,0.9086294416243654,0.07614213197969544,0.0,0.9238578680203046
3model_gemini_flash_lite_llama_70b_deepseek_v3,"gemini_flash_lite,llama_70b,deepseek_v3",232,always_llama_70b,0.9187817258883249,5.5371817258883244e-05,0.9187817258883249,0.06598984771573604,0.0,0.06091370558375635
3model_gemini_flash_lite_llama_70b_deepseek_v3,"gemini_flash_lite,llama_70b,deepseek_v3",232,always_deepseek_v3,0.9238578680203046,6.975652791878173e-05,0.9238578680203046,0.06091370558375635,0.0,0.015228426395939087
3model_gemini_flash_lite_llama_70b_deepseek_v3,"gemini_flash_lite,llama_70b,deepseek_v3",232,random,0.8934010152284264,7.859391370558374e-05,0.8934010152284264,0.09137055837563451,0.0,0.3147208121827411
3model_gemini_flash_lite_llama_70b_deepseek_v3,"gemini_flash_lite,llama_70b,deepseek_v3",232,oracle,0.9847715736040609,0.00011812304060913706,0.9847715736040609,0.0,0.0,1.0
3model_gemini_flash_lite_llama_70b_deepseek_v3,"gemini_flash_lite,llama_70b,deepseek_v3",232,logistic_router,0.8984771573604061,0.00011383882233502538,0.8984771573604061,0.08629441624365482,0.0,0.7411167512690355
3model_gemini_flash_lite_llama_70b_deepseek_v3,"gemini_flash_lite,llama_70b,deepseek_v3",232,linear_svm_router,0.9086294416243654,0.00012145645177664975,0.9086294416243654,0.07614213197969544,0.0,0.883248730964467
3model_gemini_flash_lite_llama_70b_deepseek_v3,"gemini_flash_lite,llama_70b,deepseek_v3",232,knn_router,0.9086294416243654,0.0001229265989847716,0.9086294416243654,0.07614213197969544,0.0,0.9187817258883249
3model_gemini_flash_lite_llama_70b_deepseek_v3,"gemini_flash_lite,llama_70b,deepseek_v3",232,decision_tree_router,0.9086294416243654,0.0001078660456852792,0.9086294416243654,0.07614213197969544,0.0,0.6446700507614214
3model_gemini_flash_lite_llama_70b_deepseek_v3,"gemini_flash_lite,llama_70b,deepseek_v3",232,random_forest_router,0.9137055837563451,0.00011942002538071067,0.9137055837563451,0.07106598984771574,0.0,0.868020304568528
3model_gemini_flash_lite_llama_70b_deepseek_v3,"gemini_flash_lite,llama_70b,deepseek_v3",232,extra_trees_router,0.8934010152284264,0.00011859769035532998,0.8934010152284264,0.09137055837563451,0.0,0.8324873096446701
3model_gemini_flash_lite_llama_70b_deepseek_v3,"gemini_flash_lite,llama_70b,deepseek_v3",232,mlp_router,0.9086294416243654,0.00012321913705583756,0.9086294416243654,0.07614213197969544,0.0,0.9187817258883249
3model_gemini_flash_lite_llama_70b_deepseek_v3,"gemini_flash_lite,llama_70b,deepseek_v3",232,tfidf_logistic_router,0.9086294416243654,0.0001199022233502538,0.9086294416243654,0.07614213197969544,0.0,0.868020304568528
3model_gemini_flash_lite_llama_70b_deepseek_v3,"gemini_flash_lite,llama_70b,deepseek_v3",232,tfidf_linear_svm_router,0.9086294416243654,0.00012271,0.9086294416243654,0.07614213197969544,0.0,0.9187817258883249
3model_gemini_flash_lite_llama_70b_deepseek_v3,"gemini_flash_lite,llama_70b,deepseek_v3",232,tfidf_mlp_router,0.9086294416243654,0.00012325000000000001,0.9086294416243654,0.07614213197969544,0.0,0.9238578680203046
3model_gemini_flash_lite_llama_70b_deepseek_v3,"gemini_flash_lite,llama_70b,deepseek_v3",233,always_gemini_flash_lite,0.9289340101522843,0.00012413705583756346,0.9289340101522843,0.04568527918781726,0.0,0.9543147208121827
3model_gemini_flash_lite_llama_70b_deepseek_v3,"gemini_flash_lite,llama_70b,deepseek_v3",233,always_llama_70b,0.883248730964467,5.4729203045685284e-05,0.883248730964467,0.09137055837563451,0.0,0.02030456852791878
3model_gemini_flash_lite_llama_70b_deepseek_v3,"gemini_flash_lite,llama_70b,deepseek_v3",233,always_deepseek_v3,0.9187817258883249,7.352493401015228e-05,0.9187817258883249,0.05583756345177665,0.0,0.025380710659898477
3model_gemini_flash_lite_llama_70b_deepseek_v3,"gemini_flash_lite,llama_70b,deepseek_v3",233,random,0.9187817258883249,8.460266497461929e-05,0.9187817258883249,0.05583756345177665,0.0,0.3147208121827411
3model_gemini_flash_lite_llama_70b_deepseek_v3,"gemini_flash_lite,llama_70b,deepseek_v3",233,oracle,0.9746192893401016,0.0001209976649746193,0.9746192893401016,0.0,0.0,1.0
3model_gemini_flash_lite_llama_70b_deepseek_v3,"gemini_flash_lite,llama_70b,deepseek_v3",233,logistic_router,0.9086294416243654,0.0001082812385786802,0.9086294416243654,0.06598984771573604,0.0,0.7258883248730964
3model_gemini_flash_lite_llama_70b_deepseek_v3,"gemini_flash_lite,llama_70b,deepseek_v3",233,linear_svm_router,0.9238578680203046,0.00012262830964467004,0.9238578680203046,0.050761421319796954,0.0,0.9289340101522843
3model_gemini_flash_lite_llama_70b_deepseek_v3,"gemini_flash_lite,llama_70b,deepseek_v3",233,knn_router,0.9289340101522843,0.00012389802030456852,0.9289340101522843,0.04568527918781726,0.0,0.949238578680203
3model_gemini_flash_lite_llama_70b_deepseek_v3,"gemini_flash_lite,llama_70b,deepseek_v3",233,decision_tree_router,0.9086294416243654,9.729971065989849e-05,0.9086294416243654,0.06598984771573604,0.0,0.5634517766497462
3model_gemini_flash_lite_llama_70b_deepseek_v3,"gemini_flash_lite,llama_70b,deepseek_v3",233,random_forest_router,0.9187817258883249,0.00011905445177664974,0.9187817258883249,0.05583756345177665,0.0,0.8375634517766497
3model_gemini_flash_lite_llama_70b_deepseek_v3,"gemini_flash_lite,llama_70b,deepseek_v3",233,extra_trees_router,0.9187817258883249,0.00011397845177664974,0.9187817258883249,0.05583756345177665,0.0,0.7563451776649747
3model_gemini_flash_lite_llama_70b_deepseek_v3,"gemini_flash_lite,llama_70b,deepseek_v3",233,mlp_router,0.934010152284264,0.00012247916243654823,0.934010152284264,0.04060913705583756,0.0,0.9390862944162437
3model_gemini_flash_lite_llama_70b_deepseek_v3,"gemini_flash_lite,llama_70b,deepseek_v3",233,tfidf_logistic_router,0.9289340101522843,0.0001192512538071066,0.9289340101522843,0.04568527918781726,0.0,0.9035532994923858
3model_gemini_flash_lite_llama_70b_deepseek_v3,"gemini_flash_lite,llama_70b,deepseek_v3",233,tfidf_linear_svm_router,0.9289340101522843,0.00012338997461928933,0.9289340101522843,0.04568527918781726,0.0,0.9441624365482234
3model_gemini_flash_lite_llama_70b_deepseek_v3,"gemini_flash_lite,llama_70b,deepseek_v3",233,tfidf_mlp_router,0.9289340101522843,0.0001234125888324873,0.9289340101522843,0.04568527918781726,0.0,0.9441624365482234
3model_gemini_flash_lite_llama_70b_granite_8b,"gemini_flash_lite,llama_70b,granite_8b",229,always_gemini_flash_lite,0.9137055837563451,0.00012077157360406092,0.9137055837563451,0.050761421319796954,0.0,0.949238578680203
3model_gemini_flash_lite_llama_70b_granite_8b,"gemini_flash_lite,llama_70b,granite_8b",229,always_llama_70b,0.8934010152284264,5.343402538071066e-05,0.8934010152284264,0.07106598984771574,0.0,0.030456852791878174
3model_gemini_flash_lite_llama_70b_granite_8b,"gemini_flash_lite,llama_70b,granite_8b",229,always_granite_8b,0.8375634517766497,1.603908629441624e-05,0.8375634517766497,0.12690355329949238,0.0,0.02030456852791878
3model_gemini_flash_lite_llama_70b_granite_8b,"gemini_flash_lite,llama_70b,granite_8b",229,random,0.868020304568528,6.128412690355329e-05,0.868020304568528,0.09644670050761421,0.0,0.29441624365482233
3model_gemini_flash_lite_llama_70b_granite_8b,"gemini_flash_lite,llama_70b,granite_8b",229,oracle,0.9644670050761421,0.00011651337055837565,0.9644670050761421,0.0,0.0,1.0
3model_gemini_flash_lite_llama_70b_granite_8b,"gemini_flash_lite,llama_70b,granite_8b",229,logistic_router,0.9137055837563451,0.00010245571065989848,0.9137055837563451,0.050761421319796954,0.0,0.6802030456852792
3model_gemini_flash_lite_llama_70b_granite_8b,"gemini_flash_lite,llama_70b,granite_8b",229,linear_svm_router,0.9086294416243654,0.00011508345177664975,0.9086294416243654,0.05583756345177665,0.0,0.8781725888324873
3model_gemini_flash_lite_llama_70b_granite_8b,"gemini_flash_lite,llama_70b,granite_8b",229,knn_router,0.9137055837563451,0.00012092619289340103,0.9137055837563451,0.050761421319796954,0.0,0.9390862944162437
3model_gemini_flash_lite_llama_70b_granite_8b,"gemini_flash_lite,llama_70b,granite_8b",229,decision_tree_router,0.8883248730964467,9.48006040609137e-05,0.8883248730964467,0.07614213197969544,0.0,0.5685279187817259
3model_gemini_flash_lite_llama_70b_granite_8b,"gemini_flash_lite,llama_70b,granite_8b",229,random_forest_router,0.9137055837563451,0.00011546593908629442,0.9137055837563451,0.050761421319796954,0.0,0.8426395939086294
3model_gemini_flash_lite_llama_70b_granite_8b,"gemini_flash_lite,llama_70b,granite_8b",229,extra_trees_router,0.9086294416243654,9.755083756345177e-05,0.9086294416243654,0.05583756345177665,0.0,0.6294416243654822
3model_gemini_flash_lite_llama_70b_granite_8b,"gemini_flash_lite,llama_70b,granite_8b",229,mlp_router,0.9137055837563451,0.00011815558375634518,0.9137055837563451,0.050761421319796954,0.0,0.9289340101522843
3model_gemini_flash_lite_llama_70b_granite_8b,"gemini_flash_lite,llama_70b,granite_8b",229,tfidf_logistic_router,0.9137055837563451,0.00011627784263959394,0.9137055837563451,0.050761421319796954,0.0,0.883248730964467
3model_gemini_flash_lite_llama_70b_granite_8b,"gemini_flash_lite,llama_70b,granite_8b",229,tfidf_linear_svm_router,0.9137055837563451,0.000119353807106599,0.9137055837563451,0.050761421319796954,0.0,0.9441624365482234
3model_gemini_flash_lite_llama_70b_granite_8b,"gemini_flash_lite,llama_70b,granite_8b",229,tfidf_mlp_router,0.9137055837563451,0.000119353807106599,0.9137055837563451,0.050761421319796954,0.0,0.9441624365482234
3model_gemini_flash_lite_llama_70b_granite_8b,"gemini_flash_lite,llama_70b,granite_8b",230,always_gemini_flash_lite,0.9187817258883249,0.00012391624365482235,0.9187817258883249,0.03553299492385787,0.0,0.9644670050761421
3model_gemini_flash_lite_llama_70b_granite_8b,"gemini_flash_lite,llama_70b,granite_8b",230,always_llama_70b,0.8781725888324873,0.010206027761421321,0.8781725888324873,0.07614213197969544,0.0,0.02030456852791878
3model_gemini_flash_lite_llama_70b_granite_8b,"gemini_flash_lite,llama_70b,granite_8b",230,always_granite_8b,0.8477157360406091,1.58748730964467e-05,0.8477157360406091,0.1065989847715736,0.0,0.015228426395939087
3model_gemini_flash_lite_llama_70b_granite_8b,"gemini_flash_lite,llama_70b,granite_8b",230,random,0.8629441624365483,6.671022335025381e-05,0.8629441624365483,0.09137055837563451,0.0,0.3756345177664975
3model_gemini_flash_lite_llama_70b_granite_8b,"gemini_flash_lite,llama_70b,granite_8b",230,oracle,0.9543147208121827,0.00012022144162436548,0.9543147208121827,0.0,0.0,1.0
3model_gemini_flash_lite_llama_70b_granite_8b,"gemini_flash_lite,llama_70b,granite_8b",230,logistic_router,0.8984771573604061,0.00011186075634517768,0.8984771573604061,0.05583756345177665,0.0,0.7918781725888325
3model_gemini_flash_lite_llama_70b_granite_8b,"gemini_flash_lite,llama_70b,granite_8b",230,linear_svm_router,0.9187817258883249,0.000123667461928934,0.9187817258883249,0.03553299492385787,0.0,0.9543147208121827
3model_gemini_flash_lite_llama_70b_granite_8b,"gemini_flash_lite,llama_70b,granite_8b",230,knn_router,0.9187817258883249,0.0001235928426395939,0.9187817258883249,0.03553299492385787,0.0,0.9593908629441624
3model_gemini_flash_lite_llama_70b_granite_8b,"gemini_flash_lite,llama_70b,granite_8b",230,decision_tree_router,0.9035532994923858,0.005163285375634518,0.9035532994923858,0.050761421319796954,0.0,0.49238578680203043
3model_gemini_flash_lite_llama_70b_granite_8b,"gemini_flash_lite,llama_70b,granite_8b",230,random_forest_router,0.9086294416243654,0.00012045964467005077,0.9086294416243654,0.04568527918781726,0.0,0.8883248730964467
3model_gemini_flash_lite_llama_70b_granite_8b,"gemini_flash_lite,llama_70b,granite_8b",230,extra_trees_router,0.9035532994923858,0.00010860220304568529,0.9035532994923858,0.050761421319796954,0.0,0.751269035532995
3model_gemini_flash_lite_llama_70b_granite_8b,"gemini_flash_lite,llama_70b,granite_8b",230,mlp_router,0.9187817258883249,0.0001232007614213198,0.9187817258883249,0.03553299492385787,0.0,0.9593908629441624
3model_gemini_flash_lite_llama_70b_granite_8b,"gemini_flash_lite,llama_70b,granite_8b",230,tfidf_logistic_router,0.9187817258883249,0.00012099629441624365,0.9187817258883249,0.03553299492385787,0.0,0.9289340101522843
3model_gemini_flash_lite_llama_70b_granite_8b,"gemini_flash_lite,llama_70b,granite_8b",230,tfidf_linear_svm_router,0.9187817258883249,0.0001232007614213198,0.9187817258883249,0.03553299492385787,0.0,0.9593908629441624
3model_gemini_flash_lite_llama_70b_granite_8b,"gemini_flash_lite,llama_70b,granite_8b",230,tfidf_mlp_router,0.9187817258883249,0.00012391624365482235,0.9187817258883249,0.03553299492385787,0.0,0.9644670050761421
3model_gemini_flash_lite_llama_70b_granite_8b,"gemini_flash_lite,llama_70b,granite_8b",231,always_gemini_flash_lite,0.9289340101522843,0.00012848857868020305,0.9289340101522843,0.030456852791878174,0.0,0.9695431472081218
3model_gemini_flash_lite_llama_70b_granite_8b,"gemini_flash_lite,llama_70b,granite_8b",231,always_llama_70b,0.8984771573604061,0.0051297422944162445,0.8984771573604061,0.06091370558375635,0.0,0.02030456852791878
3model_gemini_flash_lite_llama_70b_granite_8b,"gemini_flash_lite,llama_70b,granite_8b",231,always_granite_8b,0.8527918781725888,1.6751015228426392e-05,0.8527918781725888,0.1065989847715736,0.0,0.01015228426395939
3model_gemini_flash_lite_llama_70b_granite_8b,"gemini_flash_lite,llama_70b,granite_8b",231,random,0.8781725888324873,6.29946192893401e-05,0.8781725888324873,0.08121827411167512,0.0,0.26903553299492383
3model_gemini_flash_lite_llama_70b_granite_8b,"gemini_flash_lite,llama_70b,granite_8b",231,oracle,0.9593908629441624,0.0001257937766497462,0.9593908629441624,0.0,0.0,1.0
3model_gemini_flash_lite_llama_70b_granite_8b,"gemini_flash_lite,llama_70b,granite_8b",231,logistic_router,0.9289340101522843,0.0001110672081218274,0.9289340101522843,0.030456852791878174,0.0,0.7614213197969543
3model_gemini_flash_lite_llama_70b_granite_8b,"gemini_flash_lite,llama_70b,granite_8b",231,linear_svm_router,0.9289340101522843,0.00012663487309644668,0.9289340101522843,0.030456852791878174,0.0,0.9390862944162437
3model_gemini_flash_lite_llama_70b_granite_8b,"gemini_flash_lite,llama_70b,granite_8b",231,knn_router,0.9289340101522843,0.00012788456852791876,0.9289340101522843,0.030456852791878174,0.0,0.9593908629441624
3model_gemini_flash_lite_llama_70b_granite_8b,"gemini_flash_lite,llama_70b,granite_8b",231,decision_tree_router,0.9238578680203046,0.005174617000000003,0.9238578680203046,0.03553299492385787,0.0,0.6040609137055838
3model_gemini_flash_lite_llama_70b_granite_8b,"gemini_flash_lite,llama_70b,granite_8b",231,random_forest_router,0.9289340101522843,0.00012345908629441625,0.9289340101522843,0.030456852791878174,0.0,0.8984771573604061
3model_gemini_flash_lite_llama_70b_granite_8b,"gemini_flash_lite,llama_70b,granite_8b",231,extra_trees_router,0.934010152284264,0.005189709086294417,0.934010152284264,0.025380710659898477,0.0,0.8020304568527918
3model_gemini_flash_lite_llama_70b_granite_8b,"gemini_flash_lite,llama_70b,granite_8b",231,mlp_router,0.9289340101522843,0.00012739213197969545,0.9289340101522843,0.030456852791878174,0.0,0.9644670050761421
3model_gemini_flash_lite_llama_70b_granite_8b,"gemini_flash_lite,llama_70b,granite_8b",231,tfidf_logistic_router,0.9289340101522843,0.0001225948730964467,0.9289340101522843,0.030456852791878174,0.0,0.9086294416243654
3model_gemini_flash_lite_llama_70b_granite_8b,"gemini_flash_lite,llama_70b,granite_8b",231,tfidf_linear_svm_router,0.9289340101522843,0.00012739213197969545,0.9289340101522843,0.030456852791878174,0.0,0.9644670050761421
3model_gemini_flash_lite_llama_70b_granite_8b,"gemini_flash_lite,llama_70b,granite_8b",231,tfidf_mlp_router,0.9289340101522843,0.00012739213197969545,0.9289340101522843,0.030456852791878174,0.0,0.9644670050761421
3model_gemini_flash_lite_llama_70b_granite_8b,"gemini_flash_lite,llama_70b,granite_8b",232,always_gemini_flash_lite,0.9086294416243654,0.00012325000000000001,0.9086294416243654,0.07106598984771574,0.0,0.9289340101522843
3model_gemini_flash_lite_llama_70b_granite_8b,"gemini_flash_lite,llama_70b,granite_8b",232,always_llama_70b,0.9187817258883249,5.5371817258883244e-05,0.9187817258883249,0.06091370558375635,0.0,0.06091370558375635
3model_gemini_flash_lite_llama_70b_granite_8b,"gemini_flash_lite,llama_70b,granite_8b",232,always_granite_8b,0.868020304568528,1.6348477157360407e-05,0.868020304568528,0.1116751269035533,0.0,0.01015228426395939
3model_gemini_flash_lite_llama_70b_granite_8b,"gemini_flash_lite,llama_70b,granite_8b",232,random,0.9137055837563451,6.196168020304569e-05,0.9137055837563451,0.06598984771573604,0.0,0.3147208121827411
3model_gemini_flash_lite_llama_70b_granite_8b,"gemini_flash_lite,llama_70b,granite_8b",232,oracle,0.9796954314720813,0.00011749425888324872,0.9796954314720813,0.0,0.0,1.0
3model_gemini_flash_lite_llama_70b_granite_8b,"gemini_flash_lite,llama_70b,granite_8b",232,logistic_router,0.8984771573604061,0.0001131778578680203,0.8984771573604061,0.08121827411167512,0.0,0.7868020304568528
3model_gemini_flash_lite_llama_70b_granite_8b,"gemini_flash_lite,llama_70b,granite_8b",232,linear_svm_router,0.9086294416243654,0.00012021464467005075,0.9086294416243654,0.07106598984771574,0.0,0.8883248730964467
3model_gemini_flash_lite_llama_70b_granite_8b,"gemini_flash_lite,llama_70b,granite_8b",232,knn_router,0.9086294416243654,0.0001229265989847716,0.9086294416243654,0.07106598984771574,0.0,0.9238578680203046
3model_gemini_flash_lite_llama_70b_granite_8b,"gemini_flash_lite,llama_70b,granite_8b",232,decision_tree_router,0.883248730964467,0.00010096090355329949,0.883248730964467,0.09644670050761421,0.0,0.6395939086294417
3model_gemini_flash_lite_llama_70b_granite_8b,"gemini_flash_lite,llama_70b,granite_8b",232,random_forest_router,0.9035532994923858,0.00012034548223350255,0.9035532994923858,0.07614213197969544,0.0,0.868020304568528
3model_gemini_flash_lite_llama_70b_granite_8b,"gemini_flash_lite,llama_70b,granite_8b",232,extra_trees_router,0.8934010152284264,0.00011664543147208124,0.8934010152284264,0.08629441624365482,0.0,0.817258883248731
3model_gemini_flash_lite_llama_70b_granite_8b,"gemini_flash_lite,llama_70b,granite_8b",232,mlp_router,0.9086294416243654,0.00012321913705583756,0.9086294416243654,0.07106598984771574,0.0,0.9238578680203046
3model_gemini_flash_lite_llama_70b_granite_8b,"gemini_flash_lite,llama_70b,granite_8b",232,tfidf_logistic_router,0.9086294416243654,0.00011828799492385786,0.9086294416243654,0.07106598984771574,0.0,0.8781725888324873
3model_gemini_flash_lite_llama_70b_granite_8b,"gemini_flash_lite,llama_70b,granite_8b",232,tfidf_linear_svm_router,0.9086294416243654,0.00012271,0.9086294416243654,0.07106598984771574,0.0,0.9238578680203046
3model_gemini_flash_lite_llama_70b_granite_8b,"gemini_flash_lite,llama_70b,granite_8b",232,tfidf_mlp_router,0.9086294416243654,0.00012325000000000001,0.9086294416243654,0.07106598984771574,0.0,0.9289340101522843
3model_gemini_flash_lite_llama_70b_granite_8b,"gemini_flash_lite,llama_70b,granite_8b",233,always_gemini_flash_lite,0.9289340101522843,0.00012413705583756346,0.9289340101522843,0.04060913705583756,0.0,0.9593908629441624
3model_gemini_flash_lite_llama_70b_granite_8b,"gemini_flash_lite,llama_70b,granite_8b",233,always_llama_70b,0.883248730964467,5.4729203045685284e-05,0.883248730964467,0.08629441624365482,0.0,0.02030456852791878
3model_gemini_flash_lite_llama_70b_granite_8b,"gemini_flash_lite,llama_70b,granite_8b",233,always_granite_8b,0.8527918781725888,1.6294162436548225e-05,0.8527918781725888,0.116751269035533,0.0,0.02030456852791878
3model_gemini_flash_lite_llama_70b_granite_8b,"gemini_flash_lite,llama_70b,granite_8b",233,random,0.8934010152284264,6.304124365482233e-05,0.8934010152284264,0.07614213197969544,0.0,0.3197969543147208
3model_gemini_flash_lite_llama_70b_granite_8b,"gemini_flash_lite,llama_70b,granite_8b",233,oracle,0.9695431472081218,0.00011911736040609137,0.9695431472081218,0.0,0.0,1.0
3model_gemini_flash_lite_llama_70b_granite_8b,"gemini_flash_lite,llama_70b,granite_8b",233,logistic_router,0.9035532994923858,0.00010795427411167512,0.9035532994923858,0.06598984771573604,0.0,0.7614213197969543
3model_gemini_flash_lite_llama_70b_granite_8b,"gemini_flash_lite,llama_70b,granite_8b",233,linear_svm_router,0.9238578680203046,0.0001229717005076142,0.9238578680203046,0.04568527918781726,0.0,0.934010152284264
3model_gemini_flash_lite_llama_70b_granite_8b,"gemini_flash_lite,llama_70b,granite_8b",233,knn_router,0.9289340101522843,0.00012389802030456852,0.9289340101522843,0.04060913705583756,0.0,0.9543147208121827
3model_gemini_flash_lite_llama_70b_granite_8b,"gemini_flash_lite,llama_70b,granite_8b",233,decision_tree_router,0.9086294416243654,9.51758426395939e-05,0.9086294416243654,0.06091370558375635,0.0,0.5989847715736041
3model_gemini_flash_lite_llama_70b_granite_8b,"gemini_flash_lite,llama_70b,granite_8b",233,random_forest_router,0.9187817258883249,0.00012013647715736039,0.9187817258883249,0.050761421319796954,0.0,0.8781725888324873
3model_gemini_flash_lite_llama_70b_granite_8b,"gemini_flash_lite,llama_70b,granite_8b",233,extra_trees_router,0.9137055837563451,0.0001123593654822335,0.9137055837563451,0.05583756345177665,0.0,0.766497461928934
3model_gemini_flash_lite_llama_70b_granite_8b,"gemini_flash_lite,llama_70b,granite_8b",233,mlp_router,0.9238578680203046,0.00012266878172588832,0.9238578680203046,0.04568527918781726,0.0,0.9390862944162437
3model_gemini_flash_lite_llama_70b_granite_8b,"gemini_flash_lite,llama_70b,granite_8b",233,tfidf_logistic_router,0.9187817258883249,0.00011957637055837565,0.9187817258883249,0.050761421319796954,0.0,0.9137055837563451
3model_gemini_flash_lite_llama_70b_granite_8b,"gemini_flash_lite,llama_70b,granite_8b",233,tfidf_linear_svm_router,0.9289340101522843,0.00012315093908629442,0.9289340101522843,0.04060913705583756,0.0,0.9441624365482234
3model_gemini_flash_lite_llama_70b_granite_8b,"gemini_flash_lite,llama_70b,granite_8b",233,tfidf_mlp_router,0.9289340101522843,0.0001234125888324873,0.9289340101522843,0.04060913705583756,0.0,0.949238578680203
3model_gemini_flash_lite_deepseek_v3_granite_8b,"gemini_flash_lite,deepseek_v3,granite_8b",229,always_gemini_flash_lite,0.9137055837563451,0.00012077157360406092,0.9137055837563451,0.050761421319796954,0.0,0.949238578680203
3model_gemini_flash_lite_deepseek_v3_granite_8b,"gemini_flash_lite,deepseek_v3,granite_8b",229,always_deepseek_v3,0.883248730964467,7.042395939086295e-05,0.883248730964467,0.08121827411167512,0.0,0.030456852791878174
3model_gemini_flash_lite_deepseek_v3_granite_8b,"gemini_flash_lite,deepseek_v3,granite_8b",229,always_granite_8b,0.8375634517766497,1.603908629441624e-05,0.8375634517766497,0.12690355329949238,0.0,0.02030456852791878
3model_gemini_flash_lite_deepseek_v3_granite_8b,"gemini_flash_lite,deepseek_v3,granite_8b",229,random,0.8477157360406091,6.493664974619289e-05,0.8477157360406091,0.116751269035533,0.0,0.2893401015228426
3model_gemini_flash_lite_deepseek_v3_granite_8b,"gemini_flash_lite,deepseek_v3,granite_8b",229,oracle,0.9644670050761421,0.00011579908629441625,0.9644670050761421,0.0,0.0,1.0
3model_gemini_flash_lite_deepseek_v3_granite_8b,"gemini_flash_lite,deepseek_v3,granite_8b",229,logistic_router,0.9035532994923858,0.00010415288324873095,0.9035532994923858,0.06091370558375635,0.0,0.7258883248730964
3model_gemini_flash_lite_deepseek_v3_granite_8b,"gemini_flash_lite,deepseek_v3,granite_8b",229,linear_svm_router,0.9086294416243654,0.00011388208121827411,0.9086294416243654,0.05583756345177665,0.0,0.868020304568528
3model_gemini_flash_lite_deepseek_v3_granite_8b,"gemini_flash_lite,deepseek_v3,granite_8b",229,knn_router,0.9137055837563451,0.00012077157360406092,0.9137055837563451,0.050761421319796954,0.0,0.949238578680203
3model_gemini_flash_lite_deepseek_v3_granite_8b,"gemini_flash_lite,deepseek_v3,granite_8b",229,decision_tree_router,0.9035532994923858,8.643751269035532e-05,0.9035532994923858,0.06091370558375635,0.0,0.5126903553299492
3model_gemini_flash_lite_deepseek_v3_granite_8b,"gemini_flash_lite,deepseek_v3,granite_8b",229,random_forest_router,0.9137055837563451,0.00011601231472081218,0.9137055837563451,0.050761421319796954,0.0,0.8883248730964467
3model_gemini_flash_lite_deepseek_v3_granite_8b,"gemini_flash_lite,deepseek_v3,granite_8b",229,extra_trees_router,0.9137055837563451,9.88072385786802e-05,0.9137055837563451,0.050761421319796954,0.0,0.6903553299492385
3model_gemini_flash_lite_deepseek_v3_granite_8b,"gemini_flash_lite,deepseek_v3,granite_8b",229,mlp_router,0.9137055837563451,0.00011910627411167515,0.9137055837563451,0.050761421319796954,0.0,0.934010152284264
3model_gemini_flash_lite_deepseek_v3_granite_8b,"gemini_flash_lite,deepseek_v3,granite_8b",229,tfidf_logistic_router,0.9137055837563451,0.00011683563451776651,0.9137055837563451,0.050761421319796954,0.0,0.9035532994923858
3model_gemini_flash_lite_deepseek_v3_granite_8b,"gemini_flash_lite,deepseek_v3,granite_8b",229,tfidf_linear_svm_router,0.9137055837563451,0.00011939989847715738,0.9137055837563451,0.050761421319796954,0.0,0.9390862944162437
3model_gemini_flash_lite_deepseek_v3_granite_8b,"gemini_flash_lite,deepseek_v3,granite_8b",229,tfidf_mlp_router,0.9137055837563451,0.000119353807106599,0.9137055837563451,0.050761421319796954,0.0,0.9441624365482234
3model_gemini_flash_lite_deepseek_v3_granite_8b,"gemini_flash_lite,deepseek_v3,granite_8b",230,always_gemini_flash_lite,0.9187817258883249,0.00012391624365482235,0.9187817258883249,0.030456852791878174,0.0,0.9695431472081218
3model_gemini_flash_lite_deepseek_v3_granite_8b,"gemini_flash_lite,deepseek_v3,granite_8b",230,always_deepseek_v3,0.9137055837563451,7.150268020304568e-05,0.9137055837563451,0.03553299492385787,0.0,0.02030456852791878
3model_gemini_flash_lite_deepseek_v3_granite_8b,"gemini_flash_lite,deepseek_v3,granite_8b",230,always_granite_8b,0.8477157360406091,1.58748730964467e-05,0.8477157360406091,0.10152284263959391,0.0,0.01015228426395939
3model_gemini_flash_lite_deepseek_v3_granite_8b,"gemini_flash_lite,deepseek_v3,granite_8b",230,random,0.8934010152284264,7.004093401015227e-05,0.8934010152284264,0.05583756345177665,0.0,0.39593908629441626
3model_gemini_flash_lite_deepseek_v3_granite_8b,"gemini_flash_lite,deepseek_v3,granite_8b",230,oracle,0.949238578680203,0.00012126294416243655,0.949238578680203,0.0,0.0,1.0
3model_gemini_flash_lite_deepseek_v3_granite_8b,"gemini_flash_lite,deepseek_v3,granite_8b",230,logistic_router,0.9238578680203046,0.00011349845685279186,0.9238578680203046,0.025380710659898477,0.0,0.8527918781725888
3model_gemini_flash_lite_deepseek_v3_granite_8b,"gemini_flash_lite,deepseek_v3,granite_8b",230,linear_svm_router,0.9137055837563451,0.00012251568527918782,0.9137055837563451,0.03553299492385787,0.0,0.949238578680203
3model_gemini_flash_lite_deepseek_v3_granite_8b,"gemini_flash_lite,deepseek_v3,granite_8b",230,knn_router,0.9187817258883249,0.00012391624365482235,0.9187817258883249,0.030456852791878174,0.0,0.9695431472081218
3model_gemini_flash_lite_deepseek_v3_granite_8b,"gemini_flash_lite,deepseek_v3,granite_8b",230,decision_tree_router,0.8984771573604061,0.0001036962842639594,0.8984771573604061,0.050761421319796954,0.0,0.6751269035532995
3model_gemini_flash_lite_deepseek_v3_granite_8b,"gemini_flash_lite,deepseek_v3,granite_8b",230,random_forest_router,0.9187817258883249,0.00012181076142131981,0.9187817258883249,0.030456852791878174,0.0,0.9390862944162437
3model_gemini_flash_lite_deepseek_v3_granite_8b,"gemini_flash_lite,deepseek_v3,granite_8b",230,extra_trees_router,0.9137055837563451,0.00011265348223350257,0.9137055837563451,0.03553299492385787,0.0,0.8223350253807107
3model_gemini_flash_lite_deepseek_v3_granite_8b,"gemini_flash_lite,deepseek_v3,granite_8b",230,mlp_router,0.9137055837563451,0.00012359802030456854,0.9137055837563451,0.03553299492385787,0.0,0.9543147208121827
3model_gemini_flash_lite_deepseek_v3_granite_8b,"gemini_flash_lite,deepseek_v3,granite_8b",230,tfidf_logistic_router,0.9187817258883249,0.00012103796954314721,0.9187817258883249,0.030456852791878174,0.0,0.934010152284264
3model_gemini_flash_lite_deepseek_v3_granite_8b,"gemini_flash_lite,deepseek_v3,granite_8b",230,tfidf_linear_svm_router,0.9187817258883249,0.00012391624365482235,0.9187817258883249,0.030456852791878174,0.0,0.9695431472081218
3model_gemini_flash_lite_deepseek_v3_granite_8b,"gemini_flash_lite,deepseek_v3,granite_8b",230,tfidf_mlp_router,0.9137055837563451,0.00012374512690355331,0.9137055837563451,0.03553299492385787,0.0,0.9644670050761421
3model_gemini_flash_lite_deepseek_v3_granite_8b,"gemini_flash_lite,deepseek_v3,granite_8b",231,always_gemini_flash_lite,0.9289340101522843,0.00012848857868020305,0.9289340101522843,0.03553299492385787,0.0,0.9644670050761421
3model_gemini_flash_lite_deepseek_v3_granite_8b,"gemini_flash_lite,deepseek_v3,granite_8b",231,always_deepseek_v3,0.8984771573604061,7.693892385786802e-05,0.8984771573604061,0.06598984771573604,0.0,0.02030456852791878
3model_gemini_flash_lite_deepseek_v3_granite_8b,"gemini_flash_lite,deepseek_v3,granite_8b",231,always_granite_8b,0.8527918781725888,1.6751015228426392e-05,0.8527918781725888,0.1116751269035533,0.0,0.015228426395939087
3model_gemini_flash_lite_deepseek_v3_granite_8b,"gemini_flash_lite,deepseek_v3,granite_8b",231,random,0.8934010152284264,7.273230456852792e-05,0.8934010152284264,0.07106598984771574,0.0,0.2893401015228426
3model_gemini_flash_lite_deepseek_v3_granite_8b,"gemini_flash_lite,deepseek_v3,granite_8b",231,oracle,0.9644670050761421,0.0001248020812182741,0.9644670050761421,0.0,0.0,1.0
3model_gemini_flash_lite_deepseek_v3_granite_8b,"gemini_flash_lite,deepseek_v3,granite_8b",231,logistic_router,0.934010152284264,0.00011361178680203046,0.934010152284264,0.030456852791878174,0.0,0.7715736040609137
3model_gemini_flash_lite_deepseek_v3_granite_8b,"gemini_flash_lite,deepseek_v3,granite_8b",231,linear_svm_router,0.9289340101522843,0.00012268924873096447,0.9289340101522843,0.03553299492385787,0.0,0.8984771573604061
3model_gemini_flash_lite_deepseek_v3_granite_8b,"gemini_flash_lite,deepseek_v3,granite_8b",231,knn_router,0.9289340101522843,0.0001282402538071066,0.9289340101522843,0.03553299492385787,0.0,0.9593908629441624
3model_gemini_flash_lite_deepseek_v3_granite_8b,"gemini_flash_lite,deepseek_v3,granite_8b",231,decision_tree_router,0.9137055837563451,0.00011568181725888323,0.9137055837563451,0.050761421319796954,0.0,0.766497461928934
3model_gemini_flash_lite_deepseek_v3_granite_8b,"gemini_flash_lite,deepseek_v3,granite_8b",231,random_forest_router,0.9289340101522843,0.0001251528121827411,0.9289340101522843,0.03553299492385787,0.0,0.9086294416243654
3model_gemini_flash_lite_deepseek_v3_granite_8b,"gemini_flash_lite,deepseek_v3,granite_8b",231,extra_trees_router,0.9289340101522843,0.00011736279187817258,0.9289340101522843,0.03553299492385787,0.0,0.8071065989847716
3model_gemini_flash_lite_deepseek_v3_granite_8b,"gemini_flash_lite,deepseek_v3,granite_8b",231,mlp_router,0.9238578680203046,0.0001272953807106599,0.9238578680203046,0.04060913705583756,0.0,0.9441624365482234
3model_gemini_flash_lite_deepseek_v3_granite_8b,"gemini_flash_lite,deepseek_v3,granite_8b",231,tfidf_logistic_router,0.9289340101522843,0.00012518783756345177,0.9289340101522843,0.03553299492385787,0.0,0.9137055837563451
3model_gemini_flash_lite_deepseek_v3_granite_8b,"gemini_flash_lite,deepseek_v3,granite_8b",231,tfidf_linear_svm_router,0.9238578680203046,0.00012806913705583757,0.9238578680203046,0.04060913705583756,0.0,0.9543147208121827
3model_gemini_flash_lite_deepseek_v3_granite_8b,"gemini_flash_lite,deepseek_v3,granite_8b",231,tfidf_mlp_router,0.9238578680203046,0.00012806913705583757,0.9238578680203046,0.04060913705583756,0.0,0.9543147208121827
3model_gemini_flash_lite_deepseek_v3_granite_8b,"gemini_flash_lite,deepseek_v3,granite_8b",232,always_gemini_flash_lite,0.9086294416243654,0.00012325000000000001,0.9086294416243654,0.06598984771573604,0.0,0.934010152284264
3model_gemini_flash_lite_deepseek_v3_granite_8b,"gemini_flash_lite,deepseek_v3,granite_8b",232,always_deepseek_v3,0.9238578680203046,6.975652791878173e-05,0.9238578680203046,0.050761421319796954,0.0,0.050761421319796954
3model_gemini_flash_lite_deepseek_v3_granite_8b,"gemini_flash_lite,deepseek_v3,granite_8b",232,always_granite_8b,0.868020304568528,1.6348477157360407e-05,0.868020304568528,0.1065989847715736,0.0,0.015228426395939087
3model_gemini_flash_lite_deepseek_v3_granite_8b,"gemini_flash_lite,deepseek_v3,granite_8b",232,random,0.934010152284264,7.016674111675127e-05,0.934010152284264,0.04060913705583756,0.0,0.3350253807106599
3model_gemini_flash_lite_deepseek_v3_granite_8b,"gemini_flash_lite,deepseek_v3,granite_8b",232,oracle,0.9746192893401016,0.00011724939086294417,0.9746192893401016,0.0,0.0,1.0
3model_gemini_flash_lite_deepseek_v3_granite_8b,"gemini_flash_lite,deepseek_v3,granite_8b",232,logistic_router,0.9137055837563451,0.00011648903553299491,0.9137055837563451,0.06091370558375635,0.0,0.8375634517766497
3model_gemini_flash_lite_deepseek_v3_granite_8b,"gemini_flash_lite,deepseek_v3,granite_8b",232,linear_svm_router,0.9137055837563451,0.000120066730964467,0.9137055837563451,0.06091370558375635,0.0,0.9086294416243654
3model_gemini_flash_lite_deepseek_v3_granite_8b,"gemini_flash_lite,deepseek_v3,granite_8b",232,knn_router,0.9086294416243654,0.00012325000000000001,0.9086294416243654,0.06598984771573604,0.0,0.934010152284264
3model_gemini_flash_lite_deepseek_v3_granite_8b,"gemini_flash_lite,deepseek_v3,granite_8b",232,decision_tree_router,0.9035532994923858,0.0001093444771573604,0.9035532994923858,0.07106598984771574,0.0,0.7106598984771574
3model_gemini_flash_lite_deepseek_v3_granite_8b,"gemini_flash_lite,deepseek_v3,granite_8b",232,random_forest_router,0.9137055837563451,0.00012214292385786803,0.9137055837563451,0.06091370558375635,0.0,0.9238578680203046
3model_gemini_flash_lite_deepseek_v3_granite_8b,"gemini_flash_lite,deepseek_v3,granite_8b",232,extra_trees_router,0.9137055837563451,0.00011649845685279188,0.9137055837563451,0.06091370558375635,0.0,0.8934010152284264
3model_gemini_flash_lite_deepseek_v3_granite_8b,"gemini_flash_lite,deepseek_v3,granite_8b",232,mlp_router,0.9086294416243654,0.00012325000000000001,0.9086294416243654,0.06598984771573604,0.0,0.934010152284264
3model_gemini_flash_lite_deepseek_v3_granite_8b,"gemini_flash_lite,deepseek_v3,granite_8b",232,tfidf_logistic_router,0.9086294416243654,0.00011994414213197969,0.9086294416243654,0.06598984771573604,0.0,0.8984771573604061
3model_gemini_flash_lite_deepseek_v3_granite_8b,"gemini_flash_lite,deepseek_v3,granite_8b",232,tfidf_linear_svm_router,0.9086294416243654,0.00012252131979695433,0.9086294416243654,0.06598984771573604,0.0,0.9289340101522843
3model_gemini_flash_lite_deepseek_v3_granite_8b,"gemini_flash_lite,deepseek_v3,granite_8b",232,tfidf_mlp_router,0.9086294416243654,0.00012325000000000001,0.9086294416243654,0.06598984771573604,0.0,0.934010152284264
3model_gemini_flash_lite_deepseek_v3_granite_8b,"gemini_flash_lite,deepseek_v3,granite_8b",233,always_gemini_flash_lite,0.9289340101522843,0.00012413705583756346,0.9289340101522843,0.04060913705583756,0.0,0.9593908629441624
3model_gemini_flash_lite_deepseek_v3_granite_8b,"gemini_flash_lite,deepseek_v3,granite_8b",233,always_deepseek_v3,0.9187817258883249,7.352493401015228e-05,0.9187817258883249,0.050761421319796954,0.0,0.030456852791878174
3model_gemini_flash_lite_deepseek_v3_granite_8b,"gemini_flash_lite,deepseek_v3,granite_8b",233,always_granite_8b,0.8527918781725888,1.6294162436548225e-05,0.8527918781725888,0.116751269035533,0.0,0.01015228426395939
3model_gemini_flash_lite_deepseek_v3_granite_8b,"gemini_flash_lite,deepseek_v3,granite_8b",233,random,0.8883248730964467,6.880798984771574e-05,0.8883248730964467,0.08121827411167512,0.0,0.3096446700507614
3model_gemini_flash_lite_deepseek_v3_granite_8b,"gemini_flash_lite,deepseek_v3,granite_8b",233,oracle,0.9695431472081218,0.00012079512690355331,0.9695431472081218,0.0,0.0,1.0
3model_gemini_flash_lite_deepseek_v3_granite_8b,"gemini_flash_lite,deepseek_v3,granite_8b",233,logistic_router,0.9441624365482234,0.0001001959796954315,0.9441624365482234,0.025380710659898477,0.0,0.7258883248730964
3model_gemini_flash_lite_deepseek_v3_granite_8b,"gemini_flash_lite,deepseek_v3,granite_8b",233,linear_svm_router,0.934010152284264,0.00011984815228426396,0.934010152284264,0.03553299492385787,0.0,0.9086294416243654
3model_gemini_flash_lite_deepseek_v3_granite_8b,"gemini_flash_lite,deepseek_v3,granite_8b",233,knn_router,0.9289340101522843,0.0001239089847715736,0.9289340101522843,0.04060913705583756,0.0,0.9543147208121827
3model_gemini_flash_lite_deepseek_v3_granite_8b,"gemini_flash_lite,deepseek_v3,granite_8b",233,decision_tree_router,0.9289340101522843,8.992262944162435e-05,0.9289340101522843,0.04060913705583756,0.0,0.40609137055837563
3model_gemini_flash_lite_deepseek_v3_granite_8b,"gemini_flash_lite,deepseek_v3,granite_8b",233,random_forest_router,0.934010152284264,0.00011813115736040608,0.934010152284264,0.03553299492385787,0.0,0.8730964467005076
3model_gemini_flash_lite_deepseek_v3_granite_8b,"gemini_flash_lite,deepseek_v3,granite_8b",233,extra_trees_router,0.9289340101522843,0.0001114416345177665,0.9289340101522843,0.04060913705583756,0.0,0.7969543147208121
3model_gemini_flash_lite_deepseek_v3_granite_8b,"gemini_flash_lite,deepseek_v3,granite_8b",233,mlp_router,0.9289340101522843,0.00012177863959390862,0.9289340101522843,0.04060913705583756,0.0,0.934010152284264
3model_gemini_flash_lite_deepseek_v3_granite_8b,"gemini_flash_lite,deepseek_v3,granite_8b",233,tfidf_logistic_router,0.934010152284264,0.0001190983959390863,0.934010152284264,0.03553299492385787,0.0,0.8934010152284264
3model_gemini_flash_lite_deepseek_v3_granite_8b,"gemini_flash_lite,deepseek_v3,granite_8b",233,tfidf_linear_svm_router,0.9289340101522843,0.0001229491370558376,0.9289340101522843,0.04060913705583756,0.0,0.9441624365482234
3model_gemini_flash_lite_deepseek_v3_granite_8b,"gemini_flash_lite,deepseek_v3,granite_8b",233,tfidf_mlp_router,0.9289340101522843,0.00012334695431472081,0.9289340101522843,0.04060913705583756,0.0,0.9543147208121827
3model_gemini_flash_qwen_30b_llama_70b,"gemini_flash,qwen_30b,llama_70b",229,always_gemini_flash,0.8781725888324873,0.00018899238578680202,0.8781725888324873,0.08629441624365482,0.0,0.9137055837563451
3model_gemini_flash_qwen_30b_llama_70b,"gemini_flash,qwen_30b,llama_70b",229,always_qwen_30b,0.868020304568528,2.3474460913705585e-05,0.868020304568528,0.09644670050761421,0.0,0.06091370558375635
3model_gemini_flash_qwen_30b_llama_70b,"gemini_flash,qwen_30b,llama_70b",229,always_llama_70b,0.8934010152284264,5.343402538071066e-05,0.8934010152284264,0.07106598984771574,0.0,0.025380710659898477
3model_gemini_flash_qwen_30b_llama_70b,"gemini_flash,qwen_30b,llama_70b",229,random,0.8883248730964467,8.925953401015228e-05,0.8883248730964467,0.07614213197969544,0.0,0.3248730964467005
3model_gemini_flash_qwen_30b_llama_70b,"gemini_flash,qwen_30b,llama_70b",229,oracle,0.9644670050761421,0.00017458507106598987,0.9644670050761421,0.0,0.0,1.0
3model_gemini_flash_qwen_30b_llama_70b,"gemini_flash,qwen_30b,llama_70b",229,logistic_router,0.9035532994923858,0.0001444519187817259,0.9035532994923858,0.06091370558375635,0.0,0.6548223350253807
3model_gemini_flash_qwen_30b_llama_70b,"gemini_flash,qwen_30b,llama_70b",229,linear_svm_router,0.883248730964467,0.00017677544162436552,0.883248730964467,0.08121827411167512,0.0,0.8527918781725888
3model_gemini_flash_qwen_30b_llama_70b,"gemini_flash,qwen_30b,llama_70b",229,knn_router,0.883248730964467,0.0001892662944162437,0.883248730964467,0.08121827411167512,0.0,0.9137055837563451
3model_gemini_flash_qwen_30b_llama_70b,"gemini_flash,qwen_30b,llama_70b",229,decision_tree_router,0.883248730964467,0.00015395695634517765,0.883248730964467,0.08121827411167512,0.0,0.6598984771573604
3model_gemini_flash_qwen_30b_llama_70b,"gemini_flash,qwen_30b,llama_70b",229,random_forest_router,0.9086294416243654,0.00016256394720812184,0.9086294416243654,0.05583756345177665,0.0,0.7969543147208121
3model_gemini_flash_qwen_30b_llama_70b,"gemini_flash,qwen_30b,llama_70b",229,extra_trees_router,0.8984771573604061,0.00015294982842639594,0.8984771573604061,0.06598984771573604,0.0,0.7360406091370558
3model_gemini_flash_qwen_30b_llama_70b,"gemini_flash,qwen_30b,llama_70b",229,mlp_router,0.8781725888324873,0.00017704517766497463,0.8781725888324873,0.08629441624365482,0.0,0.8578680203045685
3model_gemini_flash_qwen_30b_llama_70b,"gemini_flash,qwen_30b,llama_70b",229,tfidf_logistic_router,0.9035532994923858,0.00016732812588832486,0.9035532994923858,0.06091370558375635,0.0,0.8223350253807107
3model_gemini_flash_qwen_30b_llama_70b,"gemini_flash,qwen_30b,llama_70b",229,tfidf_linear_svm_router,0.868020304568528,0.00018731880812182744,0.868020304568528,0.09644670050761421,0.0,0.9035532994923858
3model_gemini_flash_qwen_30b_llama_70b,"gemini_flash,qwen_30b,llama_70b",229,tfidf_mlp_router,0.8781725888324873,0.0001883568527918782,0.8781725888324873,0.08629441624365482,0.0,0.9086294416243654
3model_gemini_flash_qwen_30b_llama_70b,"gemini_flash,qwen_30b,llama_70b",230,always_gemini_flash,0.8781725888324873,0.00019350913705583754,0.8781725888324873,0.07614213197969544,0.0,0.9238578680203046
3model_gemini_flash_qwen_30b_llama_70b,"gemini_flash,qwen_30b,llama_70b",230,always_qwen_30b,0.9187817258883249,2.4823336040609136e-05,0.9187817258883249,0.03553299492385787,0.0,0.06091370558375635
3model_gemini_flash_qwen_30b_llama_70b,"gemini_flash,qwen_30b,llama_70b",230,always_llama_70b,0.8781725888324873,0.010206027761421321,0.8781725888324873,0.07614213197969544,0.0,0.015228426395939087
3model_gemini_flash_qwen_30b_llama_70b,"gemini_flash,qwen_30b,llama_70b",230,random,0.9035532994923858,0.010252340505583758,0.9035532994923858,0.050761421319796954,0.0,0.39593908629441626
3model_gemini_flash_qwen_30b_llama_70b,"gemini_flash,qwen_30b,llama_70b",230,oracle,0.9543147208121827,0.0001783462152284264,0.9543147208121827,0.0,0.0,1.0
3model_gemini_flash_qwen_30b_llama_70b,"gemini_flash,qwen_30b,llama_70b",230,logistic_router,0.8883248730964467,0.0001532242426395939,0.8883248730964467,0.06598984771573604,0.0,0.7055837563451777
3model_gemini_flash_qwen_30b_llama_70b,"gemini_flash,qwen_30b,llama_70b",230,linear_svm_router,0.8883248730964467,0.00018442804467005074,0.8883248730964467,0.06598984771573604,0.0,0.8730964467005076
3model_gemini_flash_qwen_30b_llama_70b,"gemini_flash,qwen_30b,llama_70b",230,knn_router,0.883248730964467,0.00019185629441624362,0.883248730964467,0.07106598984771574,0.0,0.9187817258883249
3model_gemini_flash_qwen_30b_llama_70b,"gemini_flash,qwen_30b,llama_70b",230,decision_tree_router,0.9035532994923858,0.00014935093908629443,0.9035532994923858,0.050761421319796954,0.0,0.6751269035532995
3model_gemini_flash_qwen_30b_llama_70b,"gemini_flash,qwen_30b,llama_70b",230,random_forest_router,0.9086294416243654,0.00015768347614213198,0.9086294416243654,0.04568527918781726,0.0,0.7614213197969543
3model_gemini_flash_qwen_30b_llama_70b,"gemini_flash,qwen_30b,llama_70b",230,extra_trees_router,0.9035532994923858,0.00015101112487309645,0.9035532994923858,0.050761421319796954,0.0,0.7055837563451777
3model_gemini_flash_qwen_30b_llama_70b,"gemini_flash,qwen_30b,llama_70b",230,mlp_router,0.883248730964467,0.00018472886903553299,0.883248730964467,0.07106598984771574,0.0,0.8781725888324873
3model_gemini_flash_qwen_30b_llama_70b,"gemini_flash,qwen_30b,llama_70b",230,tfidf_logistic_router,0.9035532994923858,0.00017492775025380712,0.9035532994923858,0.050761421319796954,0.0,0.8578680203045685
3model_gemini_flash_qwen_30b_llama_70b,"gemini_flash,qwen_30b,llama_70b",230,tfidf_linear_svm_router,0.8781725888324873,0.0001898366680203046,0.8781725888324873,0.07614213197969544,0.0,0.8984771573604061
3model_gemini_flash_qwen_30b_llama_70b,"gemini_flash,qwen_30b,llama_70b",230,tfidf_mlp_router,0.8781725888324873,0.00019154616446700508,0.8781725888324873,0.07614213197969544,0.0,0.9086294416243654
3model_gemini_flash_qwen_30b_llama_70b,"gemini_flash,qwen_30b,llama_70b",231,always_gemini_flash,0.8527918781725888,0.00019614467005076141,0.8527918781725888,0.09137055837563451,0.0,0.9086294416243654
3model_gemini_flash_qwen_30b_llama_70b,"gemini_flash,qwen_30b,llama_70b",231,always_qwen_30b,0.8883248730964467,2.600484670050761e-05,0.8883248730964467,0.05583756345177665,0.0,0.07106598984771574
3model_gemini_flash_qwen_30b_llama_70b,"gemini_flash,qwen_30b,llama_70b",231,always_llama_70b,0.8984771573604061,0.0051297422944162445,0.8984771573604061,0.04568527918781726,0.0,0.02030456852791878
3model_gemini_flash_qwen_30b_llama_70b,"gemini_flash,qwen_30b,llama_70b",231,random,0.8781725888324873,0.005164313597969542,0.8781725888324873,0.06598984771573604,0.0,0.27918781725888325
3model_gemini_flash_qwen_30b_llama_70b,"gemini_flash,qwen_30b,llama_70b",231,oracle,0.9441624365482234,0.00018144169340101522,0.9441624365482234,0.0,0.0,1.0
3model_gemini_flash_qwen_30b_llama_70b,"gemini_flash,qwen_30b,llama_70b",231,logistic_router,0.8730964467005076,0.0001446453837563452,0.8730964467005076,0.07106598984771574,0.0,0.6243654822335025
3model_gemini_flash_qwen_30b_llama_70b,"gemini_flash,qwen_30b,llama_70b",231,linear_svm_router,0.8578680203045685,0.00018128416142131981,0.8578680203045685,0.08629441624365482,0.0,0.8223350253807107
3model_gemini_flash_qwen_30b_llama_70b,"gemini_flash,qwen_30b,llama_70b",231,knn_router,0.8578680203045685,0.00019599812182741119,0.8578680203045685,0.08629441624365482,0.0,0.9035532994923858
3model_gemini_flash_qwen_30b_llama_70b,"gemini_flash,qwen_30b,llama_70b",231,decision_tree_router,0.8629441624365483,0.0001454588152284264,0.8629441624365483,0.08121827411167512,0.0,0.5939086294416244
3model_gemini_flash_qwen_30b_llama_70b,"gemini_flash,qwen_30b,llama_70b",231,random_forest_router,0.8730964467005076,0.00016196381725888326,0.8730964467005076,0.07106598984771574,0.0,0.7309644670050761
3model_gemini_flash_qwen_30b_llama_70b,"gemini_flash,qwen_30b,llama_70b",231,extra_trees_router,0.8781725888324873,0.00014500545989847718,0.8781725888324873,0.06598984771573604,0.0,0.649746192893401
3model_gemini_flash_qwen_30b_llama_70b,"gemini_flash,qwen_30b,llama_70b",231,mlp_router,0.8578680203045685,0.00018590312690355324,0.8578680203045685,0.08629441624365482,0.0,0.8578680203045685
3model_gemini_flash_qwen_30b_llama_70b,"gemini_flash,qwen_30b,llama_70b",231,tfidf_logistic_router,0.8578680203045685,0.00016997001725888323,0.8578680203045685,0.08629441624365482,0.0,0.7766497461928934
3model_gemini_flash_qwen_30b_llama_70b,"gemini_flash,qwen_30b,llama_70b",231,tfidf_linear_svm_router,0.8527918781725888,0.00019247477157360404,0.8527918781725888,0.09137055837563451,0.0,0.8883248730964467
3model_gemini_flash_qwen_30b_llama_70b,"gemini_flash,qwen_30b,llama_70b",231,tfidf_mlp_router,0.8527918781725888,0.00019614467005076141,0.8527918781725888,0.09137055837563451,0.0,0.9086294416243654
3model_gemini_flash_qwen_30b_llama_70b,"gemini_flash,qwen_30b,llama_70b",232,always_gemini_flash,0.8730964467005076,0.00020018730964467004,0.8730964467005076,0.10152284263959391,0.0,0.8984771573604061
3model_gemini_flash_qwen_30b_llama_70b,"gemini_flash,qwen_30b,llama_70b",232,always_qwen_30b,0.9137055837563451,2.631308629441624e-05,0.9137055837563451,0.06091370558375635,0.0,0.07106598984771574
3model_gemini_flash_qwen_30b_llama_70b,"gemini_flash,qwen_30b,llama_70b",232,always_llama_70b,0.9187817258883249,5.5371817258883244e-05,0.9187817258883249,0.05583756345177665,0.0,0.030456852791878174
3model_gemini_flash_qwen_30b_llama_70b,"gemini_flash,qwen_30b,llama_70b",232,random,0.8883248730964467,9.804370558375636e-05,0.8883248730964467,0.08629441624365482,0.0,0.3096446700507614
3model_gemini_flash_qwen_30b_llama_70b,"gemini_flash,qwen_30b,llama_70b",232,oracle,0.9746192893401016,0.00018171228629441623,0.9746192893401016,0.0,0.0,1.0
3model_gemini_flash_qwen_30b_llama_70b,"gemini_flash,qwen_30b,llama_70b",232,logistic_router,0.8781725888324873,0.00016075737461928937,0.8781725888324873,0.09644670050761421,0.0,0.6903553299492385
3model_gemini_flash_qwen_30b_llama_70b,"gemini_flash,qwen_30b,llama_70b",232,linear_svm_router,0.868020304568528,0.00018776386091370558,0.868020304568528,0.1065989847715736,0.0,0.8274111675126904
3model_gemini_flash_qwen_30b_llama_70b,"gemini_flash,qwen_30b,llama_70b",232,knn_router,0.8781725888324873,0.0001985344670050761,0.8781725888324873,0.09644670050761421,0.0,0.8934010152284264
3model_gemini_flash_qwen_30b_llama_70b,"gemini_flash,qwen_30b,llama_70b",232,decision_tree_router,0.9035532994923858,0.0001468838314720812,0.9035532994923858,0.07106598984771574,0.0,0.6243654822335025
3model_gemini_flash_qwen_30b_llama_70b,"gemini_flash,qwen_30b,llama_70b",232,random_forest_router,0.8883248730964467,0.00017338095634517763,0.8883248730964467,0.08629441624365482,0.0,0.7918781725888325
3model_gemini_flash_qwen_30b_llama_70b,"gemini_flash,qwen_30b,llama_70b",232,extra_trees_router,0.9086294416243654,0.00015582638781725888,0.9086294416243654,0.06598984771573604,0.0,0.7208121827411168
3model_gemini_flash_qwen_30b_llama_70b,"gemini_flash,qwen_30b,llama_70b",232,mlp_router,0.883248730964467,0.00018903776040609136,0.883248730964467,0.09137055837563451,0.0,0.8426395939086294
3model_gemini_flash_qwen_30b_llama_70b,"gemini_flash,qwen_30b,llama_70b",232,tfidf_logistic_router,0.8730964467005076,0.00017624423451776647,0.8730964467005076,0.10152284263959391,0.0,0.7715736040609137
3model_gemini_flash_qwen_30b_llama_70b,"gemini_flash,qwen_30b,llama_70b",232,tfidf_linear_svm_router,0.8730964467005076,0.00019792350253807107,0.8730964467005076,0.10152284263959391,0.0,0.883248730964467
3model_gemini_flash_qwen_30b_llama_70b,"gemini_flash,qwen_30b,llama_70b",232,tfidf_mlp_router,0.8730964467005076,0.00019846274111675122,0.8730964467005076,0.10152284263959391,0.0,0.8934010152284264
3model_gemini_flash_qwen_30b_llama_70b,"gemini_flash,qwen_30b,llama_70b",233,always_gemini_flash,0.8629441624365483,0.00019355837563451775,0.8629441624365483,0.09644670050761421,0.0,0.9035532994923858
3model_gemini_flash_qwen_30b_llama_70b,"gemini_flash,qwen_30b,llama_70b",233,always_qwen_30b,0.9086294416243654,2.511114720812183e-05,0.9086294416243654,0.050761421319796954,0.0,0.08629441624365482
3model_gemini_flash_qwen_30b_llama_70b,"gemini_flash,qwen_30b,llama_70b",233,always_llama_70b,0.883248730964467,5.4729203045685284e-05,0.883248730964467,0.07614213197969544,0.0,0.01015228426395939
3model_gemini_flash_qwen_30b_llama_70b,"gemini_flash,qwen_30b,llama_70b",233,random,0.868020304568528,9.075969847715735e-05,0.868020304568528,0.09137055837563451,0.0,0.3096446700507614
3model_gemini_flash_qwen_30b_llama_70b,"gemini_flash,qwen_30b,llama_70b",233,oracle,0.9593908629441624,0.00017703000812182743,0.9593908629441624,0.0,0.0,1.0
3model_gemini_flash_qwen_30b_llama_70b,"gemini_flash,qwen_30b,llama_70b",233,logistic_router,0.883248730964467,0.00013538684060913705,0.883248730964467,0.07614213197969544,0.0,0.5786802030456852
3model_gemini_flash_qwen_30b_llama_70b,"gemini_flash,qwen_30b,llama_70b",233,linear_svm_router,0.8578680203045685,0.00017836471979695433,0.8578680203045685,0.10152284263959391,0.0,0.8071065989847716
3model_gemini_flash_qwen_30b_llama_70b,"gemini_flash,qwen_30b,llama_70b",233,knn_router,0.8629441624365483,0.00019355837563451775,0.8629441624365483,0.09644670050761421,0.0,0.9035532994923858
3model_gemini_flash_qwen_30b_llama_70b,"gemini_flash,qwen_30b,llama_70b",233,decision_tree_router,0.8883248730964467,0.00012818724568527918,0.8883248730964467,0.07106598984771574,0.0,0.5329949238578681
3model_gemini_flash_qwen_30b_llama_70b,"gemini_flash,qwen_30b,llama_70b",233,random_forest_router,0.9086294416243654,0.00016494936649746192,0.9086294416243654,0.050761421319796954,0.0,0.7918781725888325
3model_gemini_flash_qwen_30b_llama_70b,"gemini_flash,qwen_30b,llama_70b",233,extra_trees_router,0.9035532994923858,0.00015273878984771572,0.9035532994923858,0.05583756345177665,0.0,0.7258883248730964
3model_gemini_flash_qwen_30b_llama_70b,"gemini_flash,qwen_30b,llama_70b",233,mlp_router,0.8730964467005076,0.00018584564060913707,0.8730964467005076,0.08629441624365482,0.0,0.868020304568528
3model_gemini_flash_qwen_30b_llama_70b,"gemini_flash,qwen_30b,llama_70b",233,tfidf_logistic_router,0.8883248730964467,0.00016691941725888325,0.8883248730964467,0.07106598984771574,0.0,0.8020304568527918
3model_gemini_flash_qwen_30b_llama_70b,"gemini_flash,qwen_30b,llama_70b",233,tfidf_linear_svm_router,0.8629441624365483,0.00019053492588832487,0.8629441624365483,0.09644670050761421,0.0,0.883248730964467
3model_gemini_flash_qwen_30b_llama_70b,"gemini_flash,qwen_30b,llama_70b",233,tfidf_mlp_router,0.8629441624365483,0.00019083401015228426,0.8629441624365483,0.09644670050761421,0.0,0.883248730964467
3model_gemini_flash_qwen_30b_deepseek_v3,"gemini_flash,qwen_30b,deepseek_v3",229,always_gemini_flash,0.8781725888324873,0.00018899238578680202,0.8781725888324873,0.07106598984771574,0.0,0.9289340101522843
3model_gemini_flash_qwen_30b_deepseek_v3,"gemini_flash,qwen_30b,deepseek_v3",229,always_qwen_30b,0.868020304568528,2.3474460913705585e-05,0.868020304568528,0.08121827411167512,0.0,0.06091370558375635
3model_gemini_flash_qwen_30b_deepseek_v3,"gemini_flash,qwen_30b,deepseek_v3",229,always_deepseek_v3,0.883248730964467,7.042395939086295e-05,0.883248730964467,0.06598984771573604,0.0,0.01015228426395939
3model_gemini_flash_qwen_30b_deepseek_v3,"gemini_flash,qwen_30b,deepseek_v3",229,random,0.8934010152284264,9.607151878172587e-05,0.8934010152284264,0.05583756345177665,0.0,0.3197969543147208
3model_gemini_flash_qwen_30b_deepseek_v3,"gemini_flash,qwen_30b,deepseek_v3",229,oracle,0.949238578680203,0.00017652852791878173,0.949238578680203,0.0,0.0,1.0
3model_gemini_flash_qwen_30b_deepseek_v3,"gemini_flash,qwen_30b,deepseek_v3",229,logistic_router,0.8934010152284264,0.00014808463756345175,0.8934010152284264,0.05583756345177665,0.0,0.6954314720812182
3model_gemini_flash_qwen_30b_deepseek_v3,"gemini_flash,qwen_30b,deepseek_v3",229,linear_svm_router,0.8730964467005076,0.0001766787796954315,0.8730964467005076,0.07614213197969544,0.0,0.8578680203045685
3model_gemini_flash_qwen_30b_deepseek_v3,"gemini_flash,qwen_30b,deepseek_v3",229,knn_router,0.8781725888324873,0.00018899238578680202,0.8781725888324873,0.07106598984771574,0.0,0.9289340101522843
3model_gemini_flash_qwen_30b_deepseek_v3,"gemini_flash,qwen_30b,deepseek_v3",229,decision_tree_router,0.8730964467005076,0.00010492404060913705,0.8730964467005076,0.07614213197969544,0.0,0.41624365482233505
3model_gemini_flash_qwen_30b_deepseek_v3,"gemini_flash,qwen_30b,deepseek_v3",229,random_forest_router,0.8984771573604061,0.00016815747817258887,0.8984771573604061,0.050761421319796954,0.0,0.8375634517766497
3model_gemini_flash_qwen_30b_deepseek_v3,"gemini_flash,qwen_30b,deepseek_v3",229,extra_trees_router,0.8984771573604061,0.00015683481624365482,0.8984771573604061,0.050761421319796954,0.0,0.7715736040609137
3model_gemini_flash_qwen_30b_deepseek_v3,"gemini_flash,qwen_30b,deepseek_v3",229,mlp_router,0.8781725888324873,0.0001816475959390863,0.8781725888324873,0.07106598984771574,0.0,0.8883248730964467
3model_gemini_flash_qwen_30b_deepseek_v3,"gemini_flash,qwen_30b,deepseek_v3",229,tfidf_logistic_router,0.883248730964467,0.00017347770152284264,0.883248730964467,0.06598984771573604,0.0,0.8527918781725888
3model_gemini_flash_qwen_30b_deepseek_v3,"gemini_flash,qwen_30b,deepseek_v3",229,tfidf_linear_svm_router,0.8730964467005076,0.0001885817258883249,0.8730964467005076,0.07614213197969544,0.0,0.9238578680203046
3model_gemini_flash_qwen_30b_deepseek_v3,"gemini_flash,qwen_30b,deepseek_v3",229,tfidf_mlp_router,0.8781725888324873,0.0001883568527918782,0.8781725888324873,0.07106598984771574,0.0,0.9238578680203046
3model_gemini_flash_qwen_30b_deepseek_v3,"gemini_flash,qwen_30b,deepseek_v3",230,always_gemini_flash,0.8781725888324873,0.00019350913705583754,0.8781725888324873,0.06598984771573604,0.0,0.934010152284264
3model_gemini_flash_qwen_30b_deepseek_v3,"gemini_flash,qwen_30b,deepseek_v3",230,always_qwen_30b,0.9187817258883249,2.4823336040609136e-05,0.9187817258883249,0.025380710659898477,0.0,0.06091370558375635
3model_gemini_flash_qwen_30b_deepseek_v3,"gemini_flash,qwen_30b,deepseek_v3",230,always_deepseek_v3,0.9137055837563451,7.150268020304568e-05,0.9137055837563451,0.030456852791878174,0.0,0.005076142131979695
3model_gemini_flash_qwen_30b_deepseek_v3,"gemini_flash,qwen_30b,deepseek_v3",230,random,0.8934010152284264,0.00010594836345177663,0.8934010152284264,0.050761421319796954,0.0,0.39086294416243655
3model_gemini_flash_qwen_30b_deepseek_v3,"gemini_flash,qwen_30b,deepseek_v3",230,oracle,0.9441624365482234,0.00017951969746192892,0.9441624365482234,0.0,0.0,1.0
3model_gemini_flash_qwen_30b_deepseek_v3,"gemini_flash,qwen_30b,deepseek_v3",230,logistic_router,0.9035532994923858,0.00015818368934010152,0.9035532994923858,0.04060913705583756,0.0,0.766497461928934
3model_gemini_flash_qwen_30b_deepseek_v3,"gemini_flash,qwen_30b,deepseek_v3",230,linear_svm_router,0.8883248730964467,0.00018297794314720814,0.8883248730964467,0.05583756345177665,0.0,0.8781725888324873
3model_gemini_flash_qwen_30b_deepseek_v3,"gemini_flash,qwen_30b,deepseek_v3",230,knn_router,0.883248730964467,0.00019172497461928932,0.883248730964467,0.06091370558375635,0.0,0.934010152284264
3model_gemini_flash_qwen_30b_deepseek_v3,"gemini_flash,qwen_30b,deepseek_v3",230,decision_tree_router,0.9086294416243654,0.0001493809746192893,0.9086294416243654,0.03553299492385787,0.0,0.7258883248730964
3model_gemini_flash_qwen_30b_deepseek_v3,"gemini_flash,qwen_30b,deepseek_v3",230,random_forest_router,0.9086294416243654,0.00015962815431472082,0.9086294416243654,0.03553299492385787,0.0,0.7817258883248731
3model_gemini_flash_qwen_30b_deepseek_v3,"gemini_flash,qwen_30b,deepseek_v3",230,extra_trees_router,0.9035532994923858,0.000154285269035533,0.9035532994923858,0.04060913705583756,0.0,0.7309644670050761
3model_gemini_flash_qwen_30b_deepseek_v3,"gemini_flash,qwen_30b,deepseek_v3",230,mlp_router,0.883248730964467,0.00018359263147208125,0.883248730964467,0.06091370558375635,0.0,0.8934010152284264
3model_gemini_flash_qwen_30b_deepseek_v3,"gemini_flash,qwen_30b,deepseek_v3",230,tfidf_logistic_router,0.8984771573604061,0.00017280070253807104,0.8984771573604061,0.04568527918781726,0.0,0.8426395939086294
3model_gemini_flash_qwen_30b_deepseek_v3,"gemini_flash,qwen_30b,deepseek_v3",230,tfidf_linear_svm_router,0.8781725888324873,0.00019035400609137055,0.8781725888324873,0.06598984771573604,0.0,0.9187817258883249
3model_gemini_flash_qwen_30b_deepseek_v3,"gemini_flash,qwen_30b,deepseek_v3",230,tfidf_mlp_router,0.8781725888324873,0.00019228668629441624,0.8781725888324873,0.06598984771573604,0.0,0.9238578680203046
3model_gemini_flash_qwen_30b_deepseek_v3,"gemini_flash,qwen_30b,deepseek_v3",231,always_gemini_flash,0.8527918781725888,0.00019614467005076141,0.8527918781725888,0.09137055837563451,0.0,0.9086294416243654
3model_gemini_flash_qwen_30b_deepseek_v3,"gemini_flash,qwen_30b,deepseek_v3",231,always_qwen_30b,0.8883248730964467,2.600484670050761e-05,0.8883248730964467,0.05583756345177665,0.0,0.07106598984771574
3model_gemini_flash_qwen_30b_deepseek_v3,"gemini_flash,qwen_30b,deepseek_v3",231,always_deepseek_v3,0.8984771573604061,7.693892385786802e-05,0.8984771573604061,0.04568527918781726,0.0,0.02030456852791878
3model_gemini_flash_qwen_30b_deepseek_v3,"gemini_flash,qwen_30b,deepseek_v3",231,random,0.868020304568528,9.443077563451776e-05,0.868020304568528,0.07614213197969544,0.0,0.27411167512690354
3model_gemini_flash_qwen_30b_deepseek_v3,"gemini_flash,qwen_30b,deepseek_v3",231,oracle,0.9441624365482234,0.00018140672893401013,0.9441624365482234,0.0,0.0,1.0
3model_gemini_flash_qwen_30b_deepseek_v3,"gemini_flash,qwen_30b,deepseek_v3",231,logistic_router,0.8629441624365483,0.0001507884345177665,0.8629441624365483,0.08121827411167512,0.0,0.6395939086294417
3model_gemini_flash_qwen_30b_deepseek_v3,"gemini_flash,qwen_30b,deepseek_v3",231,linear_svm_router,0.8578680203045685,0.00018139528527918777,0.8578680203045685,0.08629441624365482,0.0,0.8223350253807107
3model_gemini_flash_qwen_30b_deepseek_v3,"gemini_flash,qwen_30b,deepseek_v3",231,knn_router,0.8527918781725888,0.00019580426395939086,0.8527918781725888,0.09137055837563451,0.0,0.9035532994923858
3model_gemini_flash_qwen_30b_deepseek_v3,"gemini_flash,qwen_30b,deepseek_v3",231,decision_tree_router,0.8629441624365483,0.0001513939269035533,0.8629441624365483,0.08121827411167512,0.0,0.6446700507614214
3model_gemini_flash_qwen_30b_deepseek_v3,"gemini_flash,qwen_30b,deepseek_v3",231,random_forest_router,0.8730964467005076,0.00016566626395939088,0.8730964467005076,0.07106598984771574,0.0,0.7715736040609137
3model_gemini_flash_qwen_30b_deepseek_v3,"gemini_flash,qwen_30b,deepseek_v3",231,extra_trees_router,0.868020304568528,0.00015349026192893402,0.868020304568528,0.07614213197969544,0.0,0.6903553299492385
3model_gemini_flash_qwen_30b_deepseek_v3,"gemini_flash,qwen_30b,deepseek_v3",231,mlp_router,0.8477157360406091,0.0001839315350253807,0.8477157360406091,0.09644670050761421,0.0,0.8324873096446701
3model_gemini_flash_qwen_30b_deepseek_v3,"gemini_flash,qwen_30b,deepseek_v3",231,tfidf_logistic_router,0.8527918781725888,0.00017086995736040607,0.8527918781725888,0.09137055837563451,0.0,0.7868020304568528
3model_gemini_flash_qwen_30b_deepseek_v3,"gemini_flash,qwen_30b,deepseek_v3",231,tfidf_linear_svm_router,0.8527918781725888,0.00018920761827411164,0.8527918781725888,0.09137055837563451,0.0,0.8730964467005076
3model_gemini_flash_qwen_30b_deepseek_v3,"gemini_flash,qwen_30b,deepseek_v3",231,tfidf_mlp_router,0.8527918781725888,0.00019614467005076141,0.8527918781725888,0.09137055837563451,0.0,0.9086294416243654
3model_gemini_flash_qwen_30b_deepseek_v3,"gemini_flash,qwen_30b,deepseek_v3",232,always_gemini_flash,0.8730964467005076,0.00020018730964467004,0.8730964467005076,0.08121827411167512,0.0,0.9187817258883249
3model_gemini_flash_qwen_30b_deepseek_v3,"gemini_flash,qwen_30b,deepseek_v3",232,always_qwen_30b,0.9137055837563451,2.631308629441624e-05,0.9137055837563451,0.04060913705583756,0.0,0.07106598984771574
3model_gemini_flash_qwen_30b_deepseek_v3,"gemini_flash,qwen_30b,deepseek_v3",232,always_deepseek_v3,0.9238578680203046,6.975652791878173e-05,0.9238578680203046,0.030456852791878174,0.0,0.01015228426395939
3model_gemini_flash_qwen_30b_deepseek_v3,"gemini_flash,qwen_30b,deepseek_v3",232,random,0.8781725888324873,0.00010125459898477158,0.8781725888324873,0.07614213197969544,0.0,0.3096446700507614
3model_gemini_flash_qwen_30b_deepseek_v3,"gemini_flash,qwen_30b,deepseek_v3",232,oracle,0.9543147208121827,0.000183494661928934,0.9543147208121827,0.0,0.0,1.0
3model_gemini_flash_qwen_30b_deepseek_v3,"gemini_flash,qwen_30b,deepseek_v3",232,logistic_router,0.8934010152284264,0.0001624955431472081,0.8934010152284264,0.06091370558375635,0.0,0.7258883248730964
3model_gemini_flash_qwen_30b_deepseek_v3,"gemini_flash,qwen_30b,deepseek_v3",232,linear_svm_router,0.8781725888324873,0.00019184532182741116,0.8781725888324873,0.07614213197969544,0.0,0.8781725888324873
3model_gemini_flash_qwen_30b_deepseek_v3,"gemini_flash,qwen_30b,deepseek_v3",232,knn_router,0.8781725888324873,0.0001984031472081218,0.8781725888324873,0.07614213197969544,0.0,0.9187817258883249
3model_gemini_flash_qwen_30b_deepseek_v3,"gemini_flash,qwen_30b,deepseek_v3",232,decision_tree_router,0.9035532994923858,0.00015808367918781723,0.9035532994923858,0.050761421319796954,0.0,0.6751269035532995
3model_gemini_flash_qwen_30b_deepseek_v3,"gemini_flash,qwen_30b,deepseek_v3",232,random_forest_router,0.8984771573604061,0.00017235780913705582,0.8984771573604061,0.05583756345177665,0.0,0.8121827411167513
3model_gemini_flash_qwen_30b_deepseek_v3,"gemini_flash,qwen_30b,deepseek_v3",232,extra_trees_router,0.9187817258883249,0.00016055252182741117,0.9187817258883249,0.03553299492385787,0.0,0.7614213197969543
3model_gemini_flash_qwen_30b_deepseek_v3,"gemini_flash,qwen_30b,deepseek_v3",232,mlp_router,0.883248730964467,0.00018767793705583757,0.883248730964467,0.07106598984771574,0.0,0.868020304568528
3model_gemini_flash_qwen_30b_deepseek_v3,"gemini_flash,qwen_30b,deepseek_v3",232,tfidf_logistic_router,0.883248730964467,0.0001750738010152284,0.883248730964467,0.07106598984771574,0.0,0.7918781725888325
3model_gemini_flash_qwen_30b_deepseek_v3,"gemini_flash,qwen_30b,deepseek_v3",232,tfidf_linear_svm_router,0.8730964467005076,0.00019947390862944163,0.8730964467005076,0.08121827411167512,0.0,0.9137055837563451
3model_gemini_flash_qwen_30b_deepseek_v3,"gemini_flash,qwen_30b,deepseek_v3",232,tfidf_mlp_router,0.8730964467005076,0.00019846274111675122,0.8730964467005076,0.08121827411167512,0.0,0.9137055837563451
3model_gemini_flash_qwen_30b_deepseek_v3,"gemini_flash,qwen_30b,deepseek_v3",233,always_gemini_flash,0.8629441624365483,0.00019355837563451775,0.8629441624365483,0.09644670050761421,0.0,0.9035532994923858
3model_gemini_flash_qwen_30b_deepseek_v3,"gemini_flash,qwen_30b,deepseek_v3",233,always_qwen_30b,0.9086294416243654,2.511114720812183e-05,0.9086294416243654,0.050761421319796954,0.0,0.08629441624365482
3model_gemini_flash_qwen_30b_deepseek_v3,"gemini_flash,qwen_30b,deepseek_v3",233,always_deepseek_v3,0.9187817258883249,7.352493401015228e-05,0.9187817258883249,0.04060913705583756,0.0,0.01015228426395939
3model_gemini_flash_qwen_30b_deepseek_v3,"gemini_flash,qwen_30b,deepseek_v3",233,random,0.8883248730964467,9.818867817258884e-05,0.8883248730964467,0.07106598984771574,0.0,0.29949238578680204
3model_gemini_flash_qwen_30b_deepseek_v3,"gemini_flash,qwen_30b,deepseek_v3",233,oracle,0.9593908629441624,0.00017754404873096446,0.9593908629441624,0.0,0.0,1.0
3model_gemini_flash_qwen_30b_deepseek_v3,"gemini_flash,qwen_30b,deepseek_v3",233,logistic_router,0.8984771573604061,0.00015668128730964468,0.8984771573604061,0.06091370558375635,0.0,0.700507614213198
3model_gemini_flash_qwen_30b_deepseek_v3,"gemini_flash,qwen_30b,deepseek_v3",233,linear_svm_router,0.868020304568528,0.00018090990456852792,0.868020304568528,0.09137055837563451,0.0,0.8121827411167513
3model_gemini_flash_qwen_30b_deepseek_v3,"gemini_flash,qwen_30b,deepseek_v3",233,knn_router,0.8629441624365483,0.00019355837563451775,0.8629441624365483,0.09644670050761421,0.0,0.9035532994923858
3model_gemini_flash_qwen_30b_deepseek_v3,"gemini_flash,qwen_30b,deepseek_v3",233,decision_tree_router,0.9137055837563451,0.00013980845888324873,0.9137055837563451,0.04568527918781726,0.0,0.5736040609137056
3model_gemini_flash_qwen_30b_deepseek_v3,"gemini_flash,qwen_30b,deepseek_v3",233,random_forest_router,0.9086294416243654,0.0001618876609137056,0.9086294416243654,0.050761421319796954,0.0,0.7614213197969543
3model_gemini_flash_qwen_30b_deepseek_v3,"gemini_flash,qwen_30b,deepseek_v3",233,extra_trees_router,0.9086294416243654,0.00015407419492385785,0.9086294416243654,0.050761421319796954,0.0,0.7258883248730964
3model_gemini_flash_qwen_30b_deepseek_v3,"gemini_flash,qwen_30b,deepseek_v3",233,mlp_router,0.8730964467005076,0.00018694645685279188,0.8730964467005076,0.08629441624365482,0.0,0.8730964467005076
3model_gemini_flash_qwen_30b_deepseek_v3,"gemini_flash,qwen_30b,deepseek_v3",233,tfidf_logistic_router,0.8883248730964467,0.00017154058274111678,0.8883248730964467,0.07106598984771574,0.0,0.8020304568527918
3model_gemini_flash_qwen_30b_deepseek_v3,"gemini_flash,qwen_30b,deepseek_v3",233,tfidf_linear_svm_router,0.8730964467005076,0.00018840130152284262,0.8730964467005076,0.08629441624365482,0.0,0.8781725888324873
3model_gemini_flash_qwen_30b_deepseek_v3,"gemini_flash,qwen_30b,deepseek_v3",233,tfidf_mlp_router,0.8629441624365483,0.00019083401015228426,0.8629441624365483,0.09644670050761421,0.0,0.8883248730964467
3model_gemini_flash_qwen_30b_granite_8b,"gemini_flash,qwen_30b,granite_8b",229,always_gemini_flash,0.8781725888324873,0.00018899238578680202,0.8781725888324873,0.07614213197969544,0.0,0.9238578680203046
3model_gemini_flash_qwen_30b_granite_8b,"gemini_flash,qwen_30b,granite_8b",229,always_qwen_30b,0.868020304568528,2.3474460913705585e-05,0.868020304568528,0.08629441624365482,0.0,0.06091370558375635
3model_gemini_flash_qwen_30b_granite_8b,"gemini_flash,qwen_30b,granite_8b",229,always_granite_8b,0.8375634517766497,1.603908629441624e-05,0.8375634517766497,0.116751269035533,0.0,0.015228426395939087
3model_gemini_flash_qwen_30b_granite_8b,"gemini_flash,qwen_30b,granite_8b",229,random,0.8477157360406091,7.565290964467004e-05,0.8477157360406091,0.1065989847715736,0.0,0.3096446700507614
3model_gemini_flash_qwen_30b_granite_8b,"gemini_flash,qwen_30b,granite_8b",229,oracle,0.9543147208121827,0.00017513568527918782,0.9543147208121827,0.0,0.0,1.0
3model_gemini_flash_qwen_30b_granite_8b,"gemini_flash,qwen_30b,granite_8b",229,logistic_router,0.8883248730964467,0.0001357329847715736,0.8883248730964467,0.06598984771573604,0.0,0.6751269035532995
3model_gemini_flash_qwen_30b_granite_8b,"gemini_flash,qwen_30b,granite_8b",229,linear_svm_router,0.868020304568528,0.00017772729137055838,0.868020304568528,0.08629441624365482,0.0,0.8730964467005076
3model_gemini_flash_qwen_30b_granite_8b,"gemini_flash,qwen_30b,granite_8b",229,knn_router,0.8781725888324873,0.00018899238578680202,0.8781725888324873,0.07614213197969544,0.0,0.9238578680203046
3model_gemini_flash_qwen_30b_granite_8b,"gemini_flash,qwen_30b,granite_8b",229,decision_tree_router,0.8629441624365483,0.00013739630456852792,0.8629441624365483,0.09137055837563451,0.0,0.6852791878172588
3model_gemini_flash_qwen_30b_granite_8b,"gemini_flash,qwen_30b,granite_8b",229,random_forest_router,0.8984771573604061,0.00016352481624365482,0.8984771573604061,0.05583756345177665,0.0,0.8223350253807107
3model_gemini_flash_qwen_30b_granite_8b,"gemini_flash,qwen_30b,granite_8b",229,extra_trees_router,0.8984771573604061,0.00014820536040609136,0.8984771573604061,0.05583756345177665,0.0,0.7411167512690355
3model_gemini_flash_qwen_30b_granite_8b,"gemini_flash,qwen_30b,granite_8b",229,mlp_router,0.8730964467005076,0.00017994112690355332,0.8730964467005076,0.08121827411167512,0.0,0.8781725888324873
3model_gemini_flash_qwen_30b_granite_8b,"gemini_flash,qwen_30b,granite_8b",229,tfidf_logistic_router,0.8883248730964467,0.00016120025786802027,0.8883248730964467,0.06598984771573604,0.0,0.8223350253807107
3model_gemini_flash_qwen_30b_granite_8b,"gemini_flash,qwen_30b,granite_8b",229,tfidf_linear_svm_router,0.8730964467005076,0.00018613705583756345,0.8730964467005076,0.08121827411167512,0.0,0.9137055837563451
3model_gemini_flash_qwen_30b_granite_8b,"gemini_flash,qwen_30b,granite_8b",229,tfidf_mlp_router,0.8781725888324873,0.00018591218274111675,0.8781725888324873,0.07614213197969544,0.0,0.9137055837563451
3model_gemini_flash_qwen_30b_granite_8b,"gemini_flash,qwen_30b,granite_8b",230,always_gemini_flash,0.8781725888324873,0.00019350913705583754,0.8781725888324873,0.07106598984771574,0.0,0.9289340101522843
3model_gemini_flash_qwen_30b_granite_8b,"gemini_flash,qwen_30b,granite_8b",230,always_qwen_30b,0.9187817258883249,2.4823336040609136e-05,0.9187817258883249,0.030456852791878174,0.0,0.06091370558375635
3model_gemini_flash_qwen_30b_granite_8b,"gemini_flash,qwen_30b,granite_8b",230,always_granite_8b,0.8477157360406091,1.58748730964467e-05,0.8477157360406091,0.10152284263959391,0.0,0.01015228426395939
3model_gemini_flash_qwen_30b_granite_8b,"gemini_flash,qwen_30b,granite_8b",230,random,0.8730964467005076,8.632923654822336e-05,0.8730964467005076,0.07614213197969544,0.0,0.39593908629441626
3model_gemini_flash_qwen_30b_granite_8b,"gemini_flash,qwen_30b,granite_8b",230,oracle,0.949238578680203,0.00017676406294416243,0.949238578680203,0.0,0.0,1.0
3model_gemini_flash_qwen_30b_granite_8b,"gemini_flash,qwen_30b,granite_8b",230,logistic_router,0.9086294416243654,0.00014091265989847715,0.9086294416243654,0.04060913705583756,0.0,0.6903553299492385
3model_gemini_flash_qwen_30b_granite_8b,"gemini_flash,qwen_30b,granite_8b",230,linear_svm_router,0.883248730964467,0.000186354592893401,0.883248730964467,0.06598984771573604,0.0,0.8883248730964467
3model_gemini_flash_qwen_30b_granite_8b,"gemini_flash,qwen_30b,granite_8b",230,knn_router,0.8781725888324873,0.00019350913705583754,0.8781725888324873,0.07106598984771574,0.0,0.9289340101522843
3model_gemini_flash_qwen_30b_granite_8b,"gemini_flash,qwen_30b,granite_8b",230,decision_tree_router,0.8883248730964467,0.00014002286294416245,0.8883248730964467,0.06091370558375635,0.0,0.6700507614213198
3model_gemini_flash_qwen_30b_granite_8b,"gemini_flash,qwen_30b,granite_8b",230,random_forest_router,0.9086294416243654,0.00015957621319796954,0.9086294416243654,0.04060913705583756,0.0,0.7766497461928934
3model_gemini_flash_qwen_30b_granite_8b,"gemini_flash,qwen_30b,granite_8b",230,extra_trees_router,0.9086294416243654,0.00014960694416243654,0.9086294416243654,0.04060913705583756,0.0,0.7106598984771574
3model_gemini_flash_qwen_30b_granite_8b,"gemini_flash,qwen_30b,granite_8b",230,mlp_router,0.8730964467005076,0.00018960669238578677,0.8730964467005076,0.07614213197969544,0.0,0.8984771573604061
3model_gemini_flash_qwen_30b_granite_8b,"gemini_flash,qwen_30b,granite_8b",230,tfidf_logistic_router,0.8934010152284264,0.00017555728730964468,0.8934010152284264,0.05583756345177665,0.0,0.8426395939086294
3model_gemini_flash_qwen_30b_granite_8b,"gemini_flash,qwen_30b,granite_8b",230,tfidf_linear_svm_router,0.8781725888324873,0.00019035400609137055,0.8781725888324873,0.07106598984771574,0.0,0.9137055837563451
3model_gemini_flash_qwen_30b_granite_8b,"gemini_flash,qwen_30b,granite_8b",230,tfidf_mlp_router,0.8781725888324873,0.00019228668629441624,0.8781725888324873,0.07106598984771574,0.0,0.9187817258883249
3model_gemini_flash_qwen_30b_granite_8b,"gemini_flash,qwen_30b,granite_8b",231,always_gemini_flash,0.8527918781725888,0.00019614467005076141,0.8527918781725888,0.08629441624365482,0.0,0.9137055837563451
3model_gemini_flash_qwen_30b_granite_8b,"gemini_flash,qwen_30b,granite_8b",231,always_qwen_30b,0.8883248730964467,2.600484670050761e-05,0.8883248730964467,0.050761421319796954,0.0,0.07106598984771574
3model_gemini_flash_qwen_30b_granite_8b,"gemini_flash,qwen_30b,granite_8b",231,always_granite_8b,0.8527918781725888,1.6751015228426392e-05,0.8527918781725888,0.08629441624365482,0.0,0.015228426395939087
3model_gemini_flash_qwen_30b_granite_8b,"gemini_flash,qwen_30b,granite_8b",231,random,0.8578680203045685,7.447609543147207e-05,0.8578680203045685,0.08121827411167512,0.0,0.26903553299492383
3model_gemini_flash_qwen_30b_granite_8b,"gemini_flash,qwen_30b,granite_8b",231,oracle,0.9390862944162437,0.00018087370355329948,0.9390862944162437,0.0,0.0,1.0
3model_gemini_flash_qwen_30b_granite_8b,"gemini_flash,qwen_30b,granite_8b",231,logistic_router,0.8578680203045685,0.00015616444873096445,0.8578680203045685,0.08121827411167512,0.0,0.7055837563451777
3model_gemini_flash_qwen_30b_granite_8b,"gemini_flash,qwen_30b,granite_8b",231,linear_svm_router,0.8477157360406091,0.0001845891837563452,0.8477157360406091,0.09137055837563451,0.0,0.8477157360406091
3model_gemini_flash_qwen_30b_granite_8b,"gemini_flash,qwen_30b,granite_8b",231,knn_router,0.8527918781725888,0.00019614467005076141,0.8527918781725888,0.08629441624365482,0.0,0.9137055837563451
3model_gemini_flash_qwen_30b_granite_8b,"gemini_flash,qwen_30b,granite_8b",231,decision_tree_router,0.8730964467005076,0.0001400315878172589,0.8730964467005076,0.06598984771573604,0.0,0.6548223350253807
3model_gemini_flash_qwen_30b_granite_8b,"gemini_flash,qwen_30b,granite_8b",231,random_forest_router,0.8730964467005076,0.00016552801827411165,0.8730964467005076,0.06598984771573604,0.0,0.7614213197969543
3model_gemini_flash_qwen_30b_granite_8b,"gemini_flash,qwen_30b,granite_8b",231,extra_trees_router,0.8629441624365483,0.0001539217583756345,0.8629441624365483,0.07614213197969544,0.0,0.6852791878172588
3model_gemini_flash_qwen_30b_granite_8b,"gemini_flash,qwen_30b,granite_8b",231,mlp_router,0.8477157360406091,0.000185981654822335,0.8477157360406091,0.09137055837563451,0.0,0.8629441624365483
3model_gemini_flash_qwen_30b_granite_8b,"gemini_flash,qwen_30b,granite_8b",231,tfidf_logistic_router,0.8527918781725888,0.0001687500527918782,0.8527918781725888,0.08629441624365482,0.0,0.7766497461928934
3model_gemini_flash_qwen_30b_granite_8b,"gemini_flash,qwen_30b,granite_8b",231,tfidf_linear_svm_router,0.8527918781725888,0.00019008380101522842,0.8527918781725888,0.08629441624365482,0.0,0.8781725888324873
3model_gemini_flash_qwen_30b_granite_8b,"gemini_flash,qwen_30b,granite_8b",231,tfidf_mlp_router,0.8527918781725888,0.00019614467005076141,0.8527918781725888,0.08629441624365482,0.0,0.9137055837563451
3model_gemini_flash_qwen_30b_granite_8b,"gemini_flash,qwen_30b,granite_8b",232,always_gemini_flash,0.8730964467005076,0.00020018730964467004,0.8730964467005076,0.08629441624365482,0.0,0.9137055837563451
3model_gemini_flash_qwen_30b_granite_8b,"gemini_flash,qwen_30b,granite_8b",232,always_qwen_30b,0.9137055837563451,2.631308629441624e-05,0.9137055837563451,0.04568527918781726,0.0,0.07106598984771574
3model_gemini_flash_qwen_30b_granite_8b,"gemini_flash,qwen_30b,granite_8b",232,always_granite_8b,0.868020304568528,1.6348477157360407e-05,0.868020304568528,0.09137055837563451,0.0,0.015228426395939087
3model_gemini_flash_qwen_30b_granite_8b,"gemini_flash,qwen_30b,granite_8b",232,random,0.8984771573604061,8.462236548223351e-05,0.8984771573604061,0.06091370558375635,0.0,0.3096446700507614
3model_gemini_flash_qwen_30b_granite_8b,"gemini_flash,qwen_30b,granite_8b",232,oracle,0.9593908629441624,0.00018167500710659896,0.9593908629441624,0.0,0.0,1.0
3model_gemini_flash_qwen_30b_granite_8b,"gemini_flash,qwen_30b,granite_8b",232,logistic_router,0.8883248730964467,0.0001621955187817259,0.8883248730964467,0.07106598984771574,0.0,0.7461928934010152
3model_gemini_flash_qwen_30b_granite_8b,"gemini_flash,qwen_30b,granite_8b",232,linear_svm_router,0.868020304568528,0.00019294139086294416,0.868020304568528,0.09137055837563451,0.0,0.868020304568528
3model_gemini_flash_qwen_30b_granite_8b,"gemini_flash,qwen_30b,granite_8b",232,knn_router,0.8730964467005076,0.00020018730964467004,0.8730964467005076,0.08629441624365482,0.0,0.9137055837563451
3model_gemini_flash_qwen_30b_granite_8b,"gemini_flash,qwen_30b,granite_8b",232,decision_tree_router,0.883248730964467,0.0001549102883248731,0.883248730964467,0.07614213197969544,0.0,0.6751269035532995
3model_gemini_flash_qwen_30b_granite_8b,"gemini_flash,qwen_30b,granite_8b",232,random_forest_router,0.8984771573604061,0.00016997587817258882,0.8984771573604061,0.06091370558375635,0.0,0.7969543147208121
3model_gemini_flash_qwen_30b_granite_8b,"gemini_flash,qwen_30b,granite_8b",232,extra_trees_router,0.9187817258883249,0.00015414195939086295,0.9187817258883249,0.04060913705583756,0.0,0.751269035532995
3model_gemini_flash_qwen_30b_granite_8b,"gemini_flash,qwen_30b,granite_8b",232,mlp_router,0.8730964467005076,0.00019284260101522842,0.8730964467005076,0.08629441624365482,0.0,0.8730964467005076
3model_gemini_flash_qwen_30b_granite_8b,"gemini_flash,qwen_30b,granite_8b",232,tfidf_logistic_router,0.8781725888324873,0.00017754682842639592,0.8781725888324873,0.08121827411167512,0.0,0.8071065989847716
3model_gemini_flash_qwen_30b_granite_8b,"gemini_flash,qwen_30b,granite_8b",232,tfidf_linear_svm_router,0.8730964467005076,0.00019947390862944163,0.8730964467005076,0.08629441624365482,0.0,0.9086294416243654
3model_gemini_flash_qwen_30b_granite_8b,"gemini_flash,qwen_30b,granite_8b",232,tfidf_mlp_router,0.8730964467005076,0.00019846274111675122,0.8730964467005076,0.08629441624365482,0.0,0.9086294416243654
3model_gemini_flash_qwen_30b_granite_8b,"gemini_flash,qwen_30b,granite_8b",233,always_gemini_flash,0.8629441624365483,0.00019355837563451775,0.8629441624365483,0.09137055837563451,0.0,0.9086294416243654
3model_gemini_flash_qwen_30b_granite_8b,"gemini_flash,qwen_30b,granite_8b",233,always_qwen_30b,0.9086294416243654,2.511114720812183e-05,0.9086294416243654,0.04568527918781726,0.0,0.08629441624365482
3model_gemini_flash_qwen_30b_granite_8b,"gemini_flash,qwen_30b,granite_8b",233,always_granite_8b,0.8527918781725888,1.6294162436548225e-05,0.8527918781725888,0.10152284263959391,0.0,0.005076142131979695
3model_gemini_flash_qwen_30b_granite_8b,"gemini_flash,qwen_30b,granite_8b",233,random,0.8629441624365483,7.662725685279187e-05,0.8629441624365483,0.09137055837563451,0.0,0.30456852791878175
3model_gemini_flash_qwen_30b_granite_8b,"gemini_flash,qwen_30b,granite_8b",233,oracle,0.9543147208121827,0.00017637863756345178,0.9543147208121827,0.0,0.0,1.0
3model_gemini_flash_qwen_30b_granite_8b,"gemini_flash,qwen_30b,granite_8b",233,logistic_router,0.8934010152284264,0.00014066410152284263,0.8934010152284264,0.06091370558375635,0.0,0.6345177664974619
3model_gemini_flash_qwen_30b_granite_8b,"gemini_flash,qwen_30b,granite_8b",233,linear_svm_router,0.8629441624365483,0.00018424238375634519,0.8629441624365483,0.09137055837563451,0.0,0.8477157360406091
3model_gemini_flash_qwen_30b_granite_8b,"gemini_flash,qwen_30b,granite_8b",233,knn_router,0.8629441624365483,0.00019355837563451775,0.8629441624365483,0.09137055837563451,0.0,0.9086294416243654
3model_gemini_flash_qwen_30b_granite_8b,"gemini_flash,qwen_30b,granite_8b",233,decision_tree_router,0.8984771573604061,0.0001548254233502538,0.8984771573604061,0.05583756345177665,0.0,0.7106598984771574
3model_gemini_flash_qwen_30b_granite_8b,"gemini_flash,qwen_30b,granite_8b",233,random_forest_router,0.9086294416243654,0.00016178673299492384,0.9086294416243654,0.04568527918781726,0.0,0.7766497461928934
3model_gemini_flash_qwen_30b_granite_8b,"gemini_flash,qwen_30b,granite_8b",233,extra_trees_router,0.8984771573604061,0.0001513234050761421,0.8984771573604061,0.05583756345177665,0.0,0.7055837563451777
3model_gemini_flash_qwen_30b_granite_8b,"gemini_flash,qwen_30b,granite_8b",233,mlp_router,0.868020304568528,0.00018940796142131983,0.868020304568528,0.08629441624365482,0.0,0.8883248730964467
3model_gemini_flash_qwen_30b_granite_8b,"gemini_flash,qwen_30b,granite_8b",233,tfidf_logistic_router,0.883248730964467,0.00017462664365482233,0.883248730964467,0.07106598984771574,0.0,0.817258883248731
3model_gemini_flash_qwen_30b_granite_8b,"gemini_flash,qwen_30b,granite_8b",233,tfidf_linear_svm_router,0.868020304568528,0.0001920086294416244,0.868020304568528,0.08629441624365482,0.0,0.9035532994923858
3model_gemini_flash_qwen_30b_granite_8b,"gemini_flash,qwen_30b,granite_8b",233,tfidf_mlp_router,0.8629441624365483,0.00019139543147208123,0.8629441624365483,0.09137055837563451,0.0,0.8934010152284264
3model_gemini_flash_llama_70b_deepseek_v3,"gemini_flash,llama_70b,deepseek_v3",229,always_gemini_flash,0.8781725888324873,0.00018899238578680202,0.8781725888324873,0.08121827411167512,0.0,0.9187817258883249
3model_gemini_flash_llama_70b_deepseek_v3,"gemini_flash,llama_70b,deepseek_v3",229,always_llama_70b,0.8934010152284264,5.343402538071066e-05,0.8934010152284264,0.06598984771573604,0.0,0.07106598984771574
3model_gemini_flash_llama_70b_deepseek_v3,"gemini_flash,llama_70b,deepseek_v3",229,always_deepseek_v3,0.883248730964467,7.042395939086295e-05,0.883248730964467,0.07614213197969544,0.0,0.01015228426395939
3model_gemini_flash_llama_70b_deepseek_v3,"gemini_flash,llama_70b,deepseek_v3",229,random,0.9187817258883249,0.00010635298984771573,0.9187817258883249,0.04060913705583756,0.0,0.3401015228426396
3model_gemini_flash_llama_70b_deepseek_v3,"gemini_flash,llama_70b,deepseek_v3",229,oracle,0.9593908629441624,0.00017848791370558378,0.9593908629441624,0.0,0.0,1.0
3model_gemini_flash_llama_70b_deepseek_v3,"gemini_flash,llama_70b,deepseek_v3",229,logistic_router,0.8984771573604061,0.00015060461421319797,0.8984771573604061,0.06091370558375635,0.0,0.649746192893401
3model_gemini_flash_llama_70b_deepseek_v3,"gemini_flash,llama_70b,deepseek_v3",229,linear_svm_router,0.8781725888324873,0.00018276936548223353,0.8781725888324873,0.08121827411167512,0.0,0.9035532994923858
3model_gemini_flash_llama_70b_deepseek_v3,"gemini_flash,llama_70b,deepseek_v3",229,knn_router,0.883248730964467,0.0001892662944162437,0.883248730964467,0.07614213197969544,0.0,0.9238578680203046
3model_gemini_flash_llama_70b_deepseek_v3,"gemini_flash,llama_70b,deepseek_v3",229,decision_tree_router,0.8984771573604061,0.00014966826395939088,0.8984771573604061,0.06091370558375635,0.0,0.6954314720812182
3model_gemini_flash_llama_70b_deepseek_v3,"gemini_flash,llama_70b,deepseek_v3",229,random_forest_router,0.8984771573604061,0.00016882855837563454,0.8984771573604061,0.06091370558375635,0.0,0.7918781725888325
3model_gemini_flash_llama_70b_deepseek_v3,"gemini_flash,llama_70b,deepseek_v3",229,extra_trees_router,0.8934010152284264,0.00016271980710659903,0.8934010152284264,0.06598984771573604,0.0,0.7563451776649747
3model_gemini_flash_llama_70b_deepseek_v3,"gemini_flash,llama_70b,deepseek_v3",229,mlp_router,0.883248730964467,0.00018168645177664975,0.883248730964467,0.07614213197969544,0.0,0.8781725888324873
3model_gemini_flash_llama_70b_deepseek_v3,"gemini_flash,llama_70b,deepseek_v3",229,tfidf_logistic_router,0.8883248730964467,0.00017287347715736043,0.8883248730964467,0.07106598984771574,0.0,0.8324873096446701
3model_gemini_flash_llama_70b_deepseek_v3,"gemini_flash,llama_70b,deepseek_v3",229,tfidf_linear_svm_router,0.8781725888324873,0.0001886258375634518,0.8781725888324873,0.08121827411167512,0.0,0.9137055837563451
3model_gemini_flash_llama_70b_deepseek_v3,"gemini_flash,llama_70b,deepseek_v3",229,tfidf_mlp_router,0.8781725888324873,0.00018912020304568528,0.8781725888324873,0.08121827411167512,0.0,0.9137055837563451
3model_gemini_flash_llama_70b_deepseek_v3,"gemini_flash,llama_70b,deepseek_v3",230,always_gemini_flash,0.8781725888324873,0.00019350913705583754,0.8781725888324873,0.06598984771573604,0.0,0.934010152284264
3model_gemini_flash_llama_70b_deepseek_v3,"gemini_flash,llama_70b,deepseek_v3",230,always_llama_70b,0.8781725888324873,0.010206027761421321,0.8781725888324873,0.06598984771573604,0.0,0.050761421319796954
3model_gemini_flash_llama_70b_deepseek_v3,"gemini_flash,llama_70b,deepseek_v3",230,always_deepseek_v3,0.9137055837563451,7.150268020304568e-05,0.9137055837563451,0.030456852791878174,0.0,0.015228426395939087
3model_gemini_flash_llama_70b_deepseek_v3,"gemini_flash,llama_70b,deepseek_v3",230,random,0.868020304568528,0.00011406792893401015,0.868020304568528,0.07614213197969544,0.0,0.3756345177664975
3model_gemini_flash_llama_70b_deepseek_v3,"gemini_flash,llama_70b,deepseek_v3",230,oracle,0.9441624365482234,0.00018206283756345176,0.9441624365482234,0.0,0.0,1.0
3model_gemini_flash_llama_70b_deepseek_v3,"gemini_flash,llama_70b,deepseek_v3",230,logistic_router,0.8984771573604061,0.0052371559289340125,0.8984771573604061,0.04568527918781726,0.0,0.7411167512690355
3model_gemini_flash_llama_70b_deepseek_v3,"gemini_flash,llama_70b,deepseek_v3",230,linear_svm_router,0.883248730964467,0.0001854534010152284,0.883248730964467,0.06091370558375635,0.0,0.8730964467005076
3model_gemini_flash_llama_70b_deepseek_v3,"gemini_flash,llama_70b,deepseek_v3",230,knn_router,0.883248730964467,0.00019170781725888323,0.883248730964467,0.06091370558375635,0.0,0.9289340101522843
3model_gemini_flash_llama_70b_deepseek_v3,"gemini_flash,llama_70b,deepseek_v3",230,decision_tree_router,0.8934010152284264,0.005222008802030459,0.8934010152284264,0.050761421319796954,0.0,0.6598984771573604
3model_gemini_flash_llama_70b_deepseek_v3,"gemini_flash,llama_70b,deepseek_v3",230,random_forest_router,0.9086294416243654,0.005241474593908632,0.9086294416243654,0.03553299492385787,0.0,0.7918781725888325
3model_gemini_flash_llama_70b_deepseek_v3,"gemini_flash,llama_70b,deepseek_v3",230,extra_trees_router,0.9086294416243654,0.010311853522842642,0.9086294416243654,0.03553299492385787,0.0,0.7258883248730964
3model_gemini_flash_llama_70b_deepseek_v3,"gemini_flash,llama_70b,deepseek_v3",230,mlp_router,0.883248730964467,0.0001876189340101523,0.883248730964467,0.06091370558375635,0.0,0.8934010152284264
3model_gemini_flash_llama_70b_deepseek_v3,"gemini_flash,llama_70b,deepseek_v3",230,tfidf_logistic_router,0.8934010152284264,0.00017722312182741115,0.8934010152284264,0.050761421319796954,0.0,0.8324873096446701
3model_gemini_flash_llama_70b_deepseek_v3,"gemini_flash,llama_70b,deepseek_v3",230,tfidf_linear_svm_router,0.8781725888324873,0.00018911761421319795,0.8781725888324873,0.06598984771573604,0.0,0.9035532994923858
3model_gemini_flash_llama_70b_deepseek_v3,"gemini_flash,llama_70b,deepseek_v3",230,tfidf_mlp_router,0.8730964467005076,0.00019202152284263958,0.8730964467005076,0.07106598984771574,0.0,0.9187817258883249
3model_gemini_flash_llama_70b_deepseek_v3,"gemini_flash,llama_70b,deepseek_v3",231,always_gemini_flash,0.8527918781725888,0.00019614467005076141,0.8527918781725888,0.09137055837563451,0.0,0.9086294416243654
3model_gemini_flash_llama_70b_deepseek_v3,"gemini_flash,llama_70b,deepseek_v3",231,always_llama_70b,0.8984771573604061,0.0051297422944162445,0.8984771573604061,0.04568527918781726,0.0,0.07106598984771574
3model_gemini_flash_llama_70b_deepseek_v3,"gemini_flash,llama_70b,deepseek_v3",231,always_deepseek_v3,0.8984771573604061,7.693892385786802e-05,0.8984771573604061,0.04568527918781726,0.0,0.02030456852791878
3model_gemini_flash_llama_70b_deepseek_v3,"gemini_flash,llama_70b,deepseek_v3",231,random,0.868020304568528,0.00010315183756345176,0.868020304568528,0.07614213197969544,0.0,0.27411167512690354
3model_gemini_flash_llama_70b_deepseek_v3,"gemini_flash,llama_70b,deepseek_v3",231,oracle,0.9441624365482234,0.0001835857614213198,0.9441624365482234,0.0,0.0,1.0
3model_gemini_flash_llama_70b_deepseek_v3,"gemini_flash,llama_70b,deepseek_v3",231,logistic_router,0.868020304568528,0.005226298091370558,0.868020304568528,0.07614213197969544,0.0,0.6142131979695431
3model_gemini_flash_llama_70b_deepseek_v3,"gemini_flash,llama_70b,deepseek_v3",231,linear_svm_router,0.8527918781725888,0.00018574634517766497,0.8527918781725888,0.09137055837563451,0.0,0.8324873096446701
3model_gemini_flash_llama_70b_deepseek_v3,"gemini_flash,llama_70b,deepseek_v3",231,knn_router,0.8578680203045685,0.00019599812182741119,0.8578680203045685,0.08629441624365482,0.0,0.9086294416243654
3model_gemini_flash_llama_70b_deepseek_v3,"gemini_flash,llama_70b,deepseek_v3",231,decision_tree_router,0.883248730964467,0.005224084467005076,0.883248730964467,0.06091370558375635,0.0,0.6142131979695431
3model_gemini_flash_llama_70b_deepseek_v3,"gemini_flash,llama_70b,deepseek_v3",231,random_forest_router,0.8781725888324873,0.005240273309644672,0.8781725888324873,0.06598984771573604,0.0,0.7360406091370558
3model_gemini_flash_llama_70b_deepseek_v3,"gemini_flash,llama_70b,deepseek_v3",231,extra_trees_router,0.883248730964467,0.005232455857868019,0.883248730964467,0.06091370558375635,0.0,0.6903553299492385
3model_gemini_flash_llama_70b_deepseek_v3,"gemini_flash,llama_70b,deepseek_v3",231,mlp_router,0.8477157360406091,0.0001845146395939086,0.8477157360406091,0.09644670050761421,0.0,0.8324873096446701
3model_gemini_flash_llama_70b_deepseek_v3,"gemini_flash,llama_70b,deepseek_v3",231,tfidf_logistic_router,0.868020304568528,0.00016518642131979692,0.868020304568528,0.07614213197969544,0.0,0.7563451776649747
3model_gemini_flash_llama_70b_deepseek_v3,"gemini_flash,llama_70b,deepseek_v3",231,tfidf_linear_svm_router,0.8426395939086294,0.0001921872081218274,0.8426395939086294,0.10152284263959391,0.0,0.8781725888324873
3model_gemini_flash_llama_70b_deepseek_v3,"gemini_flash,llama_70b,deepseek_v3",231,tfidf_mlp_router,0.8527918781725888,0.00019299583756345173,0.8527918781725888,0.09137055837563451,0.0,0.9035532994923858
3model_gemini_flash_llama_70b_deepseek_v3,"gemini_flash,llama_70b,deepseek_v3",232,always_gemini_flash,0.8730964467005076,0.00020018730964467004,0.8730964467005076,0.10152284263959391,0.0,0.8984771573604061
3model_gemini_flash_llama_70b_deepseek_v3,"gemini_flash,llama_70b,deepseek_v3",232,always_llama_70b,0.9187817258883249,5.5371817258883244e-05,0.9187817258883249,0.05583756345177665,0.0,0.09137055837563451
3model_gemini_flash_llama_70b_deepseek_v3,"gemini_flash,llama_70b,deepseek_v3",232,always_deepseek_v3,0.9238578680203046,6.975652791878173e-05,0.9238578680203046,0.050761421319796954,0.0,0.01015228426395939
3model_gemini_flash_llama_70b_deepseek_v3,"gemini_flash,llama_70b,deepseek_v3",232,random,0.8730964467005076,0.00011046371065989847,0.8730964467005076,0.10152284263959391,0.0,0.3096446700507614
3model_gemini_flash_llama_70b_deepseek_v3,"gemini_flash,llama_70b,deepseek_v3",232,oracle,0.9746192893401016,0.000184138192893401,0.9746192893401016,0.0,0.0,1.0
3model_gemini_flash_llama_70b_deepseek_v3,"gemini_flash,llama_70b,deepseek_v3",232,logistic_router,0.8934010152284264,0.0001626126497461929,0.8934010152284264,0.08121827411167512,0.0,0.6852791878172588
3model_gemini_flash_llama_70b_deepseek_v3,"gemini_flash,llama_70b,deepseek_v3",232,linear_svm_router,0.868020304568528,0.00018770352791878174,0.868020304568528,0.1065989847715736,0.0,0.8324873096446701
3model_gemini_flash_llama_70b_deepseek_v3,"gemini_flash,llama_70b,deepseek_v3",232,knn_router,0.8781725888324873,0.0001985344670050761,0.8781725888324873,0.09644670050761421,0.0,0.8984771573604061
3model_gemini_flash_llama_70b_deepseek_v3,"gemini_flash,llama_70b,deepseek_v3",232,decision_tree_router,0.8934010152284264,0.0001298287411167513,0.8934010152284264,0.08121827411167512,0.0,0.49746192893401014
3model_gemini_flash_llama_70b_deepseek_v3,"gemini_flash,llama_70b,deepseek_v3",232,random_forest_router,0.9086294416243654,0.0001721129390862944,0.9086294416243654,0.06598984771573604,0.0,0.7766497461928934
3model_gemini_flash_llama_70b_deepseek_v3,"gemini_flash,llama_70b,deepseek_v3",232,extra_trees_router,0.9187817258883249,0.00016315022842639597,0.9187817258883249,0.05583756345177665,0.0,0.751269035532995
3model_gemini_flash_llama_70b_deepseek_v3,"gemini_flash,llama_70b,deepseek_v3",232,mlp_router,0.883248730964467,0.00019005261421319798,0.883248730964467,0.09137055837563451,0.0,0.8527918781725888
3model_gemini_flash_llama_70b_deepseek_v3,"gemini_flash,llama_70b,deepseek_v3",232,tfidf_logistic_router,0.8730964467005076,0.000177359923857868,0.8730964467005076,0.10152284263959391,0.0,0.7715736040609137
3model_gemini_flash_llama_70b_deepseek_v3,"gemini_flash,llama_70b,deepseek_v3",232,tfidf_linear_svm_router,0.8730964467005076,0.00019732065989847713,0.8730964467005076,0.10152284263959391,0.0,0.8781725888324873
3model_gemini_flash_llama_70b_deepseek_v3,"gemini_flash,llama_70b,deepseek_v3",232,tfidf_mlp_router,0.8730964467005076,0.0001983710659898477,0.8730964467005076,0.10152284263959391,0.0,0.8883248730964467
3model_gemini_flash_llama_70b_deepseek_v3,"gemini_flash,llama_70b,deepseek_v3",233,always_gemini_flash,0.8629441624365483,0.00019355837563451775,0.8629441624365483,0.09644670050761421,0.0,0.9035532994923858
3model_gemini_flash_llama_70b_deepseek_v3,"gemini_flash,llama_70b,deepseek_v3",233,always_llama_70b,0.883248730964467,5.4729203045685284e-05,0.883248730964467,0.07614213197969544,0.0,0.06091370558375635
3model_gemini_flash_llama_70b_deepseek_v3,"gemini_flash,llama_70b,deepseek_v3",233,always_deepseek_v3,0.9187817258883249,7.352493401015228e-05,0.9187817258883249,0.04060913705583756,0.0,0.03553299492385787
3model_gemini_flash_llama_70b_deepseek_v3,"gemini_flash,llama_70b,deepseek_v3",233,random,0.8883248730964467,0.00010665647208121828,0.8883248730964467,0.07106598984771574,0.0,0.2893401015228426
3model_gemini_flash_llama_70b_deepseek_v3,"gemini_flash,llama_70b,deepseek_v3",233,oracle,0.9593908629441624,0.0001802990659898477,0.9593908629441624,0.0,0.0,1.0
3model_gemini_flash_llama_70b_deepseek_v3,"gemini_flash,llama_70b,deepseek_v3",233,logistic_router,0.883248730964467,0.0001607377258883249,0.883248730964467,0.07614213197969544,0.0,0.7309644670050761
3model_gemini_flash_llama_70b_deepseek_v3,"gemini_flash,llama_70b,deepseek_v3",233,linear_svm_router,0.8629441624365483,0.00018458778680203048,0.8629441624365483,0.09644670050761421,0.0,0.8426395939086294
3model_gemini_flash_llama_70b_deepseek_v3,"gemini_flash,llama_70b,deepseek_v3",233,knn_router,0.8629441624365483,0.00019310401015228425,0.8629441624365483,0.09644670050761421,0.0,0.9035532994923858
3model_gemini_flash_llama_70b_deepseek_v3,"gemini_flash,llama_70b,deepseek_v3",233,decision_tree_router,0.8781725888324873,0.00015238225888324872,0.8781725888324873,0.08121827411167512,0.0,0.6395939086294417
3model_gemini_flash_llama_70b_deepseek_v3,"gemini_flash,llama_70b,deepseek_v3",233,random_forest_router,0.8883248730964467,0.0001710052385786802,0.8883248730964467,0.07106598984771574,0.0,0.7817258883248731
3model_gemini_flash_llama_70b_deepseek_v3,"gemini_flash,llama_70b,deepseek_v3",233,extra_trees_router,0.9035532994923858,0.00016203792385786802,0.9035532994923858,0.05583756345177665,0.0,0.7309644670050761
3model_gemini_flash_llama_70b_deepseek_v3,"gemini_flash,llama_70b,deepseek_v3",233,mlp_router,0.8730964467005076,0.00018716472081218275,0.8730964467005076,0.08629441624365482,0.0,0.8781725888324873
3model_gemini_flash_llama_70b_deepseek_v3,"gemini_flash,llama_70b,deepseek_v3",233,tfidf_logistic_router,0.883248730964467,0.00017254677664974623,0.883248730964467,0.07614213197969544,0.0,0.817258883248731
3model_gemini_flash_llama_70b_deepseek_v3,"gemini_flash,llama_70b,deepseek_v3",233,tfidf_linear_svm_router,0.8629441624365483,0.0001902421573604061,0.8629441624365483,0.09644670050761421,0.0,0.8934010152284264
3model_gemini_flash_llama_70b_deepseek_v3,"gemini_flash,llama_70b,deepseek_v3",233,tfidf_mlp_router,0.8629441624365483,0.0001911965989847716,0.8629441624365483,0.09644670050761421,0.0,0.8934010152284264
3model_gemini_flash_llama_70b_granite_8b,"gemini_flash,llama_70b,granite_8b",229,always_gemini_flash,0.8781725888324873,0.00018899238578680202,0.8781725888324873,0.08121827411167512,0.0,0.9187817258883249
3model_gemini_flash_llama_70b_granite_8b,"gemini_flash,llama_70b,granite_8b",229,always_llama_70b,0.8934010152284264,5.343402538071066e-05,0.8934010152284264,0.06598984771573604,0.0,0.07106598984771574
3model_gemini_flash_llama_70b_granite_8b,"gemini_flash,llama_70b,granite_8b",229,always_granite_8b,0.8375634517766497,1.603908629441624e-05,0.8375634517766497,0.1218274111675127,0.0,0.01015228426395939
3model_gemini_flash_llama_70b_granite_8b,"gemini_flash,llama_70b,granite_8b",229,random,0.8730964467005076,8.593438071065989e-05,0.8730964467005076,0.08629441624365482,0.0,0.3299492385786802
3model_gemini_flash_llama_70b_granite_8b,"gemini_flash,llama_70b,granite_8b",229,oracle,0.9593908629441624,0.00017836654314720815,0.9593908629441624,0.0,0.0,1.0
3model_gemini_flash_llama_70b_granite_8b,"gemini_flash,llama_70b,granite_8b",229,logistic_router,0.8883248730964467,0.0001464029695431472,0.8883248730964467,0.07106598984771574,0.0,0.6751269035532995
3model_gemini_flash_llama_70b_granite_8b,"gemini_flash,llama_70b,granite_8b",229,linear_svm_router,0.8781725888324873,0.00017901769035532996,0.8781725888324873,0.08121827411167512,0.0,0.8934010152284264
3model_gemini_flash_llama_70b_granite_8b,"gemini_flash,llama_70b,granite_8b",229,knn_router,0.883248730964467,0.0001892662944162437,0.883248730964467,0.07614213197969544,0.0,0.9238578680203046
3model_gemini_flash_llama_70b_granite_8b,"gemini_flash,llama_70b,granite_8b",229,decision_tree_router,0.883248730964467,0.0001548175076142132,0.883248730964467,0.07614213197969544,0.0,0.7360406091370558
3model_gemini_flash_llama_70b_granite_8b,"gemini_flash,llama_70b,granite_8b",229,random_forest_router,0.8883248730964467,0.0001683978680203046,0.8883248730964467,0.07106598984771574,0.0,0.817258883248731
3model_gemini_flash_llama_70b_granite_8b,"gemini_flash,llama_70b,granite_8b",229,extra_trees_router,0.883248730964467,0.00015756324873096445,0.883248730964467,0.07614213197969544,0.0,0.7614213197969543
3model_gemini_flash_llama_70b_granite_8b,"gemini_flash,llama_70b,granite_8b",229,mlp_router,0.883248730964467,0.00018054357868020304,0.883248730964467,0.07614213197969544,0.0,0.8781725888324873
3model_gemini_flash_llama_70b_granite_8b,"gemini_flash,llama_70b,granite_8b",229,tfidf_logistic_router,0.8883248730964467,0.00017406763959390865,0.8883248730964467,0.07106598984771574,0.0,0.8578680203045685
3model_gemini_flash_llama_70b_granite_8b,"gemini_flash,llama_70b,granite_8b",229,tfidf_linear_svm_router,0.8781725888324873,0.00018654771573604063,0.8781725888324873,0.08121827411167512,0.0,0.9137055837563451
3model_gemini_flash_llama_70b_granite_8b,"gemini_flash,llama_70b,granite_8b",229,tfidf_mlp_router,0.8781725888324873,0.00018667553299492386,0.8781725888324873,0.08121827411167512,0.0,0.9086294416243654
3model_gemini_flash_llama_70b_granite_8b,"gemini_flash,llama_70b,granite_8b",230,always_gemini_flash,0.8781725888324873,0.00019350913705583754,0.8781725888324873,0.06598984771573604,0.0,0.934010152284264
3model_gemini_flash_llama_70b_granite_8b,"gemini_flash,llama_70b,granite_8b",230,always_llama_70b,0.8781725888324873,0.010206027761421321,0.8781725888324873,0.06598984771573604,0.0,0.050761421319796954
3model_gemini_flash_llama_70b_granite_8b,"gemini_flash,llama_70b,granite_8b",230,always_granite_8b,0.8477157360406091,1.58748730964467e-05,0.8477157360406091,0.09644670050761421,0.0,0.015228426395939087
3model_gemini_flash_llama_70b_granite_8b,"gemini_flash,llama_70b,granite_8b",230,random,0.8477157360406091,9.444880203045686e-05,0.8477157360406091,0.09644670050761421,0.0,0.3756345177664975
3model_gemini_flash_llama_70b_granite_8b,"gemini_flash,llama_70b,granite_8b",230,oracle,0.9441624365482234,0.00017958720304568526,0.9441624365482234,0.0,0.0,1.0
3model_gemini_flash_llama_70b_granite_8b,"gemini_flash,llama_70b,granite_8b",230,logistic_router,0.8984771573604061,0.005236867081218276,0.8984771573604061,0.04568527918781726,0.0,0.7563451776649747
3model_gemini_flash_llama_70b_granite_8b,"gemini_flash,llama_70b,granite_8b",230,linear_svm_router,0.883248730964467,0.00018551131979695432,0.883248730964467,0.06091370558375635,0.0,0.8730964467005076
3model_gemini_flash_llama_70b_granite_8b,"gemini_flash,llama_70b,granite_8b",230,knn_router,0.883248730964467,0.00019170781725888323,0.883248730964467,0.06091370558375635,0.0,0.9289340101522843
3model_gemini_flash_llama_70b_granite_8b,"gemini_flash,llama_70b,granite_8b",230,decision_tree_router,0.9035532994923858,0.00016326271573604062,0.9035532994923858,0.04060913705583756,0.0,0.7766497461928934
3model_gemini_flash_llama_70b_granite_8b,"gemini_flash,llama_70b,granite_8b",230,random_forest_router,0.8934010152284264,0.005241687081218276,0.8934010152284264,0.050761421319796954,0.0,0.7817258883248731
3model_gemini_flash_llama_70b_granite_8b,"gemini_flash,llama_70b,granite_8b",230,extra_trees_router,0.9086294416243654,0.01030894345177665,0.9086294416243654,0.03553299492385787,0.0,0.7208121827411168
3model_gemini_flash_llama_70b_granite_8b,"gemini_flash,llama_70b,granite_8b",230,mlp_router,0.883248730964467,0.0001875854314720812,0.883248730964467,0.06091370558375635,0.0,0.8883248730964467
3model_gemini_flash_llama_70b_granite_8b,"gemini_flash,llama_70b,granite_8b",230,tfidf_logistic_router,0.8934010152284264,0.0001771113197969543,0.8934010152284264,0.050761421319796954,0.0,0.8375634517766497
3model_gemini_flash_llama_70b_granite_8b,"gemini_flash,llama_70b,granite_8b",230,tfidf_linear_svm_router,0.8781725888324873,0.00018911761421319795,0.8781725888324873,0.06598984771573604,0.0,0.9035532994923858
3model_gemini_flash_llama_70b_granite_8b,"gemini_flash,llama_70b,granite_8b",230,tfidf_mlp_router,0.8781725888324873,0.00019237817258883246,0.8781725888324873,0.06598984771573604,0.0,0.9238578680203046
3model_gemini_flash_llama_70b_granite_8b,"gemini_flash,llama_70b,granite_8b",231,always_gemini_flash,0.8527918781725888,0.00019614467005076141,0.8527918781725888,0.08121827411167512,0.0,0.9187817258883249
3model_gemini_flash_llama_70b_granite_8b,"gemini_flash,llama_70b,granite_8b",231,always_llama_70b,0.8984771573604061,0.0051297422944162445,0.8984771573604061,0.03553299492385787,0.0,0.07106598984771574
3model_gemini_flash_llama_70b_granite_8b,"gemini_flash,llama_70b,granite_8b",231,always_granite_8b,0.8527918781725888,1.6751015228426392e-05,0.8527918781725888,0.08121827411167512,0.0,0.01015228426395939
3model_gemini_flash_llama_70b_granite_8b,"gemini_flash,llama_70b,granite_8b",231,random,0.8578680203045685,8.319715736040609e-05,0.8578680203045685,0.07614213197969544,0.0,0.27411167512690354
3model_gemini_flash_llama_70b_granite_8b,"gemini_flash,llama_70b,granite_8b",231,oracle,0.934010152284264,0.00018239979187817257,0.934010152284264,0.0,0.0,1.0
3model_gemini_flash_llama_70b_granite_8b,"gemini_flash,llama_70b,granite_8b",231,logistic_router,0.868020304568528,0.005227835380710658,0.868020304568528,0.06598984771573604,0.0,0.6548223350253807
3model_gemini_flash_llama_70b_granite_8b,"gemini_flash,llama_70b,granite_8b",231,linear_svm_router,0.8578680203045685,0.00018645101522842637,0.8578680203045685,0.07614213197969544,0.0,0.8629441624365483
3model_gemini_flash_llama_70b_granite_8b,"gemini_flash,llama_70b,granite_8b",231,knn_router,0.8578680203045685,0.00019599812182741119,0.8578680203045685,0.07614213197969544,0.0,0.9187817258883249
3model_gemini_flash_llama_70b_granite_8b,"gemini_flash,llama_70b,granite_8b",231,decision_tree_router,0.8984771573604061,0.005220140223350253,0.8984771573604061,0.03553299492385787,0.0,0.6243654822335025
3model_gemini_flash_llama_70b_granite_8b,"gemini_flash,llama_70b,granite_8b",231,random_forest_router,0.8730964467005076,0.005239490253807107,0.8730964467005076,0.06091370558375635,0.0,0.7411167512690355
3model_gemini_flash_llama_70b_granite_8b,"gemini_flash,llama_70b,granite_8b",231,extra_trees_router,0.8781725888324873,0.005230981497461929,0.8781725888324873,0.05583756345177665,0.0,0.6903553299492385
3model_gemini_flash_llama_70b_granite_8b,"gemini_flash,llama_70b,granite_8b",231,mlp_router,0.8477157360406091,0.00018705553299492385,0.8477157360406091,0.08629441624365482,0.0,0.8477157360406091
3model_gemini_flash_llama_70b_granite_8b,"gemini_flash,llama_70b,granite_8b",231,tfidf_logistic_router,0.8730964467005076,0.00016679687817258888,0.8730964467005076,0.06091370558375635,0.0,0.7817258883248731
3model_gemini_flash_llama_70b_granite_8b,"gemini_flash,llama_70b,granite_8b",231,tfidf_linear_svm_router,0.8477157360406091,0.00019272862944162437,0.8477157360406091,0.08629441624365482,0.0,0.8934010152284264
3model_gemini_flash_llama_70b_granite_8b,"gemini_flash,llama_70b,granite_8b",231,tfidf_mlp_router,0.8578680203045685,0.00019344944162436547,0.8578680203045685,0.07614213197969544,0.0,0.9137055837563451
3model_gemini_flash_llama_70b_granite_8b,"gemini_flash,llama_70b,granite_8b",232,always_gemini_flash,0.8730964467005076,0.00020018730964467004,0.8730964467005076,0.09644670050761421,0.0,0.9035532994923858
3model_gemini_flash_llama_70b_granite_8b,"gemini_flash,llama_70b,granite_8b",232,always_llama_70b,0.9187817258883249,5.5371817258883244e-05,0.9187817258883249,0.050761421319796954,0.0,0.09137055837563451
3model_gemini_flash_llama_70b_granite_8b,"gemini_flash,llama_70b,granite_8b",232,always_granite_8b,0.868020304568528,1.6348477157360407e-05,0.868020304568528,0.10152284263959391,0.0,0.005076142131979695
3model_gemini_flash_llama_70b_granite_8b,"gemini_flash,llama_70b,granite_8b",232,random,0.8934010152284264,9.383147715736042e-05,0.8934010152284264,0.07614213197969544,0.0,0.3096446700507614
3model_gemini_flash_llama_70b_granite_8b,"gemini_flash,llama_70b,granite_8b",232,oracle,0.9695431472081218,0.00018443088324873093,0.9695431472081218,0.0,0.0,1.0
3model_gemini_flash_llama_70b_granite_8b,"gemini_flash,llama_70b,granite_8b",232,logistic_router,0.8934010152284264,0.0001614798223350254,0.8934010152284264,0.07614213197969544,0.0,0.7208121827411168
3model_gemini_flash_llama_70b_granite_8b,"gemini_flash,llama_70b,granite_8b",232,linear_svm_router,0.868020304568528,0.00018851291878172589,0.868020304568528,0.10152284263959391,0.0,0.8477157360406091
3model_gemini_flash_llama_70b_granite_8b,"gemini_flash,llama_70b,granite_8b",232,knn_router,0.8781725888324873,0.0001985344670050761,0.8781725888324873,0.09137055837563451,0.0,0.9035532994923858
3model_gemini_flash_llama_70b_granite_8b,"gemini_flash,llama_70b,granite_8b",232,decision_tree_router,0.8730964467005076,0.000138168269035533,0.8730964467005076,0.09644670050761421,0.0,0.583756345177665
3model_gemini_flash_llama_70b_granite_8b,"gemini_flash,llama_70b,granite_8b",232,random_forest_router,0.9035532994923858,0.0001681984010152284,0.9035532994923858,0.06598984771573604,0.0,0.7614213197969543
3model_gemini_flash_llama_70b_granite_8b,"gemini_flash,llama_70b,granite_8b",232,extra_trees_router,0.9137055837563451,0.00016153835025380713,0.9137055837563451,0.05583756345177665,0.0,0.7411167512690355
3model_gemini_flash_llama_70b_granite_8b,"gemini_flash,llama_70b,granite_8b",232,mlp_router,0.883248730964467,0.00018747271573604058,0.883248730964467,0.08629441624365482,0.0,0.8477157360406091
3model_gemini_flash_llama_70b_granite_8b,"gemini_flash,llama_70b,granite_8b",232,tfidf_logistic_router,0.8730964467005076,0.0001747301269035533,0.8730964467005076,0.09644670050761421,0.0,0.7715736040609137
3model_gemini_flash_llama_70b_granite_8b,"gemini_flash,llama_70b,granite_8b",232,tfidf_linear_svm_router,0.8730964467005076,0.00019658573604060915,0.8730964467005076,0.09644670050761421,0.0,0.883248730964467
3model_gemini_flash_llama_70b_granite_8b,"gemini_flash,llama_70b,granite_8b",232,tfidf_mlp_router,0.8730964467005076,0.0001976925888324873,0.8730964467005076,0.09644670050761421,0.0,0.8883248730964467
3model_gemini_flash_llama_70b_granite_8b,"gemini_flash,llama_70b,granite_8b",233,always_gemini_flash,0.8629441624365483,0.00019355837563451775,0.8629441624365483,0.07614213197969544,0.0,0.9238578680203046
3model_gemini_flash_llama_70b_granite_8b,"gemini_flash,llama_70b,granite_8b",233,always_llama_70b,0.883248730964467,5.4729203045685284e-05,0.883248730964467,0.05583756345177665,0.0,0.06091370558375635
3model_gemini_flash_llama_70b_granite_8b,"gemini_flash,llama_70b,granite_8b",233,always_granite_8b,0.8527918781725888,1.6294162436548225e-05,0.8527918781725888,0.08629441624365482,0.0,0.015228426395939087
3model_gemini_flash_llama_70b_granite_8b,"gemini_flash,llama_70b,granite_8b",233,random,0.8629441624365483,8.509505076142132e-05,0.8629441624365483,0.07614213197969544,0.0,0.30456852791878175
3model_gemini_flash_llama_70b_granite_8b,"gemini_flash,llama_70b,granite_8b",233,oracle,0.9390862944162437,0.0001809578680203046,0.9390862944162437,0.0,0.0,1.0
3model_gemini_flash_llama_70b_granite_8b,"gemini_flash,llama_70b,granite_8b",233,logistic_router,0.8730964467005076,0.0001573822081218274,0.8730964467005076,0.06598984771573604,0.0,0.7258883248730964
3model_gemini_flash_llama_70b_granite_8b,"gemini_flash,llama_70b,granite_8b",233,linear_svm_router,0.8629441624365483,0.00018354375634517766,0.8629441624365483,0.07614213197969544,0.0,0.8578680203045685
3model_gemini_flash_llama_70b_granite_8b,"gemini_flash,llama_70b,granite_8b",233,knn_router,0.8629441624365483,0.00019310401015228425,0.8629441624365483,0.07614213197969544,0.0,0.9187817258883249
3model_gemini_flash_llama_70b_granite_8b,"gemini_flash,llama_70b,granite_8b",233,decision_tree_router,0.8883248730964467,0.00015132870558375635,0.8883248730964467,0.050761421319796954,0.0,0.6294416243654822
3model_gemini_flash_llama_70b_granite_8b,"gemini_flash,llama_70b,granite_8b",233,random_forest_router,0.8781725888324873,0.0001664010456852792,0.8781725888324873,0.06091370558375635,0.0,0.7461928934010152
3model_gemini_flash_llama_70b_granite_8b,"gemini_flash,llama_70b,granite_8b",233,extra_trees_router,0.8883248730964467,0.00015748909137055839,0.8883248730964467,0.050761421319796954,0.0,0.7106598984771574
3model_gemini_flash_llama_70b_granite_8b,"gemini_flash,llama_70b,granite_8b",233,mlp_router,0.8730964467005076,0.00018621903553299492,0.8730964467005076,0.06598984771573604,0.0,0.8984771573604061
3model_gemini_flash_llama_70b_granite_8b,"gemini_flash,llama_70b,granite_8b",233,tfidf_logistic_router,0.8730964467005076,0.00017409946700507615,0.8730964467005076,0.06598984771573604,0.0,0.8375634517766497
3model_gemini_flash_llama_70b_granite_8b,"gemini_flash,llama_70b,granite_8b",233,tfidf_linear_svm_router,0.8629441624365483,0.00019103137055837566,0.8629441624365483,0.07614213197969544,0.0,0.9137055837563451
3model_gemini_flash_llama_70b_granite_8b,"gemini_flash,llama_70b,granite_8b",233,tfidf_mlp_router,0.8578680203045685,0.00019161116751269036,0.8578680203045685,0.08121827411167512,0.0,0.9035532994923858
3model_gemini_flash_deepseek_v3_granite_8b,"gemini_flash,deepseek_v3,granite_8b",229,always_gemini_flash,0.8781725888324873,0.00018899238578680202,0.8781725888324873,0.07106598984771574,0.0,0.9289340101522843
3model_gemini_flash_deepseek_v3_granite_8b,"gemini_flash,deepseek_v3,granite_8b",229,always_deepseek_v3,0.883248730964467,7.042395939086295e-05,0.883248730964467,0.06598984771573604,0.0,0.05583756345177665
3model_gemini_flash_deepseek_v3_granite_8b,"gemini_flash,deepseek_v3,granite_8b",229,always_granite_8b,0.8375634517766497,1.603908629441624e-05,0.8375634517766497,0.1116751269035533,0.0,0.015228426395939087
3model_gemini_flash_deepseek_v3_granite_8b,"gemini_flash,deepseek_v3,granite_8b",229,random,0.8527918781725888,8.958690355329947e-05,0.8527918781725888,0.09644670050761421,0.0,0.3096446700507614
3model_gemini_flash_deepseek_v3_granite_8b,"gemini_flash,deepseek_v3,granite_8b",229,oracle,0.949238578680203,0.00017788109644670055,0.949238578680203,0.0,0.0,1.0
3model_gemini_flash_deepseek_v3_granite_8b,"gemini_flash,deepseek_v3,granite_8b",229,logistic_router,0.8934010152284264,0.00014710197969543146,0.8934010152284264,0.05583756345177665,0.0,0.700507614213198
3model_gemini_flash_deepseek_v3_granite_8b,"gemini_flash,deepseek_v3,granite_8b",229,linear_svm_router,0.8781725888324873,0.00017887694416243656,0.8781725888324873,0.07106598984771574,0.0,0.8730964467005076
3model_gemini_flash_deepseek_v3_granite_8b,"gemini_flash,deepseek_v3,granite_8b",229,knn_router,0.8781725888324873,0.00018899238578680202,0.8781725888324873,0.07106598984771574,0.0,0.9289340101522843
3model_gemini_flash_deepseek_v3_granite_8b,"gemini_flash,deepseek_v3,granite_8b",229,decision_tree_router,0.883248730964467,0.00015286649746192895,0.883248730964467,0.06598984771573604,0.0,0.7157360406091371
3model_gemini_flash_deepseek_v3_granite_8b,"gemini_flash,deepseek_v3,granite_8b",229,random_forest_router,0.8934010152284264,0.00017072692385786803,0.8934010152284264,0.05583756345177665,0.0,0.8324873096446701
3model_gemini_flash_deepseek_v3_granite_8b,"gemini_flash,deepseek_v3,granite_8b",229,extra_trees_router,0.8934010152284264,0.00015457425380710659,0.8934010152284264,0.05583756345177665,0.0,0.7360406091370558
3model_gemini_flash_deepseek_v3_granite_8b,"gemini_flash,deepseek_v3,granite_8b",229,mlp_router,0.8781725888324873,0.00018047311675126906,0.8781725888324873,0.07106598984771574,0.0,0.8883248730964467
3model_gemini_flash_deepseek_v3_granite_8b,"gemini_flash,deepseek_v3,granite_8b",229,tfidf_logistic_router,0.8883248730964467,0.00017608736040609137,0.8883248730964467,0.06091370558375635,0.0,0.868020304568528
3model_gemini_flash_deepseek_v3_granite_8b,"gemini_flash,deepseek_v3,granite_8b",229,tfidf_linear_svm_router,0.883248730964467,0.0001855422741116751,0.883248730964467,0.06598984771573604,0.0,0.9187817258883249
3model_gemini_flash_deepseek_v3_granite_8b,"gemini_flash,deepseek_v3,granite_8b",229,tfidf_mlp_router,0.8781725888324873,0.0001861054314720812,0.8781725888324873,0.07106598984771574,0.0,0.9187817258883249
3model_gemini_flash_deepseek_v3_granite_8b,"gemini_flash,deepseek_v3,granite_8b",230,always_gemini_flash,0.8781725888324873,0.00019350913705583754,0.8781725888324873,0.06091370558375635,0.0,0.9390862944162437
3model_gemini_flash_deepseek_v3_granite_8b,"gemini_flash,deepseek_v3,granite_8b",230,always_deepseek_v3,0.9137055837563451,7.150268020304568e-05,0.9137055837563451,0.025380710659898477,0.0,0.050761421319796954
3model_gemini_flash_deepseek_v3_granite_8b,"gemini_flash,deepseek_v3,granite_8b",230,always_granite_8b,0.8477157360406091,1.58748730964467e-05,0.8477157360406091,0.09137055837563451,0.0,0.01015228426395939
3model_gemini_flash_deepseek_v3_granite_8b,"gemini_flash,deepseek_v3,granite_8b",230,random,0.8781725888324873,9.777951269035533e-05,0.8781725888324873,0.06091370558375635,0.0,0.39593908629441626
3model_gemini_flash_deepseek_v3_granite_8b,"gemini_flash,deepseek_v3,granite_8b",230,oracle,0.9390862944162437,0.00018099699492385787,0.9390862944162437,0.0,0.0,1.0
3model_gemini_flash_deepseek_v3_granite_8b,"gemini_flash,deepseek_v3,granite_8b",230,logistic_router,0.9035532994923858,0.0001546725888324873,0.9035532994923858,0.03553299492385787,0.0,0.7157360406091371
3model_gemini_flash_deepseek_v3_granite_8b,"gemini_flash,deepseek_v3,granite_8b",230,linear_svm_router,0.8730964467005076,0.0001885792893401015,0.8730964467005076,0.06598984771573604,0.0,0.8883248730964467
3model_gemini_flash_deepseek_v3_granite_8b,"gemini_flash,deepseek_v3,granite_8b",230,knn_router,0.883248730964467,0.00019172497461928932,0.883248730964467,0.05583756345177665,0.0,0.9441624365482234
3model_gemini_flash_deepseek_v3_granite_8b,"gemini_flash,deepseek_v3,granite_8b",230,decision_tree_router,0.9035532994923858,0.00015612423350253808,0.9035532994923858,0.03553299492385787,0.0,0.6802030456852792
3model_gemini_flash_deepseek_v3_granite_8b,"gemini_flash,deepseek_v3,granite_8b",230,random_forest_router,0.8934010152284264,0.00016913662944162435,0.8934010152284264,0.04568527918781726,0.0,0.766497461928934
3model_gemini_flash_deepseek_v3_granite_8b,"gemini_flash,deepseek_v3,granite_8b",230,extra_trees_router,0.8984771573604061,0.00016019317766497463,0.8984771573604061,0.04060913705583756,0.0,0.700507614213198
3model_gemini_flash_deepseek_v3_granite_8b,"gemini_flash,deepseek_v3,granite_8b",230,mlp_router,0.883248730964467,0.0001894959898477157,0.883248730964467,0.05583756345177665,0.0,0.9187817258883249
3model_gemini_flash_deepseek_v3_granite_8b,"gemini_flash,deepseek_v3,granite_8b",230,tfidf_logistic_router,0.883248730964467,0.00017950424365482235,0.883248730964467,0.05583756345177665,0.0,0.8324873096446701
3model_gemini_flash_deepseek_v3_granite_8b,"gemini_flash,deepseek_v3,granite_8b",230,tfidf_linear_svm_router,0.8730964467005076,0.00019153796954314722,0.8730964467005076,0.06598984771573604,0.0,0.9187817258883249
3model_gemini_flash_deepseek_v3_granite_8b,"gemini_flash,deepseek_v3,granite_8b",230,tfidf_mlp_router,0.8781725888324873,0.00019332375634517767,0.8781725888324873,0.06091370558375635,0.0,0.934010152284264
3model_gemini_flash_deepseek_v3_granite_8b,"gemini_flash,deepseek_v3,granite_8b",231,always_gemini_flash,0.8527918781725888,0.00019614467005076141,0.8527918781725888,0.09137055837563451,0.0,0.9086294416243654
3model_gemini_flash_deepseek_v3_granite_8b,"gemini_flash,deepseek_v3,granite_8b",231,always_deepseek_v3,0.8984771573604061,7.693892385786802e-05,0.8984771573604061,0.04568527918781726,0.0,0.07106598984771574
3model_gemini_flash_deepseek_v3_granite_8b,"gemini_flash,deepseek_v3,granite_8b",231,always_granite_8b,0.8527918781725888,1.6751015228426392e-05,0.8527918781725888,0.09137055837563451,0.0,0.02030456852791878
3model_gemini_flash_deepseek_v3_granite_8b,"gemini_flash,deepseek_v3,granite_8b",231,random,0.8730964467005076,9.29348426395939e-05,0.8730964467005076,0.07106598984771574,0.0,0.27411167512690354
3model_gemini_flash_deepseek_v3_granite_8b,"gemini_flash,deepseek_v3,granite_8b",231,oracle,0.9441624365482234,0.00018180660913705583,0.9441624365482234,0.0,0.0,1.0
3model_gemini_flash_deepseek_v3_granite_8b,"gemini_flash,deepseek_v3,granite_8b",231,logistic_router,0.868020304568528,0.0001694057258883249,0.868020304568528,0.07614213197969544,0.0,0.7157360406091371
3model_gemini_flash_deepseek_v3_granite_8b,"gemini_flash,deepseek_v3,granite_8b",231,linear_svm_router,0.8477157360406091,0.00018794264974619288,0.8477157360406091,0.09644670050761421,0.0,0.8274111675126904
3model_gemini_flash_deepseek_v3_granite_8b,"gemini_flash,deepseek_v3,granite_8b",231,knn_router,0.8527918781725888,0.00019580426395939086,0.8527918781725888,0.09137055837563451,0.0,0.9035532994923858
3model_gemini_flash_deepseek_v3_granite_8b,"gemini_flash,deepseek_v3,granite_8b",231,decision_tree_router,0.8578680203045685,0.00017147603045685277,0.8578680203045685,0.08629441624365482,0.0,0.7106598984771574
3model_gemini_flash_deepseek_v3_granite_8b,"gemini_flash,deepseek_v3,granite_8b",231,random_forest_router,0.8781725888324873,0.00017692948223350252,0.8781725888324873,0.06598984771573604,0.0,0.7868020304568528
3model_gemini_flash_deepseek_v3_granite_8b,"gemini_flash,deepseek_v3,granite_8b",231,extra_trees_router,0.8781725888324873,0.00016509207106598986,0.8781725888324873,0.06598984771573604,0.0,0.7157360406091371
3model_gemini_flash_deepseek_v3_granite_8b,"gemini_flash,deepseek_v3,granite_8b",231,mlp_router,0.8578680203045685,0.00018947710659898478,0.8578680203045685,0.08629441624365482,0.0,0.8629441624365483
3model_gemini_flash_deepseek_v3_granite_8b,"gemini_flash,deepseek_v3,granite_8b",231,tfidf_logistic_router,0.868020304568528,0.00017676367512690355,0.868020304568528,0.07614213197969544,0.0,0.7817258883248731
3model_gemini_flash_deepseek_v3_granite_8b,"gemini_flash,deepseek_v3,granite_8b",231,tfidf_linear_svm_router,0.8527918781725888,0.0001924688324873096,0.8527918781725888,0.09137055837563451,0.0,0.8730964467005076
3model_gemini_flash_deepseek_v3_granite_8b,"gemini_flash,deepseek_v3,granite_8b",231,tfidf_mlp_router,0.8527918781725888,0.00019203519796954314,0.8527918781725888,0.09137055837563451,0.0,0.8883248730964467
3model_gemini_flash_deepseek_v3_granite_8b,"gemini_flash,deepseek_v3,granite_8b",232,always_gemini_flash,0.8730964467005076,0.00020018730964467004,0.8730964467005076,0.09137055837563451,0.0,0.9086294416243654
3model_gemini_flash_deepseek_v3_granite_8b,"gemini_flash,deepseek_v3,granite_8b",232,always_deepseek_v3,0.9238578680203046,6.975652791878173e-05,0.9238578680203046,0.04060913705583756,0.0,0.07614213197969544
3model_gemini_flash_deepseek_v3_granite_8b,"gemini_flash,deepseek_v3,granite_8b",232,always_granite_8b,0.868020304568528,1.6348477157360407e-05,0.868020304568528,0.09644670050761421,0.0,0.015228426395939087
3model_gemini_flash_deepseek_v3_granite_8b,"gemini_flash,deepseek_v3,granite_8b",232,random,0.9137055837563451,0.000102036538071066,0.9137055837563451,0.050761421319796954,0.0,0.3248730964467005
3model_gemini_flash_deepseek_v3_granite_8b,"gemini_flash,deepseek_v3,granite_8b",232,oracle,0.9644670050761421,0.00018471086294416243,0.9644670050761421,0.0,0.0,1.0
3model_gemini_flash_deepseek_v3_granite_8b,"gemini_flash,deepseek_v3,granite_8b",232,logistic_router,0.8934010152284264,0.00016668413197969543,0.8934010152284264,0.07106598984771574,0.0,0.7411167512690355
3model_gemini_flash_deepseek_v3_granite_8b,"gemini_flash,deepseek_v3,granite_8b",232,linear_svm_router,0.8781725888324873,0.00019114817258883245,0.8781725888324873,0.08629441624365482,0.0,0.8578680203045685
3model_gemini_flash_deepseek_v3_granite_8b,"gemini_flash,deepseek_v3,granite_8b",232,knn_router,0.8781725888324873,0.0001984031472081218,0.8781725888324873,0.08629441624365482,0.0,0.9137055837563451
3model_gemini_flash_deepseek_v3_granite_8b,"gemini_flash,deepseek_v3,granite_8b",232,decision_tree_router,0.8934010152284264,0.00014950700507614215,0.8934010152284264,0.07106598984771574,0.0,0.6192893401015228
3model_gemini_flash_deepseek_v3_granite_8b,"gemini_flash,deepseek_v3,granite_8b",232,random_forest_router,0.8934010152284264,0.00017770197969543144,0.8934010152284264,0.07106598984771574,0.0,0.8020304568527918
3model_gemini_flash_deepseek_v3_granite_8b,"gemini_flash,deepseek_v3,granite_8b",232,extra_trees_router,0.9137055837563451,0.00016674220304568527,0.9137055837563451,0.050761421319796954,0.0,0.7461928934010152
3model_gemini_flash_deepseek_v3_granite_8b,"gemini_flash,deepseek_v3,granite_8b",232,mlp_router,0.883248730964467,0.00019099204060913706,0.883248730964467,0.08121827411167512,0.0,0.8781725888324873
3model_gemini_flash_deepseek_v3_granite_8b,"gemini_flash,deepseek_v3,granite_8b",232,tfidf_logistic_router,0.8781725888324873,0.0001850544162436548,0.8781725888324873,0.08629441624365482,0.0,0.8223350253807107
3model_gemini_flash_deepseek_v3_granite_8b,"gemini_flash,deepseek_v3,granite_8b",232,tfidf_linear_svm_router,0.8730964467005076,0.0001987177664974619,0.8730964467005076,0.09137055837563451,0.0,0.8984771573604061
3model_gemini_flash_deepseek_v3_granite_8b,"gemini_flash,deepseek_v3,granite_8b",232,tfidf_mlp_router,0.8730964467005076,0.00020018730964467004,0.8730964467005076,0.09137055837563451,0.0,0.9086294416243654
3model_gemini_flash_deepseek_v3_granite_8b,"gemini_flash,deepseek_v3,granite_8b",233,always_gemini_flash,0.8629441624365483,0.00019355837563451775,0.8629441624365483,0.09137055837563451,0.0,0.9086294416243654
3model_gemini_flash_deepseek_v3_granite_8b,"gemini_flash,deepseek_v3,granite_8b",233,always_deepseek_v3,0.9187817258883249,7.352493401015228e-05,0.9187817258883249,0.03553299492385787,0.0,0.08121827411167512
3model_gemini_flash_deepseek_v3_granite_8b,"gemini_flash,deepseek_v3,granite_8b",233,always_granite_8b,0.8527918781725888,1.6294162436548225e-05,0.8527918781725888,0.10152284263959391,0.0,0.01015228426395939
3model_gemini_flash_deepseek_v3_granite_8b,"gemini_flash,deepseek_v3,granite_8b",233,random,0.8578680203045685,9.086179695431473e-05,0.8578680203045685,0.09644670050761421,0.0,0.28426395939086296
3model_gemini_flash_deepseek_v3_granite_8b,"gemini_flash,deepseek_v3,granite_8b",233,oracle,0.9543147208121827,0.0001815465076142132,0.9543147208121827,0.0,0.0,1.0
3model_gemini_flash_deepseek_v3_granite_8b,"gemini_flash,deepseek_v3,granite_8b",233,logistic_router,0.8984771573604061,0.00015452555329949238,0.8984771573604061,0.05583756345177665,0.0,0.6903553299492385
3model_gemini_flash_deepseek_v3_granite_8b,"gemini_flash,deepseek_v3,granite_8b",233,linear_svm_router,0.8730964467005076,0.00018716246700507612,0.8730964467005076,0.08121827411167512,0.0,0.8578680203045685
3model_gemini_flash_deepseek_v3_granite_8b,"gemini_flash,deepseek_v3,granite_8b",233,knn_router,0.8629441624365483,0.00019355837563451775,0.8629441624365483,0.09137055837563451,0.0,0.9086294416243654
3model_gemini_flash_deepseek_v3_granite_8b,"gemini_flash,deepseek_v3,granite_8b",233,decision_tree_router,0.8934010152284264,0.00016504978680203041,0.8934010152284264,0.06091370558375635,0.0,0.7258883248730964
3model_gemini_flash_deepseek_v3_granite_8b,"gemini_flash,deepseek_v3,granite_8b",233,random_forest_router,0.8984771573604061,0.00017109305583756348,0.8984771573604061,0.05583756345177665,0.0,0.7766497461928934
3model_gemini_flash_deepseek_v3_granite_8b,"gemini_flash,deepseek_v3,granite_8b",233,extra_trees_router,0.8984771573604061,0.000149173807106599,0.8984771573604061,0.05583756345177665,0.0,0.6395939086294417
3model_gemini_flash_deepseek_v3_granite_8b,"gemini_flash,deepseek_v3,granite_8b",233,mlp_router,0.8781725888324873,0.00018909677157360406,0.8781725888324873,0.07614213197969544,0.0,0.883248730964467
3model_gemini_flash_deepseek_v3_granite_8b,"gemini_flash,deepseek_v3,granite_8b",233,tfidf_logistic_router,0.8883248730964467,0.0001762963045685279,0.8883248730964467,0.06598984771573604,0.0,0.8223350253807107
3model_gemini_flash_deepseek_v3_granite_8b,"gemini_flash,deepseek_v3,granite_8b",233,tfidf_linear_svm_router,0.8730964467005076,0.00019157595939086296,0.8730964467005076,0.08121827411167512,0.0,0.8984771573604061
3model_gemini_flash_deepseek_v3_granite_8b,"gemini_flash,deepseek_v3,granite_8b",233,tfidf_mlp_router,0.868020304568528,0.00019238997969543147,0.868020304568528,0.08629441624365482,0.0,0.9035532994923858
3model_qwen_30b_llama_70b_deepseek_v3,"qwen_30b,llama_70b,deepseek_v3",229,always_qwen_30b,0.868020304568528,2.3474460913705585e-05,0.868020304568528,0.09137055837563451,0.0,0.9086294416243654
3model_qwen_30b_llama_70b_deepseek_v3,"qwen_30b,llama_70b,deepseek_v3",229,always_llama_70b,0.8934010152284264,5.343402538071066e-05,0.8934010152284264,0.06598984771573604,0.0,0.06091370558375635
3model_qwen_30b_llama_70b_deepseek_v3,"qwen_30b,llama_70b,deepseek_v3",229,always_deepseek_v3,0.883248730964467,7.042395939086295e-05,0.883248730964467,0.07614213197969544,0.0,0.030456852791878174
3model_qwen_30b_llama_70b_deepseek_v3,"qwen_30b,llama_70b,deepseek_v3",229,random,0.8984771573604061,5.149363959390862e-05,0.8984771573604061,0.06091370558375635,0.0,0.30456852791878175
3model_qwen_30b_llama_70b_deepseek_v3,"qwen_30b,llama_70b,deepseek_v3",229,oracle,0.9593908629441624,2.673378781725888e-05,0.9593908629441624,0.0,0.0,1.0
3model_qwen_30b_llama_70b_deepseek_v3,"qwen_30b,llama_70b,deepseek_v3",229,logistic_router,0.883248730964467,3.4566784771573606e-05,0.883248730964467,0.07614213197969544,0.0,0.6446700507614214
3model_qwen_30b_llama_70b_deepseek_v3,"qwen_30b,llama_70b,deepseek_v3",229,linear_svm_router,0.8730964467005076,2.68245807106599e-05,0.8730964467005076,0.08629441624365482,0.0,0.817258883248731
3model_qwen_30b_llama_70b_deepseek_v3,"qwen_30b,llama_70b,deepseek_v3",229,knn_router,0.868020304568528,2.4498016243654823e-05,0.868020304568528,0.09137055837563451,0.0,0.8984771573604061
3model_qwen_30b_llama_70b_deepseek_v3,"qwen_30b,llama_70b,deepseek_v3",229,decision_tree_router,0.8527918781725888,3.588736954314721e-05,0.8527918781725888,0.1065989847715736,0.0,0.5989847715736041
3model_qwen_30b_llama_70b_deepseek_v3,"qwen_30b,llama_70b,deepseek_v3",229,random_forest_router,0.868020304568528,2.892363959390863e-05,0.868020304568528,0.09137055837563451,0.0,0.7563451776649747
3model_qwen_30b_llama_70b_deepseek_v3,"qwen_30b,llama_70b,deepseek_v3",229,extra_trees_router,0.8781725888324873,3.0088596954314723e-05,0.8781725888324873,0.08121827411167512,0.0,0.7258883248730964
3model_qwen_30b_llama_70b_deepseek_v3,"qwen_30b,llama_70b,deepseek_v3",229,mlp_router,0.8730964467005076,2.501023350253807e-05,0.8730964467005076,0.08629441624365482,0.0,0.883248730964467
3model_qwen_30b_llama_70b_deepseek_v3,"qwen_30b,llama_70b,deepseek_v3",229,tfidf_logistic_router,0.8781725888324873,2.7269411167512695e-05,0.8781725888324873,0.08121827411167512,0.0,0.8121827411167513
3model_qwen_30b_llama_70b_deepseek_v3,"qwen_30b,llama_70b,deepseek_v3",229,tfidf_linear_svm_router,0.868020304568528,2.3455679187817263e-05,0.868020304568528,0.09137055837563451,0.0,0.9086294416243654
3model_qwen_30b_llama_70b_deepseek_v3,"qwen_30b,llama_70b,deepseek_v3",229,tfidf_mlp_router,0.868020304568528,2.3455679187817263e-05,0.868020304568528,0.09137055837563451,0.0,0.9086294416243654
3model_qwen_30b_llama_70b_deepseek_v3,"qwen_30b,llama_70b,deepseek_v3",230,always_qwen_30b,0.9187817258883249,2.4823336040609136e-05,0.9187817258883249,0.04060913705583756,0.0,0.9593908629441624
3model_qwen_30b_llama_70b_deepseek_v3,"qwen_30b,llama_70b,deepseek_v3",230,always_llama_70b,0.8781725888324873,0.010206027761421321,0.8781725888324873,0.08121827411167512,0.0,0.030456852791878174
3model_qwen_30b_llama_70b_deepseek_v3,"qwen_30b,llama_70b,deepseek_v3",230,always_deepseek_v3,0.9137055837563451,7.150268020304568e-05,0.9137055837563451,0.04568527918781726,0.0,0.01015228426395939
3model_qwen_30b_llama_70b_deepseek_v3,"qwen_30b,llama_70b,deepseek_v3",230,random,0.883248730964467,4.9151269035533005e-05,0.883248730964467,0.07614213197969544,0.0,0.3756345177664975
3model_qwen_30b_llama_70b_deepseek_v3,"qwen_30b,llama_70b,deepseek_v3",230,oracle,0.9593908629441624,2.620544162436548e-05,0.9593908629441624,0.0,0.0,1.0
3model_qwen_30b_llama_70b_deepseek_v3,"qwen_30b,llama_70b,deepseek_v3",230,logistic_router,0.8984771573604061,3.58738152284264e-05,0.8984771573604061,0.06091370558375635,0.0,0.6852791878172588
3model_qwen_30b_llama_70b_deepseek_v3,"qwen_30b,llama_70b,deepseek_v3",230,linear_svm_router,0.9187817258883249,2.9219574619289338e-05,0.9187817258883249,0.04060913705583756,0.0,0.8223350253807107
3model_qwen_30b_llama_70b_deepseek_v3,"qwen_30b,llama_70b,deepseek_v3",230,knn_router,0.9187817258883249,2.5200992893401014e-05,0.9187817258883249,0.04060913705583756,0.0,0.9390862944162437
3model_qwen_30b_llama_70b_deepseek_v3,"qwen_30b,llama_70b,deepseek_v3",230,decision_tree_router,0.9086294416243654,0.005120082664974622,0.9086294416243654,0.050761421319796954,0.0,0.4365482233502538
3model_qwen_30b_llama_70b_deepseek_v3,"qwen_30b,llama_70b,deepseek_v3",230,random_forest_router,0.8984771573604061,3.031054416243655e-05,0.8984771573604061,0.06091370558375635,0.0,0.7766497461928934
3model_qwen_30b_llama_70b_deepseek_v3,"qwen_30b,llama_70b,deepseek_v3",230,extra_trees_router,0.9137055837563451,3.3384052791878166e-05,0.9137055837563451,0.04568527918781726,0.0,0.7309644670050761
3model_qwen_30b_llama_70b_deepseek_v3,"qwen_30b,llama_70b,deepseek_v3",230,mlp_router,0.9238578680203046,2.707848730964467e-05,0.9238578680203046,0.03553299492385787,0.0,0.9238578680203046
3model_qwen_30b_llama_70b_deepseek_v3,"qwen_30b,llama_70b,deepseek_v3",230,tfidf_logistic_router,0.9137055837563451,3.004986700507614e-05,0.9137055837563451,0.04568527918781726,0.0,0.7969543147208121
3model_qwen_30b_llama_70b_deepseek_v3,"qwen_30b,llama_70b,deepseek_v3",230,tfidf_linear_svm_router,0.9238578680203046,2.5250883248730963e-05,0.9238578680203046,0.03553299492385787,0.0,0.949238578680203
3model_qwen_30b_llama_70b_deepseek_v3,"qwen_30b,llama_70b,deepseek_v3",230,tfidf_mlp_router,0.9187817258883249,2.5078091370558376e-05,0.9187817258883249,0.04060913705583756,0.0,0.949238578680203
3model_qwen_30b_llama_70b_deepseek_v3,"qwen_30b,llama_70b,deepseek_v3",231,always_qwen_30b,0.8883248730964467,2.600484670050761e-05,0.8883248730964467,0.07106598984771574,0.0,0.9289340101522843
3model_qwen_30b_llama_70b_deepseek_v3,"qwen_30b,llama_70b,deepseek_v3",231,always_llama_70b,0.8984771573604061,0.0051297422944162445,0.8984771573604061,0.06091370558375635,0.0,0.05583756345177665
3model_qwen_30b_llama_70b_deepseek_v3,"qwen_30b,llama_70b,deepseek_v3",231,always_deepseek_v3,0.8984771573604061,7.693892385786802e-05,0.8984771573604061,0.06091370558375635,0.0,0.015228426395939087
3model_qwen_30b_llama_70b_deepseek_v3,"qwen_30b,llama_70b,deepseek_v3",231,random,0.8730964467005076,5.177398578680202e-05,0.8730964467005076,0.08629441624365482,0.0,0.27411167512690354
3model_qwen_30b_llama_70b_deepseek_v3,"qwen_30b,llama_70b,deepseek_v3",231,oracle,0.9593908629441624,2.8281237563451772e-05,0.9593908629441624,0.0,0.0,1.0
3model_qwen_30b_llama_70b_deepseek_v3,"qwen_30b,llama_70b,deepseek_v3",231,logistic_router,0.8984771573604061,3.456125076142132e-05,0.8984771573604061,0.06091370558375635,0.0,0.7106598984771574
3model_qwen_30b_llama_70b_deepseek_v3,"qwen_30b,llama_70b,deepseek_v3",231,linear_svm_router,0.8934010152284264,2.9591705583756344e-05,0.8934010152284264,0.06598984771573604,0.0,0.8375634517766497
3model_qwen_30b_llama_70b_deepseek_v3,"qwen_30b,llama_70b,deepseek_v3",231,knn_router,0.8883248730964467,2.688027817258883e-05,0.8883248730964467,0.07106598984771574,0.0,0.9187817258883249
3model_qwen_30b_llama_70b_deepseek_v3,"qwen_30b,llama_70b,deepseek_v3",231,decision_tree_router,0.8984771573604061,3.8172789847715735e-05,0.8984771573604061,0.06091370558375635,0.0,0.6243654822335025
3model_qwen_30b_llama_70b_deepseek_v3,"qwen_30b,llama_70b,deepseek_v3",231,random_forest_router,0.8883248730964467,3.1813713705583757e-05,0.8883248730964467,0.07106598984771574,0.0,0.766497461928934
3model_qwen_30b_llama_70b_deepseek_v3,"qwen_30b,llama_70b,deepseek_v3",231,extra_trees_router,0.8934010152284264,3.545645888324873e-05,0.8934010152284264,0.06598984771573604,0.0,0.7106598984771574
3model_qwen_30b_llama_70b_deepseek_v3,"qwen_30b,llama_70b,deepseek_v3",231,mlp_router,0.8883248730964467,2.83413847715736e-05,0.8883248730964467,0.07106598984771574,0.0,0.8883248730964467
3model_qwen_30b_llama_70b_deepseek_v3,"qwen_30b,llama_70b,deepseek_v3",231,tfidf_logistic_router,0.8934010152284264,3.103317563451776e-05,0.8934010152284264,0.06598984771573604,0.0,0.817258883248731
3model_qwen_30b_llama_70b_deepseek_v3,"qwen_30b,llama_70b,deepseek_v3",231,tfidf_linear_svm_router,0.8883248730964467,2.6259602030456852e-05,0.8883248730964467,0.07106598984771574,0.0,0.9187817258883249
3model_qwen_30b_llama_70b_deepseek_v3,"qwen_30b,llama_70b,deepseek_v3",231,tfidf_mlp_router,0.8883248730964467,2.6230058883248732e-05,0.8883248730964467,0.07106598984771574,0.0,0.9238578680203046
3model_qwen_30b_llama_70b_deepseek_v3,"qwen_30b,llama_70b,deepseek_v3",232,always_qwen_30b,0.9137055837563451,2.631308629441624e-05,0.9137055837563451,0.05583756345177665,0.0,0.9441624365482234
3model_qwen_30b_llama_70b_deepseek_v3,"qwen_30b,llama_70b,deepseek_v3",232,always_llama_70b,0.9187817258883249,5.5371817258883244e-05,0.9187817258883249,0.050761421319796954,0.0,0.04568527918781726
3model_qwen_30b_llama_70b_deepseek_v3,"qwen_30b,llama_70b,deepseek_v3",232,always_deepseek_v3,0.9238578680203046,6.975652791878173e-05,0.9238578680203046,0.04568527918781726,0.0,0.01015228426395939
3model_qwen_30b_llama_70b_deepseek_v3,"qwen_30b,llama_70b,deepseek_v3",232,random,0.8934010152284264,4.9906289340101526e-05,0.8934010152284264,0.07614213197969544,0.0,0.3147208121827411
3model_qwen_30b_llama_70b_deepseek_v3,"qwen_30b,llama_70b,deepseek_v3",232,oracle,0.9695431472081218,2.8542615228426393e-05,0.9695431472081218,0.0,0.0,1.0
3model_qwen_30b_llama_70b_deepseek_v3,"qwen_30b,llama_70b,deepseek_v3",232,logistic_router,0.9086294416243654,3.39977695431472e-05,0.9086294416243654,0.06091370558375635,0.0,0.7360406091370558
3model_qwen_30b_llama_70b_deepseek_v3,"qwen_30b,llama_70b,deepseek_v3",232,linear_svm_router,0.9187817258883249,2.9222202030456853e-05,0.9187817258883249,0.050761421319796954,0.0,0.8527918781725888
3model_qwen_30b_llama_70b_deepseek_v3,"qwen_30b,llama_70b,deepseek_v3",232,knn_router,0.9137055837563451,2.709711472081218e-05,0.9137055837563451,0.05583756345177665,0.0,0.934010152284264
3model_qwen_30b_llama_70b_deepseek_v3,"qwen_30b,llama_70b,deepseek_v3",232,decision_tree_router,0.9187817258883249,3.915576852791879e-05,0.9187817258883249,0.050761421319796954,0.0,0.5228426395939086
3model_qwen_30b_llama_70b_deepseek_v3,"qwen_30b,llama_70b,deepseek_v3",232,random_forest_router,0.9086294416243654,3.0392880203045683e-05,0.9086294416243654,0.06091370558375635,0.0,0.8223350253807107
3model_qwen_30b_llama_70b_deepseek_v3,"qwen_30b,llama_70b,deepseek_v3",232,extra_trees_router,0.9086294416243654,3.13723157360406e-05,0.9086294416243654,0.06091370558375635,0.0,0.7868020304568528
3model_qwen_30b_llama_70b_deepseek_v3,"qwen_30b,llama_70b,deepseek_v3",232,mlp_router,0.9187817258883249,2.836138274111675e-05,0.9187817258883249,0.050761421319796954,0.0,0.9187817258883249
3model_qwen_30b_llama_70b_deepseek_v3,"qwen_30b,llama_70b,deepseek_v3",232,tfidf_logistic_router,0.9086294416243654,3.0174880203045686e-05,0.9086294416243654,0.06091370558375635,0.0,0.817258883248731
3model_qwen_30b_llama_70b_deepseek_v3,"qwen_30b,llama_70b,deepseek_v3",232,tfidf_linear_svm_router,0.9137055837563451,2.6342629441624364e-05,0.9137055837563451,0.05583756345177665,0.0,0.9390862944162437
3model_qwen_30b_llama_70b_deepseek_v3,"qwen_30b,llama_70b,deepseek_v3",232,tfidf_mlp_router,0.9137055837563451,2.631308629441624e-05,0.9137055837563451,0.05583756345177665,0.0,0.9441624365482234
3model_qwen_30b_llama_70b_deepseek_v3,"qwen_30b,llama_70b,deepseek_v3",233,always_qwen_30b,0.9086294416243654,2.511114720812183e-05,0.9086294416243654,0.05583756345177665,0.0,0.9441624365482234
3model_qwen_30b_llama_70b_deepseek_v3,"qwen_30b,llama_70b,deepseek_v3",233,always_llama_70b,0.883248730964467,5.4729203045685284e-05,0.883248730964467,0.08121827411167512,0.0,0.03553299492385787
3model_qwen_30b_llama_70b_deepseek_v3,"qwen_30b,llama_70b,deepseek_v3",233,always_deepseek_v3,0.9187817258883249,7.352493401015228e-05,0.9187817258883249,0.04568527918781726,0.0,0.02030456852791878
3model_qwen_30b_llama_70b_deepseek_v3,"qwen_30b,llama_70b,deepseek_v3",233,random,0.9086294416243654,5.199048020304569e-05,0.9086294416243654,0.05583756345177665,0.0,0.3096446700507614
3model_qwen_30b_llama_70b_deepseek_v3,"qwen_30b,llama_70b,deepseek_v3",233,oracle,0.9644670050761421,2.6858634517766497e-05,0.9644670050761421,0.0,0.0,1.0
3model_qwen_30b_llama_70b_deepseek_v3,"qwen_30b,llama_70b,deepseek_v3",233,logistic_router,0.9137055837563451,3.21170730964467e-05,0.9137055837563451,0.050761421319796954,0.0,0.7614213197969543
3model_qwen_30b_llama_70b_deepseek_v3,"qwen_30b,llama_70b,deepseek_v3",233,linear_svm_router,0.9035532994923858,2.6516885279187815e-05,0.9035532994923858,0.06091370558375635,0.0,0.883248730964467
3model_qwen_30b_llama_70b_deepseek_v3,"qwen_30b,llama_70b,deepseek_v3",233,knn_router,0.9086294416243654,2.519223147208122e-05,0.9086294416243654,0.05583756345177665,0.0,0.9390862944162437
3model_qwen_30b_llama_70b_deepseek_v3,"qwen_30b,llama_70b,deepseek_v3",233,decision_tree_router,0.9187817258883249,3.2824196954314724e-05,0.9187817258883249,0.04568527918781726,0.0,0.6700507614213198
3model_qwen_30b_llama_70b_deepseek_v3,"qwen_30b,llama_70b,deepseek_v3",233,random_forest_router,0.9137055837563451,3.0007116751269035e-05,0.9137055837563451,0.050761421319796954,0.0,0.7969543147208121
3model_qwen_30b_llama_70b_deepseek_v3,"qwen_30b,llama_70b,deepseek_v3",233,extra_trees_router,0.9035532994923858,2.9987453807106598e-05,0.9035532994923858,0.06091370558375635,0.0,0.7969543147208121
3model_qwen_30b_llama_70b_deepseek_v3,"qwen_30b,llama_70b,deepseek_v3",233,mlp_router,0.9137055837563451,2.5439033502538073e-05,0.9137055837563451,0.050761421319796954,0.0,0.934010152284264
3model_qwen_30b_llama_70b_deepseek_v3,"qwen_30b,llama_70b,deepseek_v3",233,tfidf_logistic_router,0.9086294416243654,2.7698702538071068e-05,0.9086294416243654,0.05583756345177665,0.0,0.8578680203045685
3model_qwen_30b_llama_70b_deepseek_v3,"qwen_30b,llama_70b,deepseek_v3",233,tfidf_linear_svm_router,0.9086294416243654,2.511114720812183e-05,0.9086294416243654,0.05583756345177665,0.0,0.9441624365482234
3model_qwen_30b_llama_70b_deepseek_v3,"qwen_30b,llama_70b,deepseek_v3",233,tfidf_mlp_router,0.9086294416243654,2.511114720812183e-05,0.9086294416243654,0.05583756345177665,0.0,0.9441624365482234
3model_qwen_30b_llama_70b_granite_8b,"qwen_30b,llama_70b,granite_8b",229,always_qwen_30b,0.868020304568528,2.3474460913705585e-05,0.868020304568528,0.08629441624365482,0.0,0.9137055837563451
3model_qwen_30b_llama_70b_granite_8b,"qwen_30b,llama_70b,granite_8b",229,always_llama_70b,0.8934010152284264,5.343402538071066e-05,0.8934010152284264,0.06091370558375635,0.0,0.06091370558375635
3model_qwen_30b_llama_70b_granite_8b,"qwen_30b,llama_70b,granite_8b",229,always_granite_8b,0.8375634517766497,1.603908629441624e-05,0.8375634517766497,0.116751269035533,0.0,0.025380710659898477
3model_qwen_30b_llama_70b_granite_8b,"qwen_30b,llama_70b,granite_8b",229,random,0.8527918781725888,3.107503045685279e-05,0.8527918781725888,0.10152284263959391,0.0,0.29441624365482233
3model_qwen_30b_llama_70b_granite_8b,"qwen_30b,llama_70b,granite_8b",229,oracle,0.9543147208121827,2.5538003045685278e-05,0.9543147208121827,0.0,0.0,1.0
3model_qwen_30b_llama_70b_granite_8b,"qwen_30b,llama_70b,granite_8b",229,logistic_router,0.883248730964467,2.8125439593908637e-05,0.883248730964467,0.07106598984771574,0.0,0.7411167512690355
3model_qwen_30b_llama_70b_granite_8b,"qwen_30b,llama_70b,granite_8b",229,linear_svm_router,0.8781725888324873,2.5534265989847718e-05,0.8781725888324873,0.07614213197969544,0.0,0.8071065989847716
3model_qwen_30b_llama_70b_granite_8b,"qwen_30b,llama_70b,granite_8b",229,knn_router,0.868020304568528,2.4431772588832486e-05,0.868020304568528,0.08629441624365482,0.0,0.9035532994923858
3model_qwen_30b_llama_70b_granite_8b,"qwen_30b,llama_70b,granite_8b",229,decision_tree_router,0.8781725888324873,2.41577461928934e-05,0.8781725888324873,0.07614213197969544,0.0,0.5177664974619289
3model_qwen_30b_llama_70b_granite_8b,"qwen_30b,llama_70b,granite_8b",229,random_forest_router,0.8629441624365483,2.7006294416243655e-05,0.8629441624365483,0.09137055837563451,0.0,0.7614213197969543
3model_qwen_30b_llama_70b_granite_8b,"qwen_30b,llama_70b,granite_8b",229,extra_trees_router,0.883248730964467,2.6103155329949245e-05,0.883248730964467,0.07106598984771574,0.0,0.7411167512690355
3model_qwen_30b_llama_70b_granite_8b,"qwen_30b,llama_70b,granite_8b",229,mlp_router,0.8781725888324873,2.3807384771573606e-05,0.8781725888324873,0.07614213197969544,0.0,0.8934010152284264
3model_qwen_30b_llama_70b_granite_8b,"qwen_30b,llama_70b,granite_8b",229,tfidf_logistic_router,0.8781725888324873,2.671504365482234e-05,0.8781725888324873,0.07614213197969544,0.0,0.8121827411167513
3model_qwen_30b_llama_70b_granite_8b,"qwen_30b,llama_70b,granite_8b",229,tfidf_linear_svm_router,0.8730964467005076,2.342635736040609e-05,0.8730964467005076,0.08121827411167512,0.0,0.9137055837563451
3model_qwen_30b_llama_70b_granite_8b,"qwen_30b,llama_70b,granite_8b",229,tfidf_mlp_router,0.8730964467005076,2.342635736040609e-05,0.8730964467005076,0.08121827411167512,0.0,0.9137055837563451
3model_qwen_30b_llama_70b_granite_8b,"qwen_30b,llama_70b,granite_8b",230,always_qwen_30b,0.9187817258883249,2.4823336040609136e-05,0.9187817258883249,0.03553299492385787,0.0,0.9644670050761421
3model_qwen_30b_llama_70b_granite_8b,"qwen_30b,llama_70b,granite_8b",230,always_llama_70b,0.8781725888324873,0.010206027761421321,0.8781725888324873,0.07614213197969544,0.0,0.030456852791878174
3model_qwen_30b_llama_70b_granite_8b,"qwen_30b,llama_70b,granite_8b",230,always_granite_8b,0.8477157360406091,1.58748730964467e-05,0.8477157360406091,0.1065989847715736,0.0,0.005076142131979695
3model_qwen_30b_llama_70b_granite_8b,"qwen_30b,llama_70b,granite_8b",230,random,0.8629441624365483,2.9532142131979696e-05,0.8629441624365483,0.09137055837563451,0.0,0.3756345177664975
3model_qwen_30b_llama_70b_granite_8b,"qwen_30b,llama_70b,granite_8b",230,oracle,0.9543147208121827,2.6068572588832487e-05,0.9543147208121827,0.0,0.0,1.0
3model_qwen_30b_llama_70b_granite_8b,"qwen_30b,llama_70b,granite_8b",230,logistic_router,0.8984771573604061,2.8424932994923857e-05,0.8984771573604061,0.05583756345177665,0.0,0.7258883248730964
3model_qwen_30b_llama_70b_granite_8b,"qwen_30b,llama_70b,granite_8b",230,linear_svm_router,0.9187817258883249,2.5968151269035532e-05,0.9187817258883249,0.03553299492385787,0.0,0.8274111675126904
3model_qwen_30b_llama_70b_granite_8b,"qwen_30b,llama_70b,granite_8b",230,knn_router,0.9187817258883249,2.490667817258883e-05,0.9187817258883249,0.03553299492385787,0.0,0.9441624365482234
3model_qwen_30b_llama_70b_granite_8b,"qwen_30b,llama_70b,granite_8b",230,decision_tree_router,0.8984771573604061,3.018299390862944e-05,0.8984771573604061,0.05583756345177665,0.0,0.6649746192893401
3model_qwen_30b_llama_70b_granite_8b,"qwen_30b,llama_70b,granite_8b",230,random_forest_router,0.8984771573604061,2.5292213197969537e-05,0.8984771573604061,0.05583756345177665,0.0,0.7766497461928934
3model_qwen_30b_llama_70b_granite_8b,"qwen_30b,llama_70b,granite_8b",230,extra_trees_router,0.9137055837563451,2.6629654822335023e-05,0.9137055837563451,0.04060913705583756,0.0,0.7411167512690355
3model_qwen_30b_llama_70b_granite_8b,"qwen_30b,llama_70b,granite_8b",230,mlp_router,0.9238578680203046,2.6869271065989848e-05,0.9238578680203046,0.030456852791878174,0.0,0.934010152284264
3model_qwen_30b_llama_70b_granite_8b,"qwen_30b,llama_70b,granite_8b",230,tfidf_logistic_router,0.9187817258883249,2.726668121827411e-05,0.9187817258883249,0.03553299492385787,0.0,0.8020304568527918
3model_qwen_30b_llama_70b_granite_8b,"qwen_30b,llama_70b,granite_8b",230,tfidf_linear_svm_router,0.9238578680203046,2.5150164467005073e-05,0.9238578680203046,0.030456852791878174,0.0,0.9543147208121827
3model_qwen_30b_llama_70b_granite_8b,"qwen_30b,llama_70b,granite_8b",230,tfidf_mlp_router,0.9187817258883249,2.5048548223350252e-05,0.9187817258883249,0.03553299492385787,0.0,0.9644670050761421
3model_qwen_30b_llama_70b_granite_8b,"qwen_30b,llama_70b,granite_8b",231,always_qwen_30b,0.8883248730964467,2.600484670050761e-05,0.8883248730964467,0.06091370558375635,0.0,0.9390862944162437
3model_qwen_30b_llama_70b_granite_8b,"qwen_30b,llama_70b,granite_8b",231,always_llama_70b,0.8984771573604061,0.0051297422944162445,0.8984771573604061,0.050761421319796954,0.0,0.05583756345177665
3model_qwen_30b_llama_70b_granite_8b,"qwen_30b,llama_70b,granite_8b",231,always_granite_8b,0.8527918781725888,1.6751015228426392e-05,0.8527918781725888,0.09644670050761421,0.0,0.005076142131979695
3model_qwen_30b_llama_70b_granite_8b,"qwen_30b,llama_70b,granite_8b",231,random,0.8629441624365483,3.1819305583756346e-05,0.8629441624365483,0.08629441624365482,0.0,0.27411167512690354
3model_qwen_30b_llama_70b_granite_8b,"qwen_30b,llama_70b,granite_8b",231,oracle,0.949238578680203,2.7780124873096443e-05,0.949238578680203,0.0,0.0,1.0
3model_qwen_30b_llama_70b_granite_8b,"qwen_30b,llama_70b,granite_8b",231,logistic_router,0.883248730964467,3.0321767512690355e-05,0.883248730964467,0.06598984771573604,0.0,0.7461928934010152
3model_qwen_30b_llama_70b_granite_8b,"qwen_30b,llama_70b,granite_8b",231,linear_svm_router,0.8883248730964467,2.8608444670050762e-05,0.8883248730964467,0.06091370558375635,0.0,0.868020304568528
3model_qwen_30b_llama_70b_granite_8b,"qwen_30b,llama_70b,granite_8b",231,knn_router,0.8883248730964467,2.688027817258883e-05,0.8883248730964467,0.06091370558375635,0.0,0.9289340101522843
3model_qwen_30b_llama_70b_granite_8b,"qwen_30b,llama_70b,granite_8b",231,decision_tree_router,0.8883248730964467,2.852724467005076e-05,0.8883248730964467,0.06091370558375635,0.0,0.751269035532995
3model_qwen_30b_llama_70b_granite_8b,"qwen_30b,llama_70b,granite_8b",231,random_forest_router,0.8781725888324873,2.7500891370558373e-05,0.8781725888324873,0.07106598984771574,0.0,0.7969543147208121
3model_qwen_30b_llama_70b_granite_8b,"qwen_30b,llama_70b,granite_8b",231,extra_trees_router,0.8934010152284264,2.9327571573604062e-05,0.8934010152284264,0.05583756345177665,0.0,0.7817258883248731
3model_qwen_30b_llama_70b_granite_8b,"qwen_30b,llama_70b,granite_8b",231,mlp_router,0.8883248730964467,2.620081624365482e-05,0.8883248730964467,0.06091370558375635,0.0,0.9289340101522843
3model_qwen_30b_llama_70b_granite_8b,"qwen_30b,llama_70b,granite_8b",231,tfidf_logistic_router,0.8883248730964467,2.939087512690355e-05,0.8883248730964467,0.06091370558375635,0.0,0.8477157360406091
3model_qwen_30b_llama_70b_granite_8b,"qwen_30b,llama_70b,granite_8b",231,tfidf_linear_svm_router,0.8883248730964467,2.6259602030456852e-05,0.8883248730964467,0.06091370558375635,0.0,0.934010152284264
3model_qwen_30b_llama_70b_granite_8b,"qwen_30b,llama_70b,granite_8b",231,tfidf_mlp_router,0.8883248730964467,2.6230058883248732e-05,0.8883248730964467,0.06091370558375635,0.0,0.9390862944162437
3model_qwen_30b_llama_70b_granite_8b,"qwen_30b,llama_70b,granite_8b",232,always_qwen_30b,0.9137055837563451,2.631308629441624e-05,0.9137055837563451,0.05583756345177665,0.0,0.9441624365482234
3model_qwen_30b_llama_70b_granite_8b,"qwen_30b,llama_70b,granite_8b",232,always_llama_70b,0.9187817258883249,5.5371817258883244e-05,0.9187817258883249,0.050761421319796954,0.0,0.04568527918781726
3model_qwen_30b_llama_70b_granite_8b,"qwen_30b,llama_70b,granite_8b",232,always_granite_8b,0.868020304568528,1.6348477157360407e-05,0.868020304568528,0.10152284263959391,0.0,0.01015228426395939
3model_qwen_30b_llama_70b_granite_8b,"qwen_30b,llama_70b,granite_8b",232,random,0.9137055837563451,3.327405583756345e-05,0.9137055837563451,0.05583756345177665,0.0,0.3197969543147208
3model_qwen_30b_llama_70b_granite_8b,"qwen_30b,llama_70b,granite_8b",232,oracle,0.9695431472081218,2.8055912690355328e-05,0.9695431472081218,0.0,0.0,1.0
3model_qwen_30b_llama_70b_granite_8b,"qwen_30b,llama_70b,granite_8b",232,logistic_router,0.9035532994923858,3.122462233502538e-05,0.9035532994923858,0.06598984771573604,0.0,0.751269035532995
3model_qwen_30b_llama_70b_granite_8b,"qwen_30b,llama_70b,granite_8b",232,linear_svm_router,0.9187817258883249,2.8314341116751264e-05,0.9187817258883249,0.050761421319796954,0.0,0.8730964467005076
3model_qwen_30b_llama_70b_granite_8b,"qwen_30b,llama_70b,granite_8b",232,knn_router,0.9137055837563451,2.709711472081218e-05,0.9137055837563451,0.05583756345177665,0.0,0.934010152284264
3model_qwen_30b_llama_70b_granite_8b,"qwen_30b,llama_70b,granite_8b",232,decision_tree_router,0.9137055837563451,3.2253164467005076e-05,0.9137055837563451,0.05583756345177665,0.0,0.6548223350253807
3model_qwen_30b_llama_70b_granite_8b,"qwen_30b,llama_70b,granite_8b",232,random_forest_router,0.9137055837563451,2.9207596954314715e-05,0.9137055837563451,0.05583756345177665,0.0,0.8223350253807107
3model_qwen_30b_llama_70b_granite_8b,"qwen_30b,llama_70b,granite_8b",232,extra_trees_router,0.9035532994923858,2.9201325888324875e-05,0.9035532994923858,0.06598984771573604,0.0,0.7969543147208121
3model_qwen_30b_llama_70b_granite_8b,"qwen_30b,llama_70b,granite_8b",232,mlp_router,0.9137055837563451,2.726196243654822e-05,0.9137055837563451,0.05583756345177665,0.0,0.9086294416243654
3model_qwen_30b_llama_70b_granite_8b,"qwen_30b,llama_70b,granite_8b",232,tfidf_logistic_router,0.9086294416243654,2.908613705583756e-05,0.9086294416243654,0.06091370558375635,0.0,0.8324873096446701
3model_qwen_30b_llama_70b_granite_8b,"qwen_30b,llama_70b,granite_8b",232,tfidf_linear_svm_router,0.9137055837563451,2.6418113705583754e-05,0.9137055837563451,0.05583756345177665,0.0,0.934010152284264
3model_qwen_30b_llama_70b_granite_8b,"qwen_30b,llama_70b,granite_8b",232,tfidf_mlp_router,0.9137055837563451,2.6502296446700505e-05,0.9137055837563451,0.05583756345177665,0.0,0.934010152284264
3model_qwen_30b_llama_70b_granite_8b,"qwen_30b,llama_70b,granite_8b",233,always_qwen_30b,0.9086294416243654,2.511114720812183e-05,0.9086294416243654,0.050761421319796954,0.0,0.949238578680203
3model_qwen_30b_llama_70b_granite_8b,"qwen_30b,llama_70b,granite_8b",233,always_llama_70b,0.883248730964467,5.4729203045685284e-05,0.883248730964467,0.07614213197969544,0.0,0.03553299492385787
3model_qwen_30b_llama_70b_granite_8b,"qwen_30b,llama_70b,granite_8b",233,always_granite_8b,0.8527918781725888,1.6294162436548225e-05,0.8527918781725888,0.1065989847715736,0.0,0.015228426395939087
3model_qwen_30b_llama_70b_granite_8b,"qwen_30b,llama_70b,granite_8b",233,random,0.883248730964467,3.0429058883248734e-05,0.883248730964467,0.07614213197969544,0.0,0.3147208121827411
3model_qwen_30b_llama_70b_granite_8b,"qwen_30b,llama_70b,granite_8b",233,oracle,0.9593908629441624,2.601168426395939e-05,0.9593908629441624,0.0,0.0,1.0
3model_qwen_30b_llama_70b_granite_8b,"qwen_30b,llama_70b,granite_8b",233,logistic_router,0.9187817258883249,2.8954506598984765e-05,0.9187817258883249,0.04060913705583756,0.0,0.8020304568527918
3model_qwen_30b_llama_70b_granite_8b,"qwen_30b,llama_70b,granite_8b",233,linear_svm_router,0.9086294416243654,2.5547736040609136e-05,0.9086294416243654,0.050761421319796954,0.0,0.9137055837563451
3model_qwen_30b_llama_70b_granite_8b,"qwen_30b,llama_70b,granite_8b",233,knn_router,0.9086294416243654,2.519223147208122e-05,0.9086294416243654,0.050761421319796954,0.0,0.9441624365482234
3model_qwen_30b_llama_70b_granite_8b,"qwen_30b,llama_70b,granite_8b",233,decision_tree_router,0.8934010152284264,2.7238494416243653e-05,0.8934010152284264,0.06598984771573604,0.0,0.6345177664974619
3model_qwen_30b_llama_70b_granite_8b,"qwen_30b,llama_70b,granite_8b",233,random_forest_router,0.8934010152284264,2.5380690355329947e-05,0.8934010152284264,0.06598984771573604,0.0,0.7969543147208121
3model_qwen_30b_llama_70b_granite_8b,"qwen_30b,llama_70b,granite_8b",233,extra_trees_router,0.9035532994923858,2.6819835532994922e-05,0.9035532994923858,0.05583756345177665,0.0,0.7969543147208121
3model_qwen_30b_llama_70b_granite_8b,"qwen_30b,llama_70b,granite_8b",233,mlp_router,0.9137055837563451,2.537974416243655e-05,0.9137055837563451,0.04568527918781726,0.0,0.9390862944162437
3model_qwen_30b_llama_70b_granite_8b,"qwen_30b,llama_70b,granite_8b",233,tfidf_logistic_router,0.9086294416243654,2.58474923857868e-05,0.9086294416243654,0.050761421319796954,0.0,0.8629441624365483
3model_qwen_30b_llama_70b_granite_8b,"qwen_30b,llama_70b,granite_8b",233,tfidf_linear_svm_router,0.9086294416243654,2.504591878172589e-05,0.9086294416243654,0.050761421319796954,0.0,0.9441624365482234
3model_qwen_30b_llama_70b_granite_8b,"qwen_30b,llama_70b,granite_8b",233,tfidf_mlp_router,0.9086294416243654,2.511114720812183e-05,0.9086294416243654,0.050761421319796954,0.0,0.949238578680203
3model_qwen_30b_deepseek_v3_granite_8b,"qwen_30b,deepseek_v3,granite_8b",229,always_qwen_30b,0.868020304568528,2.3474460913705585e-05,0.868020304568528,0.08629441624365482,0.0,0.9137055837563451
3model_qwen_30b_deepseek_v3_granite_8b,"qwen_30b,deepseek_v3,granite_8b",229,always_deepseek_v3,0.883248730964467,7.042395939086295e-05,0.883248730964467,0.07106598984771574,0.0,0.07106598984771574
3model_qwen_30b_deepseek_v3_granite_8b,"qwen_30b,deepseek_v3,granite_8b",229,always_granite_8b,0.8375634517766497,1.603908629441624e-05,0.8375634517766497,0.116751269035533,0.0,0.015228426395939087
3model_qwen_30b_deepseek_v3_granite_8b,"qwen_30b,deepseek_v3,granite_8b",229,random,0.8324873096446701,3.472755329949239e-05,0.8324873096446701,0.1218274111675127,0.0,0.28426395939086296
3model_qwen_30b_deepseek_v3_granite_8b,"qwen_30b,deepseek_v3,granite_8b",229,oracle,0.9543147208121827,2.687037360406091e-05,0.9543147208121827,0.0,0.0,1.0
3model_qwen_30b_deepseek_v3_granite_8b,"qwen_30b,deepseek_v3,granite_8b",229,logistic_router,0.868020304568528,3.0304121827411166e-05,0.868020304568528,0.08629441624365482,0.0,0.6700507614213198
3model_qwen_30b_deepseek_v3_granite_8b,"qwen_30b,deepseek_v3,granite_8b",229,linear_svm_router,0.8730964467005076,2.454525076142132e-05,0.8730964467005076,0.08121827411167512,0.0,0.8324873096446701
3model_qwen_30b_deepseek_v3_granite_8b,"qwen_30b,deepseek_v3,granite_8b",229,knn_router,0.868020304568528,2.3408217258883254e-05,0.868020304568528,0.08629441624365482,0.0,0.9086294416243654
3model_qwen_30b_deepseek_v3_granite_8b,"qwen_30b,deepseek_v3,granite_8b",229,decision_tree_router,0.8781725888324873,3.573153096446701e-05,0.8781725888324873,0.07614213197969544,0.0,0.5786802030456852
3model_qwen_30b_deepseek_v3_granite_8b,"qwen_30b,deepseek_v3,granite_8b",229,random_forest_router,0.868020304568528,2.5101092385786805e-05,0.868020304568528,0.08629441624365482,0.0,0.8121827411167513
3model_qwen_30b_deepseek_v3_granite_8b,"qwen_30b,deepseek_v3,granite_8b",229,extra_trees_router,0.883248730964467,2.7381821319796957e-05,0.883248730964467,0.07106598984771574,0.0,0.7614213197969543
3model_qwen_30b_deepseek_v3_granite_8b,"qwen_30b,deepseek_v3,granite_8b",229,mlp_router,0.8781725888324873,2.451113096446701e-05,0.8781725888324873,0.07614213197969544,0.0,0.8883248730964467
3model_qwen_30b_deepseek_v3_granite_8b,"qwen_30b,deepseek_v3,granite_8b",229,tfidf_logistic_router,0.8730964467005076,2.4670663959390868e-05,0.8730964467005076,0.08121827411167512,0.0,0.817258883248731
3model_qwen_30b_deepseek_v3_granite_8b,"qwen_30b,deepseek_v3,granite_8b",229,tfidf_linear_svm_router,0.8781725888324873,2.3439961421319798e-05,0.8781725888324873,0.07614213197969544,0.0,0.9086294416243654
3model_qwen_30b_deepseek_v3_granite_8b,"qwen_30b,deepseek_v3,granite_8b",229,tfidf_mlp_router,0.8730964467005076,2.344513908629442e-05,0.8730964467005076,0.08121827411167512,0.0,0.9137055837563451
3model_qwen_30b_deepseek_v3_granite_8b,"qwen_30b,deepseek_v3,granite_8b",230,always_qwen_30b,0.9187817258883249,2.4823336040609136e-05,0.9187817258883249,0.03553299492385787,0.0,0.9644670050761421
3model_qwen_30b_deepseek_v3_granite_8b,"qwen_30b,deepseek_v3,granite_8b",230,always_deepseek_v3,0.9137055837563451,7.150268020304568e-05,0.9137055837563451,0.04060913705583756,0.0,0.025380710659898477
3model_qwen_30b_deepseek_v3_granite_8b,"qwen_30b,deepseek_v3,granite_8b",230,always_granite_8b,0.8477157360406091,1.58748730964467e-05,0.8477157360406091,0.1065989847715736,0.0,0.01015228426395939
3model_qwen_30b_deepseek_v3_granite_8b,"qwen_30b,deepseek_v3,granite_8b",230,random,0.8934010152284264,3.286285279187817e-05,0.8934010152284264,0.06091370558375635,0.0,0.39593908629441626
3model_qwen_30b_deepseek_v3_granite_8b,"qwen_30b,deepseek_v3,granite_8b",230,oracle,0.9543147208121827,2.53581461928934e-05,0.9543147208121827,0.0,0.0,1.0
3model_qwen_30b_deepseek_v3_granite_8b,"qwen_30b,deepseek_v3,granite_8b",230,logistic_router,0.9035532994923858,3.398342538071066e-05,0.9035532994923858,0.050761421319796954,0.0,0.6954314720812182
3model_qwen_30b_deepseek_v3_granite_8b,"qwen_30b,deepseek_v3,granite_8b",230,linear_svm_router,0.9137055837563451,2.8132168527918777e-05,0.9137055837563451,0.04060913705583756,0.0,0.9086294416243654
3model_qwen_30b_deepseek_v3_granite_8b,"qwen_30b,deepseek_v3,granite_8b",230,knn_router,0.9187817258883249,2.5325329949238578e-05,0.9187817258883249,0.03553299492385787,0.0,0.949238578680203
3model_qwen_30b_deepseek_v3_granite_8b,"qwen_30b,deepseek_v3,granite_8b",230,decision_tree_router,0.9137055837563451,3.364675532994924e-05,0.9137055837563451,0.04060913705583756,0.0,0.6903553299492385
3model_qwen_30b_deepseek_v3_granite_8b,"qwen_30b,deepseek_v3,granite_8b",230,random_forest_router,0.9137055837563451,2.7776442639593906e-05,0.9137055837563451,0.04060913705583756,0.0,0.8020304568527918
3model_qwen_30b_deepseek_v3_granite_8b,"qwen_30b,deepseek_v3,granite_8b",230,extra_trees_router,0.9035532994923858,3.125271269035533e-05,0.9035532994923858,0.050761421319796954,0.0,0.7766497461928934
3model_qwen_30b_deepseek_v3_granite_8b,"qwen_30b,deepseek_v3,granite_8b",230,mlp_router,0.9238578680203046,2.760518781725888e-05,0.9238578680203046,0.030456852791878174,0.0,0.934010152284264
3model_qwen_30b_deepseek_v3_granite_8b,"qwen_30b,deepseek_v3,granite_8b",230,tfidf_logistic_router,0.9086294416243654,3.0770373604060915e-05,0.9086294416243654,0.04568527918781726,0.0,0.8527918781725888
3model_qwen_30b_deepseek_v3_granite_8b,"qwen_30b,deepseek_v3,granite_8b",230,tfidf_linear_svm_router,0.9187817258883249,2.574882233502538e-05,0.9187817258883249,0.03553299492385787,0.0,0.9593908629441624
3model_qwen_30b_deepseek_v3_granite_8b,"qwen_30b,deepseek_v3,granite_8b",230,tfidf_mlp_router,0.9187817258883249,2.5617935025380712e-05,0.9187817258883249,0.03553299492385787,0.0,0.9593908629441624
3model_qwen_30b_deepseek_v3_granite_8b,"qwen_30b,deepseek_v3,granite_8b",231,always_qwen_30b,0.8883248730964467,2.600484670050761e-05,0.8883248730964467,0.06091370558375635,0.0,0.9390862944162437
3model_qwen_30b_deepseek_v3_granite_8b,"qwen_30b,deepseek_v3,granite_8b",231,always_deepseek_v3,0.8984771573604061,7.693892385786802e-05,0.8984771573604061,0.050761421319796954,0.0,0.04568527918781726
3model_qwen_30b_deepseek_v3_granite_8b,"qwen_30b,deepseek_v3,granite_8b",231,always_granite_8b,0.8527918781725888,1.6751015228426392e-05,0.8527918781725888,0.09644670050761421,0.0,0.015228426395939087
3model_qwen_30b_deepseek_v3_granite_8b,"qwen_30b,deepseek_v3,granite_8b",231,random,0.8781725888324873,4.1556990862944164e-05,0.8781725888324873,0.07106598984771574,0.0,0.2893401015228426
3model_qwen_30b_deepseek_v3_granite_8b,"qwen_30b,deepseek_v3,granite_8b",231,oracle,0.949238578680203,2.7730028426395942e-05,0.949238578680203,0.0,0.0,1.0
3model_qwen_30b_deepseek_v3_granite_8b,"qwen_30b,deepseek_v3,granite_8b",231,logistic_router,0.8730964467005076,3.669707005076142e-05,0.8730964467005076,0.07614213197969544,0.0,0.7055837563451777
3model_qwen_30b_deepseek_v3_granite_8b,"qwen_30b,deepseek_v3,granite_8b",231,linear_svm_router,0.8730964467005076,2.708362233502538e-05,0.8730964467005076,0.07614213197969544,0.0,0.883248730964467
3model_qwen_30b_deepseek_v3_granite_8b,"qwen_30b,deepseek_v3,granite_8b",231,knn_router,0.8883248730964467,2.6193319796954314e-05,0.8883248730964467,0.06091370558375635,0.0,0.9289340101522843
3model_qwen_30b_deepseek_v3_granite_8b,"qwen_30b,deepseek_v3,granite_8b",231,decision_tree_router,0.883248730964467,3.18085076142132e-05,0.883248730964467,0.06598984771573604,0.0,0.6852791878172588
3model_qwen_30b_deepseek_v3_granite_8b,"qwen_30b,deepseek_v3,granite_8b",231,random_forest_router,0.8781725888324873,2.8589650761421316e-05,0.8781725888324873,0.07106598984771574,0.0,0.7969543147208121
3model_qwen_30b_deepseek_v3_granite_8b,"qwen_30b,deepseek_v3,granite_8b",231,extra_trees_router,0.8781725888324873,3.0505711675126904e-05,0.8781725888324873,0.07106598984771574,0.0,0.7817258883248731
3model_qwen_30b_deepseek_v3_granite_8b,"qwen_30b,deepseek_v3,granite_8b",231,mlp_router,0.8883248730964467,2.773999796954314e-05,0.8883248730964467,0.06091370558375635,0.0,0.9035532994923858
3model_qwen_30b_deepseek_v3_granite_8b,"qwen_30b,deepseek_v3,granite_8b",231,tfidf_logistic_router,0.883248730964467,2.8517352284263957e-05,0.883248730964467,0.06598984771573604,0.0,0.8730964467005076
3model_qwen_30b_deepseek_v3_granite_8b,"qwen_30b,deepseek_v3,granite_8b",231,tfidf_linear_svm_router,0.8883248730964467,2.665701319796954e-05,0.8883248730964467,0.06091370558375635,0.0,0.9390862944162437
3model_qwen_30b_deepseek_v3_granite_8b,"qwen_30b,deepseek_v3,granite_8b",231,tfidf_mlp_router,0.8883248730964467,2.665701319796954e-05,0.8883248730964467,0.06091370558375635,0.0,0.9390862944162437
3model_qwen_30b_deepseek_v3_granite_8b,"qwen_30b,deepseek_v3,granite_8b",232,always_qwen_30b,0.9137055837563451,2.631308629441624e-05,0.9137055837563451,0.04568527918781726,0.0,0.9543147208121827
3model_qwen_30b_deepseek_v3_granite_8b,"qwen_30b,deepseek_v3,granite_8b",232,always_deepseek_v3,0.9238578680203046,6.975652791878173e-05,0.9238578680203046,0.03553299492385787,0.0,0.030456852791878174
3model_qwen_30b_deepseek_v3_granite_8b,"qwen_30b,deepseek_v3,granite_8b",232,always_granite_8b,0.868020304568528,1.6348477157360407e-05,0.868020304568528,0.09137055837563451,0.0,0.015228426395939087
3model_qwen_30b_deepseek_v3_granite_8b,"qwen_30b,deepseek_v3,granite_8b",232,random,0.934010152284264,4.147911675126903e-05,0.934010152284264,0.025380710659898477,0.0,0.3248730964467005
3model_qwen_30b_deepseek_v3_granite_8b,"qwen_30b,deepseek_v3,granite_8b",232,oracle,0.9593908629441624,2.704966091370558e-05,0.9593908629441624,0.0,0.0,1.0
3model_qwen_30b_deepseek_v3_granite_8b,"qwen_30b,deepseek_v3,granite_8b",232,logistic_router,0.9086294416243654,3.5595433502538066e-05,0.9086294416243654,0.050761421319796954,0.0,0.7411167512690355
3model_qwen_30b_deepseek_v3_granite_8b,"qwen_30b,deepseek_v3,granite_8b",232,linear_svm_router,0.9137055837563451,2.9131311675126903e-05,0.9137055837563451,0.04568527918781726,0.0,0.8781725888324873
3model_qwen_30b_deepseek_v3_granite_8b,"qwen_30b,deepseek_v3,granite_8b",232,knn_router,0.9137055837563451,2.659693401015228e-05,0.9137055837563451,0.04568527918781726,0.0,0.949238578680203
3model_qwen_30b_deepseek_v3_granite_8b,"qwen_30b,deepseek_v3,granite_8b",232,decision_tree_router,0.9289340101522843,4.489751675126903e-05,0.9289340101522843,0.030456852791878174,0.0,0.4720812182741117
3model_qwen_30b_deepseek_v3_granite_8b,"qwen_30b,deepseek_v3,granite_8b",232,random_forest_router,0.9238578680203046,2.9221989847715733e-05,0.9238578680203046,0.03553299492385787,0.0,0.868020304568528
3model_qwen_30b_deepseek_v3_granite_8b,"qwen_30b,deepseek_v3,granite_8b",232,extra_trees_router,0.9086294416243654,3.115199390862944e-05,0.9086294416243654,0.050761421319796954,0.0,0.8223350253807107
3model_qwen_30b_deepseek_v3_granite_8b,"qwen_30b,deepseek_v3,granite_8b",232,mlp_router,0.9187817258883249,2.787110253807106e-05,0.9187817258883249,0.04060913705583756,0.0,0.9289340101522843
3model_qwen_30b_deepseek_v3_granite_8b,"qwen_30b,deepseek_v3,granite_8b",232,tfidf_logistic_router,0.9137055837563451,3.064954720812182e-05,0.9137055837563451,0.04568527918781726,0.0,0.8730964467005076
3model_qwen_30b_deepseek_v3_granite_8b,"qwen_30b,deepseek_v3,granite_8b",232,tfidf_linear_svm_router,0.9137055837563451,2.631308629441624e-05,0.9137055837563451,0.04568527918781726,0.0,0.9543147208121827
3model_qwen_30b_deepseek_v3_granite_8b,"qwen_30b,deepseek_v3,granite_8b",232,tfidf_mlp_router,0.9137055837563451,2.631308629441624e-05,0.9137055837563451,0.04568527918781726,0.0,0.9543147208121827
3model_qwen_30b_deepseek_v3_granite_8b,"qwen_30b,deepseek_v3,granite_8b",233,always_qwen_30b,0.9086294416243654,2.511114720812183e-05,0.9086294416243654,0.050761421319796954,0.0,0.949238578680203
3model_qwen_30b_deepseek_v3_granite_8b,"qwen_30b,deepseek_v3,granite_8b",233,always_deepseek_v3,0.9187817258883249,7.352493401015228e-05,0.9187817258883249,0.04060913705583756,0.0,0.04568527918781726
3model_qwen_30b_deepseek_v3_granite_8b,"qwen_30b,deepseek_v3,granite_8b",233,always_granite_8b,0.8527918781725888,1.6294162436548225e-05,0.8527918781725888,0.1065989847715736,0.0,0.005076142131979695
3model_qwen_30b_deepseek_v3_granite_8b,"qwen_30b,deepseek_v3,granite_8b",233,random,0.8781725888324873,3.619580507614213e-05,0.8781725888324873,0.08121827411167512,0.0,0.3096446700507614
3model_qwen_30b_deepseek_v3_granite_8b,"qwen_30b,deepseek_v3,granite_8b",233,oracle,0.9593908629441624,2.787337664974619e-05,0.9593908629441624,0.0,0.0,1.0
3model_qwen_30b_deepseek_v3_granite_8b,"qwen_30b,deepseek_v3,granite_8b",233,logistic_router,0.8984771573604061,3.2001553299492385e-05,0.8984771573604061,0.06091370558375635,0.0,0.6649746192893401
3model_qwen_30b_deepseek_v3_granite_8b,"qwen_30b,deepseek_v3,granite_8b",233,linear_svm_router,0.9086294416243654,2.6916728934010155e-05,0.9086294416243654,0.050761421319796954,0.0,0.8934010152284264
3model_qwen_30b_deepseek_v3_granite_8b,"qwen_30b,deepseek_v3,granite_8b",233,knn_router,0.9086294416243654,2.53968e-05,0.9086294416243654,0.050761421319796954,0.0,0.9441624365482234
3model_qwen_30b_deepseek_v3_granite_8b,"qwen_30b,deepseek_v3,granite_8b",233,decision_tree_router,0.9187817258883249,3.543700710659898e-05,0.9187817258883249,0.04060913705583756,0.0,0.5685279187817259
3model_qwen_30b_deepseek_v3_granite_8b,"qwen_30b,deepseek_v3,granite_8b",233,random_forest_router,0.9086294416243654,2.7409496446700502e-05,0.9086294416243654,0.050761421319796954,0.0,0.8020304568527918
3model_qwen_30b_deepseek_v3_granite_8b,"qwen_30b,deepseek_v3,granite_8b",233,extra_trees_router,0.9035532994923858,2.800556142131979e-05,0.9035532994923858,0.05583756345177665,0.0,0.7868020304568528
3model_qwen_30b_deepseek_v3_granite_8b,"qwen_30b,deepseek_v3,granite_8b",233,mlp_router,0.9086294416243654,2.632214416243655e-05,0.9086294416243654,0.050761421319796954,0.0,0.9289340101522843
3model_qwen_30b_deepseek_v3_granite_8b,"qwen_30b,deepseek_v3,granite_8b",233,tfidf_logistic_router,0.9035532994923858,2.7472655837563453e-05,0.9035532994923858,0.05583756345177665,0.0,0.8477157360406091
3model_qwen_30b_deepseek_v3_granite_8b,"qwen_30b,deepseek_v3,granite_8b",233,tfidf_linear_svm_router,0.9086294416243654,2.511114720812183e-05,0.9086294416243654,0.050761421319796954,0.0,0.949238578680203
3model_qwen_30b_deepseek_v3_granite_8b,"qwen_30b,deepseek_v3,granite_8b",233,tfidf_mlp_router,0.9086294416243654,2.511114720812183e-05,0.9086294416243654,0.050761421319796954,0.0,0.949238578680203
3model_llama_70b_deepseek_v3_granite_8b,"llama_70b,deepseek_v3,granite_8b",229,always_llama_70b,0.8934010152284264,5.343402538071066e-05,0.8934010152284264,0.06598984771573604,0.0,0.934010152284264
3model_llama_70b_deepseek_v3_granite_8b,"llama_70b,deepseek_v3,granite_8b",229,always_deepseek_v3,0.883248730964467,7.042395939086295e-05,0.883248730964467,0.07614213197969544,0.0,0.05583756345177665
3model_llama_70b_deepseek_v3_granite_8b,"llama_70b,deepseek_v3,granite_8b",229,always_granite_8b,0.8375634517766497,1.603908629441624e-05,0.8375634517766497,0.1218274111675127,0.0,0.01015228426395939
3model_llama_70b_deepseek_v3_granite_8b,"llama_70b,deepseek_v3,granite_8b",229,random,0.8324873096446701,4.347992385786802e-05,0.8324873096446701,0.12690355329949238,0.0,0.27411167512690354
3model_llama_70b_deepseek_v3_granite_8b,"llama_70b,deepseek_v3,granite_8b",229,oracle,0.9593908629441624,5.383316751269035e-05,0.9593908629441624,0.0,0.0,1.0
3model_llama_70b_deepseek_v3_granite_8b,"llama_70b,deepseek_v3,granite_8b",229,logistic_router,0.9086294416243654,5.295891370558375e-05,0.9086294416243654,0.050761421319796954,0.0,0.7055837563451777
3model_llama_70b_deepseek_v3_granite_8b,"llama_70b,deepseek_v3,granite_8b",229,linear_svm_router,0.8934010152284264,5.1636096446700505e-05,0.8934010152284264,0.06598984771573604,0.0,0.8121827411167513
3model_llama_70b_deepseek_v3_granite_8b,"llama_70b,deepseek_v3,granite_8b",229,knn_router,0.8883248730964467,5.337681725888324e-05,0.8883248730964467,0.07106598984771574,0.0,0.9289340101522843
3model_llama_70b_deepseek_v3_granite_8b,"llama_70b,deepseek_v3,granite_8b",229,decision_tree_router,0.883248730964467,5.036419796954316e-05,0.883248730964467,0.07614213197969544,0.0,0.5939086294416244
3model_llama_70b_deepseek_v3_granite_8b,"llama_70b,deepseek_v3,granite_8b",229,random_forest_router,0.8934010152284264,5.3055e-05,0.8934010152284264,0.06598984771573604,0.0,0.7563451776649747
3model_llama_70b_deepseek_v3_granite_8b,"llama_70b,deepseek_v3,granite_8b",229,extra_trees_router,0.8984771573604061,5.172524365482233e-05,0.8984771573604061,0.06091370558375635,0.0,0.7461928934010152
3model_llama_70b_deepseek_v3_granite_8b,"llama_70b,deepseek_v3,granite_8b",229,mlp_router,0.8984771573604061,5.280334517766497e-05,0.8984771573604061,0.06091370558375635,0.0,0.9137055837563451
3model_llama_70b_deepseek_v3_granite_8b,"llama_70b,deepseek_v3,granite_8b",229,tfidf_logistic_router,0.9086294416243654,5.188235532994924e-05,0.9086294416243654,0.050761421319796954,0.0,0.766497461928934
3model_llama_70b_deepseek_v3_granite_8b,"llama_70b,deepseek_v3,granite_8b",229,tfidf_linear_svm_router,0.8934010152284264,5.297397461928933e-05,0.8934010152284264,0.06598984771573604,0.0,0.9137055837563451
3model_llama_70b_deepseek_v3_granite_8b,"llama_70b,deepseek_v3,granite_8b",229,tfidf_mlp_router,0.8934010152284264,5.3172380710659895e-05,0.8934010152284264,0.06598984771573604,0.0,0.9086294416243654
3model_llama_70b_deepseek_v3_granite_8b,"llama_70b,deepseek_v3,granite_8b",230,always_llama_70b,0.8781725888324873,0.010206027761421321,0.8781725888324873,0.07106598984771574,0.0,0.9289340101522843
3model_llama_70b_deepseek_v3_granite_8b,"llama_70b,deepseek_v3,granite_8b",230,always_deepseek_v3,0.9137055837563451,7.150268020304568e-05,0.9137055837563451,0.03553299492385787,0.0,0.06598984771573604
3model_llama_70b_deepseek_v3_granite_8b,"llama_70b,deepseek_v3,granite_8b",230,always_granite_8b,0.8477157360406091,1.58748730964467e-05,0.8477157360406091,0.10152284263959391,0.0,0.005076142131979695
3model_llama_70b_deepseek_v3_granite_8b,"llama_70b,deepseek_v3,granite_8b",230,random,0.8781725888324873,4.3347203045685276e-05,0.8781725888324873,0.07106598984771574,0.0,0.39086294416243655
3model_llama_70b_deepseek_v3_granite_8b,"llama_70b,deepseek_v3,granite_8b",230,oracle,0.949238578680203,0.010206055030456854,0.949238578680203,0.0,0.0,1.0
3model_llama_70b_deepseek_v3_granite_8b,"llama_70b,deepseek_v3,granite_8b",230,logistic_router,0.9035532994923858,0.010206510979695431,0.9035532994923858,0.04568527918781726,0.0,0.7918781725888325
3model_llama_70b_deepseek_v3_granite_8b,"llama_70b,deepseek_v3,granite_8b",230,linear_svm_router,0.8781725888324873,0.01020700747715736,0.8781725888324873,0.07106598984771574,0.0,0.8477157360406091
3model_llama_70b_deepseek_v3_granite_8b,"llama_70b,deepseek_v3,granite_8b",230,knn_router,0.8781725888324873,0.01020622588324873,0.8781725888324873,0.07106598984771574,0.0,0.9086294416243654
3model_llama_70b_deepseek_v3_granite_8b,"llama_70b,deepseek_v3,granite_8b",230,decision_tree_router,0.8934010152284264,0.010209189644670054,0.8934010152284264,0.05583756345177665,0.0,0.7208121827411168
3model_llama_70b_deepseek_v3_granite_8b,"llama_70b,deepseek_v3,granite_8b",230,random_forest_router,0.8934010152284264,0.010206022015228423,0.8934010152284264,0.05583756345177665,0.0,0.7969543147208121
3model_llama_70b_deepseek_v3_granite_8b,"llama_70b,deepseek_v3,granite_8b",230,extra_trees_router,0.9035532994923858,0.010206232294416244,0.9035532994923858,0.04568527918781726,0.0,0.7918781725888325
3model_llama_70b_deepseek_v3_granite_8b,"llama_70b,deepseek_v3,granite_8b",230,mlp_router,0.8883248730964467,0.010205888827411169,0.8883248730964467,0.06091370558375635,0.0,0.9137055837563451
3model_llama_70b_deepseek_v3_granite_8b,"llama_70b,deepseek_v3,granite_8b",230,tfidf_logistic_router,0.8883248730964467,0.010207202045685279,0.8883248730964467,0.06091370558375635,0.0,0.8426395939086294
3model_llama_70b_deepseek_v3_granite_8b,"llama_70b,deepseek_v3,granite_8b",230,tfidf_linear_svm_router,0.8730964467005076,0.010206531111675129,0.8730964467005076,0.07614213197969544,0.0,0.9035532994923858
3model_llama_70b_deepseek_v3_granite_8b,"llama_70b,deepseek_v3,granite_8b",230,tfidf_mlp_router,0.8730964467005076,0.010206361822335027,0.8730964467005076,0.07614213197969544,0.0,0.9035532994923858
3model_llama_70b_deepseek_v3_granite_8b,"llama_70b,deepseek_v3,granite_8b",231,always_llama_70b,0.8984771573604061,0.0051297422944162445,0.8984771573604061,0.050761421319796954,0.0,0.949238578680203
3model_llama_70b_deepseek_v3_granite_8b,"llama_70b,deepseek_v3,granite_8b",231,always_deepseek_v3,0.8984771573604061,7.693892385786802e-05,0.8984771573604061,0.050761421319796954,0.0,0.04568527918781726
3model_llama_70b_deepseek_v3_granite_8b,"llama_70b,deepseek_v3,granite_8b",231,always_granite_8b,0.8527918781725888,1.6751015228426392e-05,0.8527918781725888,0.09644670050761421,0.0,0.005076142131979695
3model_llama_70b_deepseek_v3_granite_8b,"llama_70b,deepseek_v3,granite_8b",231,random,0.8934010152284264,4.964247715736042e-05,0.8934010152284264,0.05583756345177665,0.0,0.29949238578680204
3model_llama_70b_deepseek_v3_granite_8b,"llama_70b,deepseek_v3,granite_8b",231,oracle,0.949238578680203,0.0051304303756345175,0.949238578680203,0.0,0.0,1.0
3model_llama_70b_deepseek_v3_granite_8b,"llama_70b,deepseek_v3,granite_8b",231,logistic_router,0.8984771573604061,0.005134153182741116,0.8984771573604061,0.050761421319796954,0.0,0.751269035532995
3model_llama_70b_deepseek_v3_granite_8b,"llama_70b,deepseek_v3,granite_8b",231,linear_svm_router,0.8984771573604061,0.005130865593908629,0.8984771573604061,0.050761421319796954,0.0,0.8578680203045685
3model_llama_70b_deepseek_v3_granite_8b,"llama_70b,deepseek_v3,granite_8b",231,knn_router,0.8984771573604061,0.005130400314720812,0.8984771573604061,0.050761421319796954,0.0,0.9390862944162437
3model_llama_70b_deepseek_v3_granite_8b,"llama_70b,deepseek_v3,granite_8b",231,decision_tree_router,0.9137055837563451,0.005130309634517766,0.9137055837563451,0.03553299492385787,0.0,0.7461928934010152
3model_llama_70b_deepseek_v3_granite_8b,"llama_70b,deepseek_v3,granite_8b",231,random_forest_router,0.8934010152284264,0.005129987436548225,0.8934010152284264,0.05583756345177665,0.0,0.8071065989847716
3model_llama_70b_deepseek_v3_granite_8b,"llama_70b,deepseek_v3,granite_8b",231,extra_trees_router,0.8984771573604061,0.005131747045685279,0.8984771573604061,0.050761421319796954,0.0,0.8020304568527918
3model_llama_70b_deepseek_v3_granite_8b,"llama_70b,deepseek_v3,granite_8b",231,mlp_router,0.8984771573604061,0.005132012873096447,0.8984771573604061,0.050761421319796954,0.0,0.883248730964467
3model_llama_70b_deepseek_v3_granite_8b,"llama_70b,deepseek_v3,granite_8b",231,tfidf_logistic_router,0.8984771573604061,0.005131787223350254,0.8984771573604061,0.050761421319796954,0.0,0.8121827411167513
3model_llama_70b_deepseek_v3_granite_8b,"llama_70b,deepseek_v3,granite_8b",231,tfidf_linear_svm_router,0.8984771573604061,0.0051306095532994925,0.8984771573604061,0.050761421319796954,0.0,0.934010152284264
3model_llama_70b_deepseek_v3_granite_8b,"llama_70b,deepseek_v3,granite_8b",231,tfidf_mlp_router,0.8984771573604061,0.0051306796852791875,0.8984771573604061,0.050761421319796954,0.0,0.9289340101522843
3model_llama_70b_deepseek_v3_granite_8b,"llama_70b,deepseek_v3,granite_8b",232,always_llama_70b,0.9187817258883249,5.5371817258883244e-05,0.9187817258883249,0.05583756345177665,0.0,0.9441624365482234
3model_llama_70b_deepseek_v3_granite_8b,"llama_70b,deepseek_v3,granite_8b",232,always_deepseek_v3,0.9238578680203046,6.975652791878173e-05,0.9238578680203046,0.050761421319796954,0.0,0.050761421319796954
3model_llama_70b_deepseek_v3_granite_8b,"llama_70b,deepseek_v3,granite_8b",232,always_granite_8b,0.868020304568528,1.6348477157360407e-05,0.868020304568528,0.1065989847715736,0.0,0.005076142131979695
3model_llama_70b_deepseek_v3_granite_8b,"llama_70b,deepseek_v3,granite_8b",232,random,0.949238578680203,5.015553807106599e-05,0.949238578680203,0.025380710659898477,0.0,0.3401015228426396
3model_llama_70b_deepseek_v3_granite_8b,"llama_70b,deepseek_v3,granite_8b",232,oracle,0.9746192893401016,5.632738071065989e-05,0.9746192893401016,0.0,0.0,1.0
3model_llama_70b_deepseek_v3_granite_8b,"llama_70b,deepseek_v3,granite_8b",232,logistic_router,0.9390862944162437,5.5595406091370565e-05,0.9390862944162437,0.03553299492385787,0.0,0.8020304568527918
3model_llama_70b_deepseek_v3_granite_8b,"llama_70b,deepseek_v3,granite_8b",232,linear_svm_router,0.9289340101522843,5.4907756345177665e-05,0.9289340101522843,0.04568527918781726,0.0,0.8984771573604061
3model_llama_70b_deepseek_v3_granite_8b,"llama_70b,deepseek_v3,granite_8b",232,knn_router,0.9187817258883249,5.5371817258883244e-05,0.9187817258883249,0.05583756345177665,0.0,0.9441624365482234
3model_llama_70b_deepseek_v3_granite_8b,"llama_70b,deepseek_v3,granite_8b",232,decision_tree_router,0.9289340101522843,5.517569543147208e-05,0.9289340101522843,0.04568527918781726,0.0,0.700507614213198
3model_llama_70b_deepseek_v3_granite_8b,"llama_70b,deepseek_v3,granite_8b",232,random_forest_router,0.934010152284264,5.519908629441623e-05,0.934010152284264,0.04060913705583756,0.0,0.8426395939086294
3model_llama_70b_deepseek_v3_granite_8b,"llama_70b,deepseek_v3,granite_8b",232,extra_trees_router,0.9238578680203046,5.563852284263958e-05,0.9238578680203046,0.050761421319796954,0.0,0.8527918781725888
3model_llama_70b_deepseek_v3_granite_8b,"llama_70b,deepseek_v3,granite_8b",232,mlp_router,0.9238578680203046,5.6091055837563443e-05,0.9238578680203046,0.050761421319796954,0.0,0.9289340101522843
3model_llama_70b_deepseek_v3_granite_8b,"llama_70b,deepseek_v3,granite_8b",232,tfidf_logistic_router,0.934010152284264,5.637177664974619e-05,0.934010152284264,0.04060913705583756,0.0,0.8375634517766497
3model_llama_70b_deepseek_v3_granite_8b,"llama_70b,deepseek_v3,granite_8b",232,tfidf_linear_svm_router,0.9187817258883249,5.553587817258883e-05,0.9187817258883249,0.05583756345177665,0.0,0.9390862944162437
3model_llama_70b_deepseek_v3_granite_8b,"llama_70b,deepseek_v3,granite_8b",232,tfidf_mlp_router,0.9187817258883249,5.55098883248731e-05,0.9187817258883249,0.05583756345177665,0.0,0.9390862944162437
3model_llama_70b_deepseek_v3_granite_8b,"llama_70b,deepseek_v3,granite_8b",233,always_llama_70b,0.883248730964467,5.4729203045685284e-05,0.883248730964467,0.07614213197969544,0.0,0.9238578680203046
3model_llama_70b_deepseek_v3_granite_8b,"llama_70b,deepseek_v3,granite_8b",233,always_deepseek_v3,0.9187817258883249,7.352493401015228e-05,0.9187817258883249,0.04060913705583756,0.0,0.07106598984771574
3model_llama_70b_deepseek_v3_granite_8b,"llama_70b,deepseek_v3,granite_8b",233,always_granite_8b,0.8527918781725888,1.6294162436548225e-05,0.8527918781725888,0.1065989847715736,0.0,0.005076142131979695
3model_llama_70b_deepseek_v3_granite_8b,"llama_70b,deepseek_v3,granite_8b",233,random,0.8730964467005076,4.63635076142132e-05,0.8730964467005076,0.08629441624365482,0.0,0.29441624365482233
3model_llama_70b_deepseek_v3_granite_8b,"llama_70b,deepseek_v3,granite_8b",233,oracle,0.9593908629441624,5.711068527918781e-05,0.9593908629441624,0.0,0.0,1.0
3model_llama_70b_deepseek_v3_granite_8b,"llama_70b,deepseek_v3,granite_8b",233,logistic_router,0.8984771573604061,5.519055329949239e-05,0.8984771573604061,0.06091370558375635,0.0,0.7715736040609137
3model_llama_70b_deepseek_v3_granite_8b,"llama_70b,deepseek_v3,granite_8b",233,linear_svm_router,0.883248730964467,5.469133502538072e-05,0.883248730964467,0.07614213197969544,0.0,0.868020304568528
3model_llama_70b_deepseek_v3_granite_8b,"llama_70b,deepseek_v3,granite_8b",233,knn_router,0.883248730964467,5.4729203045685284e-05,0.883248730964467,0.07614213197969544,0.0,0.9238578680203046
3model_llama_70b_deepseek_v3_granite_8b,"llama_70b,deepseek_v3,granite_8b",233,decision_tree_router,0.9086294416243654,6.062253299492387e-05,0.9086294416243654,0.050761421319796954,0.0,0.6142131979695431
3model_llama_70b_deepseek_v3_granite_8b,"llama_70b,deepseek_v3,granite_8b",233,random_forest_router,0.8984771573604061,5.4577517766497465e-05,0.8984771573604061,0.06091370558375635,0.0,0.7918781725888325
3model_llama_70b_deepseek_v3_granite_8b,"llama_70b,deepseek_v3,granite_8b",233,extra_trees_router,0.8934010152284264,5.447893908629442e-05,0.8934010152284264,0.06598984771573604,0.0,0.8121827411167513
3model_llama_70b_deepseek_v3_granite_8b,"llama_70b,deepseek_v3,granite_8b",233,mlp_router,0.883248730964467,5.500185279187817e-05,0.883248730964467,0.07614213197969544,0.0,0.9086294416243654
3model_llama_70b_deepseek_v3_granite_8b,"llama_70b,deepseek_v3,granite_8b",233,tfidf_logistic_router,0.883248730964467,5.4360756345177665e-05,0.883248730964467,0.07614213197969544,0.0,0.8223350253807107
3model_llama_70b_deepseek_v3_granite_8b,"llama_70b,deepseek_v3,granite_8b",233,tfidf_linear_svm_router,0.883248730964467,5.474723350253807e-05,0.883248730964467,0.07614213197969544,0.0,0.9086294416243654
3model_llama_70b_deepseek_v3_granite_8b,"llama_70b,deepseek_v3,granite_8b",233,tfidf_mlp_router,0.883248730964467,5.478859390862944e-05,0.883248730964467,0.07614213197969544,0.0,0.9187817258883249
