group,models,seed,policy,accuracy,avg_cost,utility,regret,cost_weight,route_acc
2model_mistral_nemo_qwen_235b,"mistral_nemo,qwen_235b",229,always_mistral_nemo,0.72,9.60024e-06,0.72,0.216,0.0,0.784
2model_mistral_nemo_qwen_235b,"mistral_nemo,qwen_235b",229,always_qwen_235b,0.896,4.10186e-05,0.896,0.04,0.0,0.216
2model_mistral_nemo_qwen_235b,"mistral_nemo,qwen_235b",229,random,0.824,3.0105203999999992e-05,0.824,0.112,0.0,0.44
2model_mistral_nemo_qwen_235b,"mistral_nemo,qwen_235b",229,oracle,0.936,1.8239703999999995e-05,0.936,0.0,0.0,1.0
2model_mistral_nemo_qwen_235b,"mistral_nemo,qwen_235b",229,logistic_router,0.808,1.7130572e-05,0.808,0.128,0.0,0.728
2model_mistral_nemo_qwen_235b,"mistral_nemo,qwen_235b",229,linear_svm_router,0.776,1.5936716e-05,0.776,0.16,0.0,0.744
2model_mistral_nemo_qwen_235b,"mistral_nemo,qwen_235b",229,knn_router,0.752,1.0496992e-05,0.752,0.184,0.0,0.808
2model_mistral_nemo_qwen_235b,"mistral_nemo,qwen_235b",229,decision_tree_router,0.824,1.9371687999999997e-05,0.824,0.112,0.0,0.752
2model_mistral_nemo_qwen_235b,"mistral_nemo,qwen_235b",229,random_forest_router,0.816,1.789216e-05,0.816,0.12,0.0,0.72
2model_mistral_nemo_qwen_235b,"mistral_nemo,qwen_235b",229,extra_trees_router,0.792,1.6113564000000003e-05,0.792,0.144,0.0,0.736
2model_mistral_nemo_qwen_235b,"mistral_nemo,qwen_235b",229,tfidf_logistic_router,0.784,1.6296784e-05,0.784,0.152,0.0,0.736
2model_mistral_nemo_qwen_235b,"mistral_nemo,qwen_235b",229,tfidf_linear_svm_router,0.784,1.358668e-05,0.784,0.152,0.0,0.808
2model_mistral_nemo_qwen_235b,"mistral_nemo,qwen_235b",230,always_mistral_nemo,0.728,8.43176e-06,0.728,0.216,0.0,0.784
2model_mistral_nemo_qwen_235b,"mistral_nemo,qwen_235b",230,always_qwen_235b,0.92,4.760200399999999e-05,0.92,0.024,0.0,0.216
2model_mistral_nemo_qwen_235b,"mistral_nemo,qwen_235b",230,random,0.84,2.6250172e-05,0.84,0.104,0.0,0.592
2model_mistral_nemo_qwen_235b,"mistral_nemo,qwen_235b",230,oracle,0.944,1.9086468000000003e-05,0.944,0.0,0.0,1.0
2model_mistral_nemo_qwen_235b,"mistral_nemo,qwen_235b",230,logistic_router,0.856,2.2494032e-05,0.856,0.088,0.0,0.736
2model_mistral_nemo_qwen_235b,"mistral_nemo,qwen_235b",230,linear_svm_router,0.832,2.1622080000000003e-05,0.832,0.112,0.0,0.736
2model_mistral_nemo_qwen_235b,"mistral_nemo,qwen_235b",230,knn_router,0.768,1.1778408e-05,0.768,0.176,0.0,0.8
2model_mistral_nemo_qwen_235b,"mistral_nemo,qwen_235b",230,decision_tree_router,0.8,1.9311968000000003e-05,0.8,0.144,0.0,0.72
2model_mistral_nemo_qwen_235b,"mistral_nemo,qwen_235b",230,random_forest_router,0.824,2.1312488e-05,0.824,0.12,0.0,0.712
2model_mistral_nemo_qwen_235b,"mistral_nemo,qwen_235b",230,extra_trees_router,0.824,2.4847640000000002e-05,0.824,0.12,0.0,0.672
2model_mistral_nemo_qwen_235b,"mistral_nemo,qwen_235b",230,tfidf_logistic_router,0.848,2.0569480000000002e-05,0.848,0.096,0.0,0.752
2model_mistral_nemo_qwen_235b,"mistral_nemo,qwen_235b",230,tfidf_linear_svm_router,0.816,1.622474e-05,0.816,0.128,0.0,0.776
2model_mistral_nemo_qwen_235b,"mistral_nemo,qwen_235b",231,always_mistral_nemo,0.688,8.764720000000002e-06,0.688,0.224,0.0,0.776
2model_mistral_nemo_qwen_235b,"mistral_nemo,qwen_235b",231,always_qwen_235b,0.888,4.208999199999999e-05,0.888,0.024,0.0,0.224
2model_mistral_nemo_qwen_235b,"mistral_nemo,qwen_235b",231,random,0.776,2.3642980000000002e-05,0.776,0.136,0.0,0.456
2model_mistral_nemo_qwen_235b,"mistral_nemo,qwen_235b",231,oracle,0.912,1.9591820000000002e-05,0.912,0.0,0.0,1.0
2model_mistral_nemo_qwen_235b,"mistral_nemo,qwen_235b",231,logistic_router,0.808,1.8798444000000003e-05,0.808,0.104,0.0,0.784
2model_mistral_nemo_qwen_235b,"mistral_nemo,qwen_235b",231,linear_svm_router,0.792,1.810146e-05,0.792,0.12,0.0,0.8
2model_mistral_nemo_qwen_235b,"mistral_nemo,qwen_235b",231,knn_router,0.752,1.3074947999999999e-05,0.752,0.16,0.0,0.832
2model_mistral_nemo_qwen_235b,"mistral_nemo,qwen_235b",231,decision_tree_router,0.824,1.8182452000000003e-05,0.824,0.088,0.0,0.744
2model_mistral_nemo_qwen_235b,"mistral_nemo,qwen_235b",231,random_forest_router,0.832,1.8841180000000004e-05,0.832,0.08,0.0,0.816
2model_mistral_nemo_qwen_235b,"mistral_nemo,qwen_235b",231,extra_trees_router,0.816,1.896478e-05,0.816,0.096,0.0,0.784
2model_mistral_nemo_qwen_235b,"mistral_nemo,qwen_235b",231,tfidf_logistic_router,0.8,1.6498236e-05,0.8,0.112,0.0,0.824
2model_mistral_nemo_qwen_235b,"mistral_nemo,qwen_235b",231,tfidf_linear_svm_router,0.776,1.4645748e-05,0.776,0.136,0.0,0.824
2model_mistral_nemo_qwen_235b,"mistral_nemo,qwen_235b",232,always_mistral_nemo,0.728,8.343599999999998e-06,0.728,0.232,0.0,0.768
2model_mistral_nemo_qwen_235b,"mistral_nemo,qwen_235b",232,always_qwen_235b,0.936,4.7615416e-05,0.936,0.024,0.0,0.232
2model_mistral_nemo_qwen_235b,"mistral_nemo,qwen_235b",232,random,0.8,2.490084e-05,0.8,0.16,0.0,0.48
2model_mistral_nemo_qwen_235b,"mistral_nemo,qwen_235b",232,oracle,0.96,1.9344412000000007e-05,0.96,0.0,0.0,1.0
2model_mistral_nemo_qwen_235b,"mistral_nemo,qwen_235b",232,logistic_router,0.8,1.7846808000000005e-05,0.8,0.16,0.0,0.68
2model_mistral_nemo_qwen_235b,"mistral_nemo,qwen_235b",232,linear_svm_router,0.8,1.7226976000000004e-05,0.8,0.16,0.0,0.704
2model_mistral_nemo_qwen_235b,"mistral_nemo,qwen_235b",232,knn_router,0.768,1.2079827999999999e-05,0.768,0.192,0.0,0.8
2model_mistral_nemo_qwen_235b,"mistral_nemo,qwen_235b",232,decision_tree_router,0.816,2.2558012000000003e-05,0.816,0.144,0.0,0.672
2model_mistral_nemo_qwen_235b,"mistral_nemo,qwen_235b",232,random_forest_router,0.8,2.1227016000000002e-05,0.8,0.16,0.0,0.712
2model_mistral_nemo_qwen_235b,"mistral_nemo,qwen_235b",232,extra_trees_router,0.792,1.8316944e-05,0.792,0.168,0.0,0.72
2model_mistral_nemo_qwen_235b,"mistral_nemo,qwen_235b",232,tfidf_logistic_router,0.8,1.4804239999999997e-05,0.8,0.16,0.0,0.744
2model_mistral_nemo_qwen_235b,"mistral_nemo,qwen_235b",232,tfidf_linear_svm_router,0.792,1.5105339999999999e-05,0.792,0.168,0.0,0.752
2model_mistral_nemo_qwen_235b,"mistral_nemo,qwen_235b",233,always_mistral_nemo,0.728,8.0912e-06,0.728,0.216,0.0,0.784
2model_mistral_nemo_qwen_235b,"mistral_nemo,qwen_235b",233,always_qwen_235b,0.912,4.258162399999999e-05,0.912,0.032,0.0,0.216
2model_mistral_nemo_qwen_235b,"mistral_nemo,qwen_235b",233,random,0.808,2.6958448e-05,0.808,0.136,0.0,0.496
2model_mistral_nemo_qwen_235b,"mistral_nemo,qwen_235b",233,oracle,0.944,1.8038904000000002e-05,0.944,0.0,0.0,1.0
2model_mistral_nemo_qwen_235b,"mistral_nemo,qwen_235b",233,logistic_router,0.84,2.1499492e-05,0.84,0.104,0.0,0.704
2model_mistral_nemo_qwen_235b,"mistral_nemo,qwen_235b",233,linear_svm_router,0.84,2.0579772e-05,0.84,0.104,0.0,0.752
2model_mistral_nemo_qwen_235b,"mistral_nemo,qwen_235b",233,knn_router,0.776,1.085448e-05,0.776,0.168,0.0,0.832
2model_mistral_nemo_qwen_235b,"mistral_nemo,qwen_235b",233,decision_tree_router,0.856,2.0670224e-05,0.856,0.088,0.0,0.792
2model_mistral_nemo_qwen_235b,"mistral_nemo,qwen_235b",233,random_forest_router,0.832,1.8511856e-05,0.832,0.112,0.0,0.784
2model_mistral_nemo_qwen_235b,"mistral_nemo,qwen_235b",233,extra_trees_router,0.832,1.8609015999999998e-05,0.832,0.112,0.0,0.792
2model_mistral_nemo_qwen_235b,"mistral_nemo,qwen_235b",233,tfidf_logistic_router,0.84,1.86318e-05,0.84,0.104,0.0,0.784
2model_mistral_nemo_qwen_235b,"mistral_nemo,qwen_235b",233,tfidf_linear_svm_router,0.816,1.4718632e-05,0.816,0.128,0.0,0.824
2model_mistral_nemo_gemini_flash,"mistral_nemo,gemini_flash",229,always_mistral_nemo,0.72,9.60024e-06,0.72,0.184,0.0,0.816
2model_mistral_nemo_gemini_flash,"mistral_nemo,gemini_flash",229,always_gemini_flash,0.864,0.0001908728,0.864,0.04,0.0,0.184
2model_mistral_nemo_gemini_flash,"mistral_nemo,gemini_flash",229,random,0.824,0.00012051696,0.824,0.08,0.0,0.456
2model_mistral_nemo_gemini_flash,"mistral_nemo,gemini_flash",229,oracle,0.904,4.962448e-05,0.904,0.0,0.0,1.0
2model_mistral_nemo_gemini_flash,"mistral_nemo,gemini_flash",229,logistic_router,0.8,6.068808e-05,0.8,0.104,0.0,0.712
2model_mistral_nemo_gemini_flash,"mistral_nemo,gemini_flash",229,linear_svm_router,0.768,4.9992e-05,0.768,0.136,0.0,0.712
2model_mistral_nemo_gemini_flash,"mistral_nemo,gemini_flash",229,knn_router,0.736,1.9598640000000002e-05,0.736,0.168,0.0,0.808
2model_mistral_nemo_gemini_flash,"mistral_nemo,gemini_flash",229,decision_tree_router,0.824,8.901391999999998e-05,0.824,0.08,0.0,0.624
2model_mistral_nemo_gemini_flash,"mistral_nemo,gemini_flash",229,random_forest_router,0.784,5.443768e-05,0.784,0.12,0.0,0.736
2model_mistral_nemo_gemini_flash,"mistral_nemo,gemini_flash",229,extra_trees_router,0.792,5.9890320000000006e-05,0.792,0.112,0.0,0.736
2model_mistral_nemo_gemini_flash,"mistral_nemo,gemini_flash",229,tfidf_logistic_router,0.768,4.223952000000001e-05,0.768,0.136,0.0,0.744
2model_mistral_nemo_gemini_flash,"mistral_nemo,gemini_flash",229,tfidf_linear_svm_router,0.744,2.725376e-05,0.744,0.16,0.0,0.784
2model_mistral_nemo_gemini_flash,"mistral_nemo,gemini_flash",230,always_mistral_nemo,0.728,8.43176e-06,0.728,0.176,0.0,0.824
2model_mistral_nemo_gemini_flash,"mistral_nemo,gemini_flash",230,always_gemini_flash,0.88,0.0001904848,0.88,0.024,0.0,0.176
2model_mistral_nemo_gemini_flash,"mistral_nemo,gemini_flash",230,random,0.84,8.522096e-05,0.84,0.064,0.0,0.6
2model_mistral_nemo_gemini_flash,"mistral_nemo,gemini_flash",230,oracle,0.904,4.583904e-05,0.904,0.0,0.0,1.0
2model_mistral_nemo_gemini_flash,"mistral_nemo,gemini_flash",230,logistic_router,0.824,8.225239999999999e-05,0.824,0.08,0.0,0.672
2model_mistral_nemo_gemini_flash,"mistral_nemo,gemini_flash",230,linear_svm_router,0.8,6.78272e-05,0.8,0.104,0.0,0.68
2model_mistral_nemo_gemini_flash,"mistral_nemo,gemini_flash",230,knn_router,0.736,1.523512e-05,0.736,0.168,0.0,0.816
2model_mistral_nemo_gemini_flash,"mistral_nemo,gemini_flash",230,decision_tree_router,0.848,0.00011925568,0.848,0.056,0.0,0.568
2model_mistral_nemo_gemini_flash,"mistral_nemo,gemini_flash",230,random_forest_router,0.768,6.619471999999999e-05,0.768,0.136,0.0,0.648
2model_mistral_nemo_gemini_flash,"mistral_nemo,gemini_flash",230,extra_trees_router,0.808,9.197264e-05,0.808,0.096,0.0,0.624
2model_mistral_nemo_gemini_flash,"mistral_nemo,gemini_flash",230,tfidf_logistic_router,0.816,6.901264e-05,0.816,0.088,0.0,0.728
2model_mistral_nemo_gemini_flash,"mistral_nemo,gemini_flash",230,tfidf_linear_svm_router,0.784,3.9876240000000006e-05,0.784,0.12,0.0,0.8
2model_mistral_nemo_gemini_flash,"mistral_nemo,gemini_flash",231,always_mistral_nemo,0.688,8.764720000000002e-06,0.688,0.168,0.0,0.832
2model_mistral_nemo_gemini_flash,"mistral_nemo,gemini_flash",231,always_gemini_flash,0.808,0.0001890168,0.808,0.048,0.0,0.168
2model_mistral_nemo_gemini_flash,"mistral_nemo,gemini_flash",231,random,0.752,9.500992e-05,0.752,0.104,0.0,0.464
2model_mistral_nemo_gemini_flash,"mistral_nemo,gemini_flash",231,oracle,0.856,4.1741919999999996e-05,0.856,0.0,0.0,1.0
2model_mistral_nemo_gemini_flash,"mistral_nemo,gemini_flash",231,logistic_router,0.784,6.773568000000002e-05,0.784,0.072,0.0,0.744
2model_mistral_nemo_gemini_flash,"mistral_nemo,gemini_flash",231,linear_svm_router,0.76,5.850384e-05,0.76,0.096,0.0,0.752
2model_mistral_nemo_gemini_flash,"mistral_nemo,gemini_flash",231,knn_router,0.696,1.724552e-05,0.696,0.16,0.0,0.816
2model_mistral_nemo_gemini_flash,"mistral_nemo,gemini_flash",231,decision_tree_router,0.776,8.82804e-05,0.776,0.08,0.0,0.688
2model_mistral_nemo_gemini_flash,"mistral_nemo,gemini_flash",231,random_forest_router,0.76,6.177743999999999e-05,0.76,0.096,0.0,0.768
2model_mistral_nemo_gemini_flash,"mistral_nemo,gemini_flash",231,extra_trees_router,0.784,7.274536e-05,0.784,0.072,0.0,0.752
2model_mistral_nemo_gemini_flash,"mistral_nemo,gemini_flash",231,tfidf_logistic_router,0.776,5.492903999999999e-05,0.776,0.08,0.0,0.776
2model_mistral_nemo_gemini_flash,"mistral_nemo,gemini_flash",231,tfidf_linear_svm_router,0.736,3.19924e-05,0.736,0.12,0.0,0.816
2model_mistral_nemo_gemini_flash,"mistral_nemo,gemini_flash",232,always_mistral_nemo,0.728,8.343599999999998e-06,0.728,0.232,0.0,0.768
2model_mistral_nemo_gemini_flash,"mistral_nemo,gemini_flash",232,always_gemini_flash,0.928,0.00018889999999999996,0.928,0.032,0.0,0.232
2model_mistral_nemo_gemini_flash,"mistral_nemo,gemini_flash",232,random,0.8,8.979624e-05,0.8,0.16,0.0,0.496
2model_mistral_nemo_gemini_flash,"mistral_nemo,gemini_flash",232,oracle,0.96,5.923152e-05,0.96,0.0,0.0,1.0
2model_mistral_nemo_gemini_flash,"mistral_nemo,gemini_flash",232,logistic_router,0.792,6.532328000000003e-05,0.792,0.168,0.0,0.648
2model_mistral_nemo_gemini_flash,"mistral_nemo,gemini_flash",232,linear_svm_router,0.768,5.182848e-05,0.768,0.192,0.0,0.696
2model_mistral_nemo_gemini_flash,"mistral_nemo,gemini_flash",232,knn_router,0.736,1.2351759999999998e-05,0.736,0.224,0.0,0.768
2model_mistral_nemo_gemini_flash,"mistral_nemo,gemini_flash",232,decision_tree_router,0.872,0.00010296096000000002,0.872,0.088,0.0,0.584
2model_mistral_nemo_gemini_flash,"mistral_nemo,gemini_flash",232,random_forest_router,0.808,5.22696e-05,0.808,0.152,0.0,0.736
2model_mistral_nemo_gemini_flash,"mistral_nemo,gemini_flash",232,extra_trees_router,0.8,6.850208000000001e-05,0.8,0.16,0.0,0.664
2model_mistral_nemo_gemini_flash,"mistral_nemo,gemini_flash",232,tfidf_logistic_router,0.776,5.2542e-05,0.776,0.184,0.0,0.704
2model_mistral_nemo_gemini_flash,"mistral_nemo,gemini_flash",232,tfidf_linear_svm_router,0.752,4.017023999999999e-05,0.752,0.208,0.0,0.704
2model_mistral_nemo_gemini_flash,"mistral_nemo,gemini_flash",233,always_mistral_nemo,0.728,8.0912e-06,0.728,0.216,0.0,0.784
2model_mistral_nemo_gemini_flash,"mistral_nemo,gemini_flash",233,always_gemini_flash,0.896,0.0001853312,0.896,0.048,0.0,0.216
2model_mistral_nemo_gemini_flash,"mistral_nemo,gemini_flash",233,random,0.824,9.912472e-05,0.824,0.12,0.0,0.528
2model_mistral_nemo_gemini_flash,"mistral_nemo,gemini_flash",233,oracle,0.944,5.441784000000001e-05,0.944,0.0,0.0,1.0
2model_mistral_nemo_gemini_flash,"mistral_nemo,gemini_flash",233,logistic_router,0.808,7.10824e-05,0.808,0.136,0.0,0.656
2model_mistral_nemo_gemini_flash,"mistral_nemo,gemini_flash",233,linear_svm_router,0.808,5.836752e-05,0.808,0.136,0.0,0.712
2model_mistral_nemo_gemini_flash,"mistral_nemo,gemini_flash",233,knn_router,0.744,1.47008e-05,0.744,0.2,0.0,0.792
2model_mistral_nemo_gemini_flash,"mistral_nemo,gemini_flash",233,decision_tree_router,0.864,8.292823999999999e-05,0.864,0.08,0.0,0.744
2model_mistral_nemo_gemini_flash,"mistral_nemo,gemini_flash",233,random_forest_router,0.824,5.254872e-05,0.824,0.12,0.0,0.808
2model_mistral_nemo_gemini_flash,"mistral_nemo,gemini_flash",233,extra_trees_router,0.832,7.031911999999998e-05,0.832,0.112,0.0,0.76
2model_mistral_nemo_gemini_flash,"mistral_nemo,gemini_flash",233,tfidf_logistic_router,0.8,5.6719359999999995e-05,0.8,0.144,0.0,0.728
2model_mistral_nemo_gemini_flash,"mistral_nemo,gemini_flash",233,tfidf_linear_svm_router,0.752,2.8327599999999996e-05,0.752,0.192,0.0,0.76
2model_mistral_nemo_llama_70b,"mistral_nemo,llama_70b",229,always_mistral_nemo,0.72,9.60024e-06,0.72,0.192,0.0,0.808
2model_mistral_nemo_llama_70b,"mistral_nemo,llama_70b",229,always_llama_70b,0.888,4.769864000000001e-05,0.888,0.024,0.0,0.192
2model_mistral_nemo_llama_70b,"mistral_nemo,llama_70b",229,random,0.832,3.175676000000001e-05,0.832,0.08,0.0,0.464
2model_mistral_nemo_llama_70b,"mistral_nemo,llama_70b",229,oracle,0.912,1.9117679999999997e-05,0.912,0.0,0.0,1.0
2model_mistral_nemo_llama_70b,"mistral_nemo,llama_70b",229,logistic_router,0.784,1.576724e-05,0.784,0.128,0.0,0.784
2model_mistral_nemo_llama_70b,"mistral_nemo,llama_70b",229,linear_svm_router,0.776,1.5963599999999997e-05,0.776,0.136,0.0,0.768
2model_mistral_nemo_llama_70b,"mistral_nemo,llama_70b",229,knn_router,0.76,1.1731120000000002e-05,0.76,0.152,0.0,0.848
2model_mistral_nemo_llama_70b,"mistral_nemo,llama_70b",229,decision_tree_router,0.808,2.2886199999999998e-05,0.808,0.104,0.0,0.712
2model_mistral_nemo_llama_70b,"mistral_nemo,llama_70b",229,random_forest_router,0.784,1.8823399999999997e-05,0.784,0.128,0.0,0.776
2model_mistral_nemo_llama_70b,"mistral_nemo,llama_70b",229,extra_trees_router,0.776,1.742188e-05,0.776,0.136,0.0,0.752
2model_mistral_nemo_llama_70b,"mistral_nemo,llama_70b",229,tfidf_logistic_router,0.784,1.509196e-05,0.784,0.128,0.0,0.816
2model_mistral_nemo_llama_70b,"mistral_nemo,llama_70b",229,tfidf_linear_svm_router,0.776,1.38256e-05,0.776,0.136,0.0,0.84
2model_mistral_nemo_llama_70b,"mistral_nemo,llama_70b",230,always_mistral_nemo,0.728,8.43176e-06,0.728,0.208,0.0,0.792
2model_mistral_nemo_llama_70b,"mistral_nemo,llama_70b",230,always_llama_70b,0.904,5.2859176e-05,0.904,0.032,0.0,0.208
2model_mistral_nemo_llama_70b,"mistral_nemo,llama_70b",230,random,0.824,2.7374975999999996e-05,0.824,0.112,0.0,0.552
2model_mistral_nemo_llama_70b,"mistral_nemo,llama_70b",230,oracle,0.936,2.122504e-05,0.936,0.0,0.0,1.0
2model_mistral_nemo_llama_70b,"mistral_nemo,llama_70b",230,logistic_router,0.832,2.1663919999999996e-05,0.832,0.104,0.0,0.776
2model_mistral_nemo_llama_70b,"mistral_nemo,llama_70b",230,linear_svm_router,0.832,1.99264e-05,0.832,0.104,0.0,0.808
2model_mistral_nemo_llama_70b,"mistral_nemo,llama_70b",230,knn_router,0.776,1.2927079999999999e-05,0.776,0.16,0.0,0.84
2model_mistral_nemo_llama_70b,"mistral_nemo,llama_70b",230,decision_tree_router,0.848,2.9176e-05,0.848,0.088,0.0,0.672
2model_mistral_nemo_llama_70b,"mistral_nemo,llama_70b",230,random_forest_router,0.808,2.075984e-05,0.808,0.128,0.0,0.728
2model_mistral_nemo_llama_70b,"mistral_nemo,llama_70b",230,extra_trees_router,0.824,2.38728e-05,0.824,0.112,0.0,0.728
2model_mistral_nemo_llama_70b,"mistral_nemo,llama_70b",230,tfidf_logistic_router,0.84,1.951176e-05,0.84,0.096,0.0,0.832
2model_mistral_nemo_llama_70b,"mistral_nemo,llama_70b",230,tfidf_linear_svm_router,0.808,1.6240399999999998e-05,0.808,0.128,0.0,0.808
2model_mistral_nemo_llama_70b,"mistral_nemo,llama_70b",231,always_mistral_nemo,0.688,8.764720000000002e-06,0.688,0.224,0.0,0.776
2model_mistral_nemo_llama_70b,"mistral_nemo,llama_70b",231,always_llama_70b,0.888,5.057821599999999e-05,0.888,0.024,0.0,0.224
2model_mistral_nemo_llama_70b,"mistral_nemo,llama_70b",231,random,0.792,2.857308e-05,0.792,0.12,0.0,0.488
2model_mistral_nemo_llama_70b,"mistral_nemo,llama_70b",231,oracle,0.912,2.0738360000000002e-05,0.912,0.0,0.0,1.0
2model_mistral_nemo_llama_70b,"mistral_nemo,llama_70b",231,logistic_router,0.792,1.6981039999999998e-05,0.792,0.12,0.0,0.808
2model_mistral_nemo_llama_70b,"mistral_nemo,llama_70b",231,linear_svm_router,0.8,1.928632e-05,0.8,0.112,0.0,0.84
2model_mistral_nemo_llama_70b,"mistral_nemo,llama_70b",231,knn_router,0.752,1.26934e-05,0.752,0.16,0.0,0.84
2model_mistral_nemo_llama_70b,"mistral_nemo,llama_70b",231,decision_tree_router,0.808,2.9198496e-05,0.808,0.104,0.0,0.656
2model_mistral_nemo_llama_70b,"mistral_nemo,llama_70b",231,random_forest_router,0.8,1.790168e-05,0.8,0.112,0.0,0.8
2model_mistral_nemo_llama_70b,"mistral_nemo,llama_70b",231,extra_trees_router,0.792,1.571632e-05,0.792,0.12,0.0,0.832
2model_mistral_nemo_llama_70b,"mistral_nemo,llama_70b",231,tfidf_logistic_router,0.8,1.571824e-05,0.8,0.112,0.0,0.856
2model_mistral_nemo_llama_70b,"mistral_nemo,llama_70b",231,tfidf_linear_svm_router,0.76,1.373676e-05,0.76,0.152,0.0,0.824
2model_mistral_nemo_llama_70b,"mistral_nemo,llama_70b",232,always_mistral_nemo,0.728,8.343599999999998e-06,0.728,0.216,0.0,0.784
2model_mistral_nemo_llama_70b,"mistral_nemo,llama_70b",232,always_llama_70b,0.912,4.825988e-05,0.912,0.032,0.0,0.216
2model_mistral_nemo_llama_70b,"mistral_nemo,llama_70b",232,random,0.776,2.4336279999999998e-05,0.776,0.168,0.0,0.48
2model_mistral_nemo_llama_70b,"mistral_nemo,llama_70b",232,oracle,0.944,2.046636e-05,0.944,0.0,0.0,1.0
2model_mistral_nemo_llama_70b,"mistral_nemo,llama_70b",232,logistic_router,0.792,1.9641520000000003e-05,0.792,0.152,0.0,0.68
2model_mistral_nemo_llama_70b,"mistral_nemo,llama_70b",232,linear_svm_router,0.776,1.8062520000000007e-05,0.776,0.168,0.0,0.704
2model_mistral_nemo_llama_70b,"mistral_nemo,llama_70b",232,knn_router,0.776,1.305064e-05,0.776,0.168,0.0,0.824
2model_mistral_nemo_llama_70b,"mistral_nemo,llama_70b",232,decision_tree_router,0.856,2.4889160000000003e-05,0.856,0.088,0.0,0.632
2model_mistral_nemo_llama_70b,"mistral_nemo,llama_70b",232,random_forest_router,0.792,1.7669e-05,0.792,0.152,0.0,0.76
2model_mistral_nemo_llama_70b,"mistral_nemo,llama_70b",232,extra_trees_router,0.784,1.854508e-05,0.784,0.16,0.0,0.728
2model_mistral_nemo_llama_70b,"mistral_nemo,llama_70b",232,tfidf_logistic_router,0.792,1.563764e-05,0.792,0.152,0.0,0.768
2model_mistral_nemo_llama_70b,"mistral_nemo,llama_70b",232,tfidf_linear_svm_router,0.784,1.408648e-05,0.784,0.16,0.0,0.8
2model_mistral_nemo_llama_70b,"mistral_nemo,llama_70b",233,always_mistral_nemo,0.728,8.0912e-06,0.728,0.176,0.0,0.824
2model_mistral_nemo_llama_70b,"mistral_nemo,llama_70b",233,always_llama_70b,0.872,5.3442104e-05,0.872,0.032,0.0,0.176
2model_mistral_nemo_llama_70b,"mistral_nemo,llama_70b",233,random,0.784,3.4087504000000006e-05,0.784,0.12,0.0,0.488
2model_mistral_nemo_llama_70b,"mistral_nemo,llama_70b",233,oracle,0.904,1.6399928e-05,0.904,0.0,0.0,1.0
2model_mistral_nemo_llama_70b,"mistral_nemo,llama_70b",233,logistic_router,0.808,2.4440967999999998e-05,0.808,0.096,0.0,0.72
2model_mistral_nemo_llama_70b,"mistral_nemo,llama_70b",233,linear_svm_router,0.8,2.2817688e-05,0.8,0.104,0.0,0.76
2model_mistral_nemo_llama_70b,"mistral_nemo,llama_70b",233,knn_router,0.776,1.1698127999999999e-05,0.776,0.128,0.0,0.872
2model_mistral_nemo_llama_70b,"mistral_nemo,llama_70b",233,decision_tree_router,0.792,2.0784927999999998e-05,0.792,0.112,0.0,0.8
2model_mistral_nemo_llama_70b,"mistral_nemo,llama_70b",233,random_forest_router,0.816,2.3452967999999996e-05,0.816,0.088,0.0,0.792
2model_mistral_nemo_llama_70b,"mistral_nemo,llama_70b",233,extra_trees_router,0.816,2.3629047999999995e-05,0.816,0.088,0.0,0.776
2model_mistral_nemo_llama_70b,"mistral_nemo,llama_70b",233,tfidf_logistic_router,0.8,2.2139648e-05,0.8,0.104,0.0,0.776
2model_mistral_nemo_llama_70b,"mistral_nemo,llama_70b",233,tfidf_linear_svm_router,0.808,1.9952087999999995e-05,0.808,0.096,0.0,0.848
2model_mistral_nemo_deepseek_v3,"mistral_nemo,deepseek_v3",229,always_mistral_nemo,0.72,9.60024e-06,0.72,0.184,0.0,0.816
2model_mistral_nemo_deepseek_v3,"mistral_nemo,deepseek_v3",229,always_deepseek_v3,0.872,7.173344e-05,0.872,0.032,0.0,0.184
2model_mistral_nemo_deepseek_v3,"mistral_nemo,deepseek_v3",229,random,0.816,4.8342816e-05,0.816,0.088,0.0,0.44
2model_mistral_nemo_deepseek_v3,"mistral_nemo,deepseek_v3",229,oracle,0.904,2.2491615999999997e-05,0.904,0.0,0.0,1.0
2model_mistral_nemo_deepseek_v3,"mistral_nemo,deepseek_v3",229,logistic_router,0.792,2.6933952000000002e-05,0.792,0.112,0.0,0.744
2model_mistral_nemo_deepseek_v3,"mistral_nemo,deepseek_v3",229,linear_svm_router,0.784,2.1913856000000003e-05,0.784,0.12,0.0,0.768
2model_mistral_nemo_deepseek_v3,"mistral_nemo,deepseek_v3",229,knn_router,0.752,1.3213088e-05,0.752,0.152,0.0,0.84
2model_mistral_nemo_deepseek_v3,"mistral_nemo,deepseek_v3",229,decision_tree_router,0.8,2.8417776000000002e-05,0.8,0.104,0.0,0.768
2model_mistral_nemo_deepseek_v3,"mistral_nemo,deepseek_v3",229,random_forest_router,0.784,2.7438928000000002e-05,0.784,0.12,0.0,0.744
2model_mistral_nemo_deepseek_v3,"mistral_nemo,deepseek_v3",229,extra_trees_router,0.784,2.6024688000000002e-05,0.784,0.12,0.0,0.744
2model_mistral_nemo_deepseek_v3,"mistral_nemo,deepseek_v3",229,tfidf_logistic_router,0.784,2.4221423999999997e-05,0.784,0.12,0.0,0.776
2model_mistral_nemo_deepseek_v3,"mistral_nemo,deepseek_v3",229,tfidf_linear_svm_router,0.76,1.6827184000000003e-05,0.76,0.144,0.0,0.824
2model_mistral_nemo_deepseek_v3,"mistral_nemo,deepseek_v3",230,always_mistral_nemo,0.728,8.43176e-06,0.728,0.224,0.0,0.776
2model_mistral_nemo_deepseek_v3,"mistral_nemo,deepseek_v3",230,always_deepseek_v3,0.904,6.9539296e-05,0.904,0.048,0.0,0.224
2model_mistral_nemo_deepseek_v3,"mistral_nemo,deepseek_v3",230,random,0.848,3.4714672000000005e-05,0.848,0.104,0.0,0.6
2model_mistral_nemo_deepseek_v3,"mistral_nemo,deepseek_v3",230,oracle,0.952,2.4470640000000002e-05,0.952,0.0,0.0,1.0
2model_mistral_nemo_deepseek_v3,"mistral_nemo,deepseek_v3",230,logistic_router,0.816,2.8008128000000004e-05,0.816,0.136,0.0,0.704
2model_mistral_nemo_deepseek_v3,"mistral_nemo,deepseek_v3",230,linear_svm_router,0.816,2.6653360000000002e-05,0.816,0.136,0.0,0.712
2model_mistral_nemo_deepseek_v3,"mistral_nemo,deepseek_v3",230,knn_router,0.768,1.4012303999999999e-05,0.768,0.184,0.0,0.808
2model_mistral_nemo_deepseek_v3,"mistral_nemo,deepseek_v3",230,decision_tree_router,0.792,3.0610016000000004e-05,0.792,0.16,0.0,0.608
2model_mistral_nemo_deepseek_v3,"mistral_nemo,deepseek_v3",230,random_forest_router,0.792,2.7116144000000003e-05,0.792,0.16,0.0,0.696
2model_mistral_nemo_deepseek_v3,"mistral_nemo,deepseek_v3",230,extra_trees_router,0.8,2.9755632e-05,0.8,0.152,0.0,0.672
2model_mistral_nemo_deepseek_v3,"mistral_nemo,deepseek_v3",230,tfidf_logistic_router,0.816,2.6465968000000003e-05,0.816,0.136,0.0,0.72
2model_mistral_nemo_deepseek_v3,"mistral_nemo,deepseek_v3",230,tfidf_linear_svm_router,0.8,2.0889520000000005e-05,0.8,0.152,0.0,0.76
2model_mistral_nemo_deepseek_v3,"mistral_nemo,deepseek_v3",231,always_mistral_nemo,0.688,8.764720000000002e-06,0.688,0.208,0.0,0.792
2model_mistral_nemo_deepseek_v3,"mistral_nemo,deepseek_v3",231,always_deepseek_v3,0.856,6.8999472e-05,0.856,0.04,0.0,0.208
2model_mistral_nemo_deepseek_v3,"mistral_nemo,deepseek_v3",231,random,0.768,3.9319488e-05,0.768,0.128,0.0,0.472
2model_mistral_nemo_deepseek_v3,"mistral_nemo,deepseek_v3",231,oracle,0.896,2.127008e-05,0.896,0.0,0.0,1.0
2model_mistral_nemo_deepseek_v3,"mistral_nemo,deepseek_v3",231,logistic_router,0.792,2.3428352e-05,0.792,0.104,0.0,0.816
2model_mistral_nemo_deepseek_v3,"mistral_nemo,deepseek_v3",231,linear_svm_router,0.76,2.2623552e-05,0.76,0.136,0.0,0.76
2model_mistral_nemo_deepseek_v3,"mistral_nemo,deepseek_v3",231,knn_router,0.736,1.5497872e-05,0.736,0.16,0.0,0.824
2model_mistral_nemo_deepseek_v3,"mistral_nemo,deepseek_v3",231,decision_tree_router,0.784,3.321016e-05,0.784,0.112,0.0,0.664
2model_mistral_nemo_deepseek_v3,"mistral_nemo,deepseek_v3",231,random_forest_router,0.8,2.8665872e-05,0.8,0.096,0.0,0.76
2model_mistral_nemo_deepseek_v3,"mistral_nemo,deepseek_v3",231,extra_trees_router,0.784,2.5359104000000004e-05,0.784,0.112,0.0,0.768
2model_mistral_nemo_deepseek_v3,"mistral_nemo,deepseek_v3",231,tfidf_logistic_router,0.776,2.1013792000000003e-05,0.776,0.12,0.0,0.816
2model_mistral_nemo_deepseek_v3,"mistral_nemo,deepseek_v3",231,tfidf_linear_svm_router,0.752,1.7799248e-05,0.752,0.144,0.0,0.816
2model_mistral_nemo_deepseek_v3,"mistral_nemo,deepseek_v3",232,always_mistral_nemo,0.728,8.343599999999998e-06,0.728,0.208,0.0,0.792
2model_mistral_nemo_deepseek_v3,"mistral_nemo,deepseek_v3",232,always_deepseek_v3,0.896,7.1520128e-05,0.896,0.04,0.0,0.208
2model_mistral_nemo_deepseek_v3,"mistral_nemo,deepseek_v3",232,random,0.784,3.5485839999999994e-05,0.784,0.152,0.0,0.488
2model_mistral_nemo_deepseek_v3,"mistral_nemo,deepseek_v3",232,oracle,0.936,2.3013360000000003e-05,0.936,0.0,0.0,1.0
2model_mistral_nemo_deepseek_v3,"mistral_nemo,deepseek_v3",232,logistic_router,0.784,2.3067168e-05,0.784,0.152,0.0,0.72
2model_mistral_nemo_deepseek_v3,"mistral_nemo,deepseek_v3",232,linear_svm_router,0.776,2.2792912000000003e-05,0.776,0.16,0.0,0.728
2model_mistral_nemo_deepseek_v3,"mistral_nemo,deepseek_v3",232,knn_router,0.76,1.4652719999999997e-05,0.76,0.176,0.0,0.808
2model_mistral_nemo_deepseek_v3,"mistral_nemo,deepseek_v3",232,decision_tree_router,0.792,2.7393152000000003e-05,0.792,0.144,0.0,0.672
2model_mistral_nemo_deepseek_v3,"mistral_nemo,deepseek_v3",232,random_forest_router,0.784,2.7156656000000003e-05,0.784,0.152,0.0,0.728
2model_mistral_nemo_deepseek_v3,"mistral_nemo,deepseek_v3",232,extra_trees_router,0.776,2.4974032000000003e-05,0.776,0.16,0.0,0.736
2model_mistral_nemo_deepseek_v3,"mistral_nemo,deepseek_v3",232,tfidf_logistic_router,0.784,2.1040432000000004e-05,0.784,0.152,0.0,0.768
2model_mistral_nemo_deepseek_v3,"mistral_nemo,deepseek_v3",232,tfidf_linear_svm_router,0.76,1.9178560000000004e-05,0.76,0.176,0.0,0.768
2model_mistral_nemo_deepseek_v3,"mistral_nemo,deepseek_v3",233,always_mistral_nemo,0.728,8.0912e-06,0.728,0.232,0.0,0.768
2model_mistral_nemo_deepseek_v3,"mistral_nemo,deepseek_v3",233,always_deepseek_v3,0.912,6.7635184e-05,0.912,0.048,0.0,0.232
2model_mistral_nemo_deepseek_v3,"mistral_nemo,deepseek_v3",233,random,0.824,3.751136e-05,0.824,0.136,0.0,0.496
2model_mistral_nemo_deepseek_v3,"mistral_nemo,deepseek_v3",233,oracle,0.96,2.4153647999999997e-05,0.96,0.0,0.0,1.0
2model_mistral_nemo_deepseek_v3,"mistral_nemo,deepseek_v3",233,logistic_router,0.8,2.7306207999999998e-05,0.8,0.16,0.0,0.712
2model_mistral_nemo_deepseek_v3,"mistral_nemo,deepseek_v3",233,linear_svm_router,0.784,2.1814992e-05,0.784,0.176,0.0,0.736
2model_mistral_nemo_deepseek_v3,"mistral_nemo,deepseek_v3",233,knn_router,0.776,1.216128e-05,0.776,0.184,0.0,0.816
2model_mistral_nemo_deepseek_v3,"mistral_nemo,deepseek_v3",233,decision_tree_router,0.832,2.9621152000000006e-05,0.832,0.128,0.0,0.744
2model_mistral_nemo_deepseek_v3,"mistral_nemo,deepseek_v3",233,random_forest_router,0.808,2.306448e-05,0.808,0.152,0.0,0.784
2model_mistral_nemo_deepseek_v3,"mistral_nemo,deepseek_v3",233,extra_trees_router,0.8,2.4238512e-05,0.8,0.16,0.0,0.776
2model_mistral_nemo_deepseek_v3,"mistral_nemo,deepseek_v3",233,tfidf_logistic_router,0.8,2.1401472000000002e-05,0.8,0.16,0.0,0.784
2model_mistral_nemo_deepseek_v3,"mistral_nemo,deepseek_v3",233,tfidf_linear_svm_router,0.792,1.5878191999999998e-05,0.792,0.168,0.0,0.8
2model_qwen_235b_gemini_flash,"qwen_235b,gemini_flash",229,always_qwen_235b,0.896,4.10186e-05,0.896,0.056,0.0,0.944
2model_qwen_235b_gemini_flash,"qwen_235b,gemini_flash",229,always_gemini_flash,0.864,0.0001908728,0.864,0.088,0.0,0.056
2model_qwen_235b_gemini_flash,"qwen_235b,gemini_flash",229,random,0.896,0.00013143035599999994,0.896,0.056,0.0,0.44
2model_qwen_235b_gemini_flash,"qwen_235b,gemini_flash",229,oracle,0.952,5.1335936e-05,0.952,0.0,0.0,1.0
2model_qwen_235b_gemini_flash,"qwen_235b,gemini_flash",229,logistic_router,0.912,5.7564604000000005e-05,0.912,0.04,0.0,0.856
2model_qwen_235b_gemini_flash,"qwen_235b,gemini_flash",229,linear_svm_router,0.904,4.990222800000001e-05,0.904,0.048,0.0,0.888
2model_qwen_235b_gemini_flash,"qwen_235b,gemini_flash",229,knn_router,0.896,4.10186e-05,0.896,0.056,0.0,0.944
2model_qwen_235b_gemini_flash,"qwen_235b,gemini_flash",229,decision_tree_router,0.904,6.5258388e-05,0.904,0.048,0.0,0.856
2model_qwen_235b_gemini_flash,"qwen_235b,gemini_flash",229,random_forest_router,0.896,4.10186e-05,0.896,0.056,0.0,0.944
2model_qwen_235b_gemini_flash,"qwen_235b,gemini_flash",229,extra_trees_router,0.912,4.8871616000000005e-05,0.912,0.04,0.0,0.912
2model_qwen_235b_gemini_flash,"qwen_235b,gemini_flash",229,tfidf_logistic_router,0.896,4.536691200000001e-05,0.896,0.056,0.0,0.92
2model_qwen_235b_gemini_flash,"qwen_235b,gemini_flash",229,tfidf_linear_svm_router,0.896,4.225723200000001e-05,0.896,0.056,0.0,0.936
2model_qwen_235b_gemini_flash,"qwen_235b,gemini_flash",230,always_qwen_235b,0.92,4.760200399999999e-05,0.92,0.032,0.0,0.968
2model_qwen_235b_gemini_flash,"qwen_235b,gemini_flash",230,always_gemini_flash,0.88,0.0001904848,0.88,0.072,0.0,0.032
2model_qwen_235b_gemini_flash,"qwen_235b,gemini_flash",230,random,0.92,0.00010657279199999999,0.92,0.032,0.0,0.568
2model_qwen_235b_gemini_flash,"qwen_235b,gemini_flash",230,oracle,0.952,5.7238995999999994e-05,0.952,0.0,0.0,1.0
2model_qwen_235b_gemini_flash,"qwen_235b,gemini_flash",230,logistic_router,0.904,7.52247e-05,0.904,0.048,0.0,0.8
2model_qwen_235b_gemini_flash,"qwen_235b,gemini_flash",230,linear_svm_router,0.912,6.5081508e-05,0.912,0.04,0.0,0.864
2model_qwen_235b_gemini_flash,"qwen_235b,gemini_flash",230,knn_router,0.92,4.760200399999999e-05,0.92,0.032,0.0,0.968
2model_qwen_235b_gemini_flash,"qwen_235b,gemini_flash",230,decision_tree_router,0.912,8.512761599999999e-05,0.912,0.04,0.0,0.744
2model_qwen_235b_gemini_flash,"qwen_235b,gemini_flash",230,random_forest_router,0.92,4.839288399999999e-05,0.92,0.032,0.0,0.96
2model_qwen_235b_gemini_flash,"qwen_235b,gemini_flash",230,extra_trees_router,0.928,6.5602436e-05,0.928,0.024,0.0,0.872
2model_qwen_235b_gemini_flash,"qwen_235b,gemini_flash",230,tfidf_logistic_router,0.92,5.980026799999999e-05,0.92,0.032,0.0,0.92
2model_qwen_235b_gemini_flash,"qwen_235b,gemini_flash",230,tfidf_linear_svm_router,0.92,5.2755212e-05,0.92,0.032,0.0,0.944
2model_qwen_235b_gemini_flash,"qwen_235b,gemini_flash",231,always_qwen_235b,0.888,4.208999199999999e-05,0.888,0.016,0.0,0.984
2model_qwen_235b_gemini_flash,"qwen_235b,gemini_flash",231,always_gemini_flash,0.808,0.0001890168,0.808,0.096,0.0,0.016
2model_qwen_235b_gemini_flash,"qwen_235b,gemini_flash",231,random,0.864,0.000113456932,0.864,0.04,0.0,0.488
2model_qwen_235b_gemini_flash,"qwen_235b,gemini_flash",231,oracle,0.904,4.5666231999999994e-05,0.904,0.0,0.0,1.0
2model_qwen_235b_gemini_flash,"qwen_235b,gemini_flash",231,logistic_router,0.88,6.4863208e-05,0.88,0.024,0.0,0.808
2model_qwen_235b_gemini_flash,"qwen_235b,gemini_flash",231,linear_svm_router,0.888,6.4245528e-05,0.888,0.016,0.0,0.824
2model_qwen_235b_gemini_flash,"qwen_235b,gemini_flash",231,knn_router,0.888,4.208999199999999e-05,0.888,0.016,0.0,0.984
2model_qwen_235b_gemini_flash,"qwen_235b,gemini_flash",231,decision_tree_router,0.832,8.762189200000002e-05,0.832,0.072,0.0,0.728
2model_qwen_235b_gemini_flash,"qwen_235b,gemini_flash",231,random_forest_router,0.888,4.445487199999999e-05,0.888,0.016,0.0,0.968
2model_qwen_235b_gemini_flash,"qwen_235b,gemini_flash",231,extra_trees_router,0.88,6.106410399999999e-05,0.88,0.024,0.0,0.84
2model_qwen_235b_gemini_flash,"qwen_235b,gemini_flash",231,tfidf_logistic_router,0.88,6.028055199999999e-05,0.88,0.024,0.0,0.848
2model_qwen_235b_gemini_flash,"qwen_235b,gemini_flash",231,tfidf_linear_svm_router,0.888,4.976902399999999e-05,0.888,0.016,0.0,0.928
2model_qwen_235b_gemini_flash,"qwen_235b,gemini_flash",232,always_qwen_235b,0.936,4.7615416e-05,0.936,0.048,0.0,0.952
2model_qwen_235b_gemini_flash,"qwen_235b,gemini_flash",232,always_gemini_flash,0.928,0.00018889999999999996,0.928,0.056,0.0,0.048
2model_qwen_235b_gemini_flash,"qwen_235b,gemini_flash",232,random,0.936,0.000112510816,0.936,0.048,0.0,0.536
2model_qwen_235b_gemini_flash,"qwen_235b,gemini_flash",232,oracle,0.984,5.7841656000000005e-05,0.984,0.0,0.0,1.0
2model_qwen_235b_gemini_flash,"qwen_235b,gemini_flash",232,logistic_router,0.936,6.253277599999999e-05,0.936,0.048,0.0,0.864
2model_qwen_235b_gemini_flash,"qwen_235b,gemini_flash",232,linear_svm_router,0.952,5.4011536e-05,0.952,0.032,0.0,0.928
2model_qwen_235b_gemini_flash,"qwen_235b,gemini_flash",232,knn_router,0.936,4.7615416e-05,0.936,0.048,0.0,0.952
2model_qwen_235b_gemini_flash,"qwen_235b,gemini_flash",232,decision_tree_router,0.944,9.0662664e-05,0.944,0.04,0.0,0.704
2model_qwen_235b_gemini_flash,"qwen_235b,gemini_flash",232,random_forest_router,0.936,4.7615416e-05,0.936,0.048,0.0,0.952
2model_qwen_235b_gemini_flash,"qwen_235b,gemini_flash",232,extra_trees_router,0.936,5.2850776e-05,0.936,0.048,0.0,0.928
2model_qwen_235b_gemini_flash,"qwen_235b,gemini_flash",232,tfidf_logistic_router,0.936,4.9451736000000005e-05,0.936,0.048,0.0,0.936
2model_qwen_235b_gemini_flash,"qwen_235b,gemini_flash",232,tfidf_linear_svm_router,0.936,4.8945816000000005e-05,0.936,0.048,0.0,0.944
2model_qwen_235b_gemini_flash,"qwen_235b,gemini_flash",233,always_qwen_235b,0.912,4.258162399999999e-05,0.912,0.048,0.0,0.952
2model_qwen_235b_gemini_flash,"qwen_235b,gemini_flash",233,always_gemini_flash,0.896,0.0001853312,0.896,0.064,0.0,0.048
2model_qwen_235b_gemini_flash,"qwen_235b,gemini_flash",233,random,0.928,0.00011474789599999999,0.928,0.032,0.0,0.52
2model_qwen_235b_gemini_flash,"qwen_235b,gemini_flash",233,oracle,0.96,5.4611879999999997e-05,0.96,0.0,0.0,1.0
2model_qwen_235b_gemini_flash,"qwen_235b,gemini_flash",233,logistic_router,0.92,5.603946399999999e-05,0.92,0.04,0.0,0.848
2model_qwen_235b_gemini_flash,"qwen_235b,gemini_flash",233,linear_svm_router,0.92,5.514631999999999e-05,0.92,0.04,0.0,0.856
2model_qwen_235b_gemini_flash,"qwen_235b,gemini_flash",233,knn_router,0.912,4.258162399999999e-05,0.912,0.048,0.0,0.952
2model_qwen_235b_gemini_flash,"qwen_235b,gemini_flash",233,decision_tree_router,0.912,5.343505599999999e-05,0.912,0.048,0.0,0.864
2model_qwen_235b_gemini_flash,"qwen_235b,gemini_flash",233,random_forest_router,0.912,4.364106399999999e-05,0.912,0.048,0.0,0.936
2model_qwen_235b_gemini_flash,"qwen_235b,gemini_flash",233,extra_trees_router,0.92,5.0650191999999996e-05,0.92,0.04,0.0,0.872
2model_qwen_235b_gemini_flash,"qwen_235b,gemini_flash",233,tfidf_logistic_router,0.92,4.6735831999999995e-05,0.92,0.04,0.0,0.912
2model_qwen_235b_gemini_flash,"qwen_235b,gemini_flash",233,tfidf_linear_svm_router,0.912,4.3100023999999996e-05,0.912,0.048,0.0,0.944
2model_qwen_235b_llama_70b,"qwen_235b,llama_70b",229,always_qwen_235b,0.896,4.10186e-05,0.896,0.056,0.0,0.944
2model_qwen_235b_llama_70b,"qwen_235b,llama_70b",229,always_llama_70b,0.888,4.769864000000001e-05,0.888,0.064,0.0,0.056
2model_qwen_235b_llama_70b,"qwen_235b,llama_70b",229,random,0.904,4.267015600000001e-05,0.904,0.048,0.0,0.424
2model_qwen_235b_llama_70b,"qwen_235b,llama_70b",229,oracle,0.952,4.0825944000000005e-05,0.952,0.0,0.0,1.0
2model_qwen_235b_llama_70b,"qwen_235b,llama_70b",229,logistic_router,0.888,4.3043896e-05,0.888,0.064,0.0,0.792
2model_qwen_235b_llama_70b,"qwen_235b,llama_70b",229,linear_svm_router,0.896,4.2114208000000006e-05,0.896,0.056,0.0,0.832
2model_qwen_235b_llama_70b,"qwen_235b,llama_70b",229,knn_router,0.896,4.10186e-05,0.896,0.056,0.0,0.944
2model_qwen_235b_llama_70b,"qwen_235b,llama_70b",229,decision_tree_router,0.888,4.2545976e-05,0.888,0.064,0.0,0.776
2model_qwen_235b_llama_70b,"qwen_235b,llama_70b",229,random_forest_router,0.88,4.1435392000000005e-05,0.88,0.072,0.0,0.928
2model_qwen_235b_llama_70b,"qwen_235b,llama_70b",229,extra_trees_router,0.88,4.2218348e-05,0.88,0.072,0.0,0.848
2model_qwen_235b_llama_70b,"qwen_235b,llama_70b",229,tfidf_logistic_router,0.888,4.2916656e-05,0.888,0.064,0.0,0.872
2model_qwen_235b_llama_70b,"qwen_235b,llama_70b",229,tfidf_linear_svm_router,0.896,4.1381072000000006e-05,0.896,0.056,0.0,0.912
2model_qwen_235b_llama_70b,"qwen_235b,llama_70b",230,always_qwen_235b,0.92,4.760200399999999e-05,0.92,0.048,0.0,0.952
2model_qwen_235b_llama_70b,"qwen_235b,llama_70b",230,always_llama_70b,0.904,5.2859176e-05,0.904,0.064,0.0,0.048
2model_qwen_235b_llama_70b,"qwen_235b,llama_70b",230,random,0.904,4.8726808e-05,0.904,0.064,0.0,0.552
2model_qwen_235b_llama_70b,"qwen_235b,llama_70b",230,oracle,0.968,4.785155599999999e-05,0.968,0.0,0.0,1.0
2model_qwen_235b_llama_70b,"qwen_235b,llama_70b",230,logistic_router,0.904,4.838966799999999e-05,0.904,0.064,0.0,0.832
2model_qwen_235b_llama_70b,"qwen_235b,llama_70b",230,linear_svm_router,0.912,4.842708399999999e-05,0.912,0.056,0.0,0.848
2model_qwen_235b_llama_70b,"qwen_235b,llama_70b",230,knn_router,0.92,4.760200399999999e-05,0.92,0.048,0.0,0.952
2model_qwen_235b_llama_70b,"qwen_235b,llama_70b",230,decision_tree_router,0.928,4.9191956e-05,0.928,0.04,0.0,0.728
2model_qwen_235b_llama_70b,"qwen_235b,llama_70b",230,random_forest_router,0.928,4.7985684e-05,0.928,0.04,0.0,0.936
2model_qwen_235b_llama_70b,"qwen_235b,llama_70b",230,extra_trees_router,0.92,5.0276147999999996e-05,0.92,0.048,0.0,0.864
2model_qwen_235b_llama_70b,"qwen_235b,llama_70b",230,tfidf_logistic_router,0.928,4.711726e-05,0.928,0.04,0.0,0.88
2model_qwen_235b_llama_70b,"qwen_235b,llama_70b",230,tfidf_linear_svm_router,0.92,4.7401684e-05,0.92,0.048,0.0,0.936
2model_qwen_235b_llama_70b,"qwen_235b,llama_70b",231,always_qwen_235b,0.888,4.208999199999999e-05,0.888,0.048,0.0,0.952
2model_qwen_235b_llama_70b,"qwen_235b,llama_70b",231,always_llama_70b,0.888,5.057821599999999e-05,0.888,0.048,0.0,0.048
2model_qwen_235b_llama_70b,"qwen_235b,llama_70b",231,random,0.904,4.702009199999999e-05,0.904,0.032,0.0,0.504
2model_qwen_235b_llama_70b,"qwen_235b,llama_70b",231,oracle,0.936,4.2258791999999994e-05,0.936,0.0,0.0,1.0
2model_qwen_235b_llama_70b,"qwen_235b,llama_70b",231,logistic_router,0.88,4.364126400000001e-05,0.88,0.056,0.0,0.744
2model_qwen_235b_llama_70b,"qwen_235b,llama_70b",231,linear_svm_router,0.88,4.3497104000000005e-05,0.88,0.056,0.0,0.776
2model_qwen_235b_llama_70b,"qwen_235b,llama_70b",231,knn_router,0.888,4.208999199999999e-05,0.888,0.048,0.0,0.952
2model_qwen_235b_llama_70b,"qwen_235b,llama_70b",231,decision_tree_router,0.872,4.3662804e-05,0.872,0.064,0.0,0.728
2model_qwen_235b_llama_70b,"qwen_235b,llama_70b",231,random_forest_router,0.872,4.3071632e-05,0.872,0.064,0.0,0.88
2model_qwen_235b_llama_70b,"qwen_235b,llama_70b",231,extra_trees_router,0.88,4.3633976e-05,0.88,0.056,0.0,0.776
2model_qwen_235b_llama_70b,"qwen_235b,llama_70b",231,tfidf_logistic_router,0.88,4.222792e-05,0.88,0.056,0.0,0.848
2model_qwen_235b_llama_70b,"qwen_235b,llama_70b",231,tfidf_linear_svm_router,0.88,4.1966687999999986e-05,0.88,0.056,0.0,0.912
2model_qwen_235b_llama_70b,"qwen_235b,llama_70b",232,always_qwen_235b,0.936,4.7615416e-05,0.936,0.04,0.0,0.96
2model_qwen_235b_llama_70b,"qwen_235b,llama_70b",232,always_llama_70b,0.912,4.825988e-05,0.912,0.064,0.0,0.04
2model_qwen_235b_llama_70b,"qwen_235b,llama_70b",232,random,0.912,4.7050856e-05,0.912,0.064,0.0,0.528
2model_qwen_235b_llama_70b,"qwen_235b,llama_70b",232,oracle,0.976,4.7712352e-05,0.976,0.0,0.0,1.0
2model_qwen_235b_llama_70b,"qwen_235b,llama_70b",232,logistic_router,0.92,4.7632523999999994e-05,0.92,0.056,0.0,0.776
2model_qwen_235b_llama_70b,"qwen_235b,llama_70b",232,linear_svm_router,0.912,4.8306676000000004e-05,0.912,0.064,0.0,0.792
2model_qwen_235b_llama_70b,"qwen_235b,llama_70b",232,knn_router,0.936,4.7615416e-05,0.936,0.04,0.0,0.96
2model_qwen_235b_llama_70b,"qwen_235b,llama_70b",232,decision_tree_router,0.92,4.8030987999999995e-05,0.92,0.056,0.0,0.792
2model_qwen_235b_llama_70b,"qwen_235b,llama_70b",232,random_forest_router,0.928,4.7754852e-05,0.928,0.048,0.0,0.872
2model_qwen_235b_llama_70b,"qwen_235b,llama_70b",232,extra_trees_router,0.912,4.8437012000000003e-05,0.912,0.064,0.0,0.792
2model_qwen_235b_llama_70b,"qwen_235b,llama_70b",232,tfidf_logistic_router,0.912,4.7560068e-05,0.912,0.064,0.0,0.816
2model_qwen_235b_llama_70b,"qwen_235b,llama_70b",232,tfidf_linear_svm_router,0.936,4.7086976e-05,0.936,0.04,0.0,0.928
2model_qwen_235b_llama_70b,"qwen_235b,llama_70b",233,always_qwen_235b,0.912,4.258162399999999e-05,0.912,0.04,0.0,0.96
2model_qwen_235b_llama_70b,"qwen_235b,llama_70b",233,always_llama_70b,0.872,5.3442104e-05,0.872,0.08,0.0,0.04
2model_qwen_235b_llama_70b,"qwen_235b,llama_70b",233,random,0.888,4.971068e-05,0.888,0.064,0.0,0.496
2model_qwen_235b_llama_70b,"qwen_235b,llama_70b",233,oracle,0.952,4.2121887999999994e-05,0.952,0.0,0.0,1.0
2model_qwen_235b_llama_70b,"qwen_235b,llama_70b",233,logistic_router,0.904,4.549872399999999e-05,0.904,0.048,0.0,0.792
2model_qwen_235b_llama_70b,"qwen_235b,llama_70b",233,linear_svm_router,0.912,4.528258799999999e-05,0.912,0.04,0.0,0.8
2model_qwen_235b_llama_70b,"qwen_235b,llama_70b",233,knn_router,0.912,4.258162399999999e-05,0.912,0.04,0.0,0.96
2model_qwen_235b_llama_70b,"qwen_235b,llama_70b",233,decision_tree_router,0.904,4.6265624e-05,0.904,0.048,0.0,0.656
2model_qwen_235b_llama_70b,"qwen_235b,llama_70b",233,random_forest_router,0.912,4.2930995999999995e-05,0.912,0.04,0.0,0.92
2model_qwen_235b_llama_70b,"qwen_235b,llama_70b",233,extra_trees_router,0.912,4.2510115999999995e-05,0.912,0.04,0.0,0.856
2model_qwen_235b_llama_70b,"qwen_235b,llama_70b",233,tfidf_logistic_router,0.904,4.331407199999999e-05,0.904,0.048,0.0,0.88
2model_qwen_235b_llama_70b,"qwen_235b,llama_70b",233,tfidf_linear_svm_router,0.912,4.214650399999999e-05,0.912,0.04,0.0,0.936
2model_qwen_235b_deepseek_v3,"qwen_235b,deepseek_v3",229,always_qwen_235b,0.896,4.10186e-05,0.896,0.04,0.0,0.96
2model_qwen_235b_deepseek_v3,"qwen_235b,deepseek_v3",229,always_deepseek_v3,0.872,7.173344e-05,0.872,0.064,0.0,0.04
2model_qwen_235b_deepseek_v3,"qwen_235b,deepseek_v3",229,random,0.888,5.9256211999999996e-05,0.888,0.048,0.0,0.424
2model_qwen_235b_deepseek_v3,"qwen_235b,deepseek_v3",229,oracle,0.936,4.2581488e-05,0.936,0.0,0.0,1.0
2model_qwen_235b_deepseek_v3,"qwen_235b,deepseek_v3",229,logistic_router,0.896,4.439934800000001e-05,0.896,0.04,0.0,0.872
2model_qwen_235b_deepseek_v3,"qwen_235b,deepseek_v3",229,linear_svm_router,0.896,4.422116000000001e-05,0.896,0.04,0.0,0.888
2model_qwen_235b_deepseek_v3,"qwen_235b,deepseek_v3",229,knn_router,0.896,4.10186e-05,0.896,0.04,0.0,0.96
2model_qwen_235b_deepseek_v3,"qwen_235b,deepseek_v3",229,decision_tree_router,0.888,4.5957040000000003e-05,0.888,0.048,0.0,0.856
2model_qwen_235b_deepseek_v3,"qwen_235b,deepseek_v3",229,random_forest_router,0.896,4.10186e-05,0.896,0.04,0.0,0.96
2model_qwen_235b_deepseek_v3,"qwen_235b,deepseek_v3",229,extra_trees_router,0.888,4.6094672e-05,0.888,0.048,0.0,0.864
2model_qwen_235b_deepseek_v3,"qwen_235b,deepseek_v3",229,tfidf_logistic_router,0.896,4.319836800000001e-05,0.896,0.04,0.0,0.912
2model_qwen_235b_deepseek_v3,"qwen_235b,deepseek_v3",229,tfidf_linear_svm_router,0.896,4.10186e-05,0.896,0.04,0.0,0.96
2model_qwen_235b_deepseek_v3,"qwen_235b,deepseek_v3",230,always_qwen_235b,0.92,4.760200399999999e-05,0.92,0.032,0.0,0.968
2model_qwen_235b_deepseek_v3,"qwen_235b,deepseek_v3",230,always_deepseek_v3,0.904,6.9539296e-05,0.904,0.048,0.0,0.032
2model_qwen_235b_deepseek_v3,"qwen_235b,deepseek_v3",230,random,0.928,5.6066503999999993e-05,0.928,0.024,0.0,0.552
2model_qwen_235b_deepseek_v3,"qwen_235b,deepseek_v3",230,oracle,0.952,5.007149999999999e-05,0.952,0.0,0.0,1.0
2model_qwen_235b_deepseek_v3,"qwen_235b,deepseek_v3",230,logistic_router,0.912,5.024205599999999e-05,0.912,0.04,0.0,0.92
2model_qwen_235b_deepseek_v3,"qwen_235b,deepseek_v3",230,linear_svm_router,0.92,4.948215199999999e-05,0.92,0.032,0.0,0.928
2model_qwen_235b_deepseek_v3,"qwen_235b,deepseek_v3",230,knn_router,0.92,4.760200399999999e-05,0.92,0.032,0.0,0.968
2model_qwen_235b_deepseek_v3,"qwen_235b,deepseek_v3",230,decision_tree_router,0.896,5.2586628e-05,0.896,0.056,0.0,0.68
2model_qwen_235b_deepseek_v3,"qwen_235b,deepseek_v3",230,random_forest_router,0.92,4.760200399999999e-05,0.92,0.032,0.0,0.968
2model_qwen_235b_deepseek_v3,"qwen_235b,deepseek_v3",230,extra_trees_router,0.912,4.950213199999999e-05,0.912,0.04,0.0,0.936
2model_qwen_235b_deepseek_v3,"qwen_235b,deepseek_v3",230,tfidf_logistic_router,0.912,4.943608399999999e-05,0.912,0.04,0.0,0.944
2model_qwen_235b_deepseek_v3,"qwen_235b,deepseek_v3",230,tfidf_linear_svm_router,0.92,4.760200399999999e-05,0.92,0.032,0.0,0.968
2model_qwen_235b_deepseek_v3,"qwen_235b,deepseek_v3",231,always_qwen_235b,0.888,4.208999199999999e-05,0.888,0.032,0.0,0.968
2model_qwen_235b_deepseek_v3,"qwen_235b,deepseek_v3",231,always_deepseek_v3,0.856,6.8999472e-05,0.856,0.064,0.0,0.032
2model_qwen_235b_deepseek_v3,"qwen_235b,deepseek_v3",231,random,0.88,5.7766499999999997e-05,0.88,0.04,0.0,0.488
2model_qwen_235b_deepseek_v3,"qwen_235b,deepseek_v3",231,oracle,0.92,4.3255376e-05,0.92,0.0,0.0,1.0
2model_qwen_235b_deepseek_v3,"qwen_235b,deepseek_v3",231,logistic_router,0.888,4.550671999999999e-05,0.888,0.032,0.0,0.856
2model_qwen_235b_deepseek_v3,"qwen_235b,deepseek_v3",231,linear_svm_router,0.888,4.304859999999999e-05,0.888,0.032,0.0,0.912
2model_qwen_235b_deepseek_v3,"qwen_235b,deepseek_v3",231,knn_router,0.888,4.208999199999999e-05,0.888,0.032,0.0,0.968
2model_qwen_235b_deepseek_v3,"qwen_235b,deepseek_v3",231,decision_tree_router,0.888,4.569017599999999e-05,0.888,0.032,0.0,0.872
2model_qwen_235b_deepseek_v3,"qwen_235b,deepseek_v3",231,random_forest_router,0.888,4.2923111999999995e-05,0.888,0.032,0.0,0.96
2model_qwen_235b_deepseek_v3,"qwen_235b,deepseek_v3",231,extra_trees_router,0.872,4.3718839999999995e-05,0.872,0.048,0.0,0.92
2model_qwen_235b_deepseek_v3,"qwen_235b,deepseek_v3",231,tfidf_logistic_router,0.888,4.4864216e-05,0.888,0.032,0.0,0.88
2model_qwen_235b_deepseek_v3,"qwen_235b,deepseek_v3",231,tfidf_linear_svm_router,0.888,4.208999199999999e-05,0.888,0.032,0.0,0.968
2model_qwen_235b_deepseek_v3,"qwen_235b,deepseek_v3",232,always_qwen_235b,0.936,4.7615416e-05,0.936,0.008,0.0,0.992
2model_qwen_235b_deepseek_v3,"qwen_235b,deepseek_v3",232,always_deepseek_v3,0.896,7.1520128e-05,0.896,0.048,0.0,0.008
2model_qwen_235b_deepseek_v3,"qwen_235b,deepseek_v3",232,random,0.92,5.8200415999999996e-05,0.92,0.024,0.0,0.544
2model_qwen_235b_deepseek_v3,"qwen_235b,deepseek_v3",232,oracle,0.944,4.8303024e-05,0.944,0.0,0.0,1.0
2model_qwen_235b_deepseek_v3,"qwen_235b,deepseek_v3",232,logistic_router,0.936,5.2589596e-05,0.936,0.008,0.0,0.84
2model_qwen_235b_deepseek_v3,"qwen_235b,deepseek_v3",232,linear_svm_router,0.928,5.235156e-05,0.928,0.016,0.0,0.88
2model_qwen_235b_deepseek_v3,"qwen_235b,deepseek_v3",232,knn_router,0.936,4.7615416e-05,0.936,0.008,0.0,0.992
2model_qwen_235b_deepseek_v3,"qwen_235b,deepseek_v3",232,decision_tree_router,0.928,5.1139544e-05,0.928,0.016,0.0,0.768
2model_qwen_235b_deepseek_v3,"qwen_235b,deepseek_v3",232,random_forest_router,0.936,4.7615416e-05,0.936,0.008,0.0,0.992
2model_qwen_235b_deepseek_v3,"qwen_235b,deepseek_v3",232,extra_trees_router,0.928,4.8938351999999994e-05,0.928,0.016,0.0,0.968
2model_qwen_235b_deepseek_v3,"qwen_235b,deepseek_v3",232,tfidf_logistic_router,0.936,4.9767144e-05,0.936,0.008,0.0,0.92
2model_qwen_235b_deepseek_v3,"qwen_235b,deepseek_v3",232,tfidf_linear_svm_router,0.936,4.8048248e-05,0.936,0.008,0.0,0.984
2model_qwen_235b_deepseek_v3,"qwen_235b,deepseek_v3",233,always_qwen_235b,0.912,4.258162399999999e-05,0.912,0.032,0.0,0.968
2model_qwen_235b_deepseek_v3,"qwen_235b,deepseek_v3",233,always_deepseek_v3,0.912,6.7635184e-05,0.912,0.032,0.0,0.032
2model_qwen_235b_deepseek_v3,"qwen_235b,deepseek_v3",233,random,0.928,5.3134535999999996e-05,0.928,0.016,0.0,0.504
2model_qwen_235b_deepseek_v3,"qwen_235b,deepseek_v3",233,oracle,0.944,4.4781671999999995e-05,0.944,0.0,0.0,1.0
2model_qwen_235b_deepseek_v3,"qwen_235b,deepseek_v3",233,logistic_router,0.904,4.430739199999999e-05,0.904,0.04,0.0,0.888
2model_qwen_235b_deepseek_v3,"qwen_235b,deepseek_v3",233,linear_svm_router,0.904,4.4521447999999995e-05,0.904,0.04,0.0,0.896
2model_qwen_235b_deepseek_v3,"qwen_235b,deepseek_v3",233,knn_router,0.912,4.258162399999999e-05,0.912,0.032,0.0,0.968
2model_qwen_235b_deepseek_v3,"qwen_235b,deepseek_v3",233,decision_tree_router,0.904,4.4581543999999994e-05,0.904,0.04,0.0,0.912
2model_qwen_235b_deepseek_v3,"qwen_235b,deepseek_v3",233,random_forest_router,0.912,4.258162399999999e-05,0.912,0.032,0.0,0.968
2model_qwen_235b_deepseek_v3,"qwen_235b,deepseek_v3",233,extra_trees_router,0.912,4.3278343999999996e-05,0.912,0.032,0.0,0.936
2model_qwen_235b_deepseek_v3,"qwen_235b,deepseek_v3",233,tfidf_logistic_router,0.912,4.3190663999999994e-05,0.912,0.032,0.0,0.944
2model_qwen_235b_deepseek_v3,"qwen_235b,deepseek_v3",233,tfidf_linear_svm_router,0.912,4.335714399999999e-05,0.912,0.032,0.0,0.96
2model_gemini_flash_llama_70b,"gemini_flash,llama_70b",229,always_gemini_flash,0.864,0.0001908728,0.864,0.088,0.0,0.912
2model_gemini_flash_llama_70b,"gemini_flash,llama_70b",229,always_llama_70b,0.888,4.769864000000001e-05,0.888,0.064,0.0,0.088
2model_gemini_flash_llama_70b,"gemini_flash,llama_70b",229,random,0.872,0.00010211260000000002,0.872,0.08,0.0,0.408
2model_gemini_flash_llama_70b,"gemini_flash,llama_70b",229,oracle,0.952,0.00017171296000000004,0.952,0.0,0.0,1.0
2model_gemini_flash_llama_70b,"gemini_flash,llama_70b",229,logistic_router,0.864,0.00015935632,0.864,0.088,0.0,0.744
2model_gemini_flash_llama_70b,"gemini_flash,llama_70b",229,linear_svm_router,0.864,0.00016767983999999996,0.864,0.088,0.0,0.776
2model_gemini_flash_llama_70b,"gemini_flash,llama_70b",229,knn_router,0.864,0.0001908728,0.864,0.088,0.0,0.912
2model_gemini_flash_llama_70b,"gemini_flash,llama_70b",229,decision_tree_router,0.88,0.00016456872,0.88,0.072,0.0,0.816
2model_gemini_flash_llama_70b,"gemini_flash,llama_70b",229,random_forest_router,0.904,0.00016408756000000003,0.904,0.048,0.0,0.832
2model_gemini_flash_llama_70b,"gemini_flash,llama_70b",229,extra_trees_router,0.912,0.00014688279999999998,0.912,0.04,0.0,0.752
2model_gemini_flash_llama_70b,"gemini_flash,llama_70b",229,tfidf_logistic_router,0.88,0.00017024267999999997,0.88,0.072,0.0,0.816
2model_gemini_flash_llama_70b,"gemini_flash,llama_70b",229,tfidf_linear_svm_router,0.872,0.0001887228,0.872,0.08,0.0,0.904
2model_gemini_flash_llama_70b,"gemini_flash,llama_70b",230,always_gemini_flash,0.88,0.0001904848,0.88,0.072,0.0,0.928
2model_gemini_flash_llama_70b,"gemini_flash,llama_70b",230,always_llama_70b,0.904,5.2859176e-05,0.904,0.048,0.0,0.072
2model_gemini_flash_llama_70b,"gemini_flash,llama_70b",230,random,0.864,0.00013263881600000002,0.864,0.088,0.0,0.512
2model_gemini_flash_llama_70b,"gemini_flash,llama_70b",230,oracle,0.952,0.00017962276,0.952,0.0,0.0,1.0
2model_gemini_flash_llama_70b,"gemini_flash,llama_70b",230,logistic_router,0.92,0.00015858883999999998,0.92,0.032,0.0,0.752
2model_gemini_flash_llama_70b,"gemini_flash,llama_70b",230,linear_svm_router,0.904,0.00016960583999999998,0.904,0.048,0.0,0.816
2model_gemini_flash_llama_70b,"gemini_flash,llama_70b",230,knn_router,0.888,0.00018966336000000001,0.888,0.064,0.0,0.936
2model_gemini_flash_llama_70b,"gemini_flash,llama_70b",230,decision_tree_router,0.912,0.00015213404,0.912,0.04,0.0,0.712
2model_gemini_flash_llama_70b,"gemini_flash,llama_70b",230,random_forest_router,0.912,0.00016485108000000002,0.912,0.04,0.0,0.816
2model_gemini_flash_llama_70b,"gemini_flash,llama_70b",230,extra_trees_router,0.912,0.00015307608,0.912,0.04,0.0,0.728
2model_gemini_flash_llama_70b,"gemini_flash,llama_70b",230,tfidf_logistic_router,0.904,0.00016746275999999995,0.904,0.048,0.0,0.824
2model_gemini_flash_llama_70b,"gemini_flash,llama_70b",230,tfidf_linear_svm_router,0.88,0.00018587095999999997,0.88,0.072,0.0,0.904
2model_gemini_flash_llama_70b,"gemini_flash,llama_70b",231,always_gemini_flash,0.808,0.0001890168,0.808,0.12,0.0,0.88
2model_gemini_flash_llama_70b,"gemini_flash,llama_70b",231,always_llama_70b,0.888,5.057821599999999e-05,0.888,0.04,0.0,0.12
2model_gemini_flash_llama_70b,"gemini_flash,llama_70b",231,random,0.848,0.00012257996,0.848,0.08,0.0,0.48
2model_gemini_flash_llama_70b,"gemini_flash,llama_70b",231,oracle,0.928,0.00016208804,0.928,0.0,0.0,1.0
2model_gemini_flash_llama_70b,"gemini_flash,llama_70b",231,logistic_router,0.832,0.00016376436000000002,0.832,0.096,0.0,0.8
2model_gemini_flash_llama_70b,"gemini_flash,llama_70b",231,linear_svm_router,0.84,0.00017327459999999997,0.84,0.088,0.0,0.856
2model_gemini_flash_llama_70b,"gemini_flash,llama_70b",231,knn_router,0.808,0.0001890168,0.808,0.12,0.0,0.88
2model_gemini_flash_llama_70b,"gemini_flash,llama_70b",231,decision_tree_router,0.856,0.00016088327999999995,0.856,0.072,0.0,0.792
2model_gemini_flash_llama_70b,"gemini_flash,llama_70b",231,random_forest_router,0.856,0.00016199668,0.856,0.072,0.0,0.84
2model_gemini_flash_llama_70b,"gemini_flash,llama_70b",231,extra_trees_router,0.864,0.00015333908,0.864,0.064,0.0,0.8
2model_gemini_flash_llama_70b,"gemini_flash,llama_70b",231,tfidf_logistic_router,0.84,0.0001722554,0.84,0.088,0.0,0.864
2model_gemini_flash_llama_70b,"gemini_flash,llama_70b",231,tfidf_linear_svm_router,0.816,0.00018538983999999997,0.816,0.112,0.0,0.872
2model_gemini_flash_llama_70b,"gemini_flash,llama_70b",232,always_gemini_flash,0.928,0.00018889999999999996,0.928,0.048,0.0,0.952
2model_gemini_flash_llama_70b,"gemini_flash,llama_70b",232,always_llama_70b,0.912,4.825988e-05,0.912,0.064,0.0,0.048
2model_gemini_flash_llama_70b,"gemini_flash,llama_70b",232,random,0.904,0.00012344004,0.904,0.072,0.0,0.52
2model_gemini_flash_llama_70b,"gemini_flash,llama_70b",232,oracle,0.976,0.00018072471999999997,0.976,0.0,0.0,1.0
2model_gemini_flash_llama_70b,"gemini_flash,llama_70b",232,logistic_router,0.912,0.00015669919999999999,0.912,0.064,0.0,0.744
2model_gemini_flash_llama_70b,"gemini_flash,llama_70b",232,linear_svm_router,0.928,0.00016166403999999995,0.928,0.048,0.0,0.768
2model_gemini_flash_llama_70b,"gemini_flash,llama_70b",232,knn_router,0.936,0.00018522063999999996,0.936,0.04,0.0,0.952
2model_gemini_flash_llama_70b,"gemini_flash,llama_70b",232,decision_tree_router,0.912,0.00014885507999999996,0.912,0.064,0.0,0.68
2model_gemini_flash_llama_70b,"gemini_flash,llama_70b",232,random_forest_router,0.944,0.00017214303999999996,0.944,0.032,0.0,0.864
2model_gemini_flash_llama_70b,"gemini_flash,llama_70b",232,extra_trees_router,0.936,0.00016178784,0.936,0.04,0.0,0.784
2model_gemini_flash_llama_70b,"gemini_flash,llama_70b",232,tfidf_logistic_router,0.936,0.00016583355999999998,0.936,0.04,0.0,0.824
2model_gemini_flash_llama_70b,"gemini_flash,llama_70b",232,tfidf_linear_svm_router,0.936,0.00017966127999999998,0.936,0.04,0.0,0.904
2model_gemini_flash_llama_70b,"gemini_flash,llama_70b",233,always_gemini_flash,0.896,0.0001853312,0.896,0.08,0.0,0.92
2model_gemini_flash_llama_70b,"gemini_flash,llama_70b",233,always_llama_70b,0.872,5.3442104e-05,0.872,0.104,0.0,0.08
2model_gemini_flash_llama_70b,"gemini_flash,llama_70b",233,random,0.856,0.000120293984,0.856,0.12,0.0,0.472
2model_gemini_flash_llama_70b,"gemini_flash,llama_70b",233,oracle,0.976,0.00017521552799999997,0.976,0.0,0.0,1.0
2model_gemini_flash_llama_70b,"gemini_flash,llama_70b",233,logistic_router,0.92,0.00015825212799999995,0.92,0.056,0.0,0.808
2model_gemini_flash_llama_70b,"gemini_flash,llama_70b",233,linear_svm_router,0.888,0.00016727248799999997,0.888,0.088,0.0,0.792
2model_gemini_flash_llama_70b,"gemini_flash,llama_70b",233,knn_router,0.896,0.0001853312,0.896,0.08,0.0,0.92
2model_gemini_flash_llama_70b,"gemini_flash,llama_70b",233,decision_tree_router,0.912,0.00014181856799999997,0.912,0.064,0.0,0.744
2model_gemini_flash_llama_70b,"gemini_flash,llama_70b",233,random_forest_router,0.944,0.000165039888,0.944,0.032,0.0,0.88
2model_gemini_flash_llama_70b,"gemini_flash,llama_70b",233,extra_trees_router,0.952,0.000153860048,0.952,0.024,0.0,0.8
2model_gemini_flash_llama_70b,"gemini_flash,llama_70b",233,tfidf_logistic_router,0.912,0.00016859720799999997,0.912,0.064,0.0,0.848
2model_gemini_flash_llama_70b,"gemini_flash,llama_70b",233,tfidf_linear_svm_router,0.904,0.000175410488,0.904,0.072,0.0,0.864
2model_gemini_flash_deepseek_v3,"gemini_flash,deepseek_v3",229,always_gemini_flash,0.864,0.0001908728,0.864,0.08,0.0,0.92
2model_gemini_flash_deepseek_v3,"gemini_flash,deepseek_v3",229,always_deepseek_v3,0.872,7.173344e-05,0.872,0.072,0.0,0.08
2model_gemini_flash_deepseek_v3,"gemini_flash,deepseek_v3",229,random,0.856,0.00011869865600000002,0.856,0.088,0.0,0.416
2model_gemini_flash_deepseek_v3,"gemini_flash,deepseek_v3",229,oracle,0.944,0.00017868475199999998,0.944,0.0,0.0,1.0
2model_gemini_flash_deepseek_v3,"gemini_flash,deepseek_v3",229,logistic_router,0.88,0.000173295344,0.88,0.064,0.0,0.792
2model_gemini_flash_deepseek_v3,"gemini_flash,deepseek_v3",229,linear_svm_router,0.872,0.00017708307199999998,0.872,0.072,0.0,0.808
2model_gemini_flash_deepseek_v3,"gemini_flash,deepseek_v3",229,knn_router,0.864,0.0001908728,0.864,0.08,0.0,0.92
2model_gemini_flash_deepseek_v3,"gemini_flash,deepseek_v3",229,decision_tree_router,0.888,0.00016411209599999997,0.888,0.056,0.0,0.76
2model_gemini_flash_deepseek_v3,"gemini_flash,deepseek_v3",229,random_forest_router,0.896,0.00017325227199999998,0.896,0.048,0.0,0.84
2model_gemini_flash_deepseek_v3,"gemini_flash,deepseek_v3",229,extra_trees_router,0.904,0.00016134281599999997,0.904,0.04,0.0,0.776
2model_gemini_flash_deepseek_v3,"gemini_flash,deepseek_v3",229,tfidf_logistic_router,0.872,0.00018088447999999998,0.872,0.072,0.0,0.848
2model_gemini_flash_deepseek_v3,"gemini_flash,deepseek_v3",229,tfidf_linear_svm_router,0.872,0.000189159392,0.872,0.072,0.0,0.912
2model_gemini_flash_deepseek_v3,"gemini_flash,deepseek_v3",230,always_gemini_flash,0.88,0.0001904848,0.88,0.072,0.0,0.928
2model_gemini_flash_deepseek_v3,"gemini_flash,deepseek_v3",230,always_deepseek_v3,0.904,6.9539296e-05,0.904,0.048,0.0,0.072
2model_gemini_flash_deepseek_v3,"gemini_flash,deepseek_v3",230,random,0.888,0.00013997851200000003,0.888,0.064,0.0,0.528
2model_gemini_flash_deepseek_v3,"gemini_flash,deepseek_v3",230,oracle,0.952,0.00018366353599999998,0.952,0.0,0.0,1.0
2model_gemini_flash_deepseek_v3,"gemini_flash,deepseek_v3",230,logistic_router,0.904,0.00017194256,0.904,0.048,0.0,0.808
2model_gemini_flash_deepseek_v3,"gemini_flash,deepseek_v3",230,linear_svm_router,0.896,0.000178088112,0.896,0.056,0.0,0.832
2model_gemini_flash_deepseek_v3,"gemini_flash,deepseek_v3",230,knn_router,0.896,0.000190625696,0.896,0.056,0.0,0.944
2model_gemini_flash_deepseek_v3,"gemini_flash,deepseek_v3",230,decision_tree_router,0.896,0.000166507168,0.896,0.056,0.0,0.768
2model_gemini_flash_deepseek_v3,"gemini_flash,deepseek_v3",230,random_forest_router,0.896,0.00017010392,0.896,0.056,0.0,0.8
2model_gemini_flash_deepseek_v3,"gemini_flash,deepseek_v3",230,extra_trees_router,0.896,0.000163133088,0.896,0.056,0.0,0.736
2model_gemini_flash_deepseek_v3,"gemini_flash,deepseek_v3",230,tfidf_logistic_router,0.904,0.000179505152,0.904,0.048,0.0,0.872
2model_gemini_flash_deepseek_v3,"gemini_flash,deepseek_v3",230,tfidf_linear_svm_router,0.896,0.000188937328,0.896,0.056,0.0,0.92
2model_gemini_flash_deepseek_v3,"gemini_flash,deepseek_v3",231,always_gemini_flash,0.808,0.0001890168,0.808,0.088,0.0,0.912
2model_gemini_flash_deepseek_v3,"gemini_flash,deepseek_v3",231,always_deepseek_v3,0.856,6.8999472e-05,0.856,0.04,0.0,0.088
2model_gemini_flash_deepseek_v3,"gemini_flash,deepseek_v3",231,random,0.824,0.00013332636800000004,0.824,0.072,0.0,0.48
2model_gemini_flash_deepseek_v3,"gemini_flash,deepseek_v3",231,oracle,0.896,0.00017208743999999997,0.896,0.0,0.0,1.0
2model_gemini_flash_deepseek_v3,"gemini_flash,deepseek_v3",231,logistic_router,0.832,0.00016788843200000002,0.832,0.064,0.0,0.832
2model_gemini_flash_deepseek_v3,"gemini_flash,deepseek_v3",231,linear_svm_router,0.824,0.000174174864,0.824,0.072,0.0,0.848
2model_gemini_flash_deepseek_v3,"gemini_flash,deepseek_v3",231,knn_router,0.816,0.00018848991999999997,0.816,0.08,0.0,0.92
2model_gemini_flash_deepseek_v3,"gemini_flash,deepseek_v3",231,decision_tree_router,0.816,0.00016704015999999998,0.816,0.08,0.0,0.792
2model_gemini_flash_deepseek_v3,"gemini_flash,deepseek_v3",231,random_forest_router,0.84,0.00016884752000000003,0.84,0.056,0.0,0.864
2model_gemini_flash_deepseek_v3,"gemini_flash,deepseek_v3",231,extra_trees_router,0.84,0.000161988224,0.84,0.056,0.0,0.8
2model_gemini_flash_deepseek_v3,"gemini_flash,deepseek_v3",231,tfidf_logistic_router,0.832,0.000175269216,0.832,0.064,0.0,0.872
2model_gemini_flash_deepseek_v3,"gemini_flash,deepseek_v3",231,tfidf_linear_svm_router,0.816,0.00018655363200000002,0.816,0.08,0.0,0.904
2model_gemini_flash_deepseek_v3,"gemini_flash,deepseek_v3",232,always_gemini_flash,0.928,0.00018889999999999996,0.928,0.04,0.0,0.96
2model_gemini_flash_deepseek_v3,"gemini_flash,deepseek_v3",232,always_deepseek_v3,0.896,7.1520128e-05,0.896,0.072,0.0,0.04
2model_gemini_flash_deepseek_v3,"gemini_flash,deepseek_v3",232,random,0.912,0.00013458959999999997,0.912,0.056,0.0,0.544
2model_gemini_flash_deepseek_v3,"gemini_flash,deepseek_v3",232,oracle,0.968,0.00018379065599999998,0.968,0.0,0.0,1.0
2model_gemini_flash_deepseek_v3,"gemini_flash,deepseek_v3",232,logistic_router,0.92,0.00016799275199999998,0.92,0.048,0.0,0.824
2model_gemini_flash_deepseek_v3,"gemini_flash,deepseek_v3",232,linear_svm_router,0.92,0.000174358896,0.92,0.048,0.0,0.84
2model_gemini_flash_deepseek_v3,"gemini_flash,deepseek_v3",232,knn_router,0.928,0.00018713287999999996,0.928,0.04,0.0,0.96
2model_gemini_flash_deepseek_v3,"gemini_flash,deepseek_v3",232,decision_tree_router,0.92,0.000175269136,0.92,0.048,0.0,0.832
2model_gemini_flash_deepseek_v3,"gemini_flash,deepseek_v3",232,random_forest_router,0.936,0.00017776475199999996,0.936,0.032,0.0,0.888
2model_gemini_flash_deepseek_v3,"gemini_flash,deepseek_v3",232,extra_trees_router,0.936,0.00017090391999999996,0.936,0.032,0.0,0.84
2model_gemini_flash_deepseek_v3,"gemini_flash,deepseek_v3",232,tfidf_logistic_router,0.92,0.00017437425599999996,0.92,0.048,0.0,0.872
2model_gemini_flash_deepseek_v3,"gemini_flash,deepseek_v3",232,tfidf_linear_svm_router,0.928,0.00018545727999999995,0.928,0.04,0.0,0.944
2model_gemini_flash_deepseek_v3,"gemini_flash,deepseek_v3",233,always_gemini_flash,0.896,0.0001853312,0.896,0.072,0.0,0.928
2model_gemini_flash_deepseek_v3,"gemini_flash,deepseek_v3",233,always_deepseek_v3,0.912,6.7635184e-05,0.912,0.056,0.0,0.072
2model_gemini_flash_deepseek_v3,"gemini_flash,deepseek_v3",233,random,0.896,0.00012371784,0.896,0.072,0.0,0.48
2model_gemini_flash_deepseek_v3,"gemini_flash,deepseek_v3",233,oracle,0.968,0.0001777004,0.968,0.0,0.0,1.0
2model_gemini_flash_deepseek_v3,"gemini_flash,deepseek_v3",233,logistic_router,0.912,0.00016742704,0.912,0.056,0.0,0.848
2model_gemini_flash_deepseek_v3,"gemini_flash,deepseek_v3",233,linear_svm_router,0.904,0.000172148208,0.904,0.064,0.0,0.88
2model_gemini_flash_deepseek_v3,"gemini_flash,deepseek_v3",233,knn_router,0.896,0.0001853312,0.896,0.072,0.0,0.928
2model_gemini_flash_deepseek_v3,"gemini_flash,deepseek_v3",233,decision_tree_router,0.92,0.000151654384,0.92,0.048,0.0,0.752
2model_gemini_flash_deepseek_v3,"gemini_flash,deepseek_v3",233,random_forest_router,0.944,0.00017030761599999997,0.944,0.024,0.0,0.896
2model_gemini_flash_deepseek_v3,"gemini_flash,deepseek_v3",233,extra_trees_router,0.928,0.000166163136,0.928,0.04,0.0,0.832
2model_gemini_flash_deepseek_v3,"gemini_flash,deepseek_v3",233,tfidf_logistic_router,0.912,0.000172400544,0.912,0.056,0.0,0.88
2model_gemini_flash_deepseek_v3,"gemini_flash,deepseek_v3",233,tfidf_linear_svm_router,0.904,0.00018013971199999998,0.904,0.064,0.0,0.912
2model_llama_70b_deepseek_v3,"llama_70b,deepseek_v3",229,always_llama_70b,0.888,4.769864000000001e-05,0.888,0.064,0.0,0.936
2model_llama_70b_deepseek_v3,"llama_70b,deepseek_v3",229,always_deepseek_v3,0.872,7.173344e-05,0.872,0.08,0.0,0.064
2model_llama_70b_deepseek_v3,"llama_70b,deepseek_v3",229,random,0.872,6.428469600000001e-05,0.872,0.08,0.0,0.416
2model_llama_70b_deepseek_v3,"llama_70b,deepseek_v3",229,oracle,0.952,4.815004000000001e-05,0.952,0.0,0.0,1.0
2model_llama_70b_deepseek_v3,"llama_70b,deepseek_v3",229,logistic_router,0.904,5.1185736000000005e-05,0.904,0.048,0.0,0.84
2model_llama_70b_deepseek_v3,"llama_70b,deepseek_v3",229,linear_svm_router,0.904,5.0141264e-05,0.904,0.048,0.0,0.856
2model_llama_70b_deepseek_v3,"llama_70b,deepseek_v3",229,knn_router,0.888,4.769864000000001e-05,0.888,0.064,0.0,0.936
2model_llama_70b_deepseek_v3,"llama_70b,deepseek_v3",229,decision_tree_router,0.88,5.3464160000000006e-05,0.88,0.072,0.0,0.728
2model_llama_70b_deepseek_v3,"llama_70b,deepseek_v3",229,random_forest_router,0.88,4.8513128000000005e-05,0.88,0.072,0.0,0.848
2model_llama_70b_deepseek_v3,"llama_70b,deepseek_v3",229,extra_trees_router,0.896,4.9590344e-05,0.896,0.056,0.0,0.84
2model_llama_70b_deepseek_v3,"llama_70b,deepseek_v3",229,tfidf_logistic_router,0.912,4.9626223999999995e-05,0.912,0.04,0.0,0.888
2model_llama_70b_deepseek_v3,"llama_70b,deepseek_v3",229,tfidf_linear_svm_router,0.904,4.8209168000000005e-05,0.904,0.048,0.0,0.936
2model_llama_70b_deepseek_v3,"llama_70b,deepseek_v3",230,always_llama_70b,0.904,5.2859176e-05,0.904,0.08,0.0,0.92
2model_llama_70b_deepseek_v3,"llama_70b,deepseek_v3",230,always_deepseek_v3,0.904,6.9539296e-05,0.904,0.08,0.0,0.08
2model_llama_70b_deepseek_v3,"llama_70b,deepseek_v3",230,random,0.928,6.0198871999999994e-05,0.928,0.056,0.0,0.568
2model_llama_70b_deepseek_v3,"llama_70b,deepseek_v3",230,oracle,0.984,5.4076455999999996e-05,0.984,0.0,0.0,1.0
2model_llama_70b_deepseek_v3,"llama_70b,deepseek_v3",230,logistic_router,0.904,5.329836e-05,0.904,0.08,0.0,0.808
2model_llama_70b_deepseek_v3,"llama_70b,deepseek_v3",230,linear_svm_router,0.896,5.357144799999999e-05,0.896,0.088,0.0,0.832
2model_llama_70b_deepseek_v3,"llama_70b,deepseek_v3",230,knn_router,0.904,5.2859176e-05,0.904,0.08,0.0,0.92
2model_llama_70b_deepseek_v3,"llama_70b,deepseek_v3",230,decision_tree_router,0.92,5.4431816e-05,0.92,0.064,0.0,0.76
2model_llama_70b_deepseek_v3,"llama_70b,deepseek_v3",230,random_forest_router,0.872,5.257540799999999e-05,0.872,0.112,0.0,0.824
2model_llama_70b_deepseek_v3,"llama_70b,deepseek_v3",230,extra_trees_router,0.912,5.2840968e-05,0.912,0.072,0.0,0.808
2model_llama_70b_deepseek_v3,"llama_70b,deepseek_v3",230,tfidf_logistic_router,0.904,5.3924496e-05,0.904,0.08,0.0,0.832
2model_llama_70b_deepseek_v3,"llama_70b,deepseek_v3",230,tfidf_linear_svm_router,0.912,5.2825144e-05,0.912,0.072,0.0,0.912
2model_llama_70b_deepseek_v3,"llama_70b,deepseek_v3",231,always_llama_70b,0.888,5.057821599999999e-05,0.888,0.048,0.0,0.952
2model_llama_70b_deepseek_v3,"llama_70b,deepseek_v3",231,always_deepseek_v3,0.856,6.8999472e-05,0.856,0.08,0.0,0.048
2model_llama_70b_deepseek_v3,"llama_70b,deepseek_v3",231,random,0.864,6.1324624e-05,0.864,0.072,0.0,0.472
2model_llama_70b_deepseek_v3,"llama_70b,deepseek_v3",231,oracle,0.936,5.0849496000000004e-05,0.936,0.0,0.0,1.0
2model_llama_70b_deepseek_v3,"llama_70b,deepseek_v3",231,logistic_router,0.912,5.1029279999999995e-05,0.912,0.024,0.0,0.8
2model_llama_70b_deepseek_v3,"llama_70b,deepseek_v3",231,linear_svm_router,0.904,5.1777823999999996e-05,0.904,0.032,0.0,0.776
2model_llama_70b_deepseek_v3,"llama_70b,deepseek_v3",231,knn_router,0.888,5.057821599999999e-05,0.888,0.048,0.0,0.952
2model_llama_70b_deepseek_v3,"llama_70b,deepseek_v3",231,decision_tree_router,0.864,5.655219200000001e-05,0.864,0.072,0.0,0.68
2model_llama_70b_deepseek_v3,"llama_70b,deepseek_v3",231,random_forest_router,0.896,5.2411559999999995e-05,0.896,0.04,0.0,0.784
2model_llama_70b_deepseek_v3,"llama_70b,deepseek_v3",231,extra_trees_router,0.912,5.1590119999999994e-05,0.912,0.024,0.0,0.768
2model_llama_70b_deepseek_v3,"llama_70b,deepseek_v3",231,tfidf_logistic_router,0.912,5.0670255999999995e-05,0.912,0.024,0.0,0.808
2model_llama_70b_deepseek_v3,"llama_70b,deepseek_v3",231,tfidf_linear_svm_router,0.912,4.9816832e-05,0.912,0.024,0.0,0.904
2model_llama_70b_deepseek_v3,"llama_70b,deepseek_v3",232,always_llama_70b,0.912,4.825988e-05,0.912,0.064,0.0,0.936
2model_llama_70b_deepseek_v3,"llama_70b,deepseek_v3",232,always_deepseek_v3,0.896,7.1520128e-05,0.896,0.08,0.0,0.064
2model_llama_70b_deepseek_v3,"llama_70b,deepseek_v3",232,random,0.92,5.940944e-05,0.92,0.056,0.0,0.552
2model_llama_70b_deepseek_v3,"llama_70b,deepseek_v3",232,oracle,0.976,4.9181343999999997e-05,0.976,0.0,0.0,1.0
2model_llama_70b_deepseek_v3,"llama_70b,deepseek_v3",232,logistic_router,0.944,5.3574375999999994e-05,0.944,0.032,0.0,0.744
2model_llama_70b_deepseek_v3,"llama_70b,deepseek_v3",232,linear_svm_router,0.936,5.2804471999999996e-05,0.936,0.04,0.0,0.744
2model_llama_70b_deepseek_v3,"llama_70b,deepseek_v3",232,knn_router,0.912,4.825988e-05,0.912,0.064,0.0,0.936
2model_llama_70b_deepseek_v3,"llama_70b,deepseek_v3",232,decision_tree_router,0.88,5.728559999999999e-05,0.88,0.096,0.0,0.632
2model_llama_70b_deepseek_v3,"llama_70b,deepseek_v3",232,random_forest_router,0.904,4.8868855999999995e-05,0.904,0.072,0.0,0.856
2model_llama_70b_deepseek_v3,"llama_70b,deepseek_v3",232,extra_trees_router,0.928,5.113184e-05,0.928,0.048,0.0,0.8
2model_llama_70b_deepseek_v3,"llama_70b,deepseek_v3",232,tfidf_logistic_router,0.936,5.134984e-05,0.936,0.04,0.0,0.848
2model_llama_70b_deepseek_v3,"llama_70b,deepseek_v3",232,tfidf_linear_svm_router,0.928,4.8719743999999994e-05,0.928,0.048,0.0,0.92
2model_llama_70b_deepseek_v3,"llama_70b,deepseek_v3",233,always_llama_70b,0.872,5.3442104e-05,0.872,0.08,0.0,0.92
2model_llama_70b_deepseek_v3,"llama_70b,deepseek_v3",233,always_deepseek_v3,0.912,6.7635184e-05,0.912,0.04,0.0,0.08
2model_llama_70b_deepseek_v3,"llama_70b,deepseek_v3",233,random,0.912,5.686596e-05,0.912,0.04,0.0,0.52
2model_llama_70b_deepseek_v3,"llama_70b,deepseek_v3",233,oracle,0.952,5.4374288e-05,0.952,0.0,0.0,1.0
2model_llama_70b_deepseek_v3,"llama_70b,deepseek_v3",233,logistic_router,0.888,5.372552800000001e-05,0.888,0.064,0.0,0.8
2model_llama_70b_deepseek_v3,"llama_70b,deepseek_v3",233,linear_svm_router,0.88,5.3985128e-05,0.88,0.072,0.0,0.808
2model_llama_70b_deepseek_v3,"llama_70b,deepseek_v3",233,knn_router,0.872,5.3442104e-05,0.872,0.08,0.0,0.92
2model_llama_70b_deepseek_v3,"llama_70b,deepseek_v3",233,decision_tree_router,0.88,5.3388736000000005e-05,0.88,0.072,0.0,0.776
2model_llama_70b_deepseek_v3,"llama_70b,deepseek_v3",233,random_forest_router,0.88,5.342285600000001e-05,0.88,0.072,0.0,0.872
2model_llama_70b_deepseek_v3,"llama_70b,deepseek_v3",233,extra_trees_router,0.88,5.3496776e-05,0.88,0.072,0.0,0.864
2model_llama_70b_deepseek_v3,"llama_70b,deepseek_v3",233,tfidf_logistic_router,0.872,5.3685728e-05,0.872,0.08,0.0,0.864
2model_llama_70b_deepseek_v3,"llama_70b,deepseek_v3",233,tfidf_linear_svm_router,0.88,5.3387544000000004e-05,0.88,0.072,0.0,0.92
3model_mistral_nemo_qwen_235b_gemini_flash,"mistral_nemo,qwen_235b,gemini_flash",229,always_mistral_nemo,0.72,9.60024e-06,0.72,0.24,0.0,0.76
3model_mistral_nemo_qwen_235b_gemini_flash,"mistral_nemo,qwen_235b,gemini_flash",229,always_qwen_235b,0.896,4.10186e-05,0.896,0.064,0.0,0.216
3model_mistral_nemo_qwen_235b_gemini_flash,"mistral_nemo,qwen_235b,gemini_flash",229,always_gemini_flash,0.864,0.0001908728,0.864,0.096,0.0,0.024
3model_mistral_nemo_qwen_235b_gemini_flash,"mistral_nemo,qwen_235b,gemini_flash",229,random,0.824,0.00010438325600000001,0.824,0.136,0.0,0.232
3model_mistral_nemo_qwen_235b_gemini_flash,"mistral_nemo,qwen_235b,gemini_flash",229,oracle,0.96,2.4891063999999998e-05,0.96,0.0,0.0,1.0
3model_mistral_nemo_qwen_235b_gemini_flash,"mistral_nemo,qwen_235b,gemini_flash",229,logistic_router,0.8,2.3776808e-05,0.8,0.16,0.0,0.68
3model_mistral_nemo_qwen_235b_gemini_flash,"mistral_nemo,qwen_235b,gemini_flash",229,linear_svm_router,0.784,1.7760367999999996e-05,0.784,0.176,0.0,0.752
3model_mistral_nemo_qwen_235b_gemini_flash,"mistral_nemo,qwen_235b,gemini_flash",229,knn_router,0.76,1.1468432000000001e-05,0.76,0.2,0.0,0.784
3model_mistral_nemo_qwen_235b_gemini_flash,"mistral_nemo,qwen_235b,gemini_flash",229,decision_tree_router,0.824,2.1505944e-05,0.824,0.136,0.0,0.736
3model_mistral_nemo_qwen_235b_gemini_flash,"mistral_nemo,qwen_235b,gemini_flash",229,random_forest_router,0.824,1.8535392e-05,0.824,0.136,0.0,0.72
3model_mistral_nemo_qwen_235b_gemini_flash,"mistral_nemo,qwen_235b,gemini_flash",229,extra_trees_router,0.808,2.2236939999999997e-05,0.808,0.152,0.0,0.728
3model_mistral_nemo_qwen_235b_gemini_flash,"mistral_nemo,qwen_235b,gemini_flash",229,tfidf_logistic_router,0.784,1.7658839999999994e-05,0.784,0.176,0.0,0.736
3model_mistral_nemo_qwen_235b_gemini_flash,"mistral_nemo,qwen_235b,gemini_flash",229,tfidf_linear_svm_router,0.776,1.5439784e-05,0.776,0.184,0.0,0.776
3model_mistral_nemo_qwen_235b_gemini_flash,"mistral_nemo,qwen_235b,gemini_flash",230,always_mistral_nemo,0.728,8.43176e-06,0.728,0.232,0.0,0.768
3model_mistral_nemo_qwen_235b_gemini_flash,"mistral_nemo,qwen_235b,gemini_flash",230,always_qwen_235b,0.92,4.760200399999999e-05,0.92,0.04,0.0,0.216
3model_mistral_nemo_qwen_235b_gemini_flash,"mistral_nemo,qwen_235b,gemini_flash",230,always_gemini_flash,0.88,0.0001904848,0.88,0.08,0.0,0.016
3model_mistral_nemo_qwen_235b_gemini_flash,"mistral_nemo,qwen_235b,gemini_flash",230,random,0.872,7.489487599999999e-05,0.872,0.088,0.0,0.416
3model_mistral_nemo_qwen_235b_gemini_flash,"mistral_nemo,qwen_235b,gemini_flash",230,oracle,0.96,2.5956228e-05,0.96,0.0,0.0,1.0
3model_mistral_nemo_qwen_235b_gemini_flash,"mistral_nemo,qwen_235b,gemini_flash",230,logistic_router,0.84,3.1243136000000004e-05,0.84,0.12,0.0,0.696
3model_mistral_nemo_qwen_235b_gemini_flash,"mistral_nemo,qwen_235b,gemini_flash",230,linear_svm_router,0.824,2.431894e-05,0.824,0.136,0.0,0.736
3model_mistral_nemo_qwen_235b_gemini_flash,"mistral_nemo,qwen_235b,gemini_flash",230,knn_router,0.768,1.1778408e-05,0.768,0.192,0.0,0.784
3model_mistral_nemo_qwen_235b_gemini_flash,"mistral_nemo,qwen_235b,gemini_flash",230,decision_tree_router,0.88,5.5088156e-05,0.88,0.08,0.0,0.48
3model_mistral_nemo_qwen_235b_gemini_flash,"mistral_nemo,qwen_235b,gemini_flash",230,random_forest_router,0.816,2.1146804000000003e-05,0.816,0.144,0.0,0.688
3model_mistral_nemo_qwen_235b_gemini_flash,"mistral_nemo,qwen_235b,gemini_flash",230,extra_trees_router,0.832,2.7172448e-05,0.832,0.128,0.0,0.68
3model_mistral_nemo_qwen_235b_gemini_flash,"mistral_nemo,qwen_235b,gemini_flash",230,tfidf_logistic_router,0.84,2.3692128e-05,0.84,0.12,0.0,0.728
3model_mistral_nemo_qwen_235b_gemini_flash,"mistral_nemo,qwen_235b,gemini_flash",230,tfidf_linear_svm_router,0.8,1.4724419999999999e-05,0.8,0.16,0.0,0.768
3model_mistral_nemo_qwen_235b_gemini_flash,"mistral_nemo,qwen_235b,gemini_flash",231,always_mistral_nemo,0.688,8.764720000000002e-06,0.688,0.224,0.0,0.776
3model_mistral_nemo_qwen_235b_gemini_flash,"mistral_nemo,qwen_235b,gemini_flash",231,always_qwen_235b,0.888,4.208999199999999e-05,0.888,0.024,0.0,0.224
3model_mistral_nemo_qwen_235b_gemini_flash,"mistral_nemo,qwen_235b,gemini_flash",231,always_gemini_flash,0.808,0.0001890168,0.808,0.104,0.0,0.0
3model_mistral_nemo_qwen_235b_gemini_flash,"mistral_nemo,qwen_235b,gemini_flash",231,random,0.848,8.190545600000002e-05,0.848,0.064,0.0,0.336
3model_mistral_nemo_qwen_235b_gemini_flash,"mistral_nemo,qwen_235b,gemini_flash",231,oracle,0.912,1.9591820000000002e-05,0.912,0.0,0.0,1.0
3model_mistral_nemo_qwen_235b_gemini_flash,"mistral_nemo,qwen_235b,gemini_flash",231,logistic_router,0.808,3.5902659999999995e-05,0.808,0.104,0.0,0.696
3model_mistral_nemo_qwen_235b_gemini_flash,"mistral_nemo,qwen_235b,gemini_flash",231,linear_svm_router,0.792,2.2350068e-05,0.792,0.12,0.0,0.816
3model_mistral_nemo_qwen_235b_gemini_flash,"mistral_nemo,qwen_235b,gemini_flash",231,knn_router,0.752,1.3074947999999999e-05,0.752,0.16,0.0,0.832
3model_mistral_nemo_qwen_235b_gemini_flash,"mistral_nemo,qwen_235b,gemini_flash",231,decision_tree_router,0.808,4.120984399999999e-05,0.808,0.104,0.0,0.632
3model_mistral_nemo_qwen_235b_gemini_flash,"mistral_nemo,qwen_235b,gemini_flash",231,random_forest_router,0.832,2.39779e-05,0.832,0.08,0.0,0.776
3model_mistral_nemo_qwen_235b_gemini_flash,"mistral_nemo,qwen_235b,gemini_flash",231,extra_trees_router,0.824,3.3704547999999993e-05,0.824,0.088,0.0,0.736
3model_mistral_nemo_qwen_235b_gemini_flash,"mistral_nemo,qwen_235b,gemini_flash",231,tfidf_logistic_router,0.816,3.1538676000000005e-05,0.816,0.096,0.0,0.768
3model_mistral_nemo_qwen_235b_gemini_flash,"mistral_nemo,qwen_235b,gemini_flash",231,tfidf_linear_svm_router,0.768,1.5140084000000002e-05,0.768,0.144,0.0,0.824
3model_mistral_nemo_qwen_235b_gemini_flash,"mistral_nemo,qwen_235b,gemini_flash",232,always_mistral_nemo,0.728,8.343599999999998e-06,0.728,0.264,0.0,0.736
3model_mistral_nemo_qwen_235b_gemini_flash,"mistral_nemo,qwen_235b,gemini_flash",232,always_qwen_235b,0.936,4.7615416e-05,0.936,0.056,0.0,0.232
3model_mistral_nemo_qwen_235b_gemini_flash,"mistral_nemo,qwen_235b,gemini_flash",232,always_gemini_flash,0.928,0.00018889999999999996,0.928,0.064,0.0,0.032
3model_mistral_nemo_qwen_235b_gemini_flash,"mistral_nemo,qwen_235b,gemini_flash",232,random,0.864,8.010107199999998e-05,0.864,0.128,0.0,0.344
3model_mistral_nemo_qwen_235b_gemini_flash,"mistral_nemo,qwen_235b,gemini_flash",232,oracle,0.992,2.7489292000000003e-05,0.992,0.0,0.0,1.0
3model_mistral_nemo_qwen_235b_gemini_flash,"mistral_nemo,qwen_235b,gemini_flash",232,logistic_router,0.808,2.1334520000000002e-05,0.808,0.184,0.0,0.64
3model_mistral_nemo_qwen_235b_gemini_flash,"mistral_nemo,qwen_235b,gemini_flash",232,linear_svm_router,0.792,1.4454627999999999e-05,0.792,0.2,0.0,0.752
3model_mistral_nemo_qwen_235b_gemini_flash,"mistral_nemo,qwen_235b,gemini_flash",232,knn_router,0.768,1.2079827999999999e-05,0.768,0.224,0.0,0.768
3model_mistral_nemo_qwen_235b_gemini_flash,"mistral_nemo,qwen_235b,gemini_flash",232,decision_tree_router,0.824,3.1016452000000006e-05,0.824,0.168,0.0,0.608
3model_mistral_nemo_qwen_235b_gemini_flash,"mistral_nemo,qwen_235b,gemini_flash",232,random_forest_router,0.808,2.0351984000000004e-05,0.808,0.184,0.0,0.704
3model_mistral_nemo_qwen_235b_gemini_flash,"mistral_nemo,qwen_235b,gemini_flash",232,extra_trees_router,0.808,2.158176e-05,0.808,0.184,0.0,0.704
3model_mistral_nemo_qwen_235b_gemini_flash,"mistral_nemo,qwen_235b,gemini_flash",232,tfidf_logistic_router,0.8,1.5699855999999995e-05,0.8,0.192,0.0,0.704
3model_mistral_nemo_qwen_235b_gemini_flash,"mistral_nemo,qwen_235b,gemini_flash",232,tfidf_linear_svm_router,0.784,1.4304300000000001e-05,0.784,0.208,0.0,0.728
3model_mistral_nemo_qwen_235b_gemini_flash,"mistral_nemo,qwen_235b,gemini_flash",233,always_mistral_nemo,0.728,8.0912e-06,0.728,0.248,0.0,0.752
3model_mistral_nemo_qwen_235b_gemini_flash,"mistral_nemo,qwen_235b,gemini_flash",233,always_qwen_235b,0.912,4.258162399999999e-05,0.912,0.064,0.0,0.216
3model_mistral_nemo_qwen_235b_gemini_flash,"mistral_nemo,qwen_235b,gemini_flash",233,always_gemini_flash,0.896,0.0001853312,0.896,0.08,0.0,0.032
3model_mistral_nemo_qwen_235b_gemini_flash,"mistral_nemo,qwen_235b,gemini_flash",233,random,0.864,8.912934e-05,0.864,0.112,0.0,0.384
3model_mistral_nemo_qwen_235b_gemini_flash,"mistral_nemo,qwen_235b,gemini_flash",233,oracle,0.976,2.8979464e-05,0.976,0.0,0.0,1.0
3model_mistral_nemo_qwen_235b_gemini_flash,"mistral_nemo,qwen_235b,gemini_flash",233,logistic_router,0.848,3.2472500000000005e-05,0.848,0.128,0.0,0.68
3model_mistral_nemo_qwen_235b_gemini_flash,"mistral_nemo,qwen_235b,gemini_flash",233,linear_svm_router,0.816,2.1218687999999998e-05,0.816,0.16,0.0,0.776
3model_mistral_nemo_qwen_235b_gemini_flash,"mistral_nemo,qwen_235b,gemini_flash",233,knn_router,0.776,1.085448e-05,0.776,0.2,0.0,0.8
3model_mistral_nemo_qwen_235b_gemini_flash,"mistral_nemo,qwen_235b,gemini_flash",233,decision_tree_router,0.824,2.2103668e-05,0.824,0.152,0.0,0.72
3model_mistral_nemo_qwen_235b_gemini_flash,"mistral_nemo,qwen_235b,gemini_flash",233,random_forest_router,0.832,1.7930432e-05,0.832,0.144,0.0,0.8
3model_mistral_nemo_qwen_235b_gemini_flash,"mistral_nemo,qwen_235b,gemini_flash",233,extra_trees_router,0.84,2.6047327999999997e-05,0.84,0.136,0.0,0.768
3model_mistral_nemo_qwen_235b_gemini_flash,"mistral_nemo,qwen_235b,gemini_flash",233,tfidf_logistic_router,0.832,2.2156608000000003e-05,0.832,0.144,0.0,0.76
3model_mistral_nemo_qwen_235b_gemini_flash,"mistral_nemo,qwen_235b,gemini_flash",233,tfidf_linear_svm_router,0.816,1.3413511999999999e-05,0.816,0.16,0.0,0.808
3model_mistral_nemo_qwen_235b_llama_70b,"mistral_nemo,qwen_235b,llama_70b",229,always_mistral_nemo,0.72,9.60024e-06,0.72,0.232,0.0,0.768
3model_mistral_nemo_qwen_235b_llama_70b,"mistral_nemo,qwen_235b,llama_70b",229,always_qwen_235b,0.896,4.10186e-05,0.896,0.056,0.0,0.216
3model_mistral_nemo_qwen_235b_llama_70b,"mistral_nemo,qwen_235b,llama_70b",229,always_llama_70b,0.888,4.769864000000001e-05,0.888,0.064,0.0,0.016
3model_mistral_nemo_qwen_235b_llama_70b,"mistral_nemo,qwen_235b,llama_70b",229,random,0.848,3.560077600000001e-05,0.848,0.104,0.0,0.24
3model_mistral_nemo_qwen_235b_llama_70b,"mistral_nemo,qwen_235b,llama_70b",229,oracle,0.952,1.8728183999999998e-05,0.952,0.0,0.0,1.0
3model_mistral_nemo_qwen_235b_llama_70b,"mistral_nemo,qwen_235b,llama_70b",229,logistic_router,0.792,1.8904883999999995e-05,0.792,0.16,0.0,0.664
3model_mistral_nemo_qwen_235b_llama_70b,"mistral_nemo,qwen_235b,llama_70b",229,linear_svm_router,0.784,1.6096472e-05,0.784,0.168,0.0,0.736
3model_mistral_nemo_qwen_235b_llama_70b,"mistral_nemo,qwen_235b,llama_70b",229,knn_router,0.76,1.1197152000000002e-05,0.76,0.192,0.0,0.8
3model_mistral_nemo_qwen_235b_llama_70b,"mistral_nemo,qwen_235b,llama_70b",229,decision_tree_router,0.856,2.5051472e-05,0.856,0.096,0.0,0.544
3model_mistral_nemo_qwen_235b_llama_70b,"mistral_nemo,qwen_235b,llama_70b",229,random_forest_router,0.808,1.7798879999999995e-05,0.808,0.144,0.0,0.688
3model_mistral_nemo_qwen_235b_llama_70b,"mistral_nemo,qwen_235b,llama_70b",229,extra_trees_router,0.776,1.9430319999999997e-05,0.776,0.176,0.0,0.632
3model_mistral_nemo_qwen_235b_llama_70b,"mistral_nemo,qwen_235b,llama_70b",229,tfidf_logistic_router,0.8,1.7236552e-05,0.8,0.152,0.0,0.72
3model_mistral_nemo_qwen_235b_llama_70b,"mistral_nemo,qwen_235b,llama_70b",229,tfidf_linear_svm_router,0.776,1.2839168000000001e-05,0.776,0.176,0.0,0.784
3model_mistral_nemo_qwen_235b_llama_70b,"mistral_nemo,qwen_235b,llama_70b",230,always_mistral_nemo,0.728,8.43176e-06,0.728,0.24,0.0,0.76
3model_mistral_nemo_qwen_235b_llama_70b,"mistral_nemo,qwen_235b,llama_70b",230,always_qwen_235b,0.92,4.760200399999999e-05,0.92,0.048,0.0,0.216
3model_mistral_nemo_qwen_235b_llama_70b,"mistral_nemo,qwen_235b,llama_70b",230,always_llama_70b,0.904,5.2859176e-05,0.904,0.064,0.0,0.024
3model_mistral_nemo_qwen_235b_llama_70b,"mistral_nemo,qwen_235b,llama_70b",230,random,0.856,3.364801200000001e-05,0.856,0.112,0.0,0.408
3model_mistral_nemo_qwen_235b_llama_70b,"mistral_nemo,qwen_235b,llama_70b",230,oracle,0.968,1.9767508000000002e-05,0.968,0.0,0.0,1.0
3model_mistral_nemo_qwen_235b_llama_70b,"mistral_nemo,qwen_235b,llama_70b",230,logistic_router,0.84,2.3763712e-05,0.84,0.128,0.0,0.68
3model_mistral_nemo_qwen_235b_llama_70b,"mistral_nemo,qwen_235b,llama_70b",230,linear_svm_router,0.832,1.7754100000000003e-05,0.832,0.136,0.0,0.768
3model_mistral_nemo_qwen_235b_llama_70b,"mistral_nemo,qwen_235b,llama_70b",230,knn_router,0.776,1.2478568e-05,0.776,0.192,0.0,0.784
3model_mistral_nemo_qwen_235b_llama_70b,"mistral_nemo,qwen_235b,llama_70b",230,decision_tree_router,0.864,2.6156619999999998e-05,0.864,0.104,0.0,0.56
3model_mistral_nemo_qwen_235b_llama_70b,"mistral_nemo,qwen_235b,llama_70b",230,random_forest_router,0.816,2.2113976000000003e-05,0.816,0.152,0.0,0.64
3model_mistral_nemo_qwen_235b_llama_70b,"mistral_nemo,qwen_235b,llama_70b",230,extra_trees_router,0.816,2.8506932e-05,0.816,0.152,0.0,0.576
3model_mistral_nemo_qwen_235b_llama_70b,"mistral_nemo,qwen_235b,llama_70b",230,tfidf_logistic_router,0.832,1.9324984000000002e-05,0.832,0.136,0.0,0.712
3model_mistral_nemo_qwen_235b_llama_70b,"mistral_nemo,qwen_235b,llama_70b",230,tfidf_linear_svm_router,0.8,1.4634739999999998e-05,0.8,0.168,0.0,0.752
3model_mistral_nemo_qwen_235b_llama_70b,"mistral_nemo,qwen_235b,llama_70b",231,always_mistral_nemo,0.688,8.764720000000002e-06,0.688,0.256,0.0,0.744
3model_mistral_nemo_qwen_235b_llama_70b,"mistral_nemo,qwen_235b,llama_70b",231,always_qwen_235b,0.888,4.208999199999999e-05,0.888,0.056,0.0,0.224
3model_mistral_nemo_qwen_235b_llama_70b,"mistral_nemo,qwen_235b,llama_70b",231,always_llama_70b,0.888,5.057821599999999e-05,0.888,0.056,0.0,0.032
3model_mistral_nemo_qwen_235b_llama_70b,"mistral_nemo,qwen_235b,llama_70b",231,random,0.872,3.8932816000000005e-05,0.872,0.072,0.0,0.336
3model_mistral_nemo_qwen_235b_llama_70b,"mistral_nemo,qwen_235b,llama_70b",231,oracle,0.944,2.115398e-05,0.944,0.0,0.0,1.0
3model_mistral_nemo_qwen_235b_llama_70b,"mistral_nemo,qwen_235b,llama_70b",231,logistic_router,0.816,2.005326e-05,0.816,0.128,0.0,0.728
3model_mistral_nemo_qwen_235b_llama_70b,"mistral_nemo,qwen_235b,llama_70b",231,linear_svm_router,0.792,1.7486388e-05,0.792,0.152,0.0,0.76
3model_mistral_nemo_qwen_235b_llama_70b,"mistral_nemo,qwen_235b,llama_70b",231,knn_router,0.752,1.3074947999999999e-05,0.752,0.192,0.0,0.8
3model_mistral_nemo_qwen_235b_llama_70b,"mistral_nemo,qwen_235b,llama_70b",231,decision_tree_router,0.776,2.0807076e-05,0.776,0.168,0.0,0.56
3model_mistral_nemo_qwen_235b_llama_70b,"mistral_nemo,qwen_235b,llama_70b",231,random_forest_router,0.816,1.7370060000000002e-05,0.816,0.128,0.0,0.76
3model_mistral_nemo_qwen_235b_llama_70b,"mistral_nemo,qwen_235b,llama_70b",231,extra_trees_router,0.824,2.0622380000000003e-05,0.824,0.12,0.0,0.68
3model_mistral_nemo_qwen_235b_llama_70b,"mistral_nemo,qwen_235b,llama_70b",231,tfidf_logistic_router,0.792,1.8627516e-05,0.792,0.152,0.0,0.728
3model_mistral_nemo_qwen_235b_llama_70b,"mistral_nemo,qwen_235b,llama_70b",231,tfidf_linear_svm_router,0.768,1.4071828000000001e-05,0.768,0.176,0.0,0.808
3model_mistral_nemo_qwen_235b_llama_70b,"mistral_nemo,qwen_235b,llama_70b",232,always_mistral_nemo,0.728,8.343599999999998e-06,0.728,0.256,0.0,0.744
3model_mistral_nemo_qwen_235b_llama_70b,"mistral_nemo,qwen_235b,llama_70b",232,always_qwen_235b,0.936,4.7615416e-05,0.936,0.048,0.0,0.232
3model_mistral_nemo_qwen_235b_llama_70b,"mistral_nemo,qwen_235b,llama_70b",232,always_llama_70b,0.912,4.825988e-05,0.912,0.072,0.0,0.024
3model_mistral_nemo_qwen_235b_llama_70b,"mistral_nemo,qwen_235b,llama_70b",232,random,0.832,3.695459199999999e-05,0.832,0.152,0.0,0.336
3model_mistral_nemo_qwen_235b_llama_70b,"mistral_nemo,qwen_235b,llama_70b",232,oracle,0.984,2.0176892e-05,0.984,0.0,0.0,1.0
3model_mistral_nemo_qwen_235b_llama_70b,"mistral_nemo,qwen_235b,llama_70b",232,logistic_router,0.824,2.1001128000000005e-05,0.824,0.16,0.0,0.616
3model_mistral_nemo_qwen_235b_llama_70b,"mistral_nemo,qwen_235b,llama_70b",232,linear_svm_router,0.792,1.6566392000000003e-05,0.792,0.192,0.0,0.704
3model_mistral_nemo_qwen_235b_llama_70b,"mistral_nemo,qwen_235b,llama_70b",232,knn_router,0.776,1.2779987999999997e-05,0.776,0.208,0.0,0.784
3model_mistral_nemo_qwen_235b_llama_70b,"mistral_nemo,qwen_235b,llama_70b",232,decision_tree_router,0.832,2.680982e-05,0.832,0.152,0.0,0.6
3model_mistral_nemo_qwen_235b_llama_70b,"mistral_nemo,qwen_235b,llama_70b",232,random_forest_router,0.808,2.1927824000000003e-05,0.808,0.176,0.0,0.68
3model_mistral_nemo_qwen_235b_llama_70b,"mistral_nemo,qwen_235b,llama_70b",232,extra_trees_router,0.8,2.3017172000000004e-05,0.8,0.184,0.0,0.64
3model_mistral_nemo_qwen_235b_llama_70b,"mistral_nemo,qwen_235b,llama_70b",232,tfidf_logistic_router,0.816,1.7400400000000004e-05,0.816,0.168,0.0,0.704
3model_mistral_nemo_qwen_235b_llama_70b,"mistral_nemo,qwen_235b,llama_70b",232,tfidf_linear_svm_router,0.792,1.5471643999999996e-05,0.792,0.192,0.0,0.72
3model_mistral_nemo_qwen_235b_llama_70b,"mistral_nemo,qwen_235b,llama_70b",233,always_mistral_nemo,0.728,8.0912e-06,0.728,0.232,0.0,0.768
3model_mistral_nemo_qwen_235b_llama_70b,"mistral_nemo,qwen_235b,llama_70b",233,always_qwen_235b,0.912,4.258162399999999e-05,0.912,0.048,0.0,0.216
3model_mistral_nemo_qwen_235b_llama_70b,"mistral_nemo,qwen_235b,llama_70b",233,always_llama_70b,0.872,5.3442104e-05,0.872,0.088,0.0,0.016
3model_mistral_nemo_qwen_235b_llama_70b,"mistral_nemo,qwen_235b,llama_70b",233,random,0.832,3.970736400000001e-05,0.832,0.128,0.0,0.36
3model_mistral_nemo_qwen_235b_llama_70b,"mistral_nemo,qwen_235b,llama_70b",233,oracle,0.96,1.8490344000000002e-05,0.96,0.0,0.0,1.0
3model_mistral_nemo_qwen_235b_llama_70b,"mistral_nemo,qwen_235b,llama_70b",233,logistic_router,0.832,2.2764356e-05,0.832,0.128,0.0,0.656
3model_mistral_nemo_qwen_235b_llama_70b,"mistral_nemo,qwen_235b,llama_70b",233,linear_svm_router,0.808,1.5602256e-05,0.808,0.152,0.0,0.784
3model_mistral_nemo_qwen_235b_llama_70b,"mistral_nemo,qwen_235b,llama_70b",233,knn_router,0.776,1.085448e-05,0.776,0.184,0.0,0.816
3model_mistral_nemo_qwen_235b_llama_70b,"mistral_nemo,qwen_235b,llama_70b",233,decision_tree_router,0.848,2.5382136e-05,0.848,0.112,0.0,0.616
3model_mistral_nemo_qwen_235b_llama_70b,"mistral_nemo,qwen_235b,llama_70b",233,random_forest_router,0.832,1.9098096000000002e-05,0.832,0.128,0.0,0.76
3model_mistral_nemo_qwen_235b_llama_70b,"mistral_nemo,qwen_235b,llama_70b",233,extra_trees_router,0.832,2.1876352e-05,0.832,0.128,0.0,0.672
3model_mistral_nemo_qwen_235b_llama_70b,"mistral_nemo,qwen_235b,llama_70b",233,tfidf_logistic_router,0.816,1.8055112000000006e-05,0.816,0.144,0.0,0.736
3model_mistral_nemo_qwen_235b_llama_70b,"mistral_nemo,qwen_235b,llama_70b",233,tfidf_linear_svm_router,0.816,1.4718632e-05,0.816,0.144,0.0,0.808
3model_mistral_nemo_qwen_235b_deepseek_v3,"mistral_nemo,qwen_235b,deepseek_v3",229,always_mistral_nemo,0.72,9.60024e-06,0.72,0.224,0.0,0.776
3model_mistral_nemo_qwen_235b_deepseek_v3,"mistral_nemo,qwen_235b,deepseek_v3",229,always_qwen_235b,0.896,4.10186e-05,0.896,0.048,0.0,0.216
3model_mistral_nemo_qwen_235b_deepseek_v3,"mistral_nemo,qwen_235b,deepseek_v3",229,always_deepseek_v3,0.872,7.173344e-05,0.872,0.072,0.0,0.008
3model_mistral_nemo_qwen_235b_deepseek_v3,"mistral_nemo,qwen_235b,deepseek_v3",229,random,0.848,4.8605256e-05,0.848,0.096,0.0,0.232
3model_mistral_nemo_qwen_235b_deepseek_v3,"mistral_nemo,qwen_235b,deepseek_v3",229,oracle,0.944,1.8569943999999997e-05,0.944,0.0,0.0,1.0
3model_mistral_nemo_qwen_235b_deepseek_v3,"mistral_nemo,qwen_235b,deepseek_v3",229,logistic_router,0.816,2.1487159999999997e-05,0.816,0.128,0.0,0.672
3model_mistral_nemo_qwen_235b_deepseek_v3,"mistral_nemo,qwen_235b,deepseek_v3",229,linear_svm_router,0.792,1.6563463999999996e-05,0.792,0.152,0.0,0.744
3model_mistral_nemo_qwen_235b_deepseek_v3,"mistral_nemo,qwen_235b,deepseek_v3",229,knn_router,0.76,1.1468432000000001e-05,0.76,0.184,0.0,0.8
3model_mistral_nemo_qwen_235b_deepseek_v3,"mistral_nemo,qwen_235b,deepseek_v3",229,decision_tree_router,0.8,2.4200552e-05,0.8,0.144,0.0,0.552
3model_mistral_nemo_qwen_235b_deepseek_v3,"mistral_nemo,qwen_235b,deepseek_v3",229,random_forest_router,0.824,1.8263696e-05,0.824,0.12,0.0,0.736
3model_mistral_nemo_qwen_235b_deepseek_v3,"mistral_nemo,qwen_235b,deepseek_v3",229,extra_trees_router,0.792,2.0637768e-05,0.792,0.152,0.0,0.672
3model_mistral_nemo_qwen_235b_deepseek_v3,"mistral_nemo,qwen_235b,deepseek_v3",229,tfidf_logistic_router,0.808,1.7792016e-05,0.808,0.136,0.0,0.728
3model_mistral_nemo_qwen_235b_deepseek_v3,"mistral_nemo,qwen_235b,deepseek_v3",229,tfidf_linear_svm_router,0.768,1.367376e-05,0.768,0.176,0.0,0.784
3model_mistral_nemo_qwen_235b_deepseek_v3,"mistral_nemo,qwen_235b,deepseek_v3",230,always_mistral_nemo,0.728,8.43176e-06,0.728,0.24,0.0,0.76
3model_mistral_nemo_qwen_235b_deepseek_v3,"mistral_nemo,qwen_235b,deepseek_v3",230,always_qwen_235b,0.92,4.760200399999999e-05,0.92,0.048,0.0,0.216
3model_mistral_nemo_qwen_235b_deepseek_v3,"mistral_nemo,qwen_235b,deepseek_v3",230,always_deepseek_v3,0.904,6.9539296e-05,0.904,0.064,0.0,0.024
3model_mistral_nemo_qwen_235b_deepseek_v3,"mistral_nemo,qwen_235b,deepseek_v3",230,random,0.888,3.810556400000001e-05,0.888,0.08,0.0,0.416
3model_mistral_nemo_qwen_235b_deepseek_v3,"mistral_nemo,qwen_235b,deepseek_v3",230,oracle,0.968,2.1161668e-05,0.968,0.0,0.0,1.0
3model_mistral_nemo_qwen_235b_deepseek_v3,"mistral_nemo,qwen_235b,deepseek_v3",230,logistic_router,0.84,2.4094911999999998e-05,0.84,0.128,0.0,0.672
3model_mistral_nemo_qwen_235b_deepseek_v3,"mistral_nemo,qwen_235b,deepseek_v3",230,linear_svm_router,0.824,1.7870259999999998e-05,0.824,0.144,0.0,0.752
3model_mistral_nemo_qwen_235b_deepseek_v3,"mistral_nemo,qwen_235b,deepseek_v3",230,knn_router,0.768,1.1778408e-05,0.768,0.2,0.0,0.776
3model_mistral_nemo_qwen_235b_deepseek_v3,"mistral_nemo,qwen_235b,deepseek_v3",230,decision_tree_router,0.816,2.7142792000000002e-05,0.816,0.152,0.0,0.56
3model_mistral_nemo_qwen_235b_deepseek_v3,"mistral_nemo,qwen_235b,deepseek_v3",230,random_forest_router,0.816,2.1605472000000005e-05,0.816,0.152,0.0,0.648
3model_mistral_nemo_qwen_235b_deepseek_v3,"mistral_nemo,qwen_235b,deepseek_v3",230,extra_trees_router,0.8,2.89017e-05,0.8,0.168,0.0,0.56
3model_mistral_nemo_qwen_235b_deepseek_v3,"mistral_nemo,qwen_235b,deepseek_v3",230,tfidf_logistic_router,0.848,2.1720120000000004e-05,0.848,0.12,0.0,0.712
3model_mistral_nemo_qwen_235b_deepseek_v3,"mistral_nemo,qwen_235b,deepseek_v3",230,tfidf_linear_svm_router,0.8,1.492722e-05,0.8,0.168,0.0,0.752
3model_mistral_nemo_qwen_235b_deepseek_v3,"mistral_nemo,qwen_235b,deepseek_v3",231,always_mistral_nemo,0.688,8.764720000000002e-06,0.688,0.248,0.0,0.752
3model_mistral_nemo_qwen_235b_deepseek_v3,"mistral_nemo,qwen_235b,deepseek_v3",231,always_qwen_235b,0.888,4.208999199999999e-05,0.888,0.048,0.0,0.224
3model_mistral_nemo_qwen_235b_deepseek_v3,"mistral_nemo,qwen_235b,deepseek_v3",231,always_deepseek_v3,0.856,6.8999472e-05,0.856,0.08,0.0,0.024
3model_mistral_nemo_qwen_235b_deepseek_v3,"mistral_nemo,qwen_235b,deepseek_v3",231,random,0.864,4.6594224e-05,0.864,0.072,0.0,0.344
3model_mistral_nemo_qwen_235b_deepseek_v3,"mistral_nemo,qwen_235b,deepseek_v3",231,oracle,0.936,2.055542e-05,0.936,0.0,0.0,1.0
3model_mistral_nemo_qwen_235b_deepseek_v3,"mistral_nemo,qwen_235b,deepseek_v3",231,logistic_router,0.816,2.2417596e-05,0.816,0.12,0.0,0.736
3model_mistral_nemo_qwen_235b_deepseek_v3,"mistral_nemo,qwen_235b,deepseek_v3",231,linear_svm_router,0.776,1.5430068000000002e-05,0.776,0.16,0.0,0.8
3model_mistral_nemo_qwen_235b_deepseek_v3,"mistral_nemo,qwen_235b,deepseek_v3",231,knn_router,0.752,1.3074947999999999e-05,0.752,0.184,0.0,0.808
3model_mistral_nemo_qwen_235b_deepseek_v3,"mistral_nemo,qwen_235b,deepseek_v3",231,decision_tree_router,0.792,2.1098516000000002e-05,0.792,0.144,0.0,0.648
3model_mistral_nemo_qwen_235b_deepseek_v3,"mistral_nemo,qwen_235b,deepseek_v3",231,random_forest_router,0.808,1.9396652000000002e-05,0.808,0.128,0.0,0.736
3model_mistral_nemo_qwen_235b_deepseek_v3,"mistral_nemo,qwen_235b,deepseek_v3",231,extra_trees_router,0.8,2.4780184000000003e-05,0.8,0.136,0.0,0.696
3model_mistral_nemo_qwen_235b_deepseek_v3,"mistral_nemo,qwen_235b,deepseek_v3",231,tfidf_logistic_router,0.792,1.5977996e-05,0.792,0.144,0.0,0.8
3model_mistral_nemo_qwen_235b_deepseek_v3,"mistral_nemo,qwen_235b,deepseek_v3",231,tfidf_linear_svm_router,0.768,1.4549908e-05,0.768,0.168,0.0,0.8
3model_mistral_nemo_qwen_235b_deepseek_v3,"mistral_nemo,qwen_235b,deepseek_v3",232,always_mistral_nemo,0.728,8.343599999999998e-06,0.728,0.232,0.0,0.768
3model_mistral_nemo_qwen_235b_deepseek_v3,"mistral_nemo,qwen_235b,deepseek_v3",232,always_qwen_235b,0.936,4.7615416e-05,0.936,0.024,0.0,0.232
3model_mistral_nemo_qwen_235b_deepseek_v3,"mistral_nemo,qwen_235b,deepseek_v3",232,always_deepseek_v3,0.896,7.1520128e-05,0.896,0.064,0.0,0.0
3model_mistral_nemo_qwen_235b_deepseek_v3,"mistral_nemo,qwen_235b,deepseek_v3",232,random,0.856,4.3695952e-05,0.856,0.104,0.0,0.336
3model_mistral_nemo_qwen_235b_deepseek_v3,"mistral_nemo,qwen_235b,deepseek_v3",232,oracle,0.96,1.9344412000000007e-05,0.96,0.0,0.0,1.0
3model_mistral_nemo_qwen_235b_deepseek_v3,"mistral_nemo,qwen_235b,deepseek_v3",232,logistic_router,0.808,2.2006736000000002e-05,0.808,0.152,0.0,0.656
3model_mistral_nemo_qwen_235b_deepseek_v3,"mistral_nemo,qwen_235b,deepseek_v3",232,linear_svm_router,0.784,1.6397748000000005e-05,0.784,0.176,0.0,0.76
3model_mistral_nemo_qwen_235b_deepseek_v3,"mistral_nemo,qwen_235b,deepseek_v3",232,knn_router,0.768,1.2079827999999999e-05,0.768,0.192,0.0,0.8
3model_mistral_nemo_qwen_235b_deepseek_v3,"mistral_nemo,qwen_235b,deepseek_v3",232,decision_tree_router,0.848,2.9822939999999998e-05,0.848,0.112,0.0,0.544
3model_mistral_nemo_qwen_235b_deepseek_v3,"mistral_nemo,qwen_235b,deepseek_v3",232,random_forest_router,0.8,1.9884124000000007e-05,0.8,0.16,0.0,0.728
3model_mistral_nemo_qwen_235b_deepseek_v3,"mistral_nemo,qwen_235b,deepseek_v3",232,extra_trees_router,0.808,1.9972432000000003e-05,0.808,0.152,0.0,0.72
3model_mistral_nemo_qwen_235b_deepseek_v3,"mistral_nemo,qwen_235b,deepseek_v3",232,tfidf_logistic_router,0.808,1.5228715999999996e-05,0.808,0.152,0.0,0.752
3model_mistral_nemo_qwen_235b_deepseek_v3,"mistral_nemo,qwen_235b,deepseek_v3",232,tfidf_linear_svm_router,0.784,1.4809083999999998e-05,0.784,0.176,0.0,0.752
3model_mistral_nemo_qwen_235b_deepseek_v3,"mistral_nemo,qwen_235b,deepseek_v3",233,always_mistral_nemo,0.728,8.0912e-06,0.728,0.232,0.0,0.768
3model_mistral_nemo_qwen_235b_deepseek_v3,"mistral_nemo,qwen_235b,deepseek_v3",233,always_qwen_235b,0.912,4.258162399999999e-05,0.912,0.048,0.0,0.216
3model_mistral_nemo_qwen_235b_deepseek_v3,"mistral_nemo,qwen_235b,deepseek_v3",233,always_deepseek_v3,0.912,6.7635184e-05,0.912,0.048,0.0,0.016
3model_mistral_nemo_qwen_235b_deepseek_v3,"mistral_nemo,qwen_235b,deepseek_v3",233,random,0.872,4.0690860000000004e-05,0.872,0.088,0.0,0.376
3model_mistral_nemo_qwen_235b_deepseek_v3,"mistral_nemo,qwen_235b,deepseek_v3",233,oracle,0.96,1.9783864e-05,0.96,0.0,0.0,1.0
3model_mistral_nemo_qwen_235b_deepseek_v3,"mistral_nemo,qwen_235b,deepseek_v3",233,logistic_router,0.84,2.2651756000000002e-05,0.84,0.12,0.0,0.68
3model_mistral_nemo_qwen_235b_deepseek_v3,"mistral_nemo,qwen_235b,deepseek_v3",233,linear_svm_router,0.816,1.6216952e-05,0.816,0.144,0.0,0.784
3model_mistral_nemo_qwen_235b_deepseek_v3,"mistral_nemo,qwen_235b,deepseek_v3",233,knn_router,0.776,1.085448e-05,0.776,0.184,0.0,0.816
3model_mistral_nemo_qwen_235b_deepseek_v3,"mistral_nemo,qwen_235b,deepseek_v3",233,decision_tree_router,0.832,2.8804120000000002e-05,0.832,0.128,0.0,0.536
3model_mistral_nemo_qwen_235b_deepseek_v3,"mistral_nemo,qwen_235b,deepseek_v3",233,random_forest_router,0.816,1.8239312e-05,0.816,0.144,0.0,0.752
3model_mistral_nemo_qwen_235b_deepseek_v3,"mistral_nemo,qwen_235b,deepseek_v3",233,extra_trees_router,0.832,2.2824456e-05,0.832,0.128,0.0,0.688
3model_mistral_nemo_qwen_235b_deepseek_v3,"mistral_nemo,qwen_235b,deepseek_v3",233,tfidf_logistic_router,0.824,1.7811784e-05,0.824,0.136,0.0,0.744
3model_mistral_nemo_qwen_235b_deepseek_v3,"mistral_nemo,qwen_235b,deepseek_v3",233,tfidf_linear_svm_router,0.816,1.2774216e-05,0.816,0.144,0.0,0.816
3model_mistral_nemo_gemini_flash_llama_70b,"mistral_nemo,gemini_flash,llama_70b",229,always_mistral_nemo,0.72,9.60024e-06,0.72,0.232,0.0,0.768
3model_mistral_nemo_gemini_flash_llama_70b,"mistral_nemo,gemini_flash,llama_70b",229,always_gemini_flash,0.864,0.0001908728,0.864,0.088,0.0,0.184
3model_mistral_nemo_gemini_flash_llama_70b,"mistral_nemo,gemini_flash,llama_70b",229,always_llama_70b,0.888,4.769864000000001e-05,0.888,0.064,0.0,0.048
3model_mistral_nemo_gemini_flash_llama_70b,"mistral_nemo,gemini_flash,llama_70b",229,random,0.848,7.733832e-05,0.848,0.104,0.0,0.272
3model_mistral_nemo_gemini_flash_llama_70b,"mistral_nemo,gemini_flash,llama_70b",229,oracle,0.952,5.1497000000000005e-05,0.952,0.0,0.0,1.0
3model_mistral_nemo_gemini_flash_llama_70b,"mistral_nemo,gemini_flash,llama_70b",229,logistic_router,0.808,5.81682e-05,0.808,0.144,0.0,0.664
3model_mistral_nemo_gemini_flash_llama_70b,"mistral_nemo,gemini_flash,llama_70b",229,linear_svm_router,0.784,3.529500000000001e-05,0.784,0.168,0.0,0.72
3model_mistral_nemo_gemini_flash_llama_70b,"mistral_nemo,gemini_flash,llama_70b",229,knn_router,0.744,2.33964e-05,0.744,0.208,0.0,0.776
3model_mistral_nemo_gemini_flash_llama_70b,"mistral_nemo,gemini_flash,llama_70b",229,decision_tree_router,0.8,7.710872e-05,0.8,0.152,0.0,0.552
3model_mistral_nemo_gemini_flash_llama_70b,"mistral_nemo,gemini_flash,llama_70b",229,random_forest_router,0.824,5.88368e-05,0.824,0.128,0.0,0.68
3model_mistral_nemo_gemini_flash_llama_70b,"mistral_nemo,gemini_flash,llama_70b",229,extra_trees_router,0.808,6.09464e-05,0.808,0.144,0.0,0.632
3model_mistral_nemo_gemini_flash_llama_70b,"mistral_nemo,gemini_flash,llama_70b",229,tfidf_logistic_router,0.792,4.290444000000002e-05,0.792,0.16,0.0,0.712
3model_mistral_nemo_gemini_flash_llama_70b,"mistral_nemo,gemini_flash,llama_70b",229,tfidf_linear_svm_router,0.776,2.5971159999999997e-05,0.776,0.176,0.0,0.776
3model_mistral_nemo_gemini_flash_llama_70b,"mistral_nemo,gemini_flash,llama_70b",230,always_mistral_nemo,0.728,8.43176e-06,0.728,0.232,0.0,0.768
3model_mistral_nemo_gemini_flash_llama_70b,"mistral_nemo,gemini_flash,llama_70b",230,always_gemini_flash,0.88,0.0001904848,0.88,0.08,0.0,0.176
3model_mistral_nemo_gemini_flash_llama_70b,"mistral_nemo,gemini_flash,llama_70b",230,always_llama_70b,0.904,5.2859176e-05,0.904,0.056,0.0,0.056
3model_mistral_nemo_gemini_flash_llama_70b,"mistral_nemo,gemini_flash,llama_70b",230,random,0.848,7.558337599999999e-05,0.848,0.112,0.0,0.4
3model_mistral_nemo_gemini_flash_llama_70b,"mistral_nemo,gemini_flash,llama_70b",230,oracle,0.96,4.834124000000001e-05,0.96,0.0,0.0,1.0
3model_mistral_nemo_gemini_flash_llama_70b,"mistral_nemo,gemini_flash,llama_70b",230,logistic_router,0.84,7.20798e-05,0.84,0.12,0.0,0.648
3model_mistral_nemo_gemini_flash_llama_70b,"mistral_nemo,gemini_flash,llama_70b",230,linear_svm_router,0.824,5.113820000000001e-05,0.824,0.136,0.0,0.736
3model_mistral_nemo_gemini_flash_llama_70b,"mistral_nemo,gemini_flash,llama_70b",230,knn_router,0.76,2.254528e-05,0.76,0.2,0.0,0.784
3model_mistral_nemo_gemini_flash_llama_70b,"mistral_nemo,gemini_flash,llama_70b",230,decision_tree_router,0.872,8.447356e-05,0.872,0.088,0.0,0.536
3model_mistral_nemo_gemini_flash_llama_70b,"mistral_nemo,gemini_flash,llama_70b",230,random_forest_router,0.824,6.507532e-05,0.824,0.136,0.0,0.616
3model_mistral_nemo_gemini_flash_llama_70b,"mistral_nemo,gemini_flash,llama_70b",230,extra_trees_router,0.84,8.392844e-05,0.84,0.12,0.0,0.52
3model_mistral_nemo_gemini_flash_llama_70b,"mistral_nemo,gemini_flash,llama_70b",230,tfidf_logistic_router,0.84,5.646316e-05,0.84,0.12,0.0,0.712
3model_mistral_nemo_gemini_flash_llama_70b,"mistral_nemo,gemini_flash,llama_70b",230,tfidf_linear_svm_router,0.816,3.886908000000001e-05,0.816,0.144,0.0,0.776
3model_mistral_nemo_gemini_flash_llama_70b,"mistral_nemo,gemini_flash,llama_70b",231,always_mistral_nemo,0.688,8.764720000000002e-06,0.688,0.248,0.0,0.752
3model_mistral_nemo_gemini_flash_llama_70b,"mistral_nemo,gemini_flash,llama_70b",231,always_gemini_flash,0.808,0.0001890168,0.808,0.128,0.0,0.168
3model_mistral_nemo_gemini_flash_llama_70b,"mistral_nemo,gemini_flash,llama_70b",231,always_llama_70b,0.888,5.057821599999999e-05,0.888,0.048,0.0,0.08
3model_mistral_nemo_gemini_flash_llama_70b,"mistral_nemo,gemini_flash,llama_70b",231,random,0.824,9.611047999999999e-05,0.824,0.112,0.0,0.336
3model_mistral_nemo_gemini_flash_llama_70b,"mistral_nemo,gemini_flash,llama_70b",231,oracle,0.936,4.580523999999999e-05,0.936,0.0,0.0,1.0
3model_mistral_nemo_gemini_flash_llama_70b,"mistral_nemo,gemini_flash,llama_70b",231,logistic_router,0.816,5.114988e-05,0.816,0.12,0.0,0.744
3model_mistral_nemo_gemini_flash_llama_70b,"mistral_nemo,gemini_flash,llama_70b",231,linear_svm_router,0.768,2.789844e-05,0.768,0.168,0.0,0.776
3model_mistral_nemo_gemini_flash_llama_70b,"mistral_nemo,gemini_flash,llama_70b",231,knn_router,0.72,2.39436e-05,0.72,0.216,0.0,0.768
3model_mistral_nemo_gemini_flash_llama_70b,"mistral_nemo,gemini_flash,llama_70b",231,decision_tree_router,0.784,7.955564000000002e-05,0.784,0.152,0.0,0.608
3model_mistral_nemo_gemini_flash_llama_70b,"mistral_nemo,gemini_flash,llama_70b",231,random_forest_router,0.808,4.942068e-05,0.808,0.128,0.0,0.744
3model_mistral_nemo_gemini_flash_llama_70b,"mistral_nemo,gemini_flash,llama_70b",231,extra_trees_router,0.816,6.535820000000001e-05,0.816,0.12,0.0,0.648
3model_mistral_nemo_gemini_flash_llama_70b,"mistral_nemo,gemini_flash,llama_70b",231,tfidf_logistic_router,0.808,4.272052e-05,0.808,0.128,0.0,0.76
3model_mistral_nemo_gemini_flash_llama_70b,"mistral_nemo,gemini_flash,llama_70b",231,tfidf_linear_svm_router,0.736,3.368072e-05,0.736,0.2,0.0,0.776
3model_mistral_nemo_gemini_flash_llama_70b,"mistral_nemo,gemini_flash,llama_70b",232,always_mistral_nemo,0.728,8.343599999999998e-06,0.728,0.264,0.0,0.736
3model_mistral_nemo_gemini_flash_llama_70b,"mistral_nemo,gemini_flash,llama_70b",232,always_gemini_flash,0.928,0.00018889999999999996,0.928,0.064,0.0,0.232
3model_mistral_nemo_gemini_flash_llama_70b,"mistral_nemo,gemini_flash,llama_70b",232,always_llama_70b,0.912,4.825988e-05,0.912,0.08,0.0,0.032
3model_mistral_nemo_gemini_flash_llama_70b,"mistral_nemo,gemini_flash,llama_70b",232,random,0.84,8.84428e-05,0.84,0.152,0.0,0.336
3model_mistral_nemo_gemini_flash_llama_70b,"mistral_nemo,gemini_flash,llama_70b",232,oracle,0.992,6.0520479999999996e-05,0.992,0.0,0.0,1.0
3model_mistral_nemo_gemini_flash_llama_70b,"mistral_nemo,gemini_flash,llama_70b",232,logistic_router,0.8,6.061719999999999e-05,0.8,0.192,0.0,0.608
3model_mistral_nemo_gemini_flash_llama_70b,"mistral_nemo,gemini_flash,llama_70b",232,linear_svm_router,0.776,4.373064e-05,0.776,0.216,0.0,0.68
3model_mistral_nemo_gemini_flash_llama_70b,"mistral_nemo,gemini_flash,llama_70b",232,knn_router,0.768,1.5694159999999997e-05,0.768,0.224,0.0,0.752
3model_mistral_nemo_gemini_flash_llama_70b,"mistral_nemo,gemini_flash,llama_70b",232,decision_tree_router,0.888,8.148788000000001e-05,0.888,0.104,0.0,0.52
3model_mistral_nemo_gemini_flash_llama_70b,"mistral_nemo,gemini_flash,llama_70b",232,random_forest_router,0.832,5.477888e-05,0.832,0.16,0.0,0.664
3model_mistral_nemo_gemini_flash_llama_70b,"mistral_nemo,gemini_flash,llama_70b",232,extra_trees_router,0.808,6.338368e-05,0.808,0.184,0.0,0.584
3model_mistral_nemo_gemini_flash_llama_70b,"mistral_nemo,gemini_flash,llama_70b",232,tfidf_logistic_router,0.792,5.2916719999999996e-05,0.792,0.2,0.0,0.664
3model_mistral_nemo_gemini_flash_llama_70b,"mistral_nemo,gemini_flash,llama_70b",232,tfidf_linear_svm_router,0.776,4.3020080000000004e-05,0.776,0.216,0.0,0.696
3model_mistral_nemo_gemini_flash_llama_70b,"mistral_nemo,gemini_flash,llama_70b",233,always_mistral_nemo,0.728,8.0912e-06,0.728,0.256,0.0,0.744
3model_mistral_nemo_gemini_flash_llama_70b,"mistral_nemo,gemini_flash,llama_70b",233,always_gemini_flash,0.896,0.0001853312,0.896,0.088,0.0,0.216
3model_mistral_nemo_gemini_flash_llama_70b,"mistral_nemo,gemini_flash,llama_70b",233,always_llama_70b,0.872,5.3442104e-05,0.872,0.112,0.0,0.04
3model_mistral_nemo_gemini_flash_llama_70b,"mistral_nemo,gemini_flash,llama_70b",233,random,0.824,6.819674399999998e-05,0.824,0.16,0.0,0.368
3model_mistral_nemo_gemini_flash_llama_70b,"mistral_nemo,gemini_flash,llama_70b",233,oracle,0.984,5.7789168000000005e-05,0.984,0.0,0.0,1.0
3model_mistral_nemo_gemini_flash_llama_70b,"mistral_nemo,gemini_flash,llama_70b",233,logistic_router,0.832,6.585783999999998e-05,0.832,0.152,0.0,0.64
3model_mistral_nemo_gemini_flash_llama_70b,"mistral_nemo,gemini_flash,llama_70b",233,linear_svm_router,0.784,4.1071799999999995e-05,0.784,0.2,0.0,0.712
3model_mistral_nemo_gemini_flash_llama_70b,"mistral_nemo,gemini_flash,llama_70b",233,knn_router,0.76,1.81408e-05,0.76,0.224,0.0,0.776
3model_mistral_nemo_gemini_flash_llama_70b,"mistral_nemo,gemini_flash,llama_70b",233,decision_tree_router,0.912,7.926640799999998e-05,0.912,0.072,0.0,0.68
3model_mistral_nemo_gemini_flash_llama_70b,"mistral_nemo,gemini_flash,llama_70b",233,random_forest_router,0.864,5.3984648e-05,0.864,0.12,0.0,0.76
3model_mistral_nemo_gemini_flash_llama_70b,"mistral_nemo,gemini_flash,llama_70b",233,extra_trees_router,0.872,6.711060799999997e-05,0.872,0.112,0.0,0.672
3model_mistral_nemo_gemini_flash_llama_70b,"mistral_nemo,gemini_flash,llama_70b",233,tfidf_logistic_router,0.808,5.032372e-05,0.808,0.176,0.0,0.68
3model_mistral_nemo_gemini_flash_llama_70b,"mistral_nemo,gemini_flash,llama_70b",233,tfidf_linear_svm_router,0.768,2.9584199999999997e-05,0.768,0.216,0.0,0.736
3model_mistral_nemo_gemini_flash_deepseek_v3,"mistral_nemo,gemini_flash,deepseek_v3",229,always_mistral_nemo,0.72,9.60024e-06,0.72,0.232,0.0,0.768
3model_mistral_nemo_gemini_flash_deepseek_v3,"mistral_nemo,gemini_flash,deepseek_v3",229,always_gemini_flash,0.864,0.0001908728,0.864,0.088,0.0,0.184
3model_mistral_nemo_gemini_flash_deepseek_v3,"mistral_nemo,gemini_flash,deepseek_v3",229,always_deepseek_v3,0.872,7.173344e-05,0.872,0.08,0.0,0.048
3model_mistral_nemo_gemini_flash_deepseek_v3,"mistral_nemo,gemini_flash,deepseek_v3",229,random,0.848,9.034280000000001e-05,0.848,0.104,0.0,0.272
3model_mistral_nemo_gemini_flash_deepseek_v3,"mistral_nemo,gemini_flash,deepseek_v3",229,oracle,0.952,5.2844512000000005e-05,0.952,0.0,0.0,1.0
3model_mistral_nemo_gemini_flash_deepseek_v3,"mistral_nemo,gemini_flash,deepseek_v3",229,logistic_router,0.816,5.9881232000000006e-05,0.816,0.136,0.0,0.68
3model_mistral_nemo_gemini_flash_deepseek_v3,"mistral_nemo,gemini_flash,deepseek_v3",229,linear_svm_router,0.784,3.623152e-05,0.784,0.168,0.0,0.744
3model_mistral_nemo_gemini_flash_deepseek_v3,"mistral_nemo,gemini_flash,deepseek_v3",229,knn_router,0.744,2.33964e-05,0.744,0.208,0.0,0.768
3model_mistral_nemo_gemini_flash_deepseek_v3,"mistral_nemo,gemini_flash,deepseek_v3",229,decision_tree_router,0.816,8.136070400000003e-05,0.816,0.136,0.0,0.584
3model_mistral_nemo_gemini_flash_deepseek_v3,"mistral_nemo,gemini_flash,deepseek_v3",229,random_forest_router,0.816,6.355955200000001e-05,0.816,0.136,0.0,0.664
3model_mistral_nemo_gemini_flash_deepseek_v3,"mistral_nemo,gemini_flash,deepseek_v3",229,extra_trees_router,0.816,6.526462399999999e-05,0.816,0.136,0.0,0.632
3model_mistral_nemo_gemini_flash_deepseek_v3,"mistral_nemo,gemini_flash,deepseek_v3",229,tfidf_logistic_router,0.776,4.4296912000000006e-05,0.776,0.176,0.0,0.688
3model_mistral_nemo_gemini_flash_deepseek_v3,"mistral_nemo,gemini_flash,deepseek_v3",229,tfidf_linear_svm_router,0.76,2.675608e-05,0.76,0.192,0.0,0.768
3model_mistral_nemo_gemini_flash_deepseek_v3,"mistral_nemo,gemini_flash,deepseek_v3",230,always_mistral_nemo,0.728,8.43176e-06,0.728,0.24,0.0,0.76
3model_mistral_nemo_gemini_flash_deepseek_v3,"mistral_nemo,gemini_flash,deepseek_v3",230,always_gemini_flash,0.88,0.0001904848,0.88,0.088,0.0,0.176
3model_mistral_nemo_gemini_flash_deepseek_v3,"mistral_nemo,gemini_flash,deepseek_v3",230,always_deepseek_v3,0.904,6.9539296e-05,0.904,0.064,0.0,0.064
3model_mistral_nemo_gemini_flash_deepseek_v3,"mistral_nemo,gemini_flash,deepseek_v3",230,random,0.88,8.004092799999998e-05,0.88,0.088,0.0,0.408
3model_mistral_nemo_gemini_flash_deepseek_v3,"mistral_nemo,gemini_flash,deepseek_v3",230,oracle,0.968,5.0723056e-05,0.968,0.0,0.0,1.0
3model_mistral_nemo_gemini_flash_deepseek_v3,"mistral_nemo,gemini_flash,deepseek_v3",230,logistic_router,0.848,7.438481599999999e-05,0.848,0.12,0.0,0.672
3model_mistral_nemo_gemini_flash_deepseek_v3,"mistral_nemo,gemini_flash,deepseek_v3",230,linear_svm_router,0.824,5.2642048000000007e-05,0.824,0.144,0.0,0.736
3model_mistral_nemo_gemini_flash_deepseek_v3,"mistral_nemo,gemini_flash,deepseek_v3",230,knn_router,0.76,2.3917456e-05,0.76,0.208,0.0,0.768
3model_mistral_nemo_gemini_flash_deepseek_v3,"mistral_nemo,gemini_flash,deepseek_v3",230,decision_tree_router,0.84,0.000101557344,0.84,0.128,0.0,0.552
3model_mistral_nemo_gemini_flash_deepseek_v3,"mistral_nemo,gemini_flash,deepseek_v3",230,random_forest_router,0.824,6.6389344e-05,0.824,0.144,0.0,0.64
3model_mistral_nemo_gemini_flash_deepseek_v3,"mistral_nemo,gemini_flash,deepseek_v3",230,extra_trees_router,0.816,8.749859199999999e-05,0.816,0.152,0.0,0.536
3model_mistral_nemo_gemini_flash_deepseek_v3,"mistral_nemo,gemini_flash,deepseek_v3",230,tfidf_logistic_router,0.816,6.074681600000001e-05,0.816,0.152,0.0,0.704
3model_mistral_nemo_gemini_flash_deepseek_v3,"mistral_nemo,gemini_flash,deepseek_v3",230,tfidf_linear_svm_router,0.8,4.082289600000001e-05,0.8,0.168,0.0,0.76
3model_mistral_nemo_gemini_flash_deepseek_v3,"mistral_nemo,gemini_flash,deepseek_v3",231,always_mistral_nemo,0.688,8.764720000000002e-06,0.688,0.232,0.0,0.768
3model_mistral_nemo_gemini_flash_deepseek_v3,"mistral_nemo,gemini_flash,deepseek_v3",231,always_gemini_flash,0.808,0.0001890168,0.808,0.112,0.0,0.168
3model_mistral_nemo_gemini_flash_deepseek_v3,"mistral_nemo,gemini_flash,deepseek_v3",231,always_deepseek_v3,0.856,6.8999472e-05,0.856,0.064,0.0,0.064
3model_mistral_nemo_gemini_flash_deepseek_v3,"mistral_nemo,gemini_flash,deepseek_v3",231,random,0.816,0.00010377188800000001,0.816,0.104,0.0,0.336
3model_mistral_nemo_gemini_flash_deepseek_v3,"mistral_nemo,gemini_flash,deepseek_v3",231,oracle,0.92,4.6252464e-05,0.92,0.0,0.0,1.0
3model_mistral_nemo_gemini_flash_deepseek_v3,"mistral_nemo,gemini_flash,deepseek_v3",231,logistic_router,0.8,5.6851711999999996e-05,0.8,0.12,0.0,0.736
3model_mistral_nemo_gemini_flash_deepseek_v3,"mistral_nemo,gemini_flash,deepseek_v3",231,linear_svm_router,0.752,3.198984e-05,0.752,0.168,0.0,0.792
3model_mistral_nemo_gemini_flash_deepseek_v3,"mistral_nemo,gemini_flash,deepseek_v3",231,knn_router,0.728,2.533648e-05,0.728,0.192,0.0,0.776
3model_mistral_nemo_gemini_flash_deepseek_v3,"mistral_nemo,gemini_flash,deepseek_v3",231,decision_tree_router,0.752,8.2952848e-05,0.752,0.168,0.0,0.568
3model_mistral_nemo_gemini_flash_deepseek_v3,"mistral_nemo,gemini_flash,deepseek_v3",231,random_forest_router,0.784,4.946110399999999e-05,0.784,0.136,0.0,0.744
3model_mistral_nemo_gemini_flash_deepseek_v3,"mistral_nemo,gemini_flash,deepseek_v3",231,extra_trees_router,0.8,6.200774399999999e-05,0.8,0.12,0.0,0.664
3model_mistral_nemo_gemini_flash_deepseek_v3,"mistral_nemo,gemini_flash,deepseek_v3",231,tfidf_logistic_router,0.792,4.7707103999999994e-05,0.792,0.128,0.0,0.768
3model_mistral_nemo_gemini_flash_deepseek_v3,"mistral_nemo,gemini_flash,deepseek_v3",231,tfidf_linear_svm_router,0.76,3.493504e-05,0.76,0.16,0.0,0.792
3model_mistral_nemo_gemini_flash_deepseek_v3,"mistral_nemo,gemini_flash,deepseek_v3",232,always_mistral_nemo,0.728,8.343599999999998e-06,0.728,0.256,0.0,0.744
3model_mistral_nemo_gemini_flash_deepseek_v3,"mistral_nemo,gemini_flash,deepseek_v3",232,always_gemini_flash,0.928,0.00018889999999999996,0.928,0.056,0.0,0.232
3model_mistral_nemo_gemini_flash_deepseek_v3,"mistral_nemo,gemini_flash,deepseek_v3",232,always_deepseek_v3,0.896,7.1520128e-05,0.896,0.088,0.0,0.024
3model_mistral_nemo_gemini_flash_deepseek_v3,"mistral_nemo,gemini_flash,deepseek_v3",232,random,0.864,9.518416e-05,0.864,0.12,0.0,0.344
3model_mistral_nemo_gemini_flash_deepseek_v3,"mistral_nemo,gemini_flash,deepseek_v3",232,oracle,0.984,6.121639999999999e-05,0.984,0.0,0.0,1.0
3model_mistral_nemo_gemini_flash_deepseek_v3,"mistral_nemo,gemini_flash,deepseek_v3",232,logistic_router,0.776,6.259160000000001e-05,0.776,0.208,0.0,0.608
3model_mistral_nemo_gemini_flash_deepseek_v3,"mistral_nemo,gemini_flash,deepseek_v3",232,linear_svm_router,0.768,3.919632e-05,0.768,0.216,0.0,0.72
3model_mistral_nemo_gemini_flash_deepseek_v3,"mistral_nemo,gemini_flash,deepseek_v3",232,knn_router,0.752,1.7332000000000003e-05,0.752,0.232,0.0,0.76
3model_mistral_nemo_gemini_flash_deepseek_v3,"mistral_nemo,gemini_flash,deepseek_v3",232,decision_tree_router,0.872,8.4027936e-05,0.872,0.112,0.0,0.536
3model_mistral_nemo_gemini_flash_deepseek_v3,"mistral_nemo,gemini_flash,deepseek_v3",232,random_forest_router,0.824,5.409584e-05,0.824,0.16,0.0,0.688
3model_mistral_nemo_gemini_flash_deepseek_v3,"mistral_nemo,gemini_flash,deepseek_v3",232,extra_trees_router,0.824,6.59468e-05,0.824,0.16,0.0,0.632
3model_mistral_nemo_gemini_flash_deepseek_v3,"mistral_nemo,gemini_flash,deepseek_v3",232,tfidf_logistic_router,0.776,5.145368e-05,0.776,0.208,0.0,0.688
3model_mistral_nemo_gemini_flash_deepseek_v3,"mistral_nemo,gemini_flash,deepseek_v3",232,tfidf_linear_svm_router,0.76,3.9319999999999996e-05,0.76,0.224,0.0,0.712
3model_mistral_nemo_gemini_flash_deepseek_v3,"mistral_nemo,gemini_flash,deepseek_v3",233,always_mistral_nemo,0.728,8.0912e-06,0.728,0.256,0.0,0.744
3model_mistral_nemo_gemini_flash_deepseek_v3,"mistral_nemo,gemini_flash,deepseek_v3",233,always_gemini_flash,0.896,0.0001853312,0.896,0.088,0.0,0.216
3model_mistral_nemo_gemini_flash_deepseek_v3,"mistral_nemo,gemini_flash,deepseek_v3",233,always_deepseek_v3,0.912,6.7635184e-05,0.912,0.072,0.0,0.04
3model_mistral_nemo_gemini_flash_deepseek_v3,"mistral_nemo,gemini_flash,deepseek_v3",233,random,0.864,6.918023999999999e-05,0.864,0.12,0.0,0.368
3model_mistral_nemo_gemini_flash_deepseek_v3,"mistral_nemo,gemini_flash,deepseek_v3",233,oracle,0.984,5.772520000000001e-05,0.984,0.0,0.0,1.0
3model_mistral_nemo_gemini_flash_deepseek_v3,"mistral_nemo,gemini_flash,deepseek_v3",233,logistic_router,0.848,6.494556799999999e-05,0.848,0.136,0.0,0.656
3model_mistral_nemo_gemini_flash_deepseek_v3,"mistral_nemo,gemini_flash,deepseek_v3",233,linear_svm_router,0.784,3.17168e-05,0.784,0.2,0.0,0.736
3model_mistral_nemo_gemini_flash_deepseek_v3,"mistral_nemo,gemini_flash,deepseek_v3",233,knn_router,0.76,1.8531759999999998e-05,0.76,0.224,0.0,0.776
3model_mistral_nemo_gemini_flash_deepseek_v3,"mistral_nemo,gemini_flash,deepseek_v3",233,decision_tree_router,0.84,4.630094400000001e-05,0.84,0.144,0.0,0.608
3model_mistral_nemo_gemini_flash_deepseek_v3,"mistral_nemo,gemini_flash,deepseek_v3",233,random_forest_router,0.864,5.4398880000000004e-05,0.864,0.12,0.0,0.784
3model_mistral_nemo_gemini_flash_deepseek_v3,"mistral_nemo,gemini_flash,deepseek_v3",233,extra_trees_router,0.856,6.210736e-05,0.856,0.128,0.0,0.752
3model_mistral_nemo_gemini_flash_deepseek_v3,"mistral_nemo,gemini_flash,deepseek_v3",233,tfidf_logistic_router,0.824,4.7568528e-05,0.824,0.16,0.0,0.736
3model_mistral_nemo_gemini_flash_deepseek_v3,"mistral_nemo,gemini_flash,deepseek_v3",233,tfidf_linear_svm_router,0.776,2.8331839999999998e-05,0.776,0.208,0.0,0.728
3model_mistral_nemo_llama_70b_deepseek_v3,"mistral_nemo,llama_70b,deepseek_v3",229,always_mistral_nemo,0.72,9.60024e-06,0.72,0.24,0.0,0.76
3model_mistral_nemo_llama_70b_deepseek_v3,"mistral_nemo,llama_70b,deepseek_v3",229,always_llama_70b,0.888,4.769864000000001e-05,0.888,0.072,0.0,0.192
3model_mistral_nemo_llama_70b_deepseek_v3,"mistral_nemo,llama_70b,deepseek_v3",229,always_deepseek_v3,0.872,7.173344e-05,0.872,0.088,0.0,0.048
3model_mistral_nemo_llama_70b_deepseek_v3,"mistral_nemo,llama_70b,deepseek_v3",229,random,0.848,4.993031999999999e-05,0.848,0.112,0.0,0.24
3model_mistral_nemo_llama_70b_deepseek_v3,"mistral_nemo,llama_70b,deepseek_v3",229,oracle,0.96,2.156608e-05,0.96,0.0,0.0,1.0
3model_mistral_nemo_llama_70b_deepseek_v3,"mistral_nemo,llama_70b,deepseek_v3",229,logistic_router,0.824,2.2263015999999997e-05,0.824,0.136,0.0,0.704
3model_mistral_nemo_llama_70b_deepseek_v3,"mistral_nemo,llama_70b,deepseek_v3",229,linear_svm_router,0.8,1.7271055999999998e-05,0.8,0.16,0.0,0.752
3model_mistral_nemo_llama_70b_deepseek_v3,"mistral_nemo,llama_70b,deepseek_v3",229,knn_router,0.768,1.2737680000000002e-05,0.768,0.192,0.0,0.8
3model_mistral_nemo_llama_70b_deepseek_v3,"mistral_nemo,llama_70b,deepseek_v3",229,decision_tree_router,0.84,3.1062255999999995e-05,0.84,0.12,0.0,0.6
3model_mistral_nemo_llama_70b_deepseek_v3,"mistral_nemo,llama_70b,deepseek_v3",229,random_forest_router,0.8,2.6079927999999997e-05,0.8,0.16,0.0,0.64
3model_mistral_nemo_llama_70b_deepseek_v3,"mistral_nemo,llama_70b,deepseek_v3",229,extra_trees_router,0.8,2.1880408e-05,0.8,0.16,0.0,0.688
3model_mistral_nemo_llama_70b_deepseek_v3,"mistral_nemo,llama_70b,deepseek_v3",229,tfidf_logistic_router,0.824,2.0764375999999998e-05,0.824,0.136,0.0,0.736
3model_mistral_nemo_llama_70b_deepseek_v3,"mistral_nemo,llama_70b,deepseek_v3",229,tfidf_linear_svm_router,0.784,1.443328e-05,0.784,0.176,0.0,0.8
3model_mistral_nemo_llama_70b_deepseek_v3,"mistral_nemo,llama_70b,deepseek_v3",230,always_mistral_nemo,0.728,8.43176e-06,0.728,0.256,0.0,0.744
3model_mistral_nemo_llama_70b_deepseek_v3,"mistral_nemo,llama_70b,deepseek_v3",230,always_llama_70b,0.904,5.2859176e-05,0.904,0.08,0.0,0.208
3model_mistral_nemo_llama_70b_deepseek_v3,"mistral_nemo,llama_70b,deepseek_v3",230,always_deepseek_v3,0.904,6.9539296e-05,0.904,0.08,0.0,0.048
3model_mistral_nemo_llama_70b_deepseek_v3,"mistral_nemo,llama_70b,deepseek_v3",230,random,0.896,3.990276800000001e-05,0.896,0.088,0.0,0.44
3model_mistral_nemo_llama_70b_deepseek_v3,"mistral_nemo,llama_70b,deepseek_v3",230,oracle,0.984,2.459456e-05,0.984,0.0,0.0,1.0
3model_mistral_nemo_llama_70b_deepseek_v3,"mistral_nemo,llama_70b,deepseek_v3",230,logistic_router,0.832,2.613748e-05,0.832,0.152,0.0,0.672
3model_mistral_nemo_llama_70b_deepseek_v3,"mistral_nemo,llama_70b,deepseek_v3",230,linear_svm_router,0.824,2.1386239999999998e-05,0.824,0.16,0.0,0.736
3model_mistral_nemo_llama_70b_deepseek_v3,"mistral_nemo,llama_70b,deepseek_v3",230,knn_router,0.776,1.2927079999999999e-05,0.776,0.208,0.0,0.792
3model_mistral_nemo_llama_70b_deepseek_v3,"mistral_nemo,llama_70b,deepseek_v3",230,decision_tree_router,0.824,3.6125488000000006e-05,0.824,0.16,0.0,0.464
3model_mistral_nemo_llama_70b_deepseek_v3,"mistral_nemo,llama_70b,deepseek_v3",230,random_forest_router,0.84,2.8969007999999995e-05,0.84,0.144,0.0,0.64
3model_mistral_nemo_llama_70b_deepseek_v3,"mistral_nemo,llama_70b,deepseek_v3",230,extra_trees_router,0.832,3.0187488e-05,0.832,0.152,0.0,0.6
3model_mistral_nemo_llama_70b_deepseek_v3,"mistral_nemo,llama_70b,deepseek_v3",230,tfidf_logistic_router,0.848,2.189512e-05,0.848,0.136,0.0,0.744
3model_mistral_nemo_llama_70b_deepseek_v3,"mistral_nemo,llama_70b,deepseek_v3",230,tfidf_linear_svm_router,0.816,1.640264e-05,0.816,0.168,0.0,0.784
3model_mistral_nemo_llama_70b_deepseek_v3,"mistral_nemo,llama_70b,deepseek_v3",231,always_mistral_nemo,0.688,8.764720000000002e-06,0.688,0.264,0.0,0.736
3model_mistral_nemo_llama_70b_deepseek_v3,"mistral_nemo,llama_70b,deepseek_v3",231,always_llama_70b,0.888,5.057821599999999e-05,0.888,0.064,0.0,0.224
3model_mistral_nemo_llama_70b_deepseek_v3,"mistral_nemo,llama_70b,deepseek_v3",231,always_deepseek_v3,0.856,6.8999472e-05,0.856,0.096,0.0,0.04
3model_mistral_nemo_llama_70b_deepseek_v3,"mistral_nemo,llama_70b,deepseek_v3",231,random,0.848,4.9094304e-05,0.848,0.104,0.0,0.328
3model_mistral_nemo_llama_70b_deepseek_v3,"mistral_nemo,llama_70b,deepseek_v3",231,oracle,0.952,2.242556e-05,0.952,0.0,0.0,1.0
3model_mistral_nemo_llama_70b_deepseek_v3,"mistral_nemo,llama_70b,deepseek_v3",231,logistic_router,0.848,2.2795952000000002e-05,0.848,0.104,0.0,0.744
3model_mistral_nemo_llama_70b_deepseek_v3,"mistral_nemo,llama_70b,deepseek_v3",231,linear_svm_router,0.784,1.6478792000000004e-05,0.784,0.168,0.0,0.776
3model_mistral_nemo_llama_70b_deepseek_v3,"mistral_nemo,llama_70b,deepseek_v3",231,knn_router,0.752,1.26934e-05,0.752,0.2,0.0,0.8
3model_mistral_nemo_llama_70b_deepseek_v3,"mistral_nemo,llama_70b,deepseek_v3",231,decision_tree_router,0.816,2.4648088000000003e-05,0.816,0.136,0.0,0.64
3model_mistral_nemo_llama_70b_deepseek_v3,"mistral_nemo,llama_70b,deepseek_v3",231,random_forest_router,0.856,2.2929215999999998e-05,0.856,0.096,0.0,0.744
3model_mistral_nemo_llama_70b_deepseek_v3,"mistral_nemo,llama_70b,deepseek_v3",231,extra_trees_router,0.848,2.3291016e-05,0.848,0.104,0.0,0.696
3model_mistral_nemo_llama_70b_deepseek_v3,"mistral_nemo,llama_70b,deepseek_v3",231,tfidf_logistic_router,0.824,1.8650032000000004e-05,0.824,0.128,0.0,0.8
3model_mistral_nemo_llama_70b_deepseek_v3,"mistral_nemo,llama_70b,deepseek_v3",231,tfidf_linear_svm_router,0.76,1.4118792e-05,0.76,0.192,0.0,0.784
3model_mistral_nemo_llama_70b_deepseek_v3,"mistral_nemo,llama_70b,deepseek_v3",232,always_mistral_nemo,0.728,8.343599999999998e-06,0.728,0.256,0.0,0.744
3model_mistral_nemo_llama_70b_deepseek_v3,"mistral_nemo,llama_70b,deepseek_v3",232,always_llama_70b,0.912,4.825988e-05,0.912,0.072,0.0,0.216
3model_mistral_nemo_llama_70b_deepseek_v3,"mistral_nemo,llama_70b,deepseek_v3",232,always_deepseek_v3,0.896,7.1520128e-05,0.896,0.088,0.0,0.04
3model_mistral_nemo_llama_70b_deepseek_v3,"mistral_nemo,llama_70b,deepseek_v3",232,random,0.88,4.030224e-05,0.88,0.104,0.0,0.352
3model_mistral_nemo_llama_70b_deepseek_v3,"mistral_nemo,llama_70b,deepseek_v3",232,oracle,0.984,2.2461848000000004e-05,0.984,0.0,0.0,1.0
3model_mistral_nemo_llama_70b_deepseek_v3,"mistral_nemo,llama_70b,deepseek_v3",232,logistic_router,0.84,3.112091200000001e-05,0.84,0.144,0.0,0.536
3model_mistral_nemo_llama_70b_deepseek_v3,"mistral_nemo,llama_70b,deepseek_v3",232,linear_svm_router,0.8,1.9053152000000005e-05,0.8,0.184,0.0,0.688
3model_mistral_nemo_llama_70b_deepseek_v3,"mistral_nemo,llama_70b,deepseek_v3",232,knn_router,0.776,1.305064e-05,0.776,0.208,0.0,0.784
3model_mistral_nemo_llama_70b_deepseek_v3,"mistral_nemo,llama_70b,deepseek_v3",232,decision_tree_router,0.848,3.3195400000000004e-05,0.848,0.136,0.0,0.52
3model_mistral_nemo_llama_70b_deepseek_v3,"mistral_nemo,llama_70b,deepseek_v3",232,random_forest_router,0.808,2.1960216e-05,0.808,0.176,0.0,0.648
3model_mistral_nemo_llama_70b_deepseek_v3,"mistral_nemo,llama_70b,deepseek_v3",232,extra_trees_router,0.808,2.3137896e-05,0.808,0.176,0.0,0.64
3model_mistral_nemo_llama_70b_deepseek_v3,"mistral_nemo,llama_70b,deepseek_v3",232,tfidf_logistic_router,0.816,2.0351000000000006e-05,0.816,0.168,0.0,0.696
3model_mistral_nemo_llama_70b_deepseek_v3,"mistral_nemo,llama_70b,deepseek_v3",232,tfidf_linear_svm_router,0.792,1.5313296e-05,0.792,0.192,0.0,0.752
3model_mistral_nemo_llama_70b_deepseek_v3,"mistral_nemo,llama_70b,deepseek_v3",233,always_mistral_nemo,0.728,8.0912e-06,0.728,0.24,0.0,0.76
3model_mistral_nemo_llama_70b_deepseek_v3,"mistral_nemo,llama_70b,deepseek_v3",233,always_llama_70b,0.872,5.3442104e-05,0.872,0.096,0.0,0.176
3model_mistral_nemo_llama_70b_deepseek_v3,"mistral_nemo,llama_70b,deepseek_v3",233,always_deepseek_v3,0.912,6.7635184e-05,0.912,0.056,0.0,0.064
3model_mistral_nemo_llama_70b_deepseek_v3,"mistral_nemo,llama_70b,deepseek_v3",233,random,0.856,3.9421399999999995e-05,0.856,0.112,0.0,0.376
3model_mistral_nemo_llama_70b_deepseek_v3,"mistral_nemo,llama_70b,deepseek_v3",233,oracle,0.968,2.0539703999999997e-05,0.968,0.0,0.0,1.0
3model_mistral_nemo_llama_70b_deepseek_v3,"mistral_nemo,llama_70b,deepseek_v3",233,logistic_router,0.808,2.727288e-05,0.808,0.16,0.0,0.616
3model_mistral_nemo_llama_70b_deepseek_v3,"mistral_nemo,llama_70b,deepseek_v3",233,linear_svm_router,0.8,2.0344639999999998e-05,0.8,0.168,0.0,0.736
3model_mistral_nemo_llama_70b_deepseek_v3,"mistral_nemo,llama_70b,deepseek_v3",233,knn_router,0.776,1.1698127999999999e-05,0.776,0.192,0.0,0.808
3model_mistral_nemo_llama_70b_deepseek_v3,"mistral_nemo,llama_70b,deepseek_v3",233,decision_tree_router,0.816,2.8394983999999998e-05,0.816,0.152,0.0,0.584
3model_mistral_nemo_llama_70b_deepseek_v3,"mistral_nemo,llama_70b,deepseek_v3",233,random_forest_router,0.816,2.4851335999999995e-05,0.816,0.152,0.0,0.728
3model_mistral_nemo_llama_70b_deepseek_v3,"mistral_nemo,llama_70b,deepseek_v3",233,extra_trees_router,0.816,2.7171055999999998e-05,0.816,0.152,0.0,0.72
3model_mistral_nemo_llama_70b_deepseek_v3,"mistral_nemo,llama_70b,deepseek_v3",233,tfidf_logistic_router,0.816,2.3592127999999997e-05,0.816,0.152,0.0,0.728
3model_mistral_nemo_llama_70b_deepseek_v3,"mistral_nemo,llama_70b,deepseek_v3",233,tfidf_linear_svm_router,0.808,1.9156727999999996e-05,0.808,0.16,0.0,0.8
3model_qwen_235b_gemini_flash_llama_70b,"qwen_235b,gemini_flash,llama_70b",229,always_qwen_235b,0.896,4.10186e-05,0.896,0.072,0.0,0.928
3model_qwen_235b_gemini_flash_llama_70b,"qwen_235b,gemini_flash,llama_70b",229,always_gemini_flash,0.864,0.0001908728,0.864,0.104,0.0,0.056
3model_qwen_235b_gemini_flash_llama_70b,"qwen_235b,gemini_flash,llama_70b",229,always_llama_70b,0.888,4.769864000000001e-05,0.888,0.08,0.0,0.016
3model_qwen_235b_gemini_flash_llama_70b,"qwen_235b,gemini_flash,llama_70b",229,random,0.904,8.465246400000002e-05,0.904,0.064,0.0,0.272
3model_qwen_235b_gemini_flash_llama_70b,"qwen_235b,gemini_flash,llama_70b",229,oracle,0.968,5.160214400000001e-05,0.968,0.0,0.0,1.0
3model_qwen_235b_gemini_flash_llama_70b,"qwen_235b,gemini_flash,llama_70b",229,logistic_router,0.896,5.738818000000001e-05,0.896,0.072,0.0,0.776
3model_qwen_235b_gemini_flash_llama_70b,"qwen_235b,gemini_flash,llama_70b",229,linear_svm_router,0.888,4.3378408000000007e-05,0.888,0.08,0.0,0.856
3model_qwen_235b_gemini_flash_llama_70b,"qwen_235b,gemini_flash,llama_70b",229,knn_router,0.896,4.10186e-05,0.896,0.072,0.0,0.928
3model_qwen_235b_gemini_flash_llama_70b,"qwen_235b,gemini_flash,llama_70b",229,decision_tree_router,0.904,5.3874380000000006e-05,0.904,0.064,0.0,0.624
3model_qwen_235b_gemini_flash_llama_70b,"qwen_235b,gemini_flash,llama_70b",229,random_forest_router,0.896,4.155220800000001e-05,0.896,0.072,0.0,0.912
3model_qwen_235b_gemini_flash_llama_70b,"qwen_235b,gemini_flash,llama_70b",229,extra_trees_router,0.904,5.037960800000001e-05,0.904,0.064,0.0,0.784
3model_qwen_235b_gemini_flash_llama_70b,"qwen_235b,gemini_flash,llama_70b",229,tfidf_logistic_router,0.888,4.580811200000001e-05,0.888,0.08,0.0,0.856
3model_qwen_235b_gemini_flash_llama_70b,"qwen_235b,gemini_flash,llama_70b",229,tfidf_linear_svm_router,0.896,4.225723200000001e-05,0.896,0.072,0.0,0.92
3model_qwen_235b_gemini_flash_llama_70b,"qwen_235b,gemini_flash,llama_70b",230,always_qwen_235b,0.92,4.760200399999999e-05,0.92,0.056,0.0,0.944
3model_qwen_235b_gemini_flash_llama_70b,"qwen_235b,gemini_flash,llama_70b",230,always_gemini_flash,0.88,0.0001904848,0.88,0.096,0.0,0.032
3model_qwen_235b_gemini_flash_llama_70b,"qwen_235b,gemini_flash,llama_70b",230,always_llama_70b,0.904,5.2859176e-05,0.904,0.072,0.0,0.024
3model_qwen_235b_gemini_flash_llama_70b,"qwen_235b,gemini_flash,llama_70b",230,random,0.888,9.0403784e-05,0.888,0.088,0.0,0.392
3model_qwen_235b_gemini_flash_llama_70b,"qwen_235b,gemini_flash,llama_70b",230,oracle,0.976,5.7459339999999997e-05,0.976,0.0,0.0,1.0
3model_qwen_235b_gemini_flash_llama_70b,"qwen_235b,gemini_flash,llama_70b",230,logistic_router,0.896,7.6648812e-05,0.896,0.08,0.0,0.704
3model_qwen_235b_gemini_flash_llama_70b,"qwen_235b,gemini_flash,llama_70b",230,linear_svm_router,0.912,5.6071859999999985e-05,0.912,0.064,0.0,0.872
3model_qwen_235b_gemini_flash_llama_70b,"qwen_235b,gemini_flash,llama_70b",230,knn_router,0.92,4.760200399999999e-05,0.92,0.056,0.0,0.944
3model_qwen_235b_gemini_flash_llama_70b,"qwen_235b,gemini_flash,llama_70b",230,decision_tree_router,0.904,8.920371200000001e-05,0.904,0.072,0.0,0.632
3model_qwen_235b_gemini_flash_llama_70b,"qwen_235b,gemini_flash,llama_70b",230,random_forest_router,0.92,4.884680399999999e-05,0.92,0.056,0.0,0.928
3model_qwen_235b_gemini_flash_llama_70b,"qwen_235b,gemini_flash,llama_70b",230,extra_trees_router,0.92,6.8319164e-05,0.92,0.056,0.0,0.728
3model_qwen_235b_gemini_flash_llama_70b,"qwen_235b,gemini_flash,llama_70b",230,tfidf_logistic_router,0.92,5.754798799999999e-05,0.92,0.056,0.0,0.872
3model_qwen_235b_gemini_flash_llama_70b,"qwen_235b,gemini_flash,llama_70b",230,tfidf_linear_svm_router,0.92,4.8932404e-05,0.92,0.056,0.0,0.936
3model_qwen_235b_gemini_flash_llama_70b,"qwen_235b,gemini_flash,llama_70b",231,always_qwen_235b,0.888,4.208999199999999e-05,0.888,0.048,0.0,0.952
3model_qwen_235b_gemini_flash_llama_70b,"qwen_235b,gemini_flash,llama_70b",231,always_gemini_flash,0.808,0.0001890168,0.808,0.128,0.0,0.016
3model_qwen_235b_gemini_flash_llama_70b,"qwen_235b,gemini_flash,llama_70b",231,always_llama_70b,0.888,5.057821599999999e-05,0.888,0.048,0.0,0.032
3model_qwen_235b_gemini_flash_llama_70b,"qwen_235b,gemini_flash,llama_70b",231,random,0.848,0.00010317461199999999,0.848,0.088,0.0,0.248
3model_qwen_235b_gemini_flash_llama_70b,"qwen_235b,gemini_flash,llama_70b",231,oracle,0.936,4.552759199999999e-05,0.936,0.0,0.0,1.0
3model_qwen_235b_gemini_flash_llama_70b,"qwen_235b,gemini_flash,llama_70b",231,logistic_router,0.88,6.720216800000002e-05,0.88,0.056,0.0,0.704
3model_qwen_235b_gemini_flash_llama_70b,"qwen_235b,gemini_flash,llama_70b",231,linear_svm_router,0.888,5.710515199999999e-05,0.888,0.048,0.0,0.8
3model_qwen_235b_gemini_flash_llama_70b,"qwen_235b,gemini_flash,llama_70b",231,knn_router,0.888,4.208999199999999e-05,0.888,0.048,0.0,0.952
3model_qwen_235b_gemini_flash_llama_70b,"qwen_235b,gemini_flash,llama_70b",231,decision_tree_router,0.848,6.481897600000003e-05,0.848,0.088,0.0,0.664
3model_qwen_235b_gemini_flash_llama_70b,"qwen_235b,gemini_flash,llama_70b",231,random_forest_router,0.888,4.646232799999999e-05,0.888,0.048,0.0,0.92
3model_qwen_235b_gemini_flash_llama_70b,"qwen_235b,gemini_flash,llama_70b",231,extra_trees_router,0.88,6.2961064e-05,0.88,0.056,0.0,0.736
3model_qwen_235b_gemini_flash_llama_70b,"qwen_235b,gemini_flash,llama_70b",231,tfidf_logistic_router,0.88,6.0809175999999995e-05,0.88,0.056,0.0,0.776
3model_qwen_235b_gemini_flash_llama_70b,"qwen_235b,gemini_flash,llama_70b",231,tfidf_linear_svm_router,0.888,4.596376799999999e-05,0.888,0.048,0.0,0.928
3model_qwen_235b_gemini_flash_llama_70b,"qwen_235b,gemini_flash,llama_70b",232,always_qwen_235b,0.936,4.7615416e-05,0.936,0.056,0.0,0.944
3model_qwen_235b_gemini_flash_llama_70b,"qwen_235b,gemini_flash,llama_70b",232,always_gemini_flash,0.928,0.00018889999999999996,0.928,0.064,0.0,0.048
3model_qwen_235b_gemini_flash_llama_70b,"qwen_235b,gemini_flash,llama_70b",232,always_llama_70b,0.912,4.825988e-05,0.912,0.08,0.0,0.008
3model_qwen_235b_gemini_flash_llama_70b,"qwen_235b,gemini_flash,llama_70b",232,random,0.912,0.00010018432799999999,0.912,0.08,0.0,0.328
3model_qwen_235b_gemini_flash_llama_70b,"qwen_235b,gemini_flash,llama_70b",232,oracle,0.992,5.7976504e-05,0.992,0.0,0.0,1.0
3model_qwen_235b_gemini_flash_llama_70b,"qwen_235b,gemini_flash,llama_70b",232,logistic_router,0.912,5.8322012e-05,0.912,0.08,0.0,0.72
3model_qwen_235b_gemini_flash_llama_70b,"qwen_235b,gemini_flash,llama_70b",232,linear_svm_router,0.936,4.8667336e-05,0.936,0.056,0.0,0.88
3model_qwen_235b_gemini_flash_llama_70b,"qwen_235b,gemini_flash,llama_70b",232,knn_router,0.936,4.7615416e-05,0.936,0.056,0.0,0.944
3model_qwen_235b_gemini_flash_llama_70b,"qwen_235b,gemini_flash,llama_70b",232,decision_tree_router,0.936,6.0447460000000004e-05,0.936,0.056,0.0,0.616
3model_qwen_235b_gemini_flash_llama_70b,"qwen_235b,gemini_flash,llama_70b",232,random_forest_router,0.936,4.8037176e-05,0.936,0.056,0.0,0.896
3model_qwen_235b_gemini_flash_llama_70b,"qwen_235b,gemini_flash,llama_70b",232,extra_trees_router,0.92,5.5389428000000005e-05,0.92,0.072,0.0,0.784
3model_qwen_235b_gemini_flash_llama_70b,"qwen_235b,gemini_flash,llama_70b",232,tfidf_logistic_router,0.928,4.8872576e-05,0.928,0.064,0.0,0.84
3model_qwen_235b_gemini_flash_llama_70b,"qwen_235b,gemini_flash,llama_70b",232,tfidf_linear_svm_router,0.936,4.7322936e-05,0.936,0.056,0.0,0.936
3model_qwen_235b_gemini_flash_llama_70b,"qwen_235b,gemini_flash,llama_70b",233,always_qwen_235b,0.912,4.258162399999999e-05,0.912,0.064,0.0,0.936
3model_qwen_235b_gemini_flash_llama_70b,"qwen_235b,gemini_flash,llama_70b",233,always_gemini_flash,0.896,0.0001853312,0.896,0.08,0.0,0.048
3model_qwen_235b_gemini_flash_llama_70b,"qwen_235b,gemini_flash,llama_70b",233,always_llama_70b,0.872,5.3442104e-05,0.872,0.104,0.0,0.016
3model_qwen_235b_gemini_flash_llama_70b,"qwen_235b,gemini_flash,llama_70b",233,random,0.88,7.8961728e-05,0.88,0.096,0.0,0.36
3model_qwen_235b_gemini_flash_llama_70b,"qwen_235b,gemini_flash,llama_70b",233,oracle,0.976,5.4866784e-05,0.976,0.0,0.0,1.0
3model_qwen_235b_gemini_flash_llama_70b,"qwen_235b,gemini_flash,llama_70b",233,logistic_router,0.92,5.5413319999999995e-05,0.92,0.056,0.0,0.776
3model_qwen_235b_gemini_flash_llama_70b,"qwen_235b,gemini_flash,llama_70b",233,linear_svm_router,0.92,4.8662768e-05,0.92,0.056,0.0,0.84
3model_qwen_235b_gemini_flash_llama_70b,"qwen_235b,gemini_flash,llama_70b",233,knn_router,0.912,4.258162399999999e-05,0.912,0.064,0.0,0.936
3model_qwen_235b_gemini_flash_llama_70b,"qwen_235b,gemini_flash,llama_70b",233,decision_tree_router,0.912,5.2711327999999994e-05,0.912,0.064,0.0,0.704
3model_qwen_235b_gemini_flash_llama_70b,"qwen_235b,gemini_flash,llama_70b",233,random_forest_router,0.912,4.445723999999999e-05,0.912,0.064,0.0,0.904
3model_qwen_235b_gemini_flash_llama_70b,"qwen_235b,gemini_flash,llama_70b",233,extra_trees_router,0.92,4.938742399999999e-05,0.92,0.056,0.0,0.776
3model_qwen_235b_gemini_flash_llama_70b,"qwen_235b,gemini_flash,llama_70b",233,tfidf_logistic_router,0.92,4.743396799999999e-05,0.92,0.056,0.0,0.864
3model_qwen_235b_gemini_flash_llama_70b,"qwen_235b,gemini_flash,llama_70b",233,tfidf_linear_svm_router,0.912,4.258162399999999e-05,0.912,0.064,0.0,0.936
3model_qwen_235b_gemini_flash_deepseek_v3,"qwen_235b,gemini_flash,deepseek_v3",229,always_qwen_235b,0.896,4.10186e-05,0.896,0.072,0.0,0.928
3model_qwen_235b_gemini_flash_deepseek_v3,"qwen_235b,gemini_flash,deepseek_v3",229,always_gemini_flash,0.864,0.0001908728,0.864,0.104,0.0,0.056
3model_qwen_235b_gemini_flash_deepseek_v3,"qwen_235b,gemini_flash,deepseek_v3",229,always_deepseek_v3,0.872,7.173344e-05,0.872,0.096,0.0,0.016
3model_qwen_235b_gemini_flash_deepseek_v3,"qwen_235b,gemini_flash,deepseek_v3",229,random,0.904,9.765694400000001e-05,0.904,0.064,0.0,0.272
3model_qwen_235b_gemini_flash_deepseek_v3,"qwen_235b,gemini_flash,deepseek_v3",229,oracle,0.968,5.191121600000001e-05,0.968,0.0,0.0,1.0
3model_qwen_235b_gemini_flash_deepseek_v3,"qwen_235b,gemini_flash,deepseek_v3",229,logistic_router,0.912,5.6554172000000005e-05,0.912,0.056,0.0,0.808
3model_qwen_235b_gemini_flash_deepseek_v3,"qwen_235b,gemini_flash,deepseek_v3",229,linear_svm_router,0.896,4.332042400000001e-05,0.896,0.072,0.0,0.888
3model_qwen_235b_gemini_flash_deepseek_v3,"qwen_235b,gemini_flash,deepseek_v3",229,knn_router,0.896,4.10186e-05,0.896,0.072,0.0,0.928
3model_qwen_235b_gemini_flash_deepseek_v3,"qwen_235b,gemini_flash,deepseek_v3",229,decision_tree_router,0.92,6.423304800000002e-05,0.92,0.048,0.0,0.808
3model_qwen_235b_gemini_flash_deepseek_v3,"qwen_235b,gemini_flash,deepseek_v3",229,random_forest_router,0.896,4.10186e-05,0.896,0.072,0.0,0.928
3model_qwen_235b_gemini_flash_deepseek_v3,"qwen_235b,gemini_flash,deepseek_v3",229,extra_trees_router,0.896,5.072592000000001e-05,0.896,0.072,0.0,0.792
3model_qwen_235b_gemini_flash_deepseek_v3,"qwen_235b,gemini_flash,deepseek_v3",229,tfidf_logistic_router,0.904,4.708944400000001e-05,0.904,0.064,0.0,0.88
3model_qwen_235b_gemini_flash_deepseek_v3,"qwen_235b,gemini_flash,deepseek_v3",229,tfidf_linear_svm_router,0.896,4.225723200000001e-05,0.896,0.072,0.0,0.92
3model_qwen_235b_gemini_flash_deepseek_v3,"qwen_235b,gemini_flash,deepseek_v3",230,always_qwen_235b,0.92,4.760200399999999e-05,0.92,0.048,0.0,0.952
3model_qwen_235b_gemini_flash_deepseek_v3,"qwen_235b,gemini_flash,deepseek_v3",230,always_gemini_flash,0.88,0.0001904848,0.88,0.088,0.0,0.032
3model_qwen_235b_gemini_flash_deepseek_v3,"qwen_235b,gemini_flash,deepseek_v3",230,always_deepseek_v3,0.904,6.9539296e-05,0.904,0.064,0.0,0.016
3model_qwen_235b_gemini_flash_deepseek_v3,"qwen_235b,gemini_flash,deepseek_v3",230,random,0.92,9.486133599999998e-05,0.92,0.048,0.0,0.392
3model_qwen_235b_gemini_flash_deepseek_v3,"qwen_235b,gemini_flash,deepseek_v3",230,oracle,0.968,5.769181999999999e-05,0.968,0.0,0.0,1.0
3model_qwen_235b_gemini_flash_deepseek_v3,"qwen_235b,gemini_flash,deepseek_v3",230,logistic_router,0.896,7.6163284e-05,0.896,0.072,0.0,0.752
3model_qwen_235b_gemini_flash_deepseek_v3,"qwen_235b,gemini_flash,deepseek_v3",230,linear_svm_router,0.904,5.756354799999999e-05,0.904,0.064,0.0,0.888
3model_qwen_235b_gemini_flash_deepseek_v3,"qwen_235b,gemini_flash,deepseek_v3",230,knn_router,0.92,4.760200399999999e-05,0.92,0.048,0.0,0.952
3model_qwen_235b_gemini_flash_deepseek_v3,"qwen_235b,gemini_flash,deepseek_v3",230,decision_tree_router,0.912,8.1343736e-05,0.912,0.056,0.0,0.744
3model_qwen_235b_gemini_flash_deepseek_v3,"qwen_235b,gemini_flash,deepseek_v3",230,random_forest_router,0.92,4.839288399999999e-05,0.92,0.048,0.0,0.944
3model_qwen_235b_gemini_flash_deepseek_v3,"qwen_235b,gemini_flash,deepseek_v3",230,extra_trees_router,0.912,6.922032399999998e-05,0.912,0.056,0.0,0.768
3model_qwen_235b_gemini_flash_deepseek_v3,"qwen_235b,gemini_flash,deepseek_v3",230,tfidf_logistic_router,0.92,5.690414799999999e-05,0.92,0.048,0.0,0.888
3model_qwen_235b_gemini_flash_deepseek_v3,"qwen_235b,gemini_flash,deepseek_v3",230,tfidf_linear_svm_router,0.92,4.8932404e-05,0.92,0.048,0.0,0.944
3model_qwen_235b_gemini_flash_deepseek_v3,"qwen_235b,gemini_flash,deepseek_v3",231,always_qwen_235b,0.888,4.208999199999999e-05,0.888,0.04,0.0,0.96
3model_qwen_235b_gemini_flash_deepseek_v3,"qwen_235b,gemini_flash,deepseek_v3",231,always_gemini_flash,0.808,0.0001890168,0.808,0.12,0.0,0.016
3model_qwen_235b_gemini_flash_deepseek_v3,"qwen_235b,gemini_flash,deepseek_v3",231,always_deepseek_v3,0.856,6.8999472e-05,0.856,0.072,0.0,0.024
3model_qwen_235b_gemini_flash_deepseek_v3,"qwen_235b,gemini_flash,deepseek_v3",231,random,0.84,0.00011083602,0.84,0.088,0.0,0.256
3model_qwen_235b_gemini_flash_deepseek_v3,"qwen_235b,gemini_flash,deepseek_v3",231,oracle,0.928,4.6464575999999997e-05,0.928,0.0,0.0,1.0
3model_qwen_235b_gemini_flash_deepseek_v3,"qwen_235b,gemini_flash,deepseek_v3",231,logistic_router,0.88,6.627973600000001e-05,0.88,0.048,0.0,0.752
3model_qwen_235b_gemini_flash_deepseek_v3,"qwen_235b,gemini_flash,deepseek_v3",231,linear_svm_router,0.888,5.4703344e-05,0.888,0.04,0.0,0.872
3model_qwen_235b_gemini_flash_deepseek_v3,"qwen_235b,gemini_flash,deepseek_v3",231,knn_router,0.888,4.208999199999999e-05,0.888,0.04,0.0,0.96
3model_qwen_235b_gemini_flash_deepseek_v3,"qwen_235b,gemini_flash,deepseek_v3",231,decision_tree_router,0.864,0.00010270471200000001,0.864,0.064,0.0,0.544
3model_qwen_235b_gemini_flash_deepseek_v3,"qwen_235b,gemini_flash,deepseek_v3",231,random_forest_router,0.888,4.445487199999999e-05,0.888,0.04,0.0,0.944
3model_qwen_235b_gemini_flash_deepseek_v3,"qwen_235b,gemini_flash,deepseek_v3",231,extra_trees_router,0.872,5.8548559999999994e-05,0.872,0.056,0.0,0.784
3model_qwen_235b_gemini_flash_deepseek_v3,"qwen_235b,gemini_flash,deepseek_v3",231,tfidf_logistic_router,0.88,6.153162399999999e-05,0.88,0.048,0.0,0.816
3model_qwen_235b_gemini_flash_deepseek_v3,"qwen_235b,gemini_flash,deepseek_v3",231,tfidf_linear_svm_router,0.888,4.6977367999999994e-05,0.888,0.04,0.0,0.928
3model_qwen_235b_gemini_flash_deepseek_v3,"qwen_235b,gemini_flash,deepseek_v3",232,always_qwen_235b,0.936,4.7615416e-05,0.936,0.048,0.0,0.952
3model_qwen_235b_gemini_flash_deepseek_v3,"qwen_235b,gemini_flash,deepseek_v3",232,always_gemini_flash,0.928,0.00018889999999999996,0.928,0.056,0.0,0.048
3model_qwen_235b_gemini_flash_deepseek_v3,"qwen_235b,gemini_flash,deepseek_v3",232,always_deepseek_v3,0.896,7.1520128e-05,0.896,0.088,0.0,0.0
3model_qwen_235b_gemini_flash_deepseek_v3,"qwen_235b,gemini_flash,deepseek_v3",232,random,0.936,0.000106925688,0.936,0.048,0.0,0.336
3model_qwen_235b_gemini_flash_deepseek_v3,"qwen_235b,gemini_flash,deepseek_v3",232,oracle,0.984,5.7841656000000005e-05,0.984,0.0,0.0,1.0
3model_qwen_235b_gemini_flash_deepseek_v3,"qwen_235b,gemini_flash,deepseek_v3",232,logistic_router,0.936,5.8254520000000004e-05,0.936,0.048,0.0,0.848
3model_qwen_235b_gemini_flash_deepseek_v3,"qwen_235b,gemini_flash,deepseek_v3",232,linear_svm_router,0.936,5.063517600000001e-05,0.936,0.048,0.0,0.92
3model_qwen_235b_gemini_flash_deepseek_v3,"qwen_235b,gemini_flash,deepseek_v3",232,knn_router,0.936,4.7615416e-05,0.936,0.048,0.0,0.952
3model_qwen_235b_gemini_flash_deepseek_v3,"qwen_235b,gemini_flash,deepseek_v3",232,decision_tree_router,0.936,7.3166668e-05,0.936,0.048,0.0,0.656
3model_qwen_235b_gemini_flash_deepseek_v3,"qwen_235b,gemini_flash,deepseek_v3",232,random_forest_router,0.936,4.8406296e-05,0.936,0.048,0.0,0.944
3model_qwen_235b_gemini_flash_deepseek_v3,"qwen_235b,gemini_flash,deepseek_v3",232,extra_trees_router,0.928,5.4880856e-05,0.928,0.056,0.0,0.888
3model_qwen_235b_gemini_flash_deepseek_v3,"qwen_235b,gemini_flash,deepseek_v3",232,tfidf_logistic_router,0.936,4.9996536e-05,0.936,0.048,0.0,0.928
3model_qwen_235b_gemini_flash_deepseek_v3,"qwen_235b,gemini_flash,deepseek_v3",232,tfidf_linear_svm_router,0.936,4.7615416e-05,0.936,0.048,0.0,0.952
3model_qwen_235b_gemini_flash_deepseek_v3,"qwen_235b,gemini_flash,deepseek_v3",233,always_qwen_235b,0.912,4.258162399999999e-05,0.912,0.064,0.0,0.936
3model_qwen_235b_gemini_flash_deepseek_v3,"qwen_235b,gemini_flash,deepseek_v3",233,always_gemini_flash,0.896,0.0001853312,0.896,0.08,0.0,0.048
3model_qwen_235b_gemini_flash_deepseek_v3,"qwen_235b,gemini_flash,deepseek_v3",233,always_deepseek_v3,0.912,6.7635184e-05,0.912,0.064,0.0,0.016
3model_qwen_235b_gemini_flash_deepseek_v3,"qwen_235b,gemini_flash,deepseek_v3",233,random,0.92,7.9945224e-05,0.92,0.056,0.0,0.36
3model_qwen_235b_gemini_flash_deepseek_v3,"qwen_235b,gemini_flash,deepseek_v3",233,oracle,0.976,5.5115823999999984e-05,0.976,0.0,0.0,1.0
3model_qwen_235b_gemini_flash_deepseek_v3,"qwen_235b,gemini_flash,deepseek_v3",233,logistic_router,0.92,5.507124e-05,0.92,0.056,0.0,0.72
3model_qwen_235b_gemini_flash_deepseek_v3,"qwen_235b,gemini_flash,deepseek_v3",233,linear_svm_router,0.912,4.834735199999999e-05,0.912,0.064,0.0,0.872
3model_qwen_235b_gemini_flash_deepseek_v3,"qwen_235b,gemini_flash,deepseek_v3",233,knn_router,0.912,4.258162399999999e-05,0.912,0.064,0.0,0.936
3model_qwen_235b_gemini_flash_deepseek_v3,"qwen_235b,gemini_flash,deepseek_v3",233,decision_tree_router,0.928,6.185312e-05,0.928,0.048,0.0,0.576
3model_qwen_235b_gemini_flash_deepseek_v3,"qwen_235b,gemini_flash,deepseek_v3",233,random_forest_router,0.912,4.3431624e-05,0.912,0.064,0.0,0.92
3model_qwen_235b_gemini_flash_deepseek_v3,"qwen_235b,gemini_flash,deepseek_v3",233,extra_trees_router,0.92,5.3132376e-05,0.92,0.056,0.0,0.776
3model_qwen_235b_gemini_flash_deepseek_v3,"qwen_235b,gemini_flash,deepseek_v3",233,tfidf_logistic_router,0.92,4.718851999999999e-05,0.92,0.056,0.0,0.872
3model_qwen_235b_gemini_flash_deepseek_v3,"qwen_235b,gemini_flash,deepseek_v3",233,tfidf_linear_svm_router,0.912,4.258162399999999e-05,0.912,0.064,0.0,0.936
3model_qwen_235b_llama_70b_deepseek_v3,"qwen_235b,llama_70b,deepseek_v3",229,always_qwen_235b,0.896,4.10186e-05,0.896,0.064,0.0,0.936
3model_qwen_235b_llama_70b_deepseek_v3,"qwen_235b,llama_70b,deepseek_v3",229,always_llama_70b,0.888,4.769864000000001e-05,0.888,0.072,0.0,0.056
3model_qwen_235b_llama_70b_deepseek_v3,"qwen_235b,llama_70b,deepseek_v3",229,always_deepseek_v3,0.872,7.173344e-05,0.872,0.088,0.0,0.008
3model_qwen_235b_llama_70b_deepseek_v3,"qwen_235b,llama_70b,deepseek_v3",229,random,0.904,5.724446399999999e-05,0.904,0.056,0.0,0.264
3model_qwen_235b_llama_70b_deepseek_v3,"qwen_235b,llama_70b,deepseek_v3",229,oracle,0.96,4.1088024e-05,0.96,0.0,0.0,1.0
3model_qwen_235b_llama_70b_deepseek_v3,"qwen_235b,llama_70b,deepseek_v3",229,logistic_router,0.888,4.4641896e-05,0.888,0.072,0.0,0.752
3model_qwen_235b_llama_70b_deepseek_v3,"qwen_235b,llama_70b,deepseek_v3",229,linear_svm_router,0.888,4.3663592000000005e-05,0.888,0.072,0.0,0.848
3model_qwen_235b_llama_70b_deepseek_v3,"qwen_235b,llama_70b,deepseek_v3",229,knn_router,0.896,4.10186e-05,0.896,0.064,0.0,0.936
3model_qwen_235b_llama_70b_deepseek_v3,"qwen_235b,llama_70b,deepseek_v3",229,decision_tree_router,0.88,4.355781600000001e-05,0.88,0.08,0.0,0.712
3model_qwen_235b_llama_70b_deepseek_v3,"qwen_235b,llama_70b,deepseek_v3",229,random_forest_router,0.888,4.1279152000000005e-05,0.888,0.072,0.0,0.928
3model_qwen_235b_llama_70b_deepseek_v3,"qwen_235b,llama_70b,deepseek_v3",229,extra_trees_router,0.88,4.263150000000001e-05,0.88,0.08,0.0,0.824
3model_qwen_235b_llama_70b_deepseek_v3,"qwen_235b,llama_70b,deepseek_v3",229,tfidf_logistic_router,0.888,4.4361744e-05,0.888,0.072,0.0,0.832
3model_qwen_235b_llama_70b_deepseek_v3,"qwen_235b,llama_70b,deepseek_v3",229,tfidf_linear_svm_router,0.896,4.1004272000000007e-05,0.896,0.064,0.0,0.92
3model_qwen_235b_llama_70b_deepseek_v3,"qwen_235b,llama_70b,deepseek_v3",230,always_qwen_235b,0.92,4.760200399999999e-05,0.92,0.064,0.0,0.936
3model_qwen_235b_llama_70b_deepseek_v3,"qwen_235b,llama_70b,deepseek_v3",230,always_llama_70b,0.904,5.2859176e-05,0.904,0.08,0.0,0.048
3model_qwen_235b_llama_70b_deepseek_v3,"qwen_235b,llama_70b,deepseek_v3",230,always_deepseek_v3,0.904,6.9539296e-05,0.904,0.08,0.0,0.016
3model_qwen_235b_llama_70b_deepseek_v3,"qwen_235b,llama_70b,deepseek_v3",230,random,0.936,5.4723176e-05,0.936,0.048,0.0,0.392
3model_qwen_235b_llama_70b_deepseek_v3,"qwen_235b,llama_70b,deepseek_v3",230,oracle,0.984,4.944269999999999e-05,0.984,0.0,0.0,1.0
3model_qwen_235b_llama_70b_deepseek_v3,"qwen_235b,llama_70b,deepseek_v3",230,logistic_router,0.92,4.8754396e-05,0.92,0.064,0.0,0.824
3model_qwen_235b_llama_70b_deepseek_v3,"qwen_235b,llama_70b,deepseek_v3",230,linear_svm_router,0.928,4.6837524e-05,0.928,0.056,0.0,0.88
3model_qwen_235b_llama_70b_deepseek_v3,"qwen_235b,llama_70b,deepseek_v3",230,knn_router,0.92,4.760200399999999e-05,0.92,0.064,0.0,0.936
3model_qwen_235b_llama_70b_deepseek_v3,"qwen_235b,llama_70b,deepseek_v3",230,decision_tree_router,0.928,4.7654616e-05,0.928,0.056,0.0,0.688
3model_qwen_235b_llama_70b_deepseek_v3,"qwen_235b,llama_70b,deepseek_v3",230,random_forest_router,0.928,4.7462299999999994e-05,0.928,0.056,0.0,0.92
3model_qwen_235b_llama_70b_deepseek_v3,"qwen_235b,llama_70b,deepseek_v3",230,extra_trees_router,0.928,4.8145811999999995e-05,0.928,0.056,0.0,0.872
3model_qwen_235b_llama_70b_deepseek_v3,"qwen_235b,llama_70b,deepseek_v3",230,tfidf_logistic_router,0.928,4.7519052e-05,0.928,0.056,0.0,0.864
3model_qwen_235b_llama_70b_deepseek_v3,"qwen_235b,llama_70b,deepseek_v3",230,tfidf_linear_svm_router,0.92,4.730952399999999e-05,0.92,0.064,0.0,0.928
3model_qwen_235b_llama_70b_deepseek_v3,"qwen_235b,llama_70b,deepseek_v3",231,always_qwen_235b,0.888,4.208999199999999e-05,0.888,0.064,0.0,0.936
3model_qwen_235b_llama_70b_deepseek_v3,"qwen_235b,llama_70b,deepseek_v3",231,always_llama_70b,0.888,5.057821599999999e-05,0.888,0.064,0.0,0.048
3model_qwen_235b_llama_70b_deepseek_v3,"qwen_235b,llama_70b,deepseek_v3",231,always_deepseek_v3,0.856,6.8999472e-05,0.856,0.096,0.0,0.016
3model_qwen_235b_llama_70b_deepseek_v3,"qwen_235b,llama_70b,deepseek_v3",231,random,0.872,5.615843599999999e-05,0.872,0.08,0.0,0.256
3model_qwen_235b_llama_70b_deepseek_v3,"qwen_235b,llama_70b,deepseek_v3",231,oracle,0.952,4.2866392e-05,0.952,0.0,0.0,1.0
3model_qwen_235b_llama_70b_deepseek_v3,"qwen_235b,llama_70b,deepseek_v3",231,logistic_router,0.88,4.5510488e-05,0.88,0.072,0.0,0.704
3model_qwen_235b_llama_70b_deepseek_v3,"qwen_235b,llama_70b,deepseek_v3",231,linear_svm_router,0.88,4.3182175999999996e-05,0.88,0.072,0.0,0.84
3model_qwen_235b_llama_70b_deepseek_v3,"qwen_235b,llama_70b,deepseek_v3",231,knn_router,0.888,4.208999199999999e-05,0.888,0.064,0.0,0.936
3model_qwen_235b_llama_70b_deepseek_v3,"qwen_235b,llama_70b,deepseek_v3",231,decision_tree_router,0.896,4.5396424e-05,0.896,0.056,0.0,0.72
3model_qwen_235b_llama_70b_deepseek_v3,"qwen_235b,llama_70b,deepseek_v3",231,random_forest_router,0.872,4.2971207999999995e-05,0.872,0.08,0.0,0.88
3model_qwen_235b_llama_70b_deepseek_v3,"qwen_235b,llama_70b,deepseek_v3",231,extra_trees_router,0.872,4.3338384e-05,0.872,0.08,0.0,0.744
3model_qwen_235b_llama_70b_deepseek_v3,"qwen_235b,llama_70b,deepseek_v3",231,tfidf_logistic_router,0.88,4.345590399999999e-05,0.88,0.072,0.0,0.808
3model_qwen_235b_llama_70b_deepseek_v3,"qwen_235b,llama_70b,deepseek_v3",231,tfidf_linear_svm_router,0.888,4.208591199999999e-05,0.888,0.064,0.0,0.928
3model_qwen_235b_llama_70b_deepseek_v3,"qwen_235b,llama_70b,deepseek_v3",232,always_qwen_235b,0.936,4.7615416e-05,0.936,0.04,0.0,0.96
3model_qwen_235b_llama_70b_deepseek_v3,"qwen_235b,llama_70b,deepseek_v3",232,always_llama_70b,0.912,4.825988e-05,0.912,0.064,0.0,0.04
3model_qwen_235b_llama_70b_deepseek_v3,"qwen_235b,llama_70b,deepseek_v3",232,always_deepseek_v3,0.896,7.1520128e-05,0.896,0.08,0.0,0.0
3model_qwen_235b_llama_70b_deepseek_v3,"qwen_235b,llama_70b,deepseek_v3",232,random,0.952,5.204376799999999e-05,0.952,0.024,0.0,0.336
3model_qwen_235b_llama_70b_deepseek_v3,"qwen_235b,llama_70b,deepseek_v3",232,oracle,0.976,4.7712352e-05,0.976,0.0,0.0,1.0
3model_qwen_235b_llama_70b_deepseek_v3,"qwen_235b,llama_70b,deepseek_v3",232,logistic_router,0.912,5.17731e-05,0.912,0.064,0.0,0.664
3model_qwen_235b_llama_70b_deepseek_v3,"qwen_235b,llama_70b,deepseek_v3",232,linear_svm_router,0.92,4.871571199999999e-05,0.92,0.056,0.0,0.848
3model_qwen_235b_llama_70b_deepseek_v3,"qwen_235b,llama_70b,deepseek_v3",232,knn_router,0.936,4.7615416e-05,0.936,0.04,0.0,0.96
3model_qwen_235b_llama_70b_deepseek_v3,"qwen_235b,llama_70b,deepseek_v3",232,decision_tree_router,0.936,4.8719395999999995e-05,0.936,0.04,0.0,0.632
3model_qwen_235b_llama_70b_deepseek_v3,"qwen_235b,llama_70b,deepseek_v3",232,random_forest_router,0.928,4.7460452e-05,0.928,0.048,0.0,0.872
3model_qwen_235b_llama_70b_deepseek_v3,"qwen_235b,llama_70b,deepseek_v3",232,extra_trees_router,0.912,4.9589508e-05,0.912,0.064,0.0,0.768
3model_qwen_235b_llama_70b_deepseek_v3,"qwen_235b,llama_70b,deepseek_v3",232,tfidf_logistic_router,0.92,4.7987272e-05,0.92,0.056,0.0,0.832
3model_qwen_235b_llama_70b_deepseek_v3,"qwen_235b,llama_70b,deepseek_v3",232,tfidf_linear_svm_router,0.936,4.7246176e-05,0.936,0.04,0.0,0.936
3model_qwen_235b_llama_70b_deepseek_v3,"qwen_235b,llama_70b,deepseek_v3",233,always_qwen_235b,0.912,4.258162399999999e-05,0.912,0.048,0.0,0.952
3model_qwen_235b_llama_70b_deepseek_v3,"qwen_235b,llama_70b,deepseek_v3",233,always_llama_70b,0.872,5.3442104e-05,0.872,0.088,0.0,0.04
3model_qwen_235b_llama_70b_deepseek_v3,"qwen_235b,llama_70b,deepseek_v3",233,always_deepseek_v3,0.912,6.7635184e-05,0.912,0.048,0.0,0.008
3model_qwen_235b_llama_70b_deepseek_v3,"qwen_235b,llama_70b,deepseek_v3",233,random,0.912,5.0186384e-05,0.912,0.048,0.0,0.352
3model_qwen_235b_llama_70b_deepseek_v3,"qwen_235b,llama_70b,deepseek_v3",233,oracle,0.96,4.3450951999999997e-05,0.96,0.0,0.0,1.0
3model_qwen_235b_llama_70b_deepseek_v3,"qwen_235b,llama_70b,deepseek_v3",233,logistic_router,0.912,4.721814e-05,0.912,0.048,0.0,0.68
3model_qwen_235b_llama_70b_deepseek_v3,"qwen_235b,llama_70b,deepseek_v3",233,linear_svm_router,0.912,4.274775199999999e-05,0.912,0.048,0.0,0.896
3model_qwen_235b_llama_70b_deepseek_v3,"qwen_235b,llama_70b,deepseek_v3",233,knn_router,0.912,4.258162399999999e-05,0.912,0.048,0.0,0.952
3model_qwen_235b_llama_70b_deepseek_v3,"qwen_235b,llama_70b,deepseek_v3",233,decision_tree_router,0.904,4.2989995999999996e-05,0.904,0.056,0.0,0.736
3model_qwen_235b_llama_70b_deepseek_v3,"qwen_235b,llama_70b,deepseek_v3",233,random_forest_router,0.92,4.2116115999999985e-05,0.92,0.04,0.0,0.912
3model_qwen_235b_llama_70b_deepseek_v3,"qwen_235b,llama_70b,deepseek_v3",233,extra_trees_router,0.912,4.3068476e-05,0.912,0.048,0.0,0.776
3model_qwen_235b_llama_70b_deepseek_v3,"qwen_235b,llama_70b,deepseek_v3",233,tfidf_logistic_router,0.912,4.314323999999999e-05,0.912,0.048,0.0,0.872
3model_qwen_235b_llama_70b_deepseek_v3,"qwen_235b,llama_70b,deepseek_v3",233,tfidf_linear_svm_router,0.912,4.258162399999999e-05,0.912,0.048,0.0,0.952
3model_gemini_flash_llama_70b_deepseek_v3,"gemini_flash,llama_70b,deepseek_v3",229,always_gemini_flash,0.864,0.0001908728,0.864,0.112,0.0,0.888
3model_gemini_flash_llama_70b_deepseek_v3,"gemini_flash,llama_70b,deepseek_v3",229,always_llama_70b,0.888,4.769864000000001e-05,0.888,0.088,0.0,0.088
3model_gemini_flash_llama_70b_deepseek_v3,"gemini_flash,llama_70b,deepseek_v3",229,always_deepseek_v3,0.872,7.173344e-05,0.872,0.104,0.0,0.024
3model_gemini_flash_llama_70b_deepseek_v3,"gemini_flash,llama_70b,deepseek_v3",229,random,0.888,9.468232e-05,0.888,0.088,0.0,0.272
3model_gemini_flash_llama_70b_deepseek_v3,"gemini_flash,llama_70b,deepseek_v3",229,oracle,0.976,0.00016841304000000002,0.976,0.0,0.0,1.0
3model_gemini_flash_llama_70b_deepseek_v3,"gemini_flash,llama_70b,deepseek_v3",229,logistic_router,0.872,0.000162717856,0.872,0.104,0.0,0.712
3model_gemini_flash_llama_70b_deepseek_v3,"gemini_flash,llama_70b,deepseek_v3",229,linear_svm_router,0.88,0.000175684968,0.88,0.096,0.0,0.816
3model_gemini_flash_llama_70b_deepseek_v3,"gemini_flash,llama_70b,deepseek_v3",229,knn_router,0.864,0.0001908728,0.864,0.112,0.0,0.888
3model_gemini_flash_llama_70b_deepseek_v3,"gemini_flash,llama_70b,deepseek_v3",229,decision_tree_router,0.888,0.00013488671200000002,0.888,0.088,0.0,0.624
3model_gemini_flash_llama_70b_deepseek_v3,"gemini_flash,llama_70b,deepseek_v3",229,random_forest_router,0.896,0.00017113620000000002,0.896,0.08,0.0,0.824
3model_gemini_flash_llama_70b_deepseek_v3,"gemini_flash,llama_70b,deepseek_v3",229,extra_trees_router,0.896,0.000151616096,0.896,0.08,0.0,0.72
3model_gemini_flash_llama_70b_deepseek_v3,"gemini_flash,llama_70b,deepseek_v3",229,tfidf_logistic_router,0.88,0.000171287448,0.88,0.096,0.0,0.784
3model_gemini_flash_llama_70b_deepseek_v3,"gemini_flash,llama_70b,deepseek_v3",229,tfidf_linear_svm_router,0.872,0.0001887228,0.872,0.104,0.0,0.88
3model_gemini_flash_llama_70b_deepseek_v3,"gemini_flash,llama_70b,deepseek_v3",230,always_gemini_flash,0.88,0.0001904848,0.88,0.104,0.0,0.896
3model_gemini_flash_llama_70b_deepseek_v3,"gemini_flash,llama_70b,deepseek_v3",230,always_llama_70b,0.904,5.2859176e-05,0.904,0.08,0.0,0.072
3model_gemini_flash_llama_70b_deepseek_v3,"gemini_flash,llama_70b,deepseek_v3",230,always_deepseek_v3,0.904,6.9539296e-05,0.904,0.08,0.0,0.032
3model_gemini_flash_llama_70b_deepseek_v3,"gemini_flash,llama_70b,deepseek_v3",230,random,0.912,0.00011355732799999999,0.912,0.072,0.0,0.384
3model_gemini_flash_llama_70b_deepseek_v3,"gemini_flash,llama_70b,deepseek_v3",230,oracle,0.984,0.00017504004,0.984,0.0,0.0,1.0
3model_gemini_flash_llama_70b_deepseek_v3,"gemini_flash,llama_70b,deepseek_v3",230,logistic_router,0.92,0.00015915632,0.92,0.064,0.0,0.728
3model_gemini_flash_llama_70b_deepseek_v3,"gemini_flash,llama_70b,deepseek_v3",230,linear_svm_router,0.896,0.0001782958,0.896,0.088,0.0,0.84
3model_gemini_flash_llama_70b_deepseek_v3,"gemini_flash,llama_70b,deepseek_v3",230,knn_router,0.888,0.00018966336000000001,0.888,0.096,0.0,0.904
3model_gemini_flash_llama_70b_deepseek_v3,"gemini_flash,llama_70b,deepseek_v3",230,decision_tree_router,0.904,0.00015872235999999997,0.904,0.08,0.0,0.712
3model_gemini_flash_llama_70b_deepseek_v3,"gemini_flash,llama_70b,deepseek_v3",230,random_forest_router,0.912,0.00016485108000000002,0.912,0.072,0.0,0.784
3model_gemini_flash_llama_70b_deepseek_v3,"gemini_flash,llama_70b,deepseek_v3",230,extra_trees_router,0.912,0.00015268624,0.912,0.072,0.0,0.696
3model_gemini_flash_llama_70b_deepseek_v3,"gemini_flash,llama_70b,deepseek_v3",230,tfidf_logistic_router,0.904,0.00016790708,0.904,0.08,0.0,0.784
3model_gemini_flash_llama_70b_deepseek_v3,"gemini_flash,llama_70b,deepseek_v3",230,tfidf_linear_svm_router,0.88,0.0001892556,0.88,0.104,0.0,0.88
3model_gemini_flash_llama_70b_deepseek_v3,"gemini_flash,llama_70b,deepseek_v3",231,always_gemini_flash,0.808,0.0001890168,0.808,0.136,0.0,0.864
3model_gemini_flash_llama_70b_deepseek_v3,"gemini_flash,llama_70b,deepseek_v3",231,always_llama_70b,0.888,5.057821599999999e-05,0.888,0.056,0.0,0.12
3model_gemini_flash_llama_70b_deepseek_v3,"gemini_flash,llama_70b,deepseek_v3",231,always_deepseek_v3,0.856,6.8999472e-05,0.856,0.088,0.0,0.016
3model_gemini_flash_llama_70b_deepseek_v3,"gemini_flash,llama_70b,deepseek_v3",231,random,0.856,9.902798400000001e-05,0.856,0.088,0.0,0.28
3model_gemini_flash_llama_70b_deepseek_v3,"gemini_flash,llama_70b,deepseek_v3",231,oracle,0.944,0.0001594938,0.944,0.0,0.0,1.0
3model_gemini_flash_llama_70b_deepseek_v3,"gemini_flash,llama_70b,deepseek_v3",231,logistic_router,0.848,0.00015734586399999997,0.848,0.096,0.0,0.744
3model_gemini_flash_llama_70b_deepseek_v3,"gemini_flash,llama_70b,deepseek_v3",231,linear_svm_router,0.832,0.00017438099999999998,0.832,0.112,0.0,0.832
3model_gemini_flash_llama_70b_deepseek_v3,"gemini_flash,llama_70b,deepseek_v3",231,knn_router,0.808,0.0001890168,0.808,0.136,0.0,0.864
3model_gemini_flash_llama_70b_deepseek_v3,"gemini_flash,llama_70b,deepseek_v3",231,decision_tree_router,0.832,0.00013680796,0.832,0.112,0.0,0.64
3model_gemini_flash_llama_70b_deepseek_v3,"gemini_flash,llama_70b,deepseek_v3",231,random_forest_router,0.856,0.00016199668,0.856,0.088,0.0,0.824
3model_gemini_flash_llama_70b_deepseek_v3,"gemini_flash,llama_70b,deepseek_v3",231,extra_trees_router,0.864,0.00015020852000000002,0.864,0.08,0.0,0.768
3model_gemini_flash_llama_70b_deepseek_v3,"gemini_flash,llama_70b,deepseek_v3",231,tfidf_logistic_router,0.848,0.0001708098,0.848,0.096,0.0,0.848
3model_gemini_flash_llama_70b_deepseek_v3,"gemini_flash,llama_70b,deepseek_v3",231,tfidf_linear_svm_router,0.816,0.00018538983999999997,0.816,0.128,0.0,0.856
3model_gemini_flash_llama_70b_deepseek_v3,"gemini_flash,llama_70b,deepseek_v3",232,always_gemini_flash,0.928,0.00018889999999999996,0.928,0.064,0.0,0.936
3model_gemini_flash_llama_70b_deepseek_v3,"gemini_flash,llama_70b,deepseek_v3",232,always_llama_70b,0.912,4.825988e-05,0.912,0.08,0.0,0.048
3model_gemini_flash_llama_70b_deepseek_v3,"gemini_flash,llama_70b,deepseek_v3",232,always_deepseek_v3,0.896,7.1520128e-05,0.896,0.096,0.0,0.016
3model_gemini_flash_llama_70b_deepseek_v3,"gemini_flash,llama_70b,deepseek_v3",232,random,0.936,9.761296e-05,0.936,0.056,0.0,0.312
3model_gemini_flash_llama_70b_deepseek_v3,"gemini_flash,llama_70b,deepseek_v3",232,oracle,0.992,0.00017873591999999997,0.992,0.0,0.0,1.0
3model_gemini_flash_llama_70b_deepseek_v3,"gemini_flash,llama_70b,deepseek_v3",232,logistic_router,0.912,0.00014835751999999996,0.912,0.08,0.0,0.632
3model_gemini_flash_llama_70b_deepseek_v3,"gemini_flash,llama_70b,deepseek_v3",232,linear_svm_router,0.928,0.00016773481599999997,0.928,0.064,0.0,0.808
3model_gemini_flash_llama_70b_deepseek_v3,"gemini_flash,llama_70b,deepseek_v3",232,knn_router,0.936,0.00018522063999999996,0.936,0.056,0.0,0.936
3model_gemini_flash_llama_70b_deepseek_v3,"gemini_flash,llama_70b,deepseek_v3",232,decision_tree_router,0.936,0.00014199335999999995,0.936,0.056,0.0,0.688
3model_gemini_flash_llama_70b_deepseek_v3,"gemini_flash,llama_70b,deepseek_v3",232,random_forest_router,0.944,0.00017214303999999996,0.944,0.048,0.0,0.848
3model_gemini_flash_llama_70b_deepseek_v3,"gemini_flash,llama_70b,deepseek_v3",232,extra_trees_router,0.936,0.00016150507999999997,0.936,0.056,0.0,0.768
3model_gemini_flash_llama_70b_deepseek_v3,"gemini_flash,llama_70b,deepseek_v3",232,tfidf_logistic_router,0.936,0.00016534255999999998,0.936,0.056,0.0,0.792
3model_gemini_flash_llama_70b_deepseek_v3,"gemini_flash,llama_70b,deepseek_v3",232,tfidf_linear_svm_router,0.936,0.00017966127999999998,0.936,0.056,0.0,0.888
3model_gemini_flash_llama_70b_deepseek_v3,"gemini_flash,llama_70b,deepseek_v3",233,always_gemini_flash,0.896,0.0001853312,0.896,0.08,0.0,0.92
3model_gemini_flash_llama_70b_deepseek_v3,"gemini_flash,llama_70b,deepseek_v3",233,always_llama_70b,0.872,5.3442104e-05,0.872,0.104,0.0,0.08
3model_gemini_flash_llama_70b_deepseek_v3,"gemini_flash,llama_70b,deepseek_v3",233,always_deepseek_v3,0.912,6.7635184e-05,0.912,0.064,0.0,0.0
3model_gemini_flash_llama_70b_deepseek_v3,"gemini_flash,llama_70b,deepseek_v3",233,random,0.896,0.00010713387999999999,0.896,0.08,0.0,0.344
3model_gemini_flash_llama_70b_deepseek_v3,"gemini_flash,llama_70b,deepseek_v3",233,oracle,0.976,0.00017521552799999997,0.976,0.0,0.0,1.0
3model_gemini_flash_llama_70b_deepseek_v3,"gemini_flash,llama_70b,deepseek_v3",233,logistic_router,0.896,0.00014832428799999996,0.896,0.08,0.0,0.72
3model_gemini_flash_llama_70b_deepseek_v3,"gemini_flash,llama_70b,deepseek_v3",233,linear_svm_router,0.896,0.00016984160799999999,0.896,0.08,0.0,0.832
3model_gemini_flash_llama_70b_deepseek_v3,"gemini_flash,llama_70b,deepseek_v3",233,knn_router,0.904,0.00018177263999999998,0.904,0.072,0.0,0.928
3model_gemini_flash_llama_70b_deepseek_v3,"gemini_flash,llama_70b,deepseek_v3",233,decision_tree_router,0.912,0.000138211072,0.912,0.064,0.0,0.688
3model_gemini_flash_llama_70b_deepseek_v3,"gemini_flash,llama_70b,deepseek_v3",233,random_forest_router,0.944,0.000162840336,0.944,0.032,0.0,0.856
3model_gemini_flash_llama_70b_deepseek_v3,"gemini_flash,llama_70b,deepseek_v3",233,extra_trees_router,0.952,0.00014978033599999998,0.952,0.024,0.0,0.768
3model_gemini_flash_llama_70b_deepseek_v3,"gemini_flash,llama_70b,deepseek_v3",233,tfidf_logistic_router,0.912,0.00016491917599999997,0.912,0.064,0.0,0.824
3model_gemini_flash_llama_70b_deepseek_v3,"gemini_flash,llama_70b,deepseek_v3",233,tfidf_linear_svm_router,0.904,0.000175410488,0.904,0.072,0.0,0.864
